com.samsung.shealth.tracker.pedometer_step_count,6305105,2
duration,version_code,run_step,walk_step,com.samsung.health.step_count.start_time,com.samsung.health.step_count.sample_position_type,com.samsung.health.step_count.custom,com.samsung.health.step_count.update_time,com.samsung.health.step_count.create_time,com.samsung.health.step_count.count,com.samsung.health.step_count.speed,com.samsung.health.step_count.distance,com.samsung.health.step_count.calorie,com.samsung.health.step_count.time_offset,com.samsung.health.step_count.deviceuuid,com.samsung.health.step_count.pkg_name,com.samsung.health.step_count.end_time,com.samsung.health.step_count.datauuid
12500,4,0,18,2025-09-13 01:39:00.000,,,2025-09-13 01:55:00.821,2025-09-13 01:55:00.821,18,1.3055556,16.32,0.82,UTC-0500,6+THe69Q8P,com.sec.android.app.shealth,2025-09-13 01:40:00.000,c7410152-bc73-46a3-ae15-a2446f88e40d,
25582,4,0,45,2025-09-13 01:43:00.000,,,2025-09-13 01:55:00.836,2025-09-13 01:55:00.836,45,1.3611112,34.82,1.4,UTC-0500,6+THe69Q8P,com.sec.android.app.shealth,2025-09-13 01:44:00.000,8e8c67e6-fd61-44a7-8434-eda58af60fe4,
11886,4,0,22,2025-09-13 01:46:00.000,,,2025-09-13 01:55:00.844,2025-09-13 01:55:00.844,22,1.4444444,17.17,0.69,UTC-0500,6+THe69Q8P,com.sec.android.app.shealth,2025-09-13 01:47:00.000,92f9bc54-98da-4364-86bf-e3cd240b3d30,
30203,4,0,52,2025-09-13 01:48:00.000,,,2025-09-13 01:55:00.855,2025-09-13 01:55:00.855,52,1.3611112,41.11,1.75,UTC-0500,6+THe69Q8P,com.sec.android.app.shealth,2025-09-13 01:49:00.000,e597e4e0-3b2d-4d9c-bed4-b36d526c559b,
10553,4,0,15,2025-09-13 01:49:00.000,,,2025-09-13 01:55:00.868,2025-09-13 01:55:00.868,15,1.0555556,11.14,0.49,UTC-0500,6+THe69Q8P,com.sec.android.app.shealth,2025-09-13 01:50:00.000,a796d66b-2579-4ed2-9a17-e3b2ae1219c3,
7877,4,0,15,2025-09-13 01:54:00.000,,,2025-09-13 01:55:00.878,2025-09-13 01:55:00.878,15,1.4166666,11.16,0.49,UTC-0500,6+THe69Q8P,com.sec.android.app.shealth,2025-09-13 01:55:00.000,818d54f4-d5fe-420c-9fcd-cd632497e81f,
14192,4,0,18,2025-09-13 02:01:00.000,,,2025-09-13 02:15:00.970,2025-09-13 02:15:00.970,18,1.6388888,23.26,1.27,UTC-0500,6+THe69Q8P,com.sec.android.app.shealth,2025-09-13 02:02:00.000,d047f180-5c26-4418-ac98-d06c3a2abb33,
13144,4,0,20,2025-09-13 02:04:00.000,,,2025-09-13 02:15:00.982,2025-09-13 02:15:00.982,20,1.1388888,14.97,0.64,UTC-0500,6+THe69Q8P,com.sec.android.app.shealth,2025-09-13 02:05:00.000,ab45c0ea-654d-4a5a-8b69-5cfeb518df88,
37905,4,4,58,2025-09-13 02:05:00.000,,,2025-09-13 02:15:00.994,2025-09-13 02:15:00.994,62,1.3333334,50.54,2.34,UTC-0500,6+THe69Q8P,com.sec.android.app.shealth,2025-09-13 02:06:00.000,21572ca2-9f20-4b02-84e1-5747c13010dc,
9765,4,0,17,2025-09-13 02:06:00.000,,,2025-09-13 02:15:01.004,2025-09-13 02:15:01.004,17,1.3055556,12.75,0.55,UTC-0500,6+THe69Q8P,com.sec.android.app.shealth,2025-09-13 02:07:00.000,fb1e60cd-f803-4bd9-936a-c67e4d0489b1,
36384,4,0,56,2025-09-13 02:18:00.000,,,2025-09-13 02:35:00.885,2025-09-13 02:35:00.885,56,1.2222222,44.47,2.01,UTC-0500,6+THe69Q8P,com.sec.android.app.shealth,2025-09-13 02:19:00.000,15fca50d-b084-4fb6-893e-e20fed2dd968,
18237,4,0,33,2025-09-13 02:21:00.000,,,2025-09-13 02:35:00.901,2025-09-13 02:35:00.901,33,1.3888888,25.33,1.0,UTC-0500,6+THe69Q8P,com.sec.android.app.shealth,2025-09-13 02:22:00.000,93217d71-23bb-473e-b1fd-a0bd25c03583,
18678,4,0,30,2025-09-13 02:23:00.000,,,2025-09-13 02:35:00.912,2025-09-13 02:35:00.912,30,1.1944444,22.31,0.94,UTC-0500,6+THe69Q8P,com.sec.android.app.shealth,2025-09-13 02:24:00.000,40bb7123-e793-4db5-a75f-5271432399e6,
7792,4,0,13,2025-09-13 02:24:00.000,,,2025-09-13 02:35:00.922,2025-09-13 02:35:00.922,13,1.25,9.74,0.39,UTC-0500,6+THe69Q8P,com.sec.android.app.shealth,2025-09-13 02:25:00.000,5344b120-a49b-4a9c-b0af-d4ff4222b4a7,
31077,4,0,56,2025-09-13 02:39:00.000,,,2025-09-13 02:55:01.071,2025-09-13 02:55:01.071,56,1.3611112,42.3,1.72,UTC-0500,6+THe69Q8P,com.sec.android.app.shealth,2025-09-13 02:40:00.000,d7492169-8e6c-464f-804f-8c31f8931d24,
25651,4,0,44,2025-09-13 02:49:00.000,,,2025-09-13 02:55:01.092,2025-09-13 02:55:01.092,44,1.3055556,33.49,1.39,UTC-0500,6+THe69Q8P,com.sec.android.app.shealth,2025-09-13 02:50:00.000,dc0c87aa-60b9-4010-ba89-71f6746f3f93,
48529,4,0,83,2025-09-13 02:50:00.000,,,2025-09-13 02:55:01.110,2025-09-13 02:55:01.110,83,1.2777778,62.01,2.55,UTC-0500,6+THe69Q8P,com.sec.android.app.shealth,2025-09-13 02:51:00.000,db4b2d0f-7e88-4b71-8f88-2c115b940db2,
28852,4,0,51,2025-09-13 02:51:00.000,,,2025-09-13 02:55:01.123,2025-09-13 02:55:01.123,51,1.3333334,38.47,1.57,UTC-0500,6+THe69Q8P,com.sec.android.app.shealth,2025-09-13 02:52:00.000,196f0bd5-c0c6-49b6-8cfe-8ee969057ba4,
17403,4,3,23,2025-09-13 02:52:00.000,,,2025-09-13 02:55:01.136,2025-09-13 02:55:01.136,26,1.8611112,32.39,1.91,UTC-0500,6+THe69Q8P,com.sec.android.app.shealth,2025-09-13 02:53:00.000,212dbabf-5827-41bf-a60a-785944e1f64e,
10404,4,0,19,2025-09-13 02:53:00.000,,,2025-09-13 02:55:01.147,2025-09-13 02:55:01.147,19,1.3888888,14.45,0.61,UTC-0500,6+THe69Q8P,com.sec.android.app.shealth,2025-09-13 02:54:00.000,7f3a4c52-1877-485f-95d9-3411d1491cd7,
21067,4,0,36,2025-09-13 23:53:00.000,,,2025-09-13 23:55:01.103,2025-09-13 23:55:01.103,36,1.2777778,26.92,1.16,UTC-0500,6+THe69Q8P,com.sec.android.app.shealth,2025-09-13 23:54:00.000,e27513b1-4af3-4085-a204-01e30b8f8335,
3529,4,0,6,2025-09-13 23:54:00.000,,,2025-09-13 23:55:01.114,2025-09-13 23:55:01.114,6,1.2777778,4.51,0.18,UTC-0500,6+THe69Q8P,com.sec.android.app.shealth,2025-09-13 23:55:00.000,a5d47bbd-2ead-4b27-9317-8566f10ae461,
12034,4,0,19,2025-09-14 00:37:00.000,,,2025-09-14 00:42:30.355,2025-09-14 00:42:30.355,19,1.1666666,14.04,0.61,UTC-0500,6+THe69Q8P,com.sec.android.app.shealth,2025-09-14 00:38:00.000,efd69bb4-10d4-4bce-a9b6-71aafd8d029c,
12232,4,0,22,2025-09-14 00:38:00.000,,,2025-09-14 00:42:30.378,2025-09-14 00:42:30.378,22,1.3611112,16.65,0.68,UTC-0500,6+THe69Q8P,com.sec.android.app.shealth,2025-09-14 00:39:00.000,db521c4b-32f9-4d27-a3d8-7d4b07b1b9f1,
8824,4,0,15,2025-09-14 00:39:00.000,,,2025-09-14 00:42:30.397,2025-09-14 00:42:30.397,15,1.25,11.03,0.5,UTC-0500,6+THe69Q8P,com.sec.android.app.shealth,2025-09-14 00:40:00.000,95b38222-3deb-4bbb-ab06-9aed5a62f85f,
9237,4,0,15,2025-09-14 01:16:00.000,,,2025-09-14 01:16:59.730,2025-09-14 01:16:57.906,15,1.2016617,11.099999,0.49,UTC-0500,6+THe69Q8P,com.sec.android.app.shealth,2025-09-14 01:17:00.000,60a5bd40-d103-4b94-9236-fae931f5c01b,
8606,4,0,15,2025-09-14 01:17:00.000,,,2025-09-14 01:17:55.463,2025-09-14 01:17:00.189,15,1.3130227,11.3,0.45,UTC-0500,6+THe69Q8P,com.sec.android.app.shealth,2025-09-14 01:18:00.000,3360c197-3d55-4cff-b393-267ef169840a,
6634,4,0,12,2025-09-14 01:20:00.000,,,2025-09-14 01:20:08.288,2025-09-14 01:20:08.288,12,1.3611112,9.03,0.3,UTC-0500,6+THe69Q8P,com.sec.android.app.shealth,2025-09-14 01:21:00.000,132d5487-7c71-41e4-a02c-915eef0b3761,
15009,4,0,22,2025-09-14 01:25:00.000,,,2025-09-14 01:25:51.069,2025-09-14 01:25:44.254,22,1.0593302,15.9,0.6999998,UTC-0500,6+THe69Q8P,com.sec.android.app.shealth,2025-09-14 01:26:00.000,40104ab4-a098-452f-afe3-5cf964239df5,
9905,4,0,18,2025-09-14 01:30:00.000,,,2025-09-14 01:30:53.627,2025-09-14 01:30:50.381,18,1.4395638,14.26,0.48000002,UTC-0500,6+THe69Q8P,com.sec.android.app.shealth,2025-09-14 01:31:00.000,d2d5cda8-b169-4993-a1de-af658a47fb5d,
27237,4,0,50,2025-09-14 01:59:00.000,,,2025-09-14 02:13:37.940,2025-09-14 02:13:37.940,50,1.3888888,37.83,1.54,UTC-0500,6+THe69Q8P,com.sec.android.app.shealth,2025-09-14 02:00:00.000,a13cb036-d069-4d63-8482-cb403828b0c7,
29208,4,0,55,2025-09-14 02:00:00.000,,,2025-09-14 02:13:38.006,2025-09-14 02:13:38.006,55,1.4444444,42.19,1.69,UTC-0500,6+THe69Q8P,com.sec.android.app.shealth,2025-09-14 02:01:00.000,213f3dbf-78ac-462f-8ffc-3420d3daf268,
13565,4,0,21,2025-09-14 02:16:00.000,,,2025-09-14 02:29:17.881,2025-09-14 02:29:17.881,21,1.3055556,17.71,0.86,UTC-0500,6+THe69Q8P,com.sec.android.app.shealth,2025-09-14 02:17:00.000,69ba07d4-339b-4595-aa75-7df4b90b0d03,
4500,4,0,7,2025-09-14 02:18:00.000,,,2025-09-14 02:29:17.911,2025-09-14 02:29:17.911,7,1.1111112,5.0,0.24,UTC-0500,6+THe69Q8P,com.sec.android.app.shealth,2025-09-14 02:19:00.000,2fa0ee62-e208-49da-871b-a198247df0f9,
45174,4,8,69,2025-09-14 02:19:00.000,,,2025-09-14 02:29:17.931,2025-09-14 02:29:17.931,77,1.8888888,85.33,4.32,UTC-0500,6+THe69Q8P,com.sec.android.app.shealth,2025-09-14 02:20:00.000,a4f71bf7-9fd3-429c-992c-da78c4eda721,
18080,4,0,35,2025-09-14 02:20:00.000,,,2025-09-14 02:29:17.947,2025-09-14 02:29:17.947,35,1.5,27.12,1.07,UTC-0500,6+THe69Q8P,com.sec.android.app.shealth,2025-09-14 02:21:00.000,3d5959c9-9e39-4af6-aab8-9b70029ed0e7,
8066,4,0,15,2025-09-14 02:21:00.000,,,2025-09-14 02:29:17.970,2025-09-14 02:29:17.970,15,1.5,12.1,0.47,UTC-0500,6+THe69Q8P,com.sec.android.app.shealth,2025-09-14 02:22:00.000,21efa3a2-e851-4148-962f-ab7726a51fa0,
40603,4,0,71,2025-09-14 02:23:00.000,,,2025-09-14 02:29:17.987,2025-09-14 02:29:17.987,71,1.3055556,53.01,2.21,UTC-0500,6+THe69Q8P,com.sec.android.app.shealth,2025-09-14 02:24:00.000,d1bcf220-1618-4f3b-8de6-0c9be97dff01,
31480,4,0,63,2025-09-14 02:24:00.000,,,2025-09-14 02:29:18.010,2025-09-14 02:29:18.010,63,1.5555556,48.97,1.94,UTC-0500,6+THe69Q8P,com.sec.android.app.shealth,2025-09-14 02:25:00.000,bb19f5f8-0016-45a6-a214-43af41650987,
18495,4,0,28,2025-09-14 02:25:00.000,,,2025-09-14 02:29:18.033,2025-09-14 02:29:18.033,28,1.111111,20.55,0.89,UTC-0500,6+THe69Q8P,com.sec.android.app.shealth,2025-09-14 02:26:00.000,8910c0de-1fd2-48d6-9662-5d10e3ee1926,
18733,4,0,36,2025-09-14 03:18:00.000,,,2025-09-14 03:35:01.434,2025-09-14 03:35:01.434,36,1.5,28.1,1.11,UTC-0500,6+THe69Q8P,com.sec.android.app.shealth,2025-09-14 03:19:00.000,9202b7cf-bb0b-4630-b36b-1f5cdab301ee,
8072,4,0,15,2025-09-14 03:41:00.000,,,2025-09-14 03:55:01.522,2025-09-14 03:55:01.522,15,1.4444444,11.66,0.48,UTC-0500,6+THe69Q8P,com.sec.android.app.shealth,2025-09-14 03:42:00.000,763d90df-f0f3-4a89-bc69-881a7ba668f8,
8647,4,0,15,2025-09-14 03:55:00.000,,,2025-09-14 04:11:52.389,2025-09-14 04:11:52.389,15,1.3611113,11.77,0.48,UTC-0500,6+THe69Q8P,com.sec.android.app.shealth,2025-09-14 03:56:00.000,97742a29-99f8-48c1-a089-ed33f60b835a,
48124,4,0,88,2025-09-14 03:56:00.000,,,2025-09-14 04:11:52.415,2025-09-14 04:11:52.415,88,1.3888888,66.84,2.69,UTC-0500,6+THe69Q8P,com.sec.android.app.shealth,2025-09-14 03:57:00.000,a98c1737-22fc-4a77-8adf-e7cfa2ff13bd,
8902,4,0,14,2025-09-14 04:09:00.000,,,2025-09-14 04:11:52.443,2025-09-14 04:11:52.443,14,1.3333334,11.87,0.56,UTC-0500,6+THe69Q8P,com.sec.android.app.shealth,2025-09-14 04:10:00.000,a3251043-64ee-4fa6-b639-a4f254fbbaf8,
23195,4,0,38,2025-09-14 04:10:00.000,,,2025-09-14 04:11:52.474,2025-09-14 04:11:52.474,38,1.2222222,28.35,1.16,UTC-0500,6+THe69Q8P,com.sec.android.app.shealth,2025-09-14 04:11:00.000,9e1413ab-76e9-450d-86a3-c8713404774f,
17716,4,5,21,2025-09-14 04:11:00.000,,,2025-09-14 04:11:52.507,2025-09-14 04:11:52.507,26,1.8333334,32.48,1.77,UTC-0500,6+THe69Q8P,com.sec.android.app.shealth,2025-09-14 04:12:00.000,c55d064e-c532-4249-923a-b294e1703cf8,
37850,4,0,70,2025-09-14 04:13:00.000,,,2025-09-14 04:13:47.199,2025-09-14 04:13:47.199,70,1.3888888,52.57,2.18,UTC-0500,6+THe69Q8P,com.sec.android.app.shealth,2025-09-14 04:14:00.000,63a53e47-8104-4779-9298-bf98490f00f9,
4319,4,0,7,2025-09-14 04:15:00.000,,,2025-09-14 04:22:25.566,2025-09-14 04:22:25.566,7,1.1944444,5.16,0.23,UTC-0500,6+THe69Q8P,com.sec.android.app.shealth,2025-09-14 04:16:00.000,1883c8bd-95d6-4916-81dd-7dc541365173,
19560,4,6,36,2025-09-14 04:16:00.000,,,2025-09-14 04:22:25.597,2025-09-14 04:22:25.597,42,1.7499999,34.23,1.51,UTC-0500,6+THe69Q8P,com.sec.android.app.shealth,2025-09-14 04:17:00.000,debb0b7d-c2c4-4e4c-8b64-cb6e8079cb96,
7491,4,0,12,2025-09-14 04:18:00.000,,,2025-09-14 04:22:25.632,2025-09-14 04:22:25.632,12,1.1666666,8.74,0.38,UTC-0500,6+THe69Q8P,com.sec.android.app.shealth,2025-09-14 04:19:00.000,87cbe647-6634-4ddd-a953-55d6c180c301,
16020,4,0,27,2025-09-14 04:19:00.000,,,2025-09-14 04:22:25.663,2025-09-14 04:22:25.663,27,1.2777778,20.47,0.83,UTC-0500,6+THe69Q8P,com.sec.android.app.shealth,2025-09-14 04:20:00.000,5607687d-37f6-4cc5-abc1-8a2c9e8d2f8c,
18667,4,0,20,2025-09-14 04:20:00.000,,,2025-09-14 04:22:25.686,2025-09-14 04:22:25.686,20,1.5277778,28.52,1.62,UTC-0500,6+THe69Q8P,com.sec.android.app.shealth,2025-09-14 04:21:00.000,b54dab6f-7e56-4d46-9eaa-a950709ebb9b,
42181,4,0,77,2025-09-14 04:22:00.000,,,2025-09-14 04:35:01.556,2025-09-14 04:22:25.787,77,1.3913571,58.690002,2.3399997,UTC-0500,6+THe69Q8P,com.sec.android.app.shealth,2025-09-14 04:23:00.000,9e5c5d0e-7348-496c-8f84-2b194fa8e565,
8225,4,0,14,2025-09-14 04:23:00.000,,,2025-09-14 04:35:01.572,2025-09-14 04:35:01.572,14,1.2777778,10.51,0.42,UTC-0500,6+THe69Q8P,com.sec.android.app.shealth,2025-09-14 04:24:00.000,a9bd4d66-c55e-4e77-9118-291fb8d30975,
40269,4,0,74,2025-09-14 04:32:00.000,,,2025-09-14 04:35:01.585,2025-09-14 04:35:01.585,74,1.3888888,55.93,2.27,UTC-0500,6+THe69Q8P,com.sec.android.app.shealth,2025-09-14 04:33:00.000,a8051b74-d827-495a-8bd5-f979633adea1,
15128,4,0,25,2025-09-14 08:24:00.000,,,2025-09-14 08:27:50.279,2025-09-14 08:27:50.279,25,1.25,18.91,0.79,UTC-0500,6+THe69Q8P,com.sec.android.app.shealth,2025-09-14 08:25:00.000,24a1de5b-8ede-4f62-9452-303781fd13e1,
16074,4,0,23,2025-09-14 10:16:00.000,,,2025-09-14 10:16:59.467,2025-09-14 10:16:40.903,23,1.0370141,16.67,0.6599999,UTC-0500,6+THe69Q8P,com.sec.android.app.shealth,2025-09-14 10:17:00.000,5cd6d2fe-39e9-4d5c-9131-7557f4aa54b9,
13153,4,0,17,2025-09-14 10:17:00.000,,,2025-09-14 10:17:15.611,2025-09-14 10:17:00.960,17,0.9092808,11.959999,0.53999996,UTC-0500,6+THe69Q8P,com.sec.android.app.shealth,2025-09-14 10:18:00.000,2cf524df-c5f7-4773-99f7-cfda7dbf2533,
8082,4,0,19,2025-09-14 17:49:00.000,,,2025-09-14 17:49:18.297,2025-09-14 17:49:10.609,19,1.8619628,15.05,0.5,UTC-0700,6+THe69Q8P,com.sec.android.app.shealth,2025-09-14 17:50:00.000,9064bf2d-0e11-408c-9558-80d08fa403dd,
5867,4,0,19,2025-09-14 17:50:00.000,,,2025-09-14 17:50:47.078,2025-09-14 17:50:24.151,19,2.6639154,15.63,0.54999995,UTC-0700,6+THe69Q8P,com.sec.android.app.shealth,2025-09-14 17:51:00.000,a4159a62-ebba-4596-afc9-ebabced55145,
5180,4,0,13,2025-09-14 17:51:00.000,,,2025-09-14 17:51:46.227,2025-09-14 17:51:33.733,13,1.9899923,10.309999,0.39000002,UTC-0700,6+THe69Q8P,com.sec.android.app.shealth,2025-09-14 17:52:00.000,6f3693ba-3b80-4108-931b-f9b78efaf7e5,
7324,4,0,18,2025-09-14 17:52:00.000,,,2025-09-14 17:52:29.596,2025-09-14 17:52:13.275,18,1.9524386,14.299998,0.54,UTC-0700,6+THe69Q8P,com.sec.android.app.shealth,2025-09-14 17:53:00.000,27b730b1-d79c-40b3-993e-980629422f4e,
17941,4,0,29,2025-09-14 21:43:00.000,,,2025-09-14 21:48:02.737,2025-09-14 21:48:02.737,29,1.1944444,21.43,0.91,UTC-0700,6+THe69Q8P,com.sec.android.app.shealth,2025-09-14 21:44:00.000,96eca42f-5ce6-46f7-8d1e-d94f32f9cbba,
39109,4,0,64,2025-09-14 21:44:00.000,,,2025-09-14 21:48:02.755,2025-09-14 21:48:02.755,64,1.2222222,47.8,1.94,UTC-0700,6+THe69Q8P,com.sec.android.app.shealth,2025-09-14 21:45:00.000,0a0ed269-ea65-460b-852c-993ee8ac6df5,
9007,4,0,11,2025-09-14 21:46:00.000,,,2025-09-14 21:48:02.773,2025-09-14 21:48:02.773,11,1.3611112,12.26,0.67,UTC-0700,6+THe69Q8P,com.sec.android.app.shealth,2025-09-14 21:47:00.000,8b4b736d-3450-4fe5-8a08-8c182fad0652,
10457,4,0,16,2025-09-14 21:47:00.000,,,2025-09-14 21:48:02.789,2025-09-14 21:48:02.789,16,1.1666666,12.2,0.52,UTC-0700,6+THe69Q8P,com.sec.android.app.shealth,2025-09-14 21:48:00.000,f3e3ba9c-fb63-4056-abb1-e7458181be52,
9258,4,0,16,2025-09-14 21:48:00.000,,,2025-09-14 21:55:01.231,2025-09-14 21:55:01.231,16,1.2777778,11.83,0.52,UTC-0700,6+THe69Q8P,com.sec.android.app.shealth,2025-09-14 21:49:00.000,0cc4b878-237c-4610-bbff-9bc0e84c757a,
24763,4,0,43,2025-09-14 21:49:00.000,,,2025-09-14 21:55:01.246,2025-09-14 21:55:01.246,43,1.3055556,32.33,1.29,UTC-0700,6+THe69Q8P,com.sec.android.app.shealth,2025-09-14 21:50:00.000,8bfb6feb-4f15-4554-9030-a942a653cf28,
28616,4,0,32,2025-09-14 21:50:00.000,,,2025-09-14 21:55:01.258,2025-09-14 21:55:01.258,32,1.3611112,38.95,2.27,UTC-0700,6+THe69Q8P,com.sec.android.app.shealth,2025-09-14 21:51:00.000,6d5c5b6b-0160-4f18-89e7-8e4e7f43861c,
9573,4,0,19,2025-09-14 21:51:00.000,,,2025-09-14 21:55:01.269,2025-09-14 21:55:01.269,19,1.5,14.36,0.61,UTC-0700,6+THe69Q8P,com.sec.android.app.shealth,2025-09-14 21:52:00.000,8041edc3-219f-4cc5-bf24-b284ee89b144,
10755,4,0,17,2025-09-14 21:53:00.000,,,2025-09-14 21:55:01.284,2025-09-14 21:55:01.284,17,1.3611112,14.64,0.73,UTC-0700,6+THe69Q8P,com.sec.android.app.shealth,2025-09-14 21:54:00.000,3f1e7b08-b563-4e29-b137-1d01ff1f45a0,
5835,4,3,7,2025-09-14 21:55:00.000,,,2025-09-14 22:15:01.054,2025-09-14 22:15:01.054,10,3.5555556,20.75,1.28,UTC-0700,6+THe69Q8P,com.sec.android.app.shealth,2025-09-14 21:56:00.000,63b12d71-d869-4b80-9694-b0ee83482994,
36500,4,2,61,2025-09-14 21:58:00.000,,,2025-09-14 22:15:01.064,2025-09-14 22:15:01.064,63,1.5,54.75,2.49,UTC-0700,6+THe69Q8P,com.sec.android.app.shealth,2025-09-14 21:59:00.000,787acd02-0bea-4567-b633-7140c0e6a680,
31587,4,0,47,2025-09-14 22:00:00.000,,,2025-09-14 22:15:01.075,2025-09-14 22:15:01.075,47,1.0833334,34.22,1.43,UTC-0700,6+THe69Q8P,com.sec.android.app.shealth,2025-09-14 22:01:00.000,bf8b43cb-e253-430e-a164-0abf3a0f759d,
14736,4,3,28,2025-09-14 22:01:00.000,,,2025-09-14 22:15:01.085,2025-09-14 22:15:01.085,31,1.6944444,24.97,1.13,UTC-0700,6+THe69Q8P,com.sec.android.app.shealth,2025-09-14 22:02:00.000,8e4238eb-3951-4953-b53a-559cc21a9d8d,
51428,4,0,67,2025-09-14 22:02:00.000,,,2025-09-14 22:15:01.095,2025-09-14 22:15:01.095,67,1.1666666,60.0,2.87,UTC-0700,6+THe69Q8P,com.sec.android.app.shealth,2025-09-14 22:03:00.000,b7f132c9-9876-413f-962d-dd4bb3a69b46,
36216,4,2,49,2025-09-14 22:03:00.000,,,2025-09-14 22:15:01.104,2025-09-14 22:15:01.104,51,1.3888888,50.3,2.61,UTC-0700,6+THe69Q8P,com.sec.android.app.shealth,2025-09-14 22:04:00.000,f501bb0e-e9c4-48b9-a2dc-8e1a7820ac41,
5400,4,0,10,2025-09-14 22:04:00.000,,,2025-09-14 22:15:01.113,2025-09-14 22:15:01.113,10,1.4444444,7.8,0.31,UTC-0700,6+THe69Q8P,com.sec.android.app.shealth,2025-09-14 22:05:00.000,7110edc6-af16-4997-a0a3-aa9692ee1cda,
11448,4,0,19,2025-09-14 22:06:00.000,,,2025-09-14 22:15:01.124,2025-09-14 22:15:01.124,19,1.25,14.31,0.61,UTC-0700,6+THe69Q8P,com.sec.android.app.shealth,2025-09-14 22:07:00.000,2732217b-7f03-4bbc-9f4f-073b44b6e976,
15978,4,0,30,2025-09-15 01:28:00.000,,,2025-09-15 01:35:01.589,2025-09-15 01:35:01.589,30,1.4444444,23.08,0.93,UTC-0700,6+THe69Q8P,com.sec.android.app.shealth,2025-09-15 01:29:00.000,9d87263f-3bd0-450d-b1d2-504d11346029,
36376,4,0,60,2025-09-15 01:29:00.000,,,2025-09-15 01:35:01.603,2025-09-15 01:35:01.603,60,1.2222222,44.46,1.85,UTC-0700,6+THe69Q8P,com.sec.android.app.shealth,2025-09-15 01:30:00.000,e4ae92f4-a58c-45f9-bb98-8e37e40a3c3c,
12540,4,0,20,2025-09-15 01:30:00.000,,,2025-09-15 01:35:01.610,2025-09-15 01:35:01.610,20,1.1666666,14.63,0.65,UTC-0700,6+THe69Q8P,com.sec.android.app.shealth,2025-09-15 01:31:00.000,3649e218-3cc9-45cd-b798-1bcb9e9934e5,
28210,4,6,50,2025-09-15 01:31:00.000,,,2025-09-15 01:35:01.623,2025-09-15 01:35:01.623,56,1.6111112,45.45,2.04,UTC-0700,6+THe69Q8P,com.sec.android.app.shealth,2025-09-15 01:32:00.000,e6a0dc46-acc8-4e3e-8937-26e7b34914b2,
31092,4,0,56,2025-09-15 01:32:00.000,,,2025-09-15 01:35:01.635,2025-09-15 01:35:01.635,56,1.3611112,42.32,1.71,UTC-0700,6+THe69Q8P,com.sec.android.app.shealth,2025-09-15 01:33:00.000,87717205-0d16-4961-8107-0e2a10eb9eb2,
19524,4,1,26,2025-09-15 01:33:00.000,,,2025-09-15 01:35:01.646,2025-09-15 01:35:01.646,27,1.3055556,25.49,1.29,UTC-0700,6+THe69Q8P,com.sec.android.app.shealth,2025-09-15 01:34:00.000,5817323e-60db-4c49-ad54-0c93b34ff55c,
26200,4,0,40,2025-09-15 01:34:00.000,,,2025-09-15 01:35:01.766,2025-09-15 01:35:01.766,40,1.1388888,29.84,1.26,UTC-0700,6+THe69Q8P,com.sec.android.app.shealth,2025-09-15 01:35:00.000,28193c69-4f19-4e4c-8550-420e7eefe48b,
37912,4,0,58,2025-09-15 01:35:00.000,,,2025-09-15 01:55:01.510,2025-09-15 01:55:01.510,58,1.25,47.39,2.1,UTC-0700,6+THe69Q8P,com.sec.android.app.shealth,2025-09-15 01:36:00.000,eb215141-67aa-4354-985f-e0dd878570ef,
20666,4,0,37,2025-09-15 01:36:00.000,,,2025-09-15 01:55:01.523,2025-09-15 01:55:01.523,37,1.3611112,28.13,1.13,UTC-0700,6+THe69Q8P,com.sec.android.app.shealth,2025-09-15 01:37:00.000,6e76bb60-cb37-4c01-9a9c-eeed6fa3df66,
20209,4,0,37,2025-09-15 01:37:00.000,,,2025-09-15 01:55:01.537,2025-09-15 01:55:01.537,37,1.4166666,28.63,1.12,UTC-0700,6+THe69Q8P,com.sec.android.app.shealth,2025-09-15 01:38:00.000,071809fa-04b9-4150-b3c9-ea7e20b9a1ac,
28575,4,0,41,2025-09-15 01:38:00.000,,,2025-09-15 01:55:01.549,2025-09-15 01:55:01.549,41,1.4722222,42.07,2.13,UTC-0700,6+THe69Q8P,com.sec.android.app.shealth,2025-09-15 01:39:00.000,a12fded9-6b45-49c2-8085-4d47d99e6202,
29856,4,0,50,2025-09-15 01:39:00.000,,,2025-09-15 01:55:01.561,2025-09-15 01:55:01.561,50,1.25,37.32,1.52,UTC-0700,6+THe69Q8P,com.sec.android.app.shealth,2025-09-15 01:40:00.000,d746e67b-cdf6-4fcf-a9a0-9d6230d7886e,
24056,4,0,56,2025-09-15 02:18:00.000,,,2025-09-15 02:35:01.608,2025-09-15 02:35:01.608,56,1.8888888,45.44,1.67,UTC-0700,6+THe69Q8P,com.sec.android.app.shealth,2025-09-15 02:19:00.000,a287a1bf-442d-4e22-a69c-b4363fa029a6,
12052,4,0,29,2025-09-15 02:19:00.000,,,2025-09-15 02:35:01.625,2025-09-15 02:35:01.625,29,1.9722222,23.77,0.88,UTC-0700,6+THe69Q8P,com.sec.android.app.shealth,2025-09-15 02:20:00.000,42c52026-fc2c-496e-adc5-458b6edc0735,
14400,4,0,29,2025-09-15 03:38:00.000,,,2025-09-15 03:55:01.650,2025-09-15 03:55:01.650,29,1.5833334,22.8,0.9,UTC-0700,6+THe69Q8P,com.sec.android.app.shealth,2025-09-15 03:39:00.000,e99fe7b2-3ee1-42ba-9745-bf580c4429cf,
34058,4,0,74,2025-09-15 03:53:00.000,,,2025-09-15 03:55:01.671,2025-09-15 03:55:01.671,74,1.6944444,57.71,2.3,UTC-0700,6+THe69Q8P,com.sec.android.app.shealth,2025-09-15 03:54:00.000,2fd232fa-2b0b-409b-9ec6-d9646e4c9689,
26512,4,0,61,2025-09-15 03:54:00.000,,,2025-09-15 03:55:01.692,2025-09-15 03:55:01.692,61,1.8055556,47.87,1.91,UTC-0700,6+THe69Q8P,com.sec.android.app.shealth,2025-09-15 03:55:00.000,feb68376-b26c-4e7f-9c58-073d7f424154,
11648,4,0,23,2025-09-15 03:56:00.000,,,2025-09-15 04:07:57.688,2025-09-15 04:07:57.688,23,1.5555556,18.12,0.72,UTC-0700,6+THe69Q8P,com.sec.android.app.shealth,2025-09-15 03:57:00.000,87b5962b-6654-427c-9d0b-9bc4ecc17050,
8720,4,0,21,2025-09-15 03:58:00.000,,,2025-09-15 04:07:57.732,2025-09-15 04:07:57.732,21,1.8611113,16.23,0.67,UTC-0700,6+THe69Q8P,com.sec.android.app.shealth,2025-09-15 03:59:00.000,51a61603-df16-4e6e-a609-2ff27b1064d9,
18164,4,0,31,2025-09-15 04:06:00.000,,,2025-09-15 04:07:57.770,2025-09-15 04:07:57.770,31,1.2777778,23.21,0.97,UTC-0700,6+THe69Q8P,com.sec.android.app.shealth,2025-09-15 04:07:00.000,d72baad6-fd77-403f-851d-60a0b5a2625a,
42774,4,0,66,2025-09-15 04:12:00.000,,,2025-09-15 04:15:01.711,2025-09-15 04:15:01.711,66,1.2222222,52.28,2.22,UTC-0700,6+THe69Q8P,com.sec.android.app.shealth,2025-09-15 04:13:00.000,df7c9a33-a0bc-4f8d-aaa4-8fc611a4680a,
25920,4,0,41,2025-09-15 04:13:00.000,,,2025-09-15 04:15:01.725,2025-09-15 04:15:01.725,41,1.1666666,30.24,1.28,UTC-0700,6+THe69Q8P,com.sec.android.app.shealth,2025-09-15 04:14:00.000,1d8fa33f-22a5-4244-b20e-8c3b60e2aaf3,
12724,4,0,21,2025-09-15 04:18:00.000,,,2025-09-15 04:18:06.831,2025-09-15 04:18:01.131,21,1.233832,15.699998,0.56999993,UTC-0700,6+THe69Q8P,com.sec.android.app.shealth,2025-09-15 04:19:00.000,4358e45b-1028-4e73-b4f1-5ac86bdf750a,
9658,4,0,15,2025-09-15 04:19:00.000,,,2025-09-15 04:25:34.458,2025-09-15 04:25:34.458,15,1.1388888,11.0,0.49,UTC-0700,6+THe69Q8P,com.sec.android.app.shealth,2025-09-15 04:20:00.000,68f1904e-3bb7-4399-af2a-30cd503dfed1,
19049,4,0,36,2025-09-15 04:25:00.000,,,2025-09-15 04:25:48.007,2025-09-15 04:25:34.495,36,1.475068,28.100006,1.1099995,UTC-0700,6+THe69Q8P,com.sec.android.app.shealth,2025-09-15 04:26:00.000,b9ef8f13-5921-4143-ae08-555bbfa61034,
20616,4,0,39,2025-09-15 04:36:00.000,,,2025-09-15 04:53:59.052,2025-09-15 04:53:59.052,39,1.4444444,29.78,1.21,UTC-0700,6+THe69Q8P,com.sec.android.app.shealth,2025-09-15 04:37:00.000,853267b0-c87d-44b5-b4da-fe6bcf0895e2,
2376,4,0,4,2025-09-15 04:37:00.000,,,2025-09-15 04:53:59.085,2025-09-15 04:53:59.085,4,1.25,2.97,0.12,UTC-0700,6+THe69Q8P,com.sec.android.app.shealth,2025-09-15 04:38:00.000,58dde4eb-842a-4e2b-a9a4-b8586ee3534c,
2372,4,0,8,2025-09-15 04:38:00.000,,,2025-09-15 04:53:59.117,2025-09-15 04:53:59.117,8,2.7777777,6.59,0.23,UTC-0700,6+THe69Q8P,com.sec.android.app.shealth,2025-09-15 04:39:00.000,51ddf1eb-d195-42e4-85f1-431d9ae65a91,
32753,4,6,57,2025-09-15 04:39:00.000,,,2025-09-15 04:53:59.188,2025-09-15 04:53:59.188,63,1.5277778,50.04,2.16,UTC-0700,6+THe69Q8P,com.sec.android.app.shealth,2025-09-15 04:40:00.000,5d6430fa-6a18-4783-94d2-2a58b8cd70ac,
18244,4,0,36,2025-09-15 04:40:00.000,,,2025-09-15 04:53:59.227,2025-09-15 04:53:59.227,36,1.5555556,28.38,1.15,UTC-0700,6+THe69Q8P,com.sec.android.app.shealth,2025-09-15 04:41:00.000,df8cb3a4-b0fe-42d6-8e2d-a763685fe9ca,
20724,4,0,34,2025-09-15 04:43:00.000,,,2025-09-15 04:53:59.286,2025-09-15 04:53:59.286,34,1.2222222,25.33,1.09,UTC-0700,6+THe69Q8P,com.sec.android.app.shealth,2025-09-15 04:44:00.000,c92d67be-43dd-4811-ad65-22f9791d81f3,
17206,4,0,36,2025-09-15 04:45:00.000,,,2025-09-15 04:53:59.341,2025-09-15 04:53:59.341,36,1.6388888,28.2,1.12,UTC-0700,6+THe69Q8P,com.sec.android.app.shealth,2025-09-15 04:46:00.000,de84c8b6-7044-4827-8357-c325c8111592,
3567,4,0,7,2025-09-15 04:46:00.000,,,2025-09-15 04:53:59.371,2025-09-15 04:53:59.371,7,1.5277778,5.45,0.23,UTC-0700,6+THe69Q8P,com.sec.android.app.shealth,2025-09-15 04:47:00.000,ce6a86c7-683a-441b-bb9d-75b478f2a91c,
5692,4,0,10,2025-09-15 04:48:00.000,,,2025-09-15 04:53:59.395,2025-09-15 04:53:59.395,10,1.3333334,7.59,0.32,UTC-0700,6+THe69Q8P,com.sec.android.app.shealth,2025-09-15 04:49:00.000,9aea4fa3-e3fc-4346-9350-3f5306b59de9,
22616,4,0,38,2025-09-15 04:52:00.000,,,2025-09-15 04:53:59.423,2025-09-15 04:53:59.423,38,1.25,28.27,1.19,UTC-0700,6+THe69Q8P,com.sec.android.app.shealth,2025-09-15 04:53:00.000,ac868554-e140-48a3-aba7-fcbab6d4ed3f,
21502,4,0,31,2025-09-15 04:53:00.000,,,2025-09-15 04:53:59.451,2025-09-15 04:53:59.451,31,1.3333334,28.67,1.4,UTC-0700,6+THe69Q8P,com.sec.android.app.shealth,2025-09-15 04:54:00.000,9bbef86c-928e-464a-8802-f03dc6dbb07f,
10747,4,0,19,2025-09-15 14:43:00.000,,,2025-09-15 14:45:34.597,2025-09-15 14:45:34.597,19,1.3333334,14.33,0.61,UTC-0700,6+THe69Q8P,com.sec.android.app.shealth,2025-09-15 14:44:00.000,5bcc3266-8016-40e0-9e76-6dc56be0186d,
21215,4,0,31,2025-09-15 14:55:00.000,,,2025-09-15 15:15:00.796,2025-09-15 15:15:00.796,31,1.2222222,25.93,1.16,UTC-0700,6+THe69Q8P,com.sec.android.app.shealth,2025-09-15 14:56:00.000,dc58511f-21e1-4e1f-85ea-d1e2b9cc4827,
9460,4,0,17,2025-09-15 14:56:00.000,,,2025-09-15 15:15:00.813,2025-09-15 15:15:00.813,17,1.3888888,13.14,0.52,UTC-0700,6+THe69Q8P,com.sec.android.app.shealth,2025-09-15 14:57:00.000,f873eb03-ee44-40e2-a091-4999f228b362,
25567,4,0,46,2025-09-16 07:01:00.000,,,2025-09-16 07:01:59.348,2025-09-16 07:01:59.348,46,1.3611112,34.8,1.42,UTC-0700,6+THe69Q8P,com.sec.android.app.shealth,2025-09-16 07:02:00.000,70b93f6f-f64d-4842-a821-14958c5d1528,
30620,4,0,57,2025-09-16 07:08:00.000,,,2025-09-16 07:15:01.989,2025-09-16 07:15:01.989,57,1.4444444,44.23,1.74,UTC-0700,6+THe69Q8P,com.sec.android.app.shealth,2025-09-16 07:09:00.000,58e6e33c-4a01-4077-8394-6f922c257435,
14712,4,0,26,2025-09-16 07:10:00.000,,,2025-09-16 07:15:02.002,2025-09-16 07:15:02.002,26,1.4722222,21.66,1.02,UTC-0700,6+THe69Q8P,com.sec.android.app.shealth,2025-09-16 07:11:00.000,6d9961ce-aa19-43db-b061-00bf392c6695,
14419,4,0,28,2025-09-16 07:11:00.000,,,2025-09-16 07:15:02.012,2025-09-16 07:15:02.012,28,1.5,21.63,0.87,UTC-0700,6+THe69Q8P,com.sec.android.app.shealth,2025-09-16 07:12:00.000,fcdf5845-a28e-4b25-af76-a9b335cab19d,
40257,4,0,68,2025-09-16 07:12:00.000,,,2025-09-16 07:15:02.020,2025-09-16 07:15:02.020,68,1.2777778,51.44,2.11,UTC-0700,6+THe69Q8P,com.sec.android.app.shealth,2025-09-16 07:13:00.000,9a451c81-2d82-4d7c-ac82-360b85a28f9d,
40628,4,0,72,2025-09-16 07:13:00.000,,,2025-09-16 07:15:02.027,2025-09-16 07:15:02.027,72,1.3611112,55.3,2.19,UTC-0700,6+THe69Q8P,com.sec.android.app.shealth,2025-09-16 07:14:00.000,e834d2e7-4ddd-4a0d-b7d5-ff9684acf0ad,
24337,4,0,43,2025-09-16 07:14:00.000,,,2025-09-16 07:15:02.036,2025-09-16 07:15:02.036,43,1.3333334,32.45,1.31,UTC-0700,6+THe69Q8P,com.sec.android.app.shealth,2025-09-16 07:15:00.000,43c9e870-047c-4153-a8ee-bd0a845c5b04,
24264,4,5,34,2025-09-16 07:16:00.000,,,2025-09-16 07:35:02.137,2025-09-16 07:35:02.137,39,1.6666666,40.44,2.02,UTC-0700,6+THe69Q8P,com.sec.android.app.shealth,2025-09-16 07:17:00.000,753ca08b-bdaf-4323-957d-d448b3e92019,
35082,4,0,65,2025-09-16 07:17:00.000,,,2025-09-16 07:35:02.148,2025-09-16 07:35:02.148,65,1.4166666,49.7,1.99,UTC-0700,6+THe69Q8P,com.sec.android.app.shealth,2025-09-16 07:18:00.000,4191a445-3c47-4ed1-a021-1781e3cdfba5,
55602,4,0,103,2025-09-16 07:18:00.000,,,2025-09-16 07:35:02.157,2025-09-16 07:35:02.157,103,1.4166666,78.77,3.11,UTC-0700,6+THe69Q8P,com.sec.android.app.shealth,2025-09-16 07:19:00.000,fbd03b63-31e3-46f5-93c9-224b6ab225d5,
7974,4,0,15,2025-09-16 07:19:00.000,,,2025-09-16 07:35:02.166,2025-09-16 07:35:02.166,15,1.4722222,11.74,0.46,UTC-0700,6+THe69Q8P,com.sec.android.app.shealth,2025-09-16 07:20:00.000,ea62e278-3c59-4e01-8ee6-2411ccc79ed5,
7248,4,0,13,2025-09-16 08:10:00.000,,,2025-09-16 08:10:44.321,2025-09-16 08:10:43.472,13,1.3822849,10.02,0.33,UTC-0700,6+THe69Q8P,com.sec.android.app.shealth,2025-09-16 08:11:00.000,08890379-3dd0-46c8-9ac6-eb2eb4b8bc16,
21656,4,0,38,2025-09-16 09:28:00.000,,,2025-09-16 09:28:36.416,2025-09-16 09:28:14.106,38,1.4291233,30.95,1.2199996,UTC-0700,6+THe69Q8P,com.sec.android.app.shealth,2025-09-16 09:29:00.000,9a18cade-5fea-4ffb-9bd2-6f84fc1ea999,
46713,4,0,92,2025-09-16 10:22:00.000,,,2025-09-16 10:30:02.799,2025-09-16 10:30:02.799,92,1.5,70.07,2.86,UTC-0700,6+THe69Q8P,com.sec.android.app.shealth,2025-09-16 10:23:00.000,1941b3b6-8f5e-4811-90ff-9d44eff0215d,
10894,4,0,22,2025-09-16 10:23:00.000,,,2025-09-16 10:30:02.820,2025-09-16 10:30:02.820,22,1.5833334,17.25,0.66,UTC-0700,6+THe69Q8P,com.sec.android.app.shealth,2025-09-16 10:24:00.000,e705d569-259c-4f0c-ac25-60785652a432,
10300,4,0,17,2025-09-16 10:28:00.000,,,2025-09-16 10:30:02.871,2025-09-16 10:30:02.871,17,1.2222222,12.59,0.55,UTC-0700,6+THe69Q8P,com.sec.android.app.shealth,2025-09-16 10:29:00.000,cb595c3c-a1c1-4f53-85a6-7907f6a6328f,
46052,4,2,62,2025-09-16 10:29:00.000,,,2025-09-16 10:30:02.901,2025-09-16 10:30:02.901,64,1.4444444,66.52,3.32,UTC-0700,6+THe69Q8P,com.sec.android.app.shealth,2025-09-16 10:30:00.000,0ab94a89-2426-4e97-ba06-eb84b22df205,
24122,4,0,44,2025-09-16 10:30:00.000,,,2025-09-16 10:30:24.818,2025-09-16 10:30:02.926,44,1.3916327,33.570004,1.3199992,UTC-0700,6+THe69Q8P,com.sec.android.app.shealth,2025-09-16 10:31:00.000,c42f1cb6-fc81-4252-a22a-529a3902058d,
23430,4,0,28,2025-09-16 15:29:00.000,,,2025-09-16 15:31:01.660,2025-09-16 15:31:01.660,28,1.3055556,30.59,1.62,UTC-0700,6+THe69Q8P,com.sec.android.app.shealth,2025-09-16 15:30:00.000,f6800e25-20bf-431a-9627-7800c17fa3c9,
23408,4,0,37,2025-09-16 15:30:00.000,,,2025-09-16 15:31:01.686,2025-09-16 15:31:01.686,37,1.2222222,28.61,1.16,UTC-0700,6+THe69Q8P,com.sec.android.app.shealth,2025-09-16 15:31:00.000,5d78209b-2925-4533-87c9-d8b3d7902893,
13178,4,0,18,2025-09-16 15:31:00.000,,,2025-09-16 15:31:34.622,2025-09-16 15:31:07.950,18,0.9833993,12.960001,0.59,UTC-0700,6+THe69Q8P,com.sec.android.app.shealth,2025-09-16 15:32:00.000,83ffab28-29d4-43a8-9b7c-1531fd647602,
13053,4,0,25,2025-09-16 15:32:00.000,,,2025-09-16 15:33:18.634,2025-09-16 15:33:18.634,25,1.5,19.58,0.74,UTC-0700,6+THe69Q8P,com.sec.android.app.shealth,2025-09-16 15:33:00.000,a2472823-cd9f-4ca2-b2d0-e72e90ac0b94,
31977,4,0,48,2025-09-16 15:33:00.000,,,2025-09-16 15:33:59.227,2025-09-16 15:33:18.652,48,1.0992185,35.149994,1.4699993,UTC-0700,6+THe69Q8P,com.sec.android.app.shealth,2025-09-16 15:34:00.000,55d93797-8c67-4409-ac0b-e66212ce9f86,
6130,4,0,8,2025-09-16 15:34:00.000,,,2025-09-16 15:35:00.631,2025-09-16 15:35:00.631,8,0.9166667,5.62,0.27,UTC-0700,6+THe69Q8P,com.sec.android.app.shealth,2025-09-16 15:35:00.000,daf03a93-e697-44a9-9be0-983d419a4d7c,
12233,4,0,16,2025-09-16 15:35:00.000,,,2025-09-16 15:36:56.715,2025-09-16 15:36:56.715,16,1.4722222,18.01,1.03,UTC-0700,6+THe69Q8P,com.sec.android.app.shealth,2025-09-16 15:36:00.000,7fea38e7-44bb-4ced-b789-8f294afbeebc,
24094,4,0,40,2025-09-16 15:36:00.000,,,2025-09-16 15:36:59.498,2025-09-16 15:36:56.731,40,1.2376362,29.820002,1.22,UTC-0700,6+THe69Q8P,com.sec.android.app.shealth,2025-09-16 15:37:00.000,acd56ee5-dc9a-4f75-9e69-d655db129097,
20641,4,0,37,2025-09-16 15:37:00.000,,,2025-09-16 15:37:34.881,2025-09-16 15:37:00.321,37,1.3462882,27.79,1.0899998,UTC-0700,6+THe69Q8P,com.sec.android.app.shealth,2025-09-16 15:38:00.000,1b3b6c89-3b4d-4ac1-8d24-4953f7ea6c0c,
31235,4,0,42,2025-09-16 15:39:00.000,,,2025-09-16 15:39:54.090,2025-09-16 15:39:23.509,42,0.9511548,29.709991,1.3299994,UTC-0700,6+THe69Q8P,com.sec.android.app.shealth,2025-09-16 15:40:00.000,a8ed4089-71ee-45b2-8223-1ea0c8c79538,
52921,4,0,73,2025-09-16 15:40:00.000,,,2025-09-16 15:40:59.571,2025-09-16 15:40:01.193,73,0.9799504,51.85998,2.2399986,UTC-0700,6+THe69Q8P,com.sec.android.app.shealth,2025-09-16 15:41:00.000,e3f2b289-8946-4b19-ab57-0bacdfd83a63,
7048,4,0,11,2025-09-16 15:41:00.000,,,2025-09-16 15:41:26.445,2025-09-16 15:41:22.984,11,1.1519674,8.119999,0.35,UTC-0700,6+THe69Q8P,com.sec.android.app.shealth,2025-09-16 15:42:00.000,a82f23e7-cf59-489c-be2d-7dfd7bfa22ab,
6531,4,0,13,2025-09-16 15:59:00.000,,,2025-09-16 15:59:56.407,2025-09-16 15:59:55.950,13,1.4744054,9.629999,0.43,UTC-0700,6+THe69Q8P,com.sec.android.app.shealth,2025-09-16 16:00:00.000,9446299d-1b7e-4058-9a1f-42c91fce32f3,
43072,4,0,76,2025-09-16 16:45:00.000,,,2025-09-16 16:53:53.575,2025-09-16 16:53:53.575,76,1.3333334,57.43,2.32,UTC-0700,6+THe69Q8P,com.sec.android.app.shealth,2025-09-16 16:46:00.000,b388b8b7-f46f-4e66-a5e3-183820b3f0c9,
13295,4,0,22,2025-09-16 16:46:00.000,,,2025-09-16 16:53:53.599,2025-09-16 16:53:53.599,22,1.2222222,16.25,0.69,UTC-0700,6+THe69Q8P,com.sec.android.app.shealth,2025-09-16 16:47:00.000,1a13dac0-1f76-46a2-8a0a-473f84ed0117,
57820,4,0,104,2025-09-16 16:47:00.000,,,2025-09-16 16:53:53.646,2025-09-16 16:53:53.646,104,1.3611112,78.7,3.15,UTC-0700,6+THe69Q8P,com.sec.android.app.shealth,2025-09-16 16:48:00.000,b563bb6e-d47e-47c8-bf4e-0bdb892f3edb,
56680,4,0,98,2025-09-16 16:48:00.000,,,2025-09-16 16:53:53.685,2025-09-16 16:53:53.685,98,1.3055556,74.0,2.96,UTC-0700,6+THe69Q8P,com.sec.android.app.shealth,2025-09-16 16:49:00.000,c822f47b-9c26-4f2b-9ee1-b80880b9bdbc,
18653,4,0,30,2025-09-16 16:49:00.000,,,2025-09-16 16:53:53.704,2025-09-16 16:53:53.704,30,1.1944444,22.28,0.9,UTC-0700,6+THe69Q8P,com.sec.android.app.shealth,2025-09-16 16:50:00.000,f5616506-4475-4dfa-a2f2-c2c11f78486f,
5257,4,0,9,2025-09-16 16:50:00.000,,,2025-09-16 16:53:53.728,2025-09-16 16:53:53.728,9,1.3333334,7.01,0.28,UTC-0700,6+THe69Q8P,com.sec.android.app.shealth,2025-09-16 16:51:00.000,56896641-0d04-4b9a-be17-6e191d61a41e,
11548,4,1,14,2025-09-16 16:53:00.000,,,2025-09-16 16:53:53.749,2025-09-16 16:53:53.749,15,1.3888888,16.04,0.89,UTC-0700,6+THe69Q8P,com.sec.android.app.shealth,2025-09-16 16:54:00.000,050962c1-00f0-4efe-ba09-aca01f69d39a,
19226,4,4,23,2025-09-16 16:55:00.000,,,2025-09-16 16:55:57.887,2025-09-16 16:55:56.236,27,1.5983253,30.73,1.6299999,UTC-0700,6+THe69Q8P,com.sec.android.app.shealth,2025-09-16 16:56:00.000,c5159845-2f0b-42ab-861a-399548a3b709,
10317,4,0,16,2025-09-16 16:56:00.000,,,2025-09-16 16:56:15.941,2025-09-16 16:56:15.941,16,1.1388888,11.75,0.5,UTC-0700,6+THe69Q8P,com.sec.android.app.shealth,2025-09-16 16:57:00.000,f2375e2e-0e0a-409d-af19-17560a7a05a6,
16253,4,0,28,2025-09-16 16:57:00.000,,,2025-09-16 16:59:47.931,2025-09-16 16:57:19.296,28,1.3289825,21.6,0.89,UTC-0700,6+THe69Q8P,com.sec.android.app.shealth,2025-09-16 16:58:00.000,c1cdffbc-68b1-457d-9539-b549be9df9f6,
21133,4,0,35,2025-09-16 17:04:00.000,,,2025-09-16 17:10:46.290,2025-09-16 17:10:46.290,35,1.2222222,25.83,1.1,UTC-0700,6+THe69Q8P,com.sec.android.app.shealth,2025-09-16 17:05:00.000,ba621a23-133a-4cee-978d-f5b95b0e4681,
17165,4,1,25,2025-09-16 17:05:00.000,,,2025-09-16 17:10:46.309,2025-09-16 17:10:46.309,26,1.9999999,34.33,1.84,UTC-0700,6+THe69Q8P,com.sec.android.app.shealth,2025-09-16 17:06:00.000,84835214-7d9a-43c0-9a01-f2264ba3c605,
8014,4,2,9,2025-09-16 17:06:00.000,,,2025-09-16 17:10:46.334,2025-09-16 17:10:46.334,11,1.8055556,14.47,0.87,UTC-0700,6+THe69Q8P,com.sec.android.app.shealth,2025-09-16 17:07:00.000,d09ef532-6042-48c5-bc54-8163810d4e70,
56084,4,0,99,2025-09-16 17:07:00.000,,,2025-09-16 17:10:46.360,2025-09-16 17:10:46.360,99,1.3333334,74.78,2.97,UTC-0700,6+THe69Q8P,com.sec.android.app.shealth,2025-09-16 17:08:00.000,c4d96737-a8b2-4c46-a0ae-1ce3a00b357c,
36988,4,0,64,2025-09-16 17:08:00.000,,,2025-09-16 17:10:46.380,2025-09-16 17:10:46.380,64,1.3055556,48.29,1.92,UTC-0700,6+THe69Q8P,com.sec.android.app.shealth,2025-09-16 17:09:00.000,b1fe7412-1117-4ee6-bf73-2772a7487556,
10331,4,0,18,2025-09-16 18:47:00.000,,,2025-09-16 18:47:53.055,2025-09-16 18:47:48.158,18,1.3405709,13.85,0.48000002,UTC-0700,6+THe69Q8P,com.sec.android.app.shealth,2025-09-16 18:48:00.000,99059cdc-d1e3-4a72-81c5-ee58d9ee3d9b,
26164,4,0,59,2025-09-16 18:49:00.000,,,2025-09-16 18:49:59.825,2025-09-16 18:49:20.129,59,1.7932758,46.91999,1.6899992,UTC-0700,6+THe69Q8P,com.sec.android.app.shealth,2025-09-16 18:50:00.000,b8aa4786-572f-4d5a-a232-09143a0ac42c,
944,4,0,2,2025-09-16 18:50:00.000,,,2025-09-16 18:50:00.905,2025-09-16 18:50:00.433,2,1.6944444,1.6,0.06,UTC-0700,6+THe69Q8P,com.sec.android.app.shealth,2025-09-16 18:51:00.000,eab653e1-2920-4ced-8c77-33a42b223b9d,
6976,4,0,16,2025-09-16 19:20:00.000,,,2025-09-16 19:20:06.998,2025-09-16 19:20:03.216,16,1.8719153,13.059999,0.42000002,UTC-0700,6+THe69Q8P,com.sec.android.app.shealth,2025-09-16 19:21:00.000,1ed5e284-c2f7-4edd-9c91-aedc621091fa,
17420,4,0,30,2025-09-16 19:58:00.000,,,2025-09-16 19:58:23.081,2025-09-16 19:58:08.859,30,1.4201716,24.740004,1.0599997,UTC-0600,6+THe69Q8P,com.sec.android.app.shealth,2025-09-16 19:59:00.000,16c15698-89c8-47a8-95ea-e84a9c0d5d95,
30854,4,0,45,2025-09-16 20:21:00.000,,,2025-09-16 20:35:01.228,2025-09-16 20:35:01.228,45,1.1388888,35.14,1.57,UTC-0600,6+THe69Q8P,com.sec.android.app.shealth,2025-09-16 20:22:00.000,96e37ded-e2e0-44ad-8400-768357cc8f05,
15230,4,0,22,2025-09-16 20:22:00.000,,,2025-09-16 20:35:01.275,2025-09-16 20:35:01.275,22,1.3611112,20.73,1.05,UTC-0600,6+THe69Q8P,com.sec.android.app.shealth,2025-09-16 20:23:00.000,a2a25f95-7d99-4ba1-89f8-a9cb3013198d,
21872,4,0,30,2025-09-16 20:23:00.000,,,2025-09-16 20:35:01.312,2025-09-16 20:35:01.312,30,1.25,27.34,1.28,UTC-0600,6+THe69Q8P,com.sec.android.app.shealth,2025-09-16 20:24:00.000,72cc6211-3856-4da5-bddc-eda3c298c954,
31443,4,8,51,2025-09-16 20:24:00.000,,,2025-09-16 20:35:01.356,2025-09-16 20:35:01.356,59,1.9444444,61.14,2.96,UTC-0600,6+THe69Q8P,com.sec.android.app.shealth,2025-09-16 20:25:00.000,8e7660e7-1b88-44a2-a76c-be6be4fe852a,
32909,4,0,45,2025-09-16 20:27:00.000,,,2025-09-16 20:35:01.388,2025-09-16 20:35:01.388,45,1.1388888,37.48,1.68,UTC-0600,6+THe69Q8P,com.sec.android.app.shealth,2025-09-16 20:28:00.000,78c9a16b-609b-4679-8677-c6beb2970b42,
13177,4,0,19,2025-09-16 20:28:00.000,,,2025-09-16 20:35:01.417,2025-09-16 20:35:01.417,19,1.0555556,13.91,0.62,UTC-0600,6+THe69Q8P,com.sec.android.app.shealth,2025-09-16 20:29:00.000,4e28f6bf-995d-402e-be82-5deb7d24d97c,
20630,4,0,30,2025-09-16 20:29:00.000,,,2025-09-16 20:35:01.449,2025-09-16 20:35:01.449,30,1.0833334,22.35,0.93,UTC-0600,6+THe69Q8P,com.sec.android.app.shealth,2025-09-16 20:30:00.000,bc74bfb6-2a1b-4652-8716-f58c4389feac,
26295,4,0,45,2025-09-16 20:30:00.000,,,2025-09-16 20:35:01.485,2025-09-16 20:35:01.485,45,1.2777778,33.6,1.4,UTC-0600,6+THe69Q8P,com.sec.android.app.shealth,2025-09-16 20:31:00.000,579409c8-ca95-4c5e-af33-9d8df2d8ca23,
20284,4,0,34,2025-09-16 20:31:00.000,,,2025-09-16 20:35:01.506,2025-09-16 20:35:01.506,34,1.3611112,27.61,1.24,UTC-0600,6+THe69Q8P,com.sec.android.app.shealth,2025-09-16 20:32:00.000,3b455034-d758-4d4b-99f6-d02af9f68d81,
27621,4,0,45,2025-09-16 22:47:00.000,,,2025-09-16 22:47:36.510,2025-09-16 22:47:36.510,45,1.2222222,33.76,1.4,UTC-0600,6+THe69Q8P,com.sec.android.app.shealth,2025-09-16 22:48:00.000,60f3c190-fdfd-46ab-bafa-5c3a0a56b326,
38139,4,0,58,2025-09-16 22:48:00.000,,,2025-09-16 22:48:40.201,2025-09-16 22:48:05.436,58,1.1109222,42.369987,1.8299993,UTC-0600,6+THe69Q8P,com.sec.android.app.shealth,2025-09-16 22:49:00.000,5585b083-1194-414d-9a10-ae69550cbc3d,
11243,4,0,18,2025-09-16 22:49:00.000,,,2025-09-16 22:55:01.299,2025-09-16 22:55:01.299,18,1.1944444,13.43,0.56,UTC-0600,6+THe69Q8P,com.sec.android.app.shealth,2025-09-16 22:50:00.000,472161dc-6996-4c2f-acd3-ea0e5092b40a,
14568,4,0,26,2025-09-16 22:50:00.000,,,2025-09-16 22:55:01.322,2025-09-16 22:55:01.322,26,1.3611112,19.83,0.8,UTC-0600,6+THe69Q8P,com.sec.android.app.shealth,2025-09-16 22:51:00.000,c52df9cb-b314-402a-a893-1709256f699b,
53420,4,0,91,2025-09-16 22:51:00.000,,,2025-09-16 22:55:01.345,2025-09-16 22:55:01.345,91,1.2777778,68.26,2.75,UTC-0600,6+THe69Q8P,com.sec.android.app.shealth,2025-09-16 22:52:00.000,1b4b71ec-387e-4c3f-a2af-f7c124e2c5f9,
22068,4,2,23,2025-09-16 22:52:00.000,,,2025-09-16 22:55:01.367,2025-09-16 22:55:01.367,25,1.3888888,30.65,1.76,UTC-0600,6+THe69Q8P,com.sec.android.app.shealth,2025-09-16 22:53:00.000,f3eca3d4-a46f-4d3c-86b8-3c41a944b90d,
14031,4,0,22,2025-09-16 22:53:00.000,,,2025-09-16 22:55:01.392,2025-09-16 22:55:01.392,22,1.1944444,16.76,0.66,UTC-0600,6+THe69Q8P,com.sec.android.app.shealth,2025-09-16 22:54:00.000,90325227-54f5-4d44-b4af-521a5232b44f,
10378,4,0,16,2025-09-16 22:54:00.000,,,2025-09-16 22:55:01.439,2025-09-16 22:55:01.439,16,1.1388888,11.82,0.5,UTC-0600,6+THe69Q8P,com.sec.android.app.shealth,2025-09-16 22:55:00.000,4781803c-ef05-4466-bcd3-b133c5880b07,
657,4,0,1,2025-09-16 22:55:00.000,,,2025-09-16 22:55:09.356,2025-09-16 22:55:09.356,1,1.1111112,0.73,0.03,UTC-0600,6+THe69Q8P,com.sec.android.app.shealth,2025-09-16 22:56:00.000,eb61c608-339f-4c45-8200-f479a664c4eb,
20797,4,1,27,2025-09-16 22:56:00.000,,,2025-09-16 22:59:59.661,2025-09-16 22:59:59.661,28,1.3333334,27.73,1.39,UTC-0600,6+THe69Q8P,com.sec.android.app.shealth,2025-09-16 22:57:00.000,1109e587-a7d0-4655-af70-63468fb44f49,
9889,4,0,13,2025-09-16 22:59:00.000,,,2025-09-16 22:59:59.697,2025-09-16 22:59:59.697,13,0.94444436,9.34,0.41,UTC-0600,6+THe69Q8P,com.sec.android.app.shealth,2025-09-16 23:00:00.000,09cf95b9-df1c-4517-9a8a-89d0b72d50d8,
11178,4,0,17,2025-09-16 23:02:00.000,,,2025-09-16 23:02:50.761,2025-09-16 23:02:50.761,17,1.1111112,12.42,0.56,UTC-0600,6+THe69Q8P,com.sec.android.app.shealth,2025-09-16 23:03:00.000,285eeb52-fbf6-48a6-b7fe-97fa00a08fb9,
18297,4,0,34,2025-09-16 23:04:00.000,,,2025-09-16 23:08:50.427,2025-09-16 23:08:50.427,34,1.4444444,26.43,1.04,UTC-0600,6+THe69Q8P,com.sec.android.app.shealth,2025-09-16 23:05:00.000,810909f3-caee-442b-9fb2-63959d96f60e,
58867,4,0,107,2025-09-16 23:05:00.000,,,2025-09-16 23:08:50.469,2025-09-16 23:08:50.469,107,1.3888888,81.76,3.21,UTC-0600,6+THe69Q8P,com.sec.android.app.shealth,2025-09-16 23:06:00.000,362c84b9-51e3-4741-96cc-b1814e000941,
5105,4,0,10,2025-09-16 23:06:00.000,,,2025-09-16 23:08:50.501,2025-09-16 23:08:50.501,10,1.5277778,7.8,0.3,UTC-0600,6+THe69Q8P,com.sec.android.app.shealth,2025-09-16 23:07:00.000,133374ae-6d41-4397-91ed-49041776d286,
13377,4,0,22,2025-09-17 00:30:00.000,,,2025-09-17 00:35:01.670,2025-09-17 00:35:01.670,22,1.2222222,16.35,0.7,UTC-0600,6+THe69Q8P,com.sec.android.app.shealth,2025-09-17 00:31:00.000,1ee774f6-2ecf-40cd-bce2-2d8019944e20,
10863,4,0,20,2025-09-17 01:00:00.000,,,2025-09-17 01:15:01.741,2025-09-17 01:15:01.741,20,1.4166666,15.39,0.63,UTC-0600,6+THe69Q8P,com.sec.android.app.shealth,2025-09-17 01:01:00.000,b8429243-0875-46ea-9405-6d29c82c4b3d,
9692,4,0,15,2025-09-17 08:56:00.000,,,2025-09-17 08:56:58.558,2025-09-17 08:56:54.764,15,1.1689501,11.33,0.39000002,UTC-0500,6+THe69Q8P,com.sec.android.app.shealth,2025-09-17 08:57:00.000,03b7da18-a38d-4f3f-b513-fd878b8381dc,
2308,4,0,6,2025-09-17 08:57:00.000,,,2025-09-17 08:57:13.717,2025-09-17 08:57:13.717,6,6.9444447,16.03,0.99,UTC-0500,6+THe69Q8P,com.sec.android.app.shealth,2025-09-17 08:58:00.000,c3883abf-08a2-40ea-a620-1403835058e2,
6755,4,0,13,2025-09-17 09:05:00.000,,,2025-09-17 09:05:41.432,2025-09-17 09:05:40.994,13,1.4743603,9.96,0.33,UTC-0500,6+THe69Q8P,com.sec.android.app.shealth,2025-09-17 09:06:00.000,67087726-ca2a-4fa2-92e9-10f8fd4c6c9b,
7563,4,0,14,2025-09-17 09:08:00.000,,,2025-09-17 09:08:54.651,2025-09-17 09:08:53.722,14,1.3948004,10.550001,0.36,UTC-0500,6+THe69Q8P,com.sec.android.app.shealth,2025-09-17 09:09:00.000,197ff569-62ec-499e-b3c0-23429808f823,
46644,4,0,85,2025-09-17 09:23:00.000,,,2025-09-17 09:28:50.918,2025-09-17 09:23:17.400,85,1.398243,65.22,2.4899998,UTC-0500,6+THe69Q8P,com.sec.android.app.shealth,2025-09-17 09:24:00.000,0bc78583-5c1e-4261-8d49-78eec9af46e1,
24942,4,0,45,2025-09-17 09:24:00.000,,,2025-09-17 09:28:50.942,2025-09-17 09:28:50.942,45,1.3611112,33.95,1.39,UTC-0500,6+THe69Q8P,com.sec.android.app.shealth,2025-09-17 09:25:00.000,c65a8149-ad6d-4eab-b83d-9876e2558764,
9632,4,0,15,2025-09-17 09:25:00.000,,,2025-09-17 09:28:50.974,2025-09-17 09:28:50.974,15,1.1388888,10.97,0.47,UTC-0500,6+THe69Q8P,com.sec.android.app.shealth,2025-09-17 09:26:00.000,c0802f72-9783-4a95-8753-d6738ef41f4e,
25814,4,1,36,2025-09-17 09:27:00.000,,,2025-09-17 09:28:51.041,2025-09-17 09:28:51.041,37,1.4166666,36.57,1.91,UTC-0500,6+THe69Q8P,com.sec.android.app.shealth,2025-09-17 09:28:00.000,913fdd4e-3538-4645-af4f-4e75a6c328ed,
48790,4,0,90,2025-09-17 09:30:00.000,,,2025-09-17 09:32:52.529,2025-09-17 09:32:52.529,90,1.4166666,69.12,2.73,UTC-0500,6+THe69Q8P,com.sec.android.app.shealth,2025-09-17 09:31:00.000,7ab5905c-cd39-4795-b286-7a01017eac89,
17037,4,0,32,2025-09-17 09:31:00.000,,,2025-09-17 09:32:52.556,2025-09-17 09:32:52.556,32,1.4444444,24.61,0.96,UTC-0500,6+THe69Q8P,com.sec.android.app.shealth,2025-09-17 09:32:00.000,5e9f542f-b342-4d54-8cbd-64a7ab5b9d2d,
31777,4,0,66,2025-09-17 13:12:00.000,,,2025-09-17 13:12:58.502,2025-09-17 13:12:12.423,66,1.6266028,51.69001,2.0399988,UTC-0500,6+THe69Q8P,com.sec.android.app.shealth,2025-09-17 13:13:00.000,c58c2baf-2dde-42b1-aaaa-401faab5bf32,
13710,4,0,30,2025-09-17 13:13:00.000,,,2025-09-17 13:13:31.384,2025-09-17 13:13:19.824,30,1.7519761,24.019999,0.9099997,UTC-0500,6+THe69Q8P,com.sec.android.app.shealth,2025-09-17 13:14:00.000,e28527c6-91b4-4070-aa19-c5b73c8ab776,
11637,4,0,20,2025-09-17 13:14:00.000,,,2025-09-17 13:14:52.828,2025-09-17 13:14:28.951,20,1.5098264,17.570002,0.8699999,UTC-0500,6+THe69Q8P,com.sec.android.app.shealth,2025-09-17 13:15:00.000,40ea7abc-0e4f-4f69-b72a-4a30a9a2bd3b,
45655,4,0,89,2025-09-17 13:15:00.000,,,2025-09-17 13:15:46.782,2025-09-17 13:15:01.505,89,1.5115397,69.009995,2.689998,UTC-0500,6+THe69Q8P,com.sec.android.app.shealth,2025-09-17 13:16:00.000,98e7a272-2030-4778-8c25-8dcdff765329,
26505,4,0,57,2025-09-17 13:16:00.000,,,2025-09-17 13:16:59.648,2025-09-17 13:16:35.275,57,1.711721,45.36998,1.7199988,UTC-0500,6+THe69Q8P,com.sec.android.app.shealth,2025-09-17 13:17:00.000,7ce1e475-decd-4253-9c80-e3abd68410ce,
45261,4,0,90,2025-09-17 13:17:00.000,,,2025-09-17 13:17:47.457,2025-09-17 13:17:00.184,90,1.5551835,70.38998,2.699998,UTC-0500,6+THe69Q8P,com.sec.android.app.shealth,2025-09-17 13:18:00.000,cbb20656-418e-45de-8afd-627a75a05bfd,
15442,4,0,29,2025-09-17 13:18:00.000,,,2025-09-17 13:18:40.560,2025-09-17 13:18:05.272,29,1.5314893,23.650002,1.03,UTC-0500,6+THe69Q8P,com.sec.android.app.shealth,2025-09-17 13:19:00.000,4a82e5c8-41a4-4e3b-9fe7-7e60be0655e7,
38666,4,0,73,2025-09-17 13:19:00.000,,,2025-09-17 13:19:46.412,2025-09-17 13:19:08.130,73,1.4514009,56.12001,2.1999984,UTC-0500,6+THe69Q8P,com.sec.android.app.shealth,2025-09-17 13:20:00.000,5c82e680-242f-431a-b3d7-d087588d8081,
38000,4,0,75,2025-09-17 13:20:00.000,,,2025-09-17 13:20:59.641,2025-09-17 13:20:23.406,75,1.5357606,58.360016,2.2599983,UTC-0500,6+THe69Q8P,com.sec.android.app.shealth,2025-09-17 13:21:00.000,406f39ec-05db-487a-a356-5ed3c7e4612e,
36553,4,13,67,2025-09-17 13:21:00.000,,,2025-09-17 13:21:59.605,2025-09-17 13:21:00.307,80,1.9297873,70.54001,3.1799974,UTC-0500,6+THe69Q8P,com.sec.android.app.shealth,2025-09-17 13:22:00.000,7f4956b8-8e44-4969-9912-1f9a6e56fc20,
45822,4,12,70,2025-09-17 13:22:00.000,,,2025-09-17 13:22:57.746,2025-09-17 13:22:00.238,82,1.628896,74.64001,3.5799983,UTC-0500,6+THe69Q8P,com.sec.android.app.shealth,2025-09-17 13:23:00.000,8d18f7db-641e-4dc9-b476-df3c085eb4d4,
34700,4,2,57,2025-09-17 13:23:00.000,,,2025-09-17 13:23:59.970,2025-09-17 13:23:15.110,59,1.3890301,48.200024,2.1799994,UTC-0500,6+THe69Q8P,com.sec.android.app.shealth,2025-09-17 13:24:00.000,7aaa7462-464f-43c9-8616-75caec0efe2b,
33575,4,2,57,2025-09-17 13:24:00.000,,,2025-09-17 13:24:59.871,2025-09-17 13:24:00.977,59,1.5055425,50.55,2.2999988,UTC-0500,6+THe69Q8P,com.sec.android.app.shealth,2025-09-17 13:25:00.000,0f37dddb-c1ad-4b41-a3a9-17fbccb4c862,
43136,4,0,75,2025-09-17 13:25:00.000,,,2025-09-17 13:25:45.731,2025-09-17 13:25:00.350,75,1.3086288,56.449997,2.2499983,UTC-0500,6+THe69Q8P,com.sec.android.app.shealth,2025-09-17 13:26:00.000,b7fe08c9-bf0a-41e8-adf6-84ce503baf52,
8899,4,0,13,2025-09-17 13:26:00.000,,,2025-09-17 13:26:20.646,2025-09-17 13:26:14.274,13,1.0550876,9.39,0.43,UTC-0500,6+THe69Q8P,com.sec.android.app.shealth,2025-09-17 13:27:00.000,90641389-8486-42fa-afa2-ef33182f5969,
30805,4,0,53,2025-09-17 14:26:00.000,,,2025-09-17 14:26:59.911,2025-09-17 14:26:37.718,53,1.5201718,46.830017,2.129999,UTC-0500,6+THe69Q8P,com.sec.android.app.shealth,2025-09-17 14:27:00.000,a7fed51b-0995-4774-87a5-bf445b04c965,
57694,4,0,109,2025-09-17 14:27:00.000,,,2025-09-17 14:27:59.830,2025-09-17 14:27:00.418,109,1.4530035,83.829926,3.2699974,UTC-0500,6+THe69Q8P,com.sec.android.app.shealth,2025-09-17 14:28:00.000,7bd66a1a-5ad0-4959-bc84-38f925de04ff,
57288,4,0,104,2025-09-17 14:28:00.000,,,2025-09-17 14:28:59.838,2025-09-17 14:28:00.463,104,1.3819577,79.16996,3.1199975,UTC-0500,6+THe69Q8P,com.sec.android.app.shealth,2025-09-17 14:29:00.000,c5ebf39c-65ef-49a3-9623-af1ca60f42a9,
59562,4,0,105,2025-09-17 14:29:00.000,,,2025-09-17 14:32:22.238,2025-09-17 14:29:00.395,105,1.3377603,79.68,3.1499999,UTC-0500,6+THe69Q8P,com.sec.android.app.shealth,2025-09-17 14:30:00.000,ff621ae2-0cb3-4fd1-8e93-bb1a1765502a,
3304,4,0,6,2025-09-17 14:30:00.000,,,2025-09-17 14:32:22.265,2025-09-17 14:32:22.265,6,1.3888888,4.59,0.18,UTC-0500,6+THe69Q8P,com.sec.android.app.shealth,2025-09-17 14:31:00.000,f3bb9faf-82c4-4840-8bc9-c97892a3794b,
14333,4,0,25,2025-09-17 14:39:00.000,,,2025-09-17 14:40:32.444,2025-09-17 14:40:32.444,25,1.3611112,19.51,0.77,UTC-0500,6+THe69Q8P,com.sec.android.app.shealth,2025-09-17 14:40:00.000,b86ddf64-b575-44f1-9701-6fcb4db8b577,
57510,4,0,106,2025-09-17 14:40:00.000,,,2025-09-17 14:40:59.751,2025-09-17 14:40:32.470,106,1.4110396,81.15003,3.1799986,UTC-0500,6+THe69Q8P,com.sec.android.app.shealth,2025-09-17 14:41:00.000,bb5c622d-9c57-4470-ad2d-9857bf30296d,
57342,4,0,106,2025-09-17 14:41:00.000,,,2025-09-17 14:41:59.711,2025-09-17 14:41:00.361,106,1.4052466,80.57999,3.1799974,UTC-0500,6+THe69Q8P,com.sec.android.app.shealth,2025-09-17 14:42:00.000,008cc156-36a7-4c95-8b58-39534dc3640f,
57691,4,0,106,2025-09-17 14:42:00.000,,,2025-09-17 14:42:59.570,2025-09-17 14:42:00.322,106,1.4059376,81.11007,3.1799974,UTC-0500,6+THe69Q8P,com.sec.android.app.shealth,2025-09-17 14:43:00.000,806db158-4a0b-4c00-8f39-b20655f9b5f1,
12458,4,0,22,2025-09-17 14:43:00.000,,,2025-09-17 14:43:15.605,2025-09-17 14:43:00.206,22,1.3332256,16.61,0.66999996,UTC-0500,6+THe69Q8P,com.sec.android.app.shealth,2025-09-17 14:44:00.000,c981a7f5-3e9a-4533-a891-7a82d9e54bcd,
31915,4,0,60,2025-09-17 22:44:00.000,,,2025-09-17 22:45:15.206,2025-09-17 22:45:15.206,60,1.4444444,46.1,1.84,UTC-0500,6+THe69Q8P,com.sec.android.app.shealth,2025-09-17 22:45:00.000,006f3ccc-591e-4f07-a687-1718ef1358fa,
21744,4,0,34,2025-09-17 22:45:00.000,,,2025-09-17 22:45:55.253,2025-09-17 22:45:15.237,34,1.1607594,25.240002,1.0699999,UTC-0500,6+THe69Q8P,com.sec.android.app.shealth,2025-09-17 22:46:00.000,b0ab5036-7710-4202-9c42-61d5c2e6f4a1,
45810,4,0,74,2025-09-17 22:48:00.000,,,2025-09-17 22:48:59.939,2025-09-17 22:48:13.031,74,1.2029964,55.110023,2.219999,UTC-0500,6+THe69Q8P,com.sec.android.app.shealth,2025-09-17 22:49:00.000,57899f91-afb4-4cee-9980-afdc3d394e77,
33990,4,0,61,2025-09-17 22:49:00.000,,,2025-09-17 22:55:01.955,2025-09-17 22:49:00.553,61,1.3709686,46.600002,1.86,UTC-0500,6+THe69Q8P,com.sec.android.app.shealth,2025-09-17 22:50:00.000,a3d87b70-a6ff-419a-801b-4ea7baa866c1,
34591,4,6,63,2025-09-17 22:50:00.000,,,2025-09-17 22:55:01.977,2025-09-17 22:55:01.977,69,1.6111113,55.73,2.37,UTC-0500,6+THe69Q8P,com.sec.android.app.shealth,2025-09-17 22:51:00.000,ff40b8b7-e7fe-4ebc-9b39-c6d397333efb,
34164,4,2,61,2025-09-17 22:51:00.000,,,2025-09-17 22:55:01.994,2025-09-17 22:55:01.994,63,1.4166666,48.4,1.93,UTC-0500,6+THe69Q8P,com.sec.android.app.shealth,2025-09-17 22:52:00.000,e8a68ecb-2924-4012-b618-ff36941f8bb9,
52293,4,0,95,2025-09-17 22:52:00.000,,,2025-09-17 22:55:02.013,2025-09-17 22:55:02.013,95,1.3888888,72.63,2.9,UTC-0500,6+THe69Q8P,com.sec.android.app.shealth,2025-09-17 22:53:00.000,ce47a755-3a0e-4d4e-b680-210b192337b6,
38027,4,0,68,2025-09-17 22:53:00.000,,,2025-09-17 22:55:02.030,2025-09-17 22:55:02.030,68,1.3611112,51.76,2.04,UTC-0500,6+THe69Q8P,com.sec.android.app.shealth,2025-09-17 22:54:00.000,7bdcc647-9caf-4b42-897d-ddcfd3fb1b13,
43740,4,10,78,2025-09-17 22:54:00.000,,,2025-09-17 22:55:04.777,2025-09-17 22:55:04.777,88,1.8333333,80.19,3.61,UTC-0500,6+THe69Q8P,com.sec.android.app.shealth,2025-09-17 22:55:00.000,c1fa3fda-5f3d-4c89-83e6-3b3ff57e31b5,
38974,4,6,58,2025-09-17 22:55:00.000,,,2025-09-17 22:58:08.751,2025-09-17 22:58:08.751,64,1.6944445,66.04,3.28,UTC-0500,6+THe69Q8P,com.sec.android.app.shealth,2025-09-17 22:56:00.000,19638a20-cffe-4d72-b995-61dcaf4b8dd8,
56532,4,10,94,2025-09-17 22:56:00.000,,,2025-09-17 22:58:08.791,2025-09-17 22:58:08.791,104,1.6111112,91.08,4.12,UTC-0500,6+THe69Q8P,com.sec.android.app.shealth,2025-09-17 22:57:00.000,9254b6c9-32cc-4e1f-94ed-82c372500cad,
4996,4,0,9,2025-09-17 22:57:00.000,,,2025-09-17 22:58:08.842,2025-09-17 22:58:08.842,9,1.3888888,6.94,0.29,UTC-0500,6+THe69Q8P,com.sec.android.app.shealth,2025-09-17 22:58:00.000,036c03fe-cfd8-4b38-b3f1-864cef977e56,
59868,4,0,100,2025-09-18 05:48:00.000,,,2025-09-18 05:55:00.690,2025-09-18 05:55:00.690,100,1.4722222,88.14,3.89,UTC-0500,6+THe69Q8P,com.sec.android.app.shealth,2025-09-18 05:49:00.000,114a364e-7d0a-4525-b321-04b585957303,
26012,4,0,34,2025-09-18 05:49:00.000,,,2025-09-18 05:55:00.701,2025-09-18 05:55:00.701,34,1.0833334,28.18,1.36,UTC-0500,6+THe69Q8P,com.sec.android.app.shealth,2025-09-18 05:50:00.000,2eeb4b65-b028-420a-906e-a0888c49317e,
36080,4,5,51,2025-09-18 05:50:00.000,,,2025-09-18 05:55:00.711,2025-09-18 05:55:00.711,56,1.5,54.12,2.65,UTC-0500,6+THe69Q8P,com.sec.android.app.shealth,2025-09-18 05:51:00.000,15065d71-6713-4c4b-b459-0e42a4eb850a,
58056,4,0,109,2025-09-18 05:51:00.000,,,2025-09-18 05:55:00.721,2025-09-18 05:55:00.721,109,1.4444444,83.86,3.27,UTC-0500,6+THe69Q8P,com.sec.android.app.shealth,2025-09-18 05:52:00.000,a0e4c481-ddaf-45a6-9b0d-95e94acdef3e,
31246,4,1,53,2025-09-18 05:52:00.000,,,2025-09-18 05:55:00.735,2025-09-18 05:55:00.735,54,1.5,46.87,2.08,UTC-0500,6+THe69Q8P,com.sec.android.app.shealth,2025-09-18 05:53:00.000,3fa86b5d-9d5d-45db-98cd-77f15539af01,
37602,4,0,65,2025-09-18 05:53:00.000,,,2025-09-18 05:55:00.750,2025-09-18 05:55:00.750,65,1.4166666,53.27,2.27,UTC-0500,6+THe69Q8P,com.sec.android.app.shealth,2025-09-18 05:54:00.000,cc8f2b41-e911-4f9a-96e2-d021b3061d70,
49349,4,0,88,2025-09-18 05:54:00.000,,,2025-09-18 05:55:00.762,2025-09-18 05:55:00.762,88,1.3611112,67.17,2.66,UTC-0500,6+THe69Q8P,com.sec.android.app.shealth,2025-09-18 05:55:00.000,c2ba398e-812d-4274-ba22-3bebf4e2f030,
31804,4,0,57,2025-09-18 05:55:00.000,,,2025-09-18 06:15:00.507,2025-09-18 06:15:00.507,57,1.3611112,43.29,1.71,UTC-0500,6+THe69Q8P,com.sec.android.app.shealth,2025-09-18 05:56:00.000,d058ba52-3afb-494f-a1c6-71d0f7252b29,
43317,4,0,78,2025-09-18 05:56:00.000,,,2025-09-18 06:15:00.519,2025-09-18 06:15:00.519,78,1.3611112,58.96,2.36,UTC-0500,6+THe69Q8P,com.sec.android.app.shealth,2025-09-18 05:57:00.000,e1c7d211-09c9-4160-9267-48fe09f6a082,
43848,4,1,69,2025-09-18 05:57:00.000,,,2025-09-18 06:15:00.529,2025-09-18 06:15:00.529,70,1.3888888,60.9,2.74,UTC-0500,6+THe69Q8P,com.sec.android.app.shealth,2025-09-18 05:58:00.000,9b35dee1-5183-4991-b23b-1a358e556915,
34016,4,0,61,2025-09-18 05:58:00.000,,,2025-09-18 06:15:00.538,2025-09-18 06:15:00.538,61,1.3611112,46.3,1.85,UTC-0500,6+THe69Q8P,com.sec.android.app.shealth,2025-09-18 05:59:00.000,4b6a6b5c-e883-4144-a4e5-89cb2344c21c,
11177,4,7,19,2025-09-18 13:47:00.000,,,2025-09-18 13:47:59.861,2025-09-18 13:47:13.896,26,2.962122,33.11,1.7600002,UTC-0500,6+THe69Q8P,com.sec.android.app.shealth,2025-09-18 13:48:00.000,b8cef538-ac6a-485d-80a1-752da22d8f28,
27217,4,0,45,2025-09-18 13:48:00.000,,,2025-09-18 13:48:46.890,2025-09-18 13:48:21.929,45,1.231187,33.51,1.3699992,UTC-0500,6+THe69Q8P,com.sec.android.app.shealth,2025-09-18 13:49:00.000,708704e9-cdb6-4345-b70f-d6559b1bfcd9,
37862,4,0,61,2025-09-18 13:49:00.000,,,2025-09-18 13:49:59.943,2025-09-18 13:49:11.199,61,1.1935295,45.19,1.9099991,UTC-0500,6+THe69Q8P,com.sec.android.app.shealth,2025-09-18 13:50:00.000,57d5a6a8-acd5-4adf-9267-61e2a55b36af,
28845,4,0,42,2025-09-18 13:50:00.000,,,2025-09-18 13:50:59.636,2025-09-18 13:50:00.578,42,1.0528623,30.369995,1.3399997,UTC-0500,6+THe69Q8P,com.sec.android.app.shealth,2025-09-18 13:51:00.000,009dddae-8cc5-4a9b-ac53-e737a6f4fc48,
26172,4,0,37,2025-09-18 13:51:00.000,,,2025-09-18 13:51:59.589,2025-09-18 13:51:00.371,37,1.5783566,41.31001,2.0499992,UTC-0500,6+THe69Q8P,com.sec.android.app.shealth,2025-09-18 13:52:00.000,cdcd0b64-0450-4920-b020-6e2c42fb127d,
51652,4,0,90,2025-09-18 13:52:00.000,,,2025-09-18 13:52:56.306,2025-09-18 13:52:00.199,90,1.3110663,67.71999,2.7299984,UTC-0500,6+THe69Q8P,com.sec.android.app.shealth,2025-09-18 13:53:00.000,a8463d46-292c-4bc1-a29c-8d9210b55ab7,
38517,4,0,73,2025-09-18 13:53:00.000,,,2025-09-18 13:53:59.521,2025-09-18 13:53:22.022,73,1.459603,56.21996,2.1999984,UTC-0500,6+THe69Q8P,com.sec.android.app.shealth,2025-09-18 13:54:00.000,240ed870-3eea-4c20-892e-6817e4498f09,
24428,4,0,40,2025-09-18 13:54:00.000,,,2025-09-18 13:54:59.948,2025-09-18 13:54:00.065,40,1.2387292,30.260006,1.2699997,UTC-0500,6+THe69Q8P,com.sec.android.app.shealth,2025-09-18 13:55:00.000,64fa0ddb-34f5-4f58-b450-420fabab0051,
41478,4,0,73,2025-09-18 13:55:00.000,,,2025-09-18 13:55:59.620,2025-09-18 13:55:00.739,73,1.3946958,57.849987,2.3699985,UTC-0500,6+THe69Q8P,com.sec.android.app.shealth,2025-09-18 13:56:00.000,ca9a4658-b6e1-4067-94d2-7319b4a15c2b,
26172,4,0,48,2025-09-18 13:56:00.000,,,2025-09-18 13:56:26.973,2025-09-18 13:56:00.139,48,1.3938273,36.48,1.4399991,UTC-0500,6+THe69Q8P,com.sec.android.app.shealth,2025-09-18 13:57:00.000,6d8dbc9c-6b72-403f-9a2f-b677bde61ac7,
42782,4,0,74,2025-09-18 13:57:00.000,,,2025-09-18 13:57:59.756,2025-09-18 13:57:26.638,74,1.5922372,68.12002,3.0599983,UTC-0500,6+THe69Q8P,com.sec.android.app.shealth,2025-09-18 13:58:00.000,2f69f7b9-f7af-4a56-aedf-9140631fc8f1,
38779,4,0,71,2025-09-18 13:58:00.000,,,2025-09-18 13:58:59.954,2025-09-18 13:58:00.305,71,1.4009826,54.33003,2.149999,UTC-0500,6+THe69Q8P,com.sec.android.app.shealth,2025-09-18 13:59:00.000,9b05be58-137d-4262-a4d5-fab89b5cc1f2,
35402,4,0,72,2025-09-18 13:59:00.000,,,2025-09-18 13:59:57.891,2025-09-18 13:59:24.369,72,1.5990201,56.61001,2.1699984,UTC-0500,6+THe69Q8P,com.sec.android.app.shealth,2025-09-18 14:00:00.000,748460d1-d6c1-4b4d-9e00-babc6f47bf4b,
16398,4,0,32,2025-09-18 14:00:00.000,,,2025-09-18 14:00:31.972,2025-09-18 14:00:01.336,32,1.5232773,24.98,0.9699998,UTC-0500,6+THe69Q8P,com.sec.android.app.shealth,2025-09-18 14:01:00.000,3a69f3b0-29fd-468d-9e20-1e5490745cb4,
12423,4,0,24,2025-09-19 05:50:00.000,,,2025-09-19 05:55:00.730,2025-09-19 05:55:00.730,24,1.4722222,18.29,0.76,UTC-0500,6+THe69Q8P,com.sec.android.app.shealth,2025-09-19 05:51:00.000,297e8f3c-bda3-4f94-9578-cb97db01b6ab,
12240,4,0,19,2025-09-19 06:29:00.000,,,2025-09-19 06:29:53.492,2025-09-19 06:29:53.492,19,1.1666666,14.28,0.61,UTC-0500,6+THe69Q8P,com.sec.android.app.shealth,2025-09-19 06:30:00.000,aad97b4e-b017-4c5a-aab8-154637226b8e,
37586,4,0,61,2025-09-19 06:30:00.000,,,2025-09-19 06:35:00.734,2025-09-19 06:30:21.000,61,1.35314,50.86,2.3,UTC-0500,6+THe69Q8P,com.sec.android.app.shealth,2025-09-19 06:31:00.000,92321fe2-4b5c-4ee9-b2d6-e1b6f7de099d,
41288,4,0,73,2025-09-19 07:56:00.000,,,2025-09-19 07:56:53.451,2025-09-19 07:56:04.306,73,1.3337861,55.070004,2.069999,UTC-0500,6+THe69Q8P,com.sec.android.app.shealth,2025-09-19 07:57:00.000,953b08d6-184b-42f7-9be5-756ff6ad71df,
7426,4,0,12,2025-09-19 07:59:00.000,,,2025-09-19 07:59:39.048,2025-09-19 07:59:39.048,12,1.1944444,8.87,0.4,UTC-0500,6+THe69Q8P,com.sec.android.app.shealth,2025-09-19 08:00:00.000,f48af235-e60c-46d3-8432-f7cad5f932ae,
25291,4,0,36,2025-09-19 08:00:00.000,,,2025-09-19 08:00:52.047,2025-09-19 08:00:20.439,36,1.324573,33.500004,1.5599997,UTC-0500,6+THe69Q8P,com.sec.android.app.shealth,2025-09-19 08:01:00.000,3aa92d5e-5a76-4f09-b4d9-94310711a843,
20967,4,0,27,2025-09-19 08:01:00.000,,,2025-09-19 08:01:28.576,2025-09-19 08:01:16.708,27,1.4651574,30.72,1.6499996,UTC-0500,6+THe69Q8P,com.sec.android.app.shealth,2025-09-19 08:02:00.000,c8b2cf0e-c5b6-46b3-8ddd-093a82317b73,
14516,4,0,24,2025-09-19 08:02:00.000,,,2025-09-19 08:02:17.261,2025-09-19 08:02:09.687,24,1.2323779,17.89,0.65999985,UTC-0500,6+THe69Q8P,com.sec.android.app.shealth,2025-09-19 08:03:00.000,608a0416-a672-45eb-bdec-715a7b5639cd,
18634,4,6,31,2025-09-19 08:06:00.000,,,2025-09-19 08:14:36.345,2025-09-19 08:14:36.345,37,1.75,32.61,1.55,UTC-0500,6+THe69Q8P,com.sec.android.app.shealth,2025-09-19 08:07:00.000,95a5f9fc-e485-48b3-b511-501bb991c593,
18630,4,0,30,2025-09-19 08:08:00.000,,,2025-09-19 08:14:36.390,2025-09-19 08:14:36.390,30,1.4444444,26.91,1.21,UTC-0500,6+THe69Q8P,com.sec.android.app.shealth,2025-09-19 08:09:00.000,1ee4ba0e-202a-4f5e-870f-16db7d32cbb7,
38280,4,0,74,2025-09-19 08:09:00.000,,,2025-09-19 08:14:36.414,2025-09-19 08:14:36.414,74,1.4999999,57.42,2.22,UTC-0500,6+THe69Q8P,com.sec.android.app.shealth,2025-09-19 08:10:00.000,8341e742-ccaa-43b9-908f-ace78f3bc4cb,
10056,4,0,17,2025-09-19 08:11:00.000,,,2025-09-19 08:14:36.445,2025-09-19 08:14:36.445,17,1.25,12.57,0.53,UTC-0500,6+THe69Q8P,com.sec.android.app.shealth,2025-09-19 08:12:00.000,4599f765-43ba-4202-8c8f-deea2f1d533c,
7176,4,0,12,2025-09-19 08:15:00.000,,,2025-09-19 08:15:41.863,2025-09-19 08:15:41.863,12,1.25,8.97,0.3,UTC-0500,6+THe69Q8P,com.sec.android.app.shealth,2025-09-19 08:16:00.000,6b10001d-ffc4-4f6c-8dc2-082edb899f13,
12517,4,1,18,2025-09-19 08:17:00.000,,,2025-09-19 08:17:57.364,2025-09-19 08:17:45.415,19,1.749606,21.899998,1.2199999,UTC-0500,6+THe69Q8P,com.sec.android.app.shealth,2025-09-19 08:18:00.000,435e69bd-8b2c-4248-bf77-7d4e5f1c4d37,
11758,4,0,18,2025-09-19 08:20:00.000,,,2025-09-19 08:20:59.800,2025-09-19 08:20:53.158,18,1.1166255,13.13,0.55999994,UTC-0500,6+THe69Q8P,com.sec.android.app.shealth,2025-09-19 08:21:00.000,23742d72-a823-463c-9a31-f467d0d1cce3,
46208,4,0,93,2025-09-19 08:21:00.000,,,2025-09-19 08:21:50.052,2025-09-19 08:21:00.281,93,1.5765413,72.850044,2.799998,UTC-0500,6+THe69Q8P,com.sec.android.app.shealth,2025-09-19 08:22:00.000,31544402-900a-463c-aaaa-5c5748418cbd,
43873,4,9,71,2025-09-19 11:25:00.000,,,2025-09-19 11:29:10.404,2025-09-19 11:29:10.404,80,1.7222222,75.56,3.67,UTC-0500,6+THe69Q8P,com.sec.android.app.shealth,2025-09-19 11:26:00.000,7e35426e-fdca-4571-90b3-72d4668e7aae,
54286,4,0,97,2025-09-19 11:26:00.000,,,2025-09-19 11:29:10.427,2025-09-19 11:29:10.427,97,1.3611112,73.89,2.93,UTC-0500,6+THe69Q8P,com.sec.android.app.shealth,2025-09-19 11:27:00.000,8aeb8716-4acf-4ad5-b246-db2816fd850a,
52483,4,0,91,2025-09-19 11:27:00.000,,,2025-09-19 11:29:10.449,2025-09-19 11:29:10.449,91,1.3055556,68.52,2.77,UTC-0500,6+THe69Q8P,com.sec.android.app.shealth,2025-09-19 11:28:00.000,8423844b-fc8b-4048-ab1e-2e94ea8d1639,
23265,4,0,41,2025-09-19 11:28:00.000,,,2025-09-19 11:29:10.484,2025-09-19 11:29:10.484,41,1.3333334,31.02,1.23,UTC-0500,6+THe69Q8P,com.sec.android.app.shealth,2025-09-19 11:29:00.000,f58a4cbd-b3d2-42e1-b8ab-5a9e142f6042,
9803,4,0,16,2025-09-19 11:29:00.000,,,2025-09-19 11:29:48.203,2025-09-19 11:29:10.862,16,1.2576964,12.33,0.52,UTC-0500,6+THe69Q8P,com.sec.android.app.shealth,2025-09-19 11:30:00.000,1c76daf5-d635-45ba-9558-e412bb6e6792,
1563,4,0,6,2025-09-19 11:31:00.000,,,2025-09-19 11:31:09.104,2025-09-19 11:31:09.104,6,3.1666667,4.95,0.17,UTC-0500,6+THe69Q8P,com.sec.android.app.shealth,2025-09-19 11:32:00.000,b2c3f51f-e62a-4021-9a83-489f36fed7f9,
11164,4,0,18,2025-09-19 11:32:00.000,,,2025-09-19 11:32:59.733,2025-09-19 11:32:51.417,18,1.1850238,13.229998,0.55999994,UTC-0500,6+THe69Q8P,com.sec.android.app.shealth,2025-09-19 11:33:00.000,1f756827-8e6d-4f89-8bec-a2dc057edfb3,
634,4,0,1,2025-09-19 11:33:00.000,,,2025-09-19 11:33:00.529,2025-09-19 11:33:00.529,1,1.1666666,0.74,0.03,UTC-0500,6+THe69Q8P,com.sec.android.app.shealth,2025-09-19 11:34:00.000,8c4445a0-fa1c-4120-8c84-7a89d9384f9d,
4200,4,0,7,2025-09-19 11:35:00.000,,,2025-09-19 11:39:24.377,2025-09-19 11:39:24.377,7,1.25,5.25,0.23,UTC-0500,6+THe69Q8P,com.sec.android.app.shealth,2025-09-19 11:36:00.000,43bbc85f-3c20-4575-b7c7-68fc29a90cf3,
8290,4,2,8,2025-09-19 11:37:00.000,,,2025-09-19 11:39:24.390,2025-09-19 11:39:24.390,10,2.0,16.58,0.98,UTC-0500,6+THe69Q8P,com.sec.android.app.shealth,2025-09-19 11:38:00.000,01d34172-9a0d-4b0b-b5f3-7d05f8b54eb6,
12933,4,0,21,2025-09-19 12:00:00.000,,,2025-09-19 12:00:55.536,2025-09-19 12:00:46.582,21,1.2200699,15.780001,0.67999995,UTC-0500,6+THe69Q8P,com.sec.android.app.shealth,2025-09-19 12:01:00.000,0ee0599c-37a6-400a-9ca9-a81e7265779a,
15619,4,0,20,2025-09-19 12:54:00.000,,,2025-09-19 12:54:54.630,2025-09-19 12:54:47.091,20,0.92579025,14.46,0.6499999,UTC-0500,6+THe69Q8P,com.sec.android.app.shealth,2025-09-19 12:55:00.000,1e56d87e-1abf-4ccc-8b91-2109adfdbc68,
4135,4,0,6,2025-09-19 12:55:00.000,,,2025-09-19 12:55:00.647,2025-09-19 12:55:00.647,6,1.0277777,4.25,0.2,UTC-0500,6+THe69Q8P,com.sec.android.app.shealth,2025-09-19 12:56:00.000,72f1df50-53bc-429a-8b6e-c9d732cb6dd6,
8354,4,0,13,2025-09-19 14:43:00.000,,,2025-09-19 14:43:54.189,2025-09-19 14:43:53.322,13,1.1622975,9.709999,0.33,UTC-0500,6+THe69Q8P,com.sec.android.app.shealth,2025-09-19 14:44:00.000,b5332610-d37b-4b47-b09f-8472a45bcfdb,
15214,4,0,29,2025-09-19 14:48:00.000,,,2025-09-19 14:48:29.484,2025-09-19 14:48:10.819,29,1.4972787,22.78,0.8299999,UTC-0500,6+THe69Q8P,com.sec.android.app.shealth,2025-09-19 14:49:00.000,5fc6e612-985b-4f31-8621-fb22e9c8712b,
29029,4,0,57,2025-09-19 15:23:00.000,,,2025-09-19 15:26:09.795,2025-09-19 15:26:09.795,57,1.5277778,44.35,1.74,UTC-0500,6+THe69Q8P,com.sec.android.app.shealth,2025-09-19 15:24:00.000,10a5fbdb-c668-415d-8102-6998514c12a3,
52113,4,0,95,2025-09-19 15:24:00.000,,,2025-09-19 15:26:09.819,2025-09-19 15:26:09.819,95,1.3888888,72.38,2.87,UTC-0500,6+THe69Q8P,com.sec.android.app.shealth,2025-09-19 15:25:00.000,8808b1a3-d461-4089-bc24-c1921c56f01d,
7496,4,0,8,2025-09-19 15:38:00.000,,,2025-09-19 15:39:40.935,2025-09-19 15:39:40.935,8,1.25,9.37,0.5,UTC-0500,6+THe69Q8P,com.sec.android.app.shealth,2025-09-19 15:39:00.000,f7db6739-2660-40c3-8f55-d50a0297122b,
36048,4,3,52,2025-09-19 15:39:00.000,,,2025-09-19 15:46:26.986,2025-09-19 15:39:40.963,55,1.409476,50.809998,2.42,UTC-0500,6+THe69Q8P,com.sec.android.app.shealth,2025-09-19 15:40:00.000,6ac4deb6-bddb-40e7-9100-86864c5cb658,
57578,4,0,105,2025-09-19 15:40:00.000,,,2025-09-19 15:46:27.021,2025-09-19 15:46:27.021,105,1.3888888,79.97,3.15,UTC-0500,6+THe69Q8P,com.sec.android.app.shealth,2025-09-19 15:41:00.000,407cfa3b-cf54-427a-919e-38b0cf05f3f5,
35217,4,0,60,2025-09-19 15:41:00.000,,,2025-09-19 15:46:27.046,2025-09-19 15:46:27.046,60,1.2777778,45.0,1.82,UTC-0500,6+THe69Q8P,com.sec.android.app.shealth,2025-09-19 15:42:00.000,22b7ed6b-e863-4a4e-8346-7d6f62adc9aa,
55405,4,0,109,2025-09-19 16:05:00.000,,,2025-09-19 16:05:59.560,2025-09-19 16:05:32.496,109,1.5193297,84.17995,3.3099988,UTC-0500,6+THe69Q8P,com.sec.android.app.shealth,2025-09-19 16:06:00.000,f88c7f55-6b1e-4144-a535-2b5091a00643,
26509,4,0,47,2025-09-19 16:06:00.000,,,2025-09-19 16:07:12.458,2025-09-19 16:06:00.052,47,1.3406276,35.540005,1.4099991,UTC-0500,6+THe69Q8P,com.sec.android.app.shealth,2025-09-19 16:07:00.000,648aad74-6f8b-4fa0-9e28-e1389fba9c37,
25432,4,0,45,2025-09-19 16:18:00.000,,,2025-09-19 16:19:30.485,2025-09-19 16:19:30.485,45,1.3333334,33.91,1.4,UTC-0500,6+THe69Q8P,com.sec.android.app.shealth,2025-09-19 16:19:00.000,af26cdf6-6967-45f0-badb-5810f9ca1be4,
53223,4,0,98,2025-09-19 16:19:00.000,,,2025-09-19 16:19:55.003,2025-09-19 16:19:30.510,98,1.4085869,74.96998,2.9399989,UTC-0500,6+THe69Q8P,com.sec.android.app.shealth,2025-09-19 16:20:00.000,27c0967e-6013-4cf0-a118-cb58f261fde6,
3674,4,0,12,2025-09-19 16:47:00.000,,,2025-09-19 16:47:57.301,2025-09-19 16:47:57.301,12,2.6944444,9.9,0.3,UTC-0600,6+THe69Q8P,com.sec.android.app.shealth,2025-09-19 16:48:00.000,1f3ff951-c797-4be0-aa17-5da36f409c7b,
4241,4,0,19,2025-09-19 16:48:00.000,,,2025-09-19 16:48:48.564,2025-09-19 16:48:21.873,19,3.6944442,15.669999,0.53999996,UTC-0600,6+THe69Q8P,com.sec.android.app.shealth,2025-09-19 16:49:00.000,017727d8-3c68-4fad-9dd5-ac34551af007,
11392,4,0,20,2025-09-19 16:50:00.000,,,2025-09-19 16:50:38.321,2025-09-19 16:50:34.372,20,1.3245085,15.090002,0.6099999,UTC-0600,6+THe69Q8P,com.sec.android.app.shealth,2025-09-19 16:51:00.000,fb713561-b8e5-4a7a-9aec-6237019ed671,
3012,4,0,11,2025-09-19 16:51:00.000,,,2025-09-19 16:51:05.127,2025-09-19 16:51:02.409,11,3.0041604,9.05,0.32,UTC-0600,6+THe69Q8P,com.sec.android.app.shealth,2025-09-19 16:52:00.000,3fb0b549-45c7-4c90-add6-bba5a66aa45b,
10365,4,0,20,2025-09-19 17:03:00.000,,,2025-09-19 17:03:47.942,2025-09-19 17:03:38.824,20,1.4817836,15.359999,0.54999995,UTC-0600,6+THe69Q8P,com.sec.android.app.shealth,2025-09-19 17:04:00.000,0a39ada0-0012-4a4b-aa10-daacf2af4b94,
25210,4,0,47,2025-09-19 17:04:00.000,,,2025-09-19 17:04:50.075,2025-09-19 17:04:06.886,47,1.4359318,36.20001,1.4399996,UTC-0600,6+THe69Q8P,com.sec.android.app.shealth,2025-09-19 17:05:00.000,6b24ed6c-76ed-45df-a561-24049328a784,
14068,4,0,24,2025-09-19 17:05:00.000,,,2025-09-19 17:05:59.223,2025-09-19 17:05:00.863,24,1.3071309,18.39,0.67999995,UTC-0600,6+THe69Q8P,com.sec.android.app.shealth,2025-09-19 17:06:00.000,431af501-fa6f-405d-9c73-06e6498d5f30,
1339,4,0,6,2025-09-19 17:06:00.000,,,2025-09-19 17:06:45.710,2025-09-19 17:06:45.710,6,3.6944442,4.95,0.17,UTC-0600,6+THe69Q8P,com.sec.android.app.shealth,2025-09-19 17:07:00.000,40dc4660-ab44-41db-8d93-614ee0ab636d,
4346,4,0,8,2025-09-19 17:07:00.000,,,2025-09-19 17:07:50.800,2025-09-19 17:07:47.858,8,1.4149432,6.1499996,0.25,UTC-0600,6+THe69Q8P,com.sec.android.app.shealth,2025-09-19 17:08:00.000,404d75cf-a213-41c9-93ae-3000b6939eb5,
1339,4,0,6,2025-09-19 17:10:00.000,,,2025-09-19 17:10:13.839,2025-09-19 17:10:13.839,6,3.6944442,4.95,0.17,UTC-0600,6+THe69Q8P,com.sec.android.app.shealth,2025-09-19 17:11:00.000,92b534e8-0e20-4741-b642-b66dc00bedd3,
1339,4,0,6,2025-09-19 17:11:00.000,,,2025-09-19 17:11:47.359,2025-09-19 17:11:47.359,6,3.6944442,4.95,0.17,UTC-0600,6+THe69Q8P,com.sec.android.app.shealth,2025-09-19 17:12:00.000,98187a53-bd18-458d-907f-6da59dff3014,
7056,4,0,13,2025-09-19 17:12:00.000,,,2025-09-19 17:12:43.877,2025-09-19 17:12:36.262,13,1.4369165,10.139999,0.4,UTC-0600,6+THe69Q8P,com.sec.android.app.shealth,2025-09-19 17:13:00.000,9a673e7e-1bb6-479a-b264-005678c12608,
2901,4,0,13,2025-09-19 17:13:00.000,,,2025-09-19 17:13:19.047,2025-09-19 17:13:04.282,13,3.6944442,10.719999,0.37,UTC-0600,6+THe69Q8P,com.sec.android.app.shealth,2025-09-19 17:14:00.000,e69e750b-6d23-451e-9a20-c7090904fcf9,
14999,4,0,35,2025-09-19 17:16:00.000,,,2025-09-19 17:16:57.354,2025-09-19 17:16:30.661,35,1.8461169,27.689999,0.9799996,UTC-0600,6+THe69Q8P,com.sec.android.app.shealth,2025-09-19 17:17:00.000,71427b84-b4b1-4e1a-b31e-de2f96d23e2a,
15892,4,0,29,2025-09-19 17:17:00.000,,,2025-09-19 17:17:59.885,2025-09-19 17:17:04.228,29,1.4019142,22.28,0.9099998,UTC-0600,6+THe69Q8P,com.sec.android.app.shealth,2025-09-19 17:18:00.000,e65f592f-aaba-40fc-9a1e-1c6d52581d67,
6264,4,0,15,2025-09-19 17:18:00.000,,,2025-09-19 17:18:14.067,2025-09-19 17:18:00.473,15,1.8819886,11.79,0.45,UTC-0600,6+THe69Q8P,com.sec.android.app.shealth,2025-09-19 17:19:00.000,ff95fd24-0be0-4a39-a45a-2cec48452bd5,
1561,4,0,7,2025-09-19 17:19:00.000,,,2025-09-19 17:19:54.812,2025-09-19 17:19:54.314,7,3.6944444,5.77,0.2,UTC-0600,6+THe69Q8P,com.sec.android.app.shealth,2025-09-19 17:20:00.000,9795d9cd-ed0e-400f-9d29-d8a9b6bb8f40,
2679,4,0,12,2025-09-19 17:20:00.000,,,2025-09-19 17:20:58.683,2025-09-19 17:20:16.371,12,3.6944442,9.9,0.34,UTC-0600,6+THe69Q8P,com.sec.android.app.shealth,2025-09-19 17:21:00.000,73d77af9-c411-4073-83c5-52c90e813188,
8091,4,0,14,2025-09-19 17:25:00.000,,,2025-09-19 17:25:31.038,2025-09-19 17:25:30.113,14,1.3075122,10.58,0.36,UTC-0600,6+THe69Q8P,com.sec.android.app.shealth,2025-09-19 17:26:00.000,d7f4386e-313b-44c2-80d5-5a0c5a2860a8,
4987,4,0,13,2025-09-19 17:26:00.000,,,2025-09-19 17:26:58.776,2025-09-19 17:26:50.498,13,2.127302,10.61,0.38,UTC-0600,6+THe69Q8P,com.sec.android.app.shealth,2025-09-19 17:27:00.000,caa6ba80-0af2-43dd-a13d-99d2ffe7620c,
7220,4,0,13,2025-09-19 17:45:00.000,,,2025-09-19 17:45:57.348,2025-09-19 17:45:56.800,13,1.4444445,10.43,0.33,UTC-0600,6+THe69Q8P,com.sec.android.app.shealth,2025-09-19 17:46:00.000,65de9b6b-0300-4d7c-851c-4d722951b4ea,
4570,4,0,9,2025-09-19 17:46:00.000,,,2025-09-19 17:46:35.981,2025-09-19 17:46:34.182,9,1.533873,7.0099993,0.28,UTC-0600,6+THe69Q8P,com.sec.android.app.shealth,2025-09-19 17:47:00.000,d5b6aa2a-a709-466e-a60b-01e1df7ea97a,
33519,4,0,57,2025-09-19 17:58:00.000,,,2025-09-19 17:58:59.986,2025-09-19 17:58:11.454,57,1.4081198,47.199997,1.8999994,UTC-0600,6+THe69Q8P,com.sec.android.app.shealth,2025-09-19 17:59:00.000,804a2ef7-2032-4755-9a34-8845114a1dd5,
11788,4,0,27,2025-09-19 17:59:00.000,,,2025-09-19 17:59:40.353,2025-09-19 17:59:00.729,27,2.7526338,32.450005,1.61,UTC-0600,6+THe69Q8P,com.sec.android.app.shealth,2025-09-19 18:00:00.000,eab3dc8d-1164-4cea-842e-906bac74c0ba,
4821,4,0,13,2025-09-19 18:00:00.000,,,2025-09-19 18:00:45.690,2025-09-19 18:00:37.372,13,2.1527379,10.38,0.39,UTC-0600,6+THe69Q8P,com.sec.android.app.shealth,2025-09-19 18:01:00.000,a9345bc4-3783-4dfb-a8b8-00fd3667ec96,
2901,4,0,13,2025-09-19 18:01:00.000,,,2025-09-19 18:01:29.335,2025-09-19 18:01:03.833,13,3.6944442,10.719999,0.37,UTC-0600,6+THe69Q8P,com.sec.android.app.shealth,2025-09-19 18:02:00.000,26a815b8-9847-41b5-8dae-35aa03289d5a,
1339,4,0,6,2025-09-19 18:02:00.000,,,2025-09-19 18:02:46.452,2025-09-19 18:02:46.452,6,3.6944442,4.95,0.17,UTC-0600,6+THe69Q8P,com.sec.android.app.shealth,2025-09-19 18:03:00.000,8bd5c5db-1388-482e-9166-4f99bd6320c7,
8103,4,0,15,2025-09-20 01:30:00.000,,,2025-09-20 01:30:46.495,2025-09-20 01:30:43.726,15,1.4388553,11.660002,0.39000002,UTC-0700,6+THe69Q8P,com.sec.android.app.shealth,2025-09-20 01:31:00.000,b6c3dd37-d250-4d5b-bf3a-d920efa90bb0,
6616,4,0,13,2025-09-20 03:19:00.000,,,2025-09-20 03:19:44.992,2025-09-20 03:19:43.586,13,1.5233864,10.08,0.33,UTC-0700,6+THe69Q8P,com.sec.android.app.shealth,2025-09-20 03:20:00.000,63455b8c-ec06-4103-bed8-5eaf90617b33,
5912,4,0,11,2025-09-20 03:20:00.000,,,2025-09-20 03:20:16.769,2025-09-20 03:20:14.177,11,1.4087976,8.33,0.35,UTC-0700,6+THe69Q8P,com.sec.android.app.shealth,2025-09-20 03:21:00.000,13bd237a-0d69-4e7a-9f13-780ed150e6b2,
53216,4,0,91,2025-09-20 03:51:00.000,,,2025-09-20 03:51:59.646,2025-09-20 03:51:10.785,91,1.2793026,68.07996,2.8299983,UTC-0700,6+THe69Q8P,com.sec.android.app.shealth,2025-09-20 03:52:00.000,971393ee-bc2a-4320-9174-f2b93a95e2bc,
15752,4,0,25,2025-09-20 03:52:00.000,,,2025-09-20 03:52:56.799,2025-09-20 03:52:00.322,25,1.1940739,18.81,0.78999996,UTC-0700,6+THe69Q8P,com.sec.android.app.shealth,2025-09-20 03:53:00.000,060bf32f-96bf-43f0-9b0b-9ed71a8a3605,
18437,4,0,29,2025-09-20 03:56:00.000,,,2025-09-20 04:02:05.536,2025-09-20 04:02:05.536,29,1.1666666,21.51,0.93,UTC-0700,6+THe69Q8P,com.sec.android.app.shealth,2025-09-20 03:57:00.000,33511713-00e2-4ed6-a344-c0d87b6a8769,
4015,4,0,6,2025-09-20 03:57:00.000,,,2025-09-20 04:02:05.565,2025-09-20 04:02:05.565,6,1.0833334,4.35,0.18,UTC-0700,6+THe69Q8P,com.sec.android.app.shealth,2025-09-20 03:58:00.000,be056296-cd96-43a6-b702-e6f57e1d7859,
6551,4,0,11,2025-09-20 03:59:00.000,,,2025-09-20 04:02:05.610,2025-09-20 04:02:05.610,11,1.25,8.19,0.35,UTC-0700,6+THe69Q8P,com.sec.android.app.shealth,2025-09-20 04:00:00.000,f98307bc-355e-4148-b522-f27da3bd6efa,
21643,4,1,27,2025-09-20 04:00:00.000,,,2025-09-20 04:02:05.637,2025-09-20 04:02:05.637,28,1.3888888,30.06,1.51,UTC-0700,6+THe69Q8P,com.sec.android.app.shealth,2025-09-20 04:01:00.000,714c9d4d-c861-43d4-b970-db4735e7e7e6,
13752,4,0,21,2025-09-20 04:01:00.000,,,2025-09-20 04:02:05.663,2025-09-20 04:02:05.663,21,1.1111112,15.28,0.66,UTC-0700,6+THe69Q8P,com.sec.android.app.shealth,2025-09-20 04:02:00.000,961f41d6-a680-4dbb-801f-ad895b5f69af,
3404,4,0,7,2025-09-20 04:02:00.000,,,2025-09-20 04:02:05.707,2025-09-20 04:02:05.707,7,1.6388888,5.58,0.22,UTC-0700,6+THe69Q8P,com.sec.android.app.shealth,2025-09-20 04:03:00.000,d6ecc43c-b442-4311-9847-f14608ba3047,
5882,4,0,9,2025-09-20 04:04:00.000,,,2025-09-20 04:04:59.751,2025-09-20 04:04:57.227,9,1.1745805,6.91,0.28,UTC-0700,6+THe69Q8P,com.sec.android.app.shealth,2025-09-20 04:05:00.000,bd36d051-81a7-4a98-b91e-c27f3a36efd3,
3393,4,0,5,2025-09-20 04:05:00.000,,,2025-09-20 04:05:03.242,2025-09-20 04:05:00.382,5,1.0609965,3.6000001,0.14999999,UTC-0700,6+THe69Q8P,com.sec.android.app.shealth,2025-09-20 04:06:00.000,7381e783-7aff-4d46-a635-9183c0a209a5,
10201,4,0,20,2025-09-20 04:06:00.000,,,2025-09-20 04:06:57.588,2025-09-20 04:06:49.302,20,1.541954,15.73,0.5999999,UTC-0700,6+THe69Q8P,com.sec.android.app.shealth,2025-09-20 04:07:00.000,ee983939-5406-4fdf-ad34-7f7f2fe26a58,
40758,4,0,64,2025-09-20 04:07:00.000,,,2025-09-20 04:07:49.768,2025-09-20 04:07:07.839,64,1.1600089,47.280006,1.9599987,UTC-0700,6+THe69Q8P,com.sec.android.app.shealth,2025-09-20 04:08:00.000,e014bbaf-92b2-4fa3-abd3-7a80356ee54c,
2251,4,0,6,2025-09-20 04:08:00.000,,,2025-09-20 04:08:21.482,2025-09-20 04:08:21.482,6,2.0833335,4.69,0.19,UTC-0700,6+THe69Q8P,com.sec.android.app.shealth,2025-09-20 04:09:00.000,63b48195-8bed-4854-a8ef-fe5fc6eef0a2,
17624,4,0,39,2025-09-20 05:38:00.000,,,2025-09-20 05:38:55.844,2025-09-20 05:38:42.418,39,1.7776343,31.33001,1.1099994,UTC-0700,6+THe69Q8P,com.sec.android.app.shealth,2025-09-20 05:39:00.000,9dba3c8e-edc2-4acd-91c6-f30b678b0988,
8640,4,0,14,2025-09-20 06:29:00.000,,,2025-09-20 06:29:42.892,2025-09-20 06:29:41.309,14,1.5994998,13.82,0.75999993,UTC-0700,6+THe69Q8P,com.sec.android.app.shealth,2025-09-20 06:30:00.000,0360f3df-4e14-40f4-a51e-ba28aefe28cb,
10825,4,0,14,2025-09-20 08:19:00.000,,,2025-09-20 08:19:14.144,2025-09-20 08:19:12.530,14,0.9126253,9.879999,0.46,UTC-0700,6+THe69Q8P,com.sec.android.app.shealth,2025-09-20 08:20:00.000,81872374-34e9-4fdf-8dd8-4a2a4c748c4e,
18186,4,5,32,2025-09-20 08:51:00.000,,,2025-09-20 08:51:58.868,2025-09-20 08:51:24.357,37,2.428146,44.159996,2.3399997,UTC-0700,6+THe69Q8P,com.sec.android.app.shealth,2025-09-20 08:52:00.000,36d39153-d907-4350-ace9-f0deb75eb13c,
8344,4,0,14,2025-09-20 08:55:00.000,,,2025-09-20 08:55:29.849,2025-09-20 08:55:28.822,14,1.6896576,14.1,0.65999997,UTC-0700,6+THe69Q8P,com.sec.android.app.shealth,2025-09-20 08:56:00.000,70d35deb-dff9-4dc5-90a6-41df54b2dbe4,
11762,4,0,21,2025-09-20 16:30:00.000,,,2025-09-20 16:30:50.173,2025-09-20 16:30:42.863,21,1.3568122,15.96,0.56999993,UTC-0700,6+THe69Q8P,com.sec.android.app.shealth,2025-09-20 16:31:00.000,e1b8840e-57c7-4fb3-8c65-88d18a3795c8,
10530,4,0,18,2025-09-20 16:31:00.000,,,2025-09-20 16:31:44.444,2025-09-20 16:31:40.731,18,1.2573391,13.240001,0.5899999,UTC-0700,6+THe69Q8P,com.sec.android.app.shealth,2025-09-20 16:32:00.000,4f7f791b-3a61-4187-b2cd-4fa250084f30,
13051,4,0,22,2025-09-20 16:35:00.000,,,2025-09-20 16:35:18.145,2025-09-20 16:35:12.583,22,1.2695634,16.57,0.59999996,UTC-0700,6+THe69Q8P,com.sec.android.app.shealth,2025-09-20 16:36:00.000,199bef15-f9cc-4f0e-8886-329c12a016d2,
13869,4,0,21,2025-09-20 16:37:00.000,,,2025-09-20 16:47:48.357,2025-09-20 16:47:48.357,21,1.1111112,15.41,0.68,UTC-0700,6+THe69Q8P,com.sec.android.app.shealth,2025-09-20 16:38:00.000,3e008795-4379-4968-b11d-8f7d24f92513,
28820,4,0,56,2025-09-20 16:46:00.000,,,2025-09-20 16:47:48.385,2025-09-20 16:47:48.385,56,1.5,43.23,1.74,UTC-0700,6+THe69Q8P,com.sec.android.app.shealth,2025-09-20 16:47:00.000,6456e95a-8a59-46d5-9886-95f47c5a136c,
5972,4,0,13,2025-09-20 16:47:00.000,,,2025-09-20 16:47:48.446,2025-09-20 16:47:48.446,13,1.6944444,10.12,0.41,UTC-0700,6+THe69Q8P,com.sec.android.app.shealth,2025-09-20 16:48:00.000,04f3cfed-1060-49dd-971e-b883b14d6d53,
9543,4,0,17,2025-09-20 16:57:00.000,,,2025-09-20 17:15:01.816,2025-09-20 17:15:01.816,17,1.3611112,12.99,0.55,UTC-0700,6+THe69Q8P,com.sec.android.app.shealth,2025-09-20 16:58:00.000,57f92d27-e6f8-4473-a8b7-5c790534a44f,
9590,4,0,19,2025-09-20 17:02:00.000,,,2025-09-20 17:15:01.829,2025-09-20 17:15:01.829,19,1.4722222,14.12,0.62,UTC-0700,6+THe69Q8P,com.sec.android.app.shealth,2025-09-20 17:03:00.000,782acabd-ae8f-4f40-b235-d2ad66f405a8,
32805,4,0,58,2025-09-20 17:03:00.000,,,2025-09-20 17:15:01.842,2025-09-20 17:15:01.842,58,1.3333334,43.74,1.82,UTC-0700,6+THe69Q8P,com.sec.android.app.shealth,2025-09-20 17:04:00.000,6fba5fd3-a099-4234-8bfb-ed98a3612955,
16863,4,0,31,2025-09-20 17:04:00.000,,,2025-09-20 17:15:01.855,2025-09-20 17:15:01.855,31,1.4166666,23.89,0.96,UTC-0700,6+THe69Q8P,com.sec.android.app.shealth,2025-09-20 17:05:00.000,0e51313f-3811-4c78-8bfa-b98dfbfee0f7,
4797,4,0,9,2025-09-20 17:05:00.000,,,2025-09-20 17:15:01.869,2025-09-20 17:15:01.869,9,1.4444444,6.93,0.27,UTC-0700,6+THe69Q8P,com.sec.android.app.shealth,2025-09-20 17:06:00.000,39c78453-8be8-4bb5-8073-df1d245d642d,
13499,4,0,24,2025-09-20 17:06:00.000,,,2025-09-20 17:15:01.879,2025-09-20 17:15:01.879,24,1.3333334,18.0,0.76,UTC-0700,6+THe69Q8P,com.sec.android.app.shealth,2025-09-20 17:07:00.000,f4b6bd16-98c1-4803-aded-4431b46de1bd,
16272,4,1,26,2025-09-20 17:07:00.000,,,2025-09-20 17:15:01.891,2025-09-20 17:15:01.891,27,1.5277778,24.86,1.21,UTC-0700,6+THe69Q8P,com.sec.android.app.shealth,2025-09-20 17:08:00.000,2bdc3693-4293-4103-8265-00240f61c276,
9056,4,0,15,2025-09-20 17:20:00.000,,,2025-09-20 17:24:46.324,2025-09-20 17:24:46.324,15,1.25,11.32,0.49,UTC-0700,6+THe69Q8P,com.sec.android.app.shealth,2025-09-20 17:21:00.000,d20a136d-7a61-432b-ae5a-064b585af7ff,
25369,4,0,47,2025-09-20 17:24:00.000,,,2025-09-20 17:24:46.339,2025-09-20 17:24:46.339,47,1.4166666,35.94,1.45,UTC-0700,6+THe69Q8P,com.sec.android.app.shealth,2025-09-20 17:25:00.000,bf0b166e-9366-44d0-9c99-b1bd12db3114,
10163,4,0,16,2025-09-20 19:53:00.000,,,2025-09-20 19:55:02.078,2025-09-20 19:55:02.078,16,1.1944444,12.14,0.52,UTC-0700,6+THe69Q8P,com.sec.android.app.shealth,2025-09-20 19:54:00.000,d02ce323-f5c1-48de-9281-0a5167fa8f0b,
33089,4,0,59,2025-09-20 19:54:00.000,,,2025-09-20 19:55:02.091,2025-09-20 19:55:02.091,59,1.3333335,44.12,1.82,UTC-0700,6+THe69Q8P,com.sec.android.app.shealth,2025-09-20 19:55:00.000,cb3caa6d-152d-448b-8096-fdfcb4fa8f02,
34009,4,0,63,2025-09-20 19:55:00.000,,,2025-09-20 20:00:36.451,2025-09-20 20:00:36.451,63,1.4166666,48.18,1.91,UTC-0700,6+THe69Q8P,com.sec.android.app.shealth,2025-09-20 19:56:00.000,b8439f9c-5a87-4f9a-87b2-82ba75c47e74,
57352,4,1,95,2025-09-20 19:56:00.000,,,2025-09-20 20:00:36.485,2025-09-20 20:00:36.485,96,1.3333334,76.47,3.26,UTC-0700,6+THe69Q8P,com.sec.android.app.shealth,2025-09-20 19:57:00.000,1b18d031-1a56-4097-9a13-1aa2289b405c,
32910,4,0,58,2025-09-20 19:57:00.000,,,2025-09-20 20:00:36.511,2025-09-20 20:00:36.511,58,1.3333334,43.88,1.74,UTC-0700,6+THe69Q8P,com.sec.android.app.shealth,2025-09-20 19:58:00.000,09937706-afc8-421a-8434-c1808f6803bc,
5680,4,0,11,2025-09-20 20:01:00.000,,,2025-09-20 20:15:02.170,2025-09-20 20:15:02.170,11,1.5,8.52,0.35,UTC-0700,6+THe69Q8P,com.sec.android.app.shealth,2025-09-20 20:02:00.000,87e138b1-72c6-4bfd-9eee-a1de6a1b697b,
10047,4,1,11,2025-09-20 20:04:00.000,,,2025-09-20 20:15:02.186,2025-09-20 20:15:02.186,12,1.5555556,15.63,0.9,UTC-0700,6+THe69Q8P,com.sec.android.app.shealth,2025-09-20 20:05:00.000,cd7e400f-b52b-4b8d-9cd6-d9d5d8e3ecf9,
19289,4,0,31,2025-09-20 20:05:00.000,,,2025-09-20 20:15:02.206,2025-09-20 20:15:02.206,31,1.1944444,23.04,0.95,UTC-0700,6+THe69Q8P,com.sec.android.app.shealth,2025-09-20 20:06:00.000,c116c174-6c86-409d-9ea9-266a67f987ac,
23432,4,0,39,2025-09-20 20:07:00.000,,,2025-09-20 20:15:02.222,2025-09-20 20:15:02.222,39,1.25,29.29,1.21,UTC-0700,6+THe69Q8P,com.sec.android.app.shealth,2025-09-20 20:08:00.000,035bf77e-a8b5-48b6-a966-95b053d6abc2,
13427,4,0,23,2025-09-20 20:08:00.000,,,2025-09-20 20:15:02.239,2025-09-20 20:15:02.239,23,1.3055556,17.53,0.75,UTC-0700,6+THe69Q8P,com.sec.android.app.shealth,2025-09-20 20:09:00.000,a29c2765-5851-4408-a36a-67e3f24fe2d8,
32364,4,0,59,2025-09-20 20:11:00.000,,,2025-09-20 20:15:08.212,2025-09-20 20:15:08.212,59,1.3888888,44.95,1.81,UTC-0700,6+THe69Q8P,com.sec.android.app.shealth,2025-09-20 20:12:00.000,71d642a1-04e1-4642-a6a0-204836dc1565,
51465,4,0,95,2025-09-20 20:12:00.000,,,2025-09-20 20:15:08.253,2025-09-20 20:15:08.253,95,1.4166666,72.91,2.85,UTC-0700,6+THe69Q8P,com.sec.android.app.shealth,2025-09-20 20:13:00.000,246823d5-fecc-426f-a7de-64f18fefc7f1,
53963,4,0,99,2025-09-20 20:13:00.000,,,2025-09-20 20:15:08.279,2025-09-20 20:15:08.279,99,1.3888888,74.95,3.02,UTC-0700,6+THe69Q8P,com.sec.android.app.shealth,2025-09-20 20:14:00.000,2097483b-1461-493b-bfc4-764d3a9c56d9,
11001,4,0,17,2025-09-20 20:14:00.000,,,2025-09-20 20:15:08.327,2025-09-20 20:15:08.327,17,1.1388888,12.53,0.53,UTC-0700,6+THe69Q8P,com.sec.android.app.shealth,2025-09-20 20:15:00.000,0c11535c-07db-4e78-a559-5908faa3eabb,
26640,4,0,46,2025-09-20 20:20:00.000,,,2025-09-20 20:23:50.188,2025-09-20 20:23:50.188,46,1.3333334,35.52,1.43,UTC-0700,6+THe69Q8P,com.sec.android.app.shealth,2025-09-20 20:21:00.000,6a8063bd-af63-4b11-94e2-587b5743182d,
58489,4,0,108,2025-09-20 20:21:00.000,,,2025-09-20 20:23:50.225,2025-09-20 20:23:50.225,108,1.4166666,82.86,3.24,UTC-0700,6+THe69Q8P,com.sec.android.app.shealth,2025-09-20 20:22:00.000,93e7e4e6-d4d1-43c1-a882-e870c091ab4c,
59124,4,0,109,2025-09-20 20:22:00.000,,,2025-09-20 20:23:50.253,2025-09-20 20:23:50.253,109,1.4166666,83.76,3.27,UTC-0700,6+THe69Q8P,com.sec.android.app.shealth,2025-09-20 20:23:00.000,be7734bc-eb19-4967-a0d0-616a80d62922,
41945,4,0,73,2025-09-20 20:23:00.000,,,2025-09-20 20:23:58.640,2025-09-20 20:23:50.299,73,1.3129085,55.070004,2.2399998,UTC-0700,6+THe69Q8P,com.sec.android.app.shealth,2025-09-20 20:24:00.000,a8de641c-a92a-4a71-85fb-eb2397131c30,
14651,4,0,28,2025-09-20 20:25:00.000,,,2025-09-20 20:35:00.023,2025-09-20 20:35:00.023,28,1.4722222,21.57,0.87,UTC-0700,6+THe69Q8P,com.sec.android.app.shealth,2025-09-20 20:26:00.000,0da034ae-b3f9-4eaa-9d1f-5d1d3545e9b8,
51674,4,0,94,2025-09-20 20:26:00.000,,,2025-09-20 20:35:00.041,2025-09-20 20:35:00.041,94,1.3888888,71.77,2.84,UTC-0700,6+THe69Q8P,com.sec.android.app.shealth,2025-09-20 20:27:00.000,cc91b62c-b0c8-45ea-abfb-34f8ecc26075,
57331,4,0,106,2025-09-20 20:27:00.000,,,2025-09-20 20:35:00.056,2025-09-20 20:35:00.056,106,1.4166666,81.22,3.18,UTC-0700,6+THe69Q8P,com.sec.android.app.shealth,2025-09-20 20:28:00.000,eca7c06d-294d-4ded-a1e9-f0f225bd0cbd,
11952,4,0,20,2025-09-20 20:28:00.000,,,2025-09-20 20:35:00.072,2025-09-20 20:35:00.072,20,1.25,14.94,0.6,UTC-0700,6+THe69Q8P,com.sec.android.app.shealth,2025-09-20 20:29:00.000,85df67d8-025e-4280-bf92-14b9d9d552d2,
10908,4,6,11,2025-09-20 20:29:00.000,,,2025-09-20 20:35:00.089,2025-09-20 20:35:00.089,17,2.3888888,26.06,1.53,UTC-0700,6+THe69Q8P,com.sec.android.app.shealth,2025-09-20 20:30:00.000,21bb35fd-fa1d-4c01-b6f1-339b36b9ea40,
10025,4,0,17,2025-09-20 20:30:00.000,,,2025-09-20 20:35:00.105,2025-09-20 20:35:00.105,17,1.2777778,12.81,0.53,UTC-0700,6+THe69Q8P,com.sec.android.app.shealth,2025-09-20 20:31:00.000,4d78c7c8-e10c-41b3-8b80-33072b22f028,
34624,4,0,63,2025-09-20 20:32:00.000,,,2025-09-20 20:35:00.123,2025-09-20 20:35:00.123,63,1.3888888,48.09,1.93,UTC-0700,6+THe69Q8P,com.sec.android.app.shealth,2025-09-20 20:33:00.000,f3523682-783f-45db-aa17-a5b6529bf546,
37461,4,0,68,2025-09-20 20:33:00.000,,,2025-09-20 20:35:00.139,2025-09-20 20:35:00.139,68,1.3888888,52.03,2.04,UTC-0700,6+THe69Q8P,com.sec.android.app.shealth,2025-09-20 20:34:00.000,692e6933-d8c7-495d-b9fc-ef6137e5c365,
7194,4,0,15,2025-09-20 22:43:00.000,,,2025-09-20 22:55:00.306,2025-09-20 22:55:00.306,15,1.6666666,11.99,0.48,UTC-0700,6+THe69Q8P,com.sec.android.app.shealth,2025-09-20 22:44:00.000,b572e715-7efd-4289-8407-1a7a2dfc34c6,
13885,4,0,26,2025-09-20 23:30:00.000,,,2025-09-20 23:30:22.361,2025-09-20 23:30:12.002,26,1.4230344,19.760002,0.7199998,UTC-0700,6+THe69Q8P,com.sec.android.app.shealth,2025-09-20 23:31:00.000,70bb3bd5-8d84-4313-9a6a-328928370473,
8133,4,0,16,2025-09-21 00:14:00.000,,,2025-09-21 00:15:00.437,2025-09-21 00:15:00.437,16,1.5,12.2,0.52,UTC-0700,6+THe69Q8P,com.sec.android.app.shealth,2025-09-21 00:15:00.000,30a52236-88d8-4154-a9ae-fa51e7d03620,
14594,4,0,20,2025-09-21 05:03:00.000,,,2025-09-21 05:15:00.937,2025-09-21 05:15:00.937,20,1.0277778,15.0,0.64,UTC-0700,6+THe69Q8P,com.sec.android.app.shealth,2025-09-21 05:04:00.000,ec0a7869-093e-4728-820c-28f01eadbf3b,
16742,4,0,32,2025-09-21 10:30:00.000,,,2025-09-21 10:30:50.336,2025-09-21 10:30:37.014,32,1.7249026,28.88001,1.3999995,UTC-0600,6+THe69Q8P,com.sec.android.app.shealth,2025-09-21 10:31:00.000,397f44a4-52a5-4868-86c2-41fc29eceb6d,
11888,4,0,22,2025-09-21 12:39:00.000,,,2025-09-21 12:39:15.805,2025-09-21 12:39:09.808,22,1.3921313,16.550003,0.6999998,UTC-0500,6+THe69Q8P,com.sec.android.app.shealth,2025-09-21 12:40:00.000,c774636e-35e5-41b7-a4c0-12318d00222e,
60000,4,0,99,2025-09-21 13:10:00.000,,,2025-09-21 13:12:26.373,2025-09-21 13:12:26.373,99,1.4455001,86.73,3.82,UTC-0500,6+THe69Q8P,com.sec.android.app.shealth,2025-09-21 13:11:00.000,34137581-e4c2-449a-8b96-312e4dd686f2,
24703,4,0,45,2025-09-21 13:11:00.000,,,2025-09-21 13:12:26.409,2025-09-21 13:12:26.409,45,1.3888888,34.31,1.35,UTC-0500,6+THe69Q8P,com.sec.android.app.shealth,2025-09-21 13:12:00.000,d1eb0fc4-2355-46ca-b7d4-2c315f226fba,
12482,4,0,18,2025-09-21 13:12:00.000,,,2025-09-21 13:12:48.690,2025-09-21 13:12:26.442,18,1.2120762,15.13,0.6999999,UTC-0500,6+THe69Q8P,com.sec.android.app.shealth,2025-09-21 13:13:00.000,a7516898-9c15-446e-bffc-f11f1c689859,
57469,4,0,98,2025-09-21 13:13:00.000,,,2025-09-21 13:13:59.904,2025-09-21 13:13:00.190,98,1.2846824,73.82995,2.9699981,UTC-0500,6+THe69Q8P,com.sec.android.app.shealth,2025-09-21 13:14:00.000,8afffcac-bafc-467a-8265-88606fe2e548,
29848,4,0,55,2025-09-21 13:14:00.000,,,2025-09-21 13:14:35.943,2025-09-21 13:14:00.430,55,1.4111408,42.120018,1.6699991,UTC-0500,6+THe69Q8P,com.sec.android.app.shealth,2025-09-21 13:15:00.000,ebc259f7-ae5f-4847-9b50-d8c66ec0cafc,
18939,4,0,33,2025-09-21 13:20:00.000,,,2025-09-21 13:20:59.304,2025-09-21 13:20:46.712,33,1.3263154,25.12,0.93999964,UTC-0500,6+THe69Q8P,com.sec.android.app.shealth,2025-09-21 13:21:00.000,190cf25a-92a5-42db-96fc-dd36c8534d80,
44328,4,0,73,2025-09-21 13:21:00.000,,,2025-09-21 13:21:49.499,2025-09-21 13:21:00.033,73,1.2253861,54.320004,2.2099986,UTC-0500,6+THe69Q8P,com.sec.android.app.shealth,2025-09-21 13:22:00.000,54082ebe-7a91-4551-b2cc-a9762d290617,
10886,4,0,18,2025-09-21 13:22:00.000,,,2025-09-21 13:22:38.477,2025-09-21 13:22:20.482,18,1.2464786,13.569999,0.54999995,UTC-0500,6+THe69Q8P,com.sec.android.app.shealth,2025-09-21 13:23:00.000,260cbeac-08e8-415e-b232-58cc68459c5f,
4747,4,0,6,2025-09-21 13:23:00.000,,,2025-09-21 13:23:06.327,2025-09-21 13:23:06.327,6,0.88888896,4.22,0.21,UTC-0500,6+THe69Q8P,com.sec.android.app.shealth,2025-09-21 13:24:00.000,dc3278d7-abe8-4545-80da-5f0f0fef57b0,
49501,4,0,80,2025-09-21 13:24:00.000,,,2025-09-21 13:24:59.467,2025-09-21 13:24:12.730,80,1.201165,59.45996,2.4599981,UTC-0500,6+THe69Q8P,com.sec.android.app.shealth,2025-09-21 13:25:00.000,c8b04f35-440c-46df-ad1f-537715700b89,
45407,4,0,80,2025-09-21 13:25:00.000,,,2025-09-21 13:27:34.446,2025-09-21 13:25:00.143,80,1.3242242,60.129997,2.45,UTC-0500,6+THe69Q8P,com.sec.android.app.shealth,2025-09-21 13:26:00.000,bcdaccbb-8dfd-4c56-8ca2-86580fd98962,
38880,4,0,74,2025-09-21 13:26:00.000,,,2025-09-21 13:27:34.471,2025-09-21 13:27:34.471,74,1.4722222,57.24,2.22,UTC-0500,6+THe69Q8P,com.sec.android.app.shealth,2025-09-21 13:27:00.000,9898391d-80f9-477b-afc4-54bd43599d3b,
14583,4,0,27,2025-09-21 13:27:00.000,,,2025-09-21 13:27:34.510,2025-09-21 13:27:34.510,27,1.4166666,20.66,0.86,UTC-0500,6+THe69Q8P,com.sec.android.app.shealth,2025-09-21 13:28:00.000,cc7eff65-bad9-444c-895d-6041894dbffe,
17127,4,0,26,2025-09-21 13:28:00.000,,,2025-09-21 13:28:59.997,2025-09-21 13:28:47.899,26,1.1046863,18.92,0.8099997,UTC-0500,6+THe69Q8P,com.sec.android.app.shealth,2025-09-21 13:29:00.000,7372c1c5-a299-4bf4-917e-5c41196dcc0c,
57356,4,0,104,2025-09-21 13:29:00.000,,,2025-09-21 13:29:59.619,2025-09-21 13:29:00.675,104,1.3787366,79.07995,3.1199975,UTC-0500,6+THe69Q8P,com.sec.android.app.shealth,2025-09-21 13:30:00.000,2bd29421-0864-4813-83c5-712f7c6335f2,
19329,4,0,34,2025-09-21 13:30:00.000,,,2025-09-21 13:35:01.773,2025-09-21 13:30:00.193,34,1.3373562,25.850002,1.04,UTC-0500,6+THe69Q8P,com.sec.android.app.shealth,2025-09-21 13:31:00.000,2d3f6936-622d-4feb-b3f0-a8557d55b48c,
57419,4,0,111,2025-09-21 13:31:00.000,,,2025-09-21 13:35:01.799,2025-09-21 13:35:01.799,111,1.5,86.13,3.33,UTC-0500,6+THe69Q8P,com.sec.android.app.shealth,2025-09-21 13:32:00.000,d351de44-f648-4b5b-a070-08d29d582da4,
4440,4,0,8,2025-09-21 13:32:00.000,,,2025-09-21 13:35:01.814,2025-09-21 13:35:01.814,8,1.3333334,5.92,0.26,UTC-0500,6+THe69Q8P,com.sec.android.app.shealth,2025-09-21 13:33:00.000,11e9c1b1-0cdd-468d-ba87-b32f91971dd5,
50201,4,0,90,2025-09-21 13:34:00.000,,,2025-09-21 13:35:01.866,2025-09-21 13:35:01.866,90,1.3611112,68.33,2.74,UTC-0500,6+THe69Q8P,com.sec.android.app.shealth,2025-09-21 13:35:00.000,381881ef-a51f-4e28-a421-cb8abe5eb999,
34131,4,0,59,2025-09-21 13:35:00.000,,,2025-09-21 13:36:31.408,2025-09-21 13:36:31.408,59,1.3055556,44.56,1.79,UTC-0500,6+THe69Q8P,com.sec.android.app.shealth,2025-09-21 13:36:00.000,3633db66-1e6b-4136-980b-790fd23a2c82,
48676,4,5,80,2025-09-21 13:49:00.000,,,2025-09-21 13:52:21.558,2025-09-21 13:52:21.558,85,1.6944444,82.48,3.86,UTC-0500,6+THe69Q8P,com.sec.android.app.shealth,2025-09-21 13:50:00.000,21eb2c69-f715-4896-939b-5f22e7b5bf58,
23617,4,0,42,2025-09-21 13:50:00.000,,,2025-09-21 13:52:21.615,2025-09-21 13:52:21.615,42,1.3333334,31.49,1.29,UTC-0500,6+THe69Q8P,com.sec.android.app.shealth,2025-09-21 13:51:00.000,cbff531a-8efc-4ba1-beef-91f3abfefa3e,
2776,4,0,6,2025-09-21 13:52:00.000,,,2025-09-21 13:52:25.106,2025-09-21 13:52:25.106,6,1.6388888,4.55,0.2,UTC-0500,6+THe69Q8P,com.sec.android.app.shealth,2025-09-21 13:53:00.000,e06d16b9-7718-4f6b-9e94-31989d654f68,
4280,4,0,13,2025-09-21 13:55:00.000,,,2025-09-21 14:01:13.117,2025-09-21 14:01:13.117,13,2.5,10.7,0.38,UTC-0500,6+THe69Q8P,com.sec.android.app.shealth,2025-09-21 13:56:00.000,f12e15c8-3ae2-444a-aa44-9073862ef78d,
46073,4,0,86,2025-09-21 13:57:00.000,,,2025-09-21 14:01:13.135,2025-09-21 14:01:13.135,86,1.4444444,66.55,2.6,UTC-0500,6+THe69Q8P,com.sec.android.app.shealth,2025-09-21 13:58:00.000,e8b759b8-f229-4b62-b34e-6f91d0fdb57e,
12330,4,0,21,2025-09-21 13:58:00.000,,,2025-09-21 14:01:13.157,2025-09-21 14:01:13.157,21,1.4444444,17.81,0.85,UTC-0500,6+THe69Q8P,com.sec.android.app.shealth,2025-09-21 13:59:00.000,966abf63-1e72-45f7-8a7d-7be45a43381b,
5906,4,0,12,2025-09-21 15:28:00.000,,,2025-09-21 15:28:58.897,2025-09-21 15:28:58.897,12,1.6388888,9.68,0.3,UTC-0500,6+THe69Q8P,com.sec.android.app.shealth,2025-09-21 15:29:00.000,f1fa25b6-4f26-427f-938f-32421fad2598,
1339,4,0,6,2025-09-21 15:30:00.000,,,2025-09-21 15:30:48.950,2025-09-21 15:30:48.950,6,3.6944442,4.95,0.17,UTC-0500,6+THe69Q8P,com.sec.android.app.shealth,2025-09-21 15:31:00.000,c3f851de-4157-4253-a291-fac6eb8310c8,
39208,4,0,67,2025-09-21 18:25:00.000,,,2025-09-21 18:27:49.993,2025-09-21 18:27:49.993,67,1.2777778,50.1,2.05,UTC-0500,6+THe69Q8P,com.sec.android.app.shealth,2025-09-21 18:26:00.000,f14d4c3a-b4d8-4acf-8442-b79734176f3e,
57109,4,0,94,2025-09-21 18:26:00.000,,,2025-09-21 18:27:50.027,2025-09-21 18:27:50.027,94,1.2222222,69.8,2.82,UTC-0500,6+THe69Q8P,com.sec.android.app.shealth,2025-09-21 18:27:00.000,99648610-ba0c-4e45-a34f-9c2efa33bafa,
32514,4,0,50,2025-09-21 18:27:00.000,,,2025-09-21 18:27:50.055,2025-09-21 18:27:50.055,50,1.1388888,37.03,1.51,UTC-0500,6+THe69Q8P,com.sec.android.app.shealth,2025-09-21 18:28:00.000,5d1b491f-a9d6-41f4-beee-924db5956a62,
5636,4,0,7,2025-09-21 18:30:00.000,,,2025-09-21 18:35:02.208,2025-09-21 18:35:02.208,7,0.8888889,5.01,0.24,UTC-0500,6+THe69Q8P,com.sec.android.app.shealth,2025-09-21 18:31:00.000,d7d68bcf-ccf4-426b-bf9a-a94858ae6f7d,
10760,4,0,15,2025-09-21 18:31:00.000,,,2025-09-21 18:35:02.222,2025-09-21 18:35:02.222,15,0.99999994,10.76,0.45,UTC-0500,6+THe69Q8P,com.sec.android.app.shealth,2025-09-21 18:32:00.000,15de4aef-0b88-4bfa-b15e-94178cb7319f,
22810,4,5,41,2025-09-21 18:33:00.000,,,2025-09-21 18:35:02.237,2025-09-21 18:35:02.237,46,1.6111112,36.75,1.57,UTC-0500,6+THe69Q8P,com.sec.android.app.shealth,2025-09-21 18:34:00.000,0c3ba57f-d491-4e1f-9fea-04c560740c05,
30141,4,0,49,2025-09-21 18:34:00.000,,,2025-09-21 18:35:02.251,2025-09-21 18:35:02.251,49,1.2222222,36.84,1.49,UTC-0500,6+THe69Q8P,com.sec.android.app.shealth,2025-09-21 18:35:00.000,e5e20457-718b-4f00-ad61-36d97f1a36d5,
16084,4,3,19,2025-09-21 18:36:00.000,,,2025-09-21 18:55:02.196,2025-09-21 18:55:02.196,22,1.6388888,26.36,1.43,UTC-0500,6+THe69Q8P,com.sec.android.app.shealth,2025-09-21 18:37:00.000,d428e42c-5e5d-470f-b20f-ffaaf73e28fa,
57754,4,0,91,2025-09-21 18:38:00.000,,,2025-09-21 18:55:02.211,2025-09-21 18:55:02.211,91,1.1666666,67.38,2.77,UTC-0500,6+THe69Q8P,com.sec.android.app.shealth,2025-09-21 18:39:00.000,e26e8ea8-387e-4385-b414-2ddee6dab1df,
58955,4,0,102,2025-09-21 18:39:00.000,,,2025-09-21 18:55:02.225,2025-09-21 18:55:02.225,102,1.3055556,76.97,3.06,UTC-0500,6+THe69Q8P,com.sec.android.app.shealth,2025-09-21 18:40:00.000,eae1cd7d-89fe-4e51-a762-f8a079c9d63f,
31194,4,0,53,2025-09-21 18:40:00.000,,,2025-09-21 18:55:02.240,2025-09-21 18:55:02.240,53,1.2777778,39.86,1.59,UTC-0500,6+THe69Q8P,com.sec.android.app.shealth,2025-09-21 18:41:00.000,7df89b96-f88d-448f-a52f-49aecaec8df1,
15514,4,0,30,2025-09-21 19:43:00.000,,,2025-09-21 19:49:50.895,2025-09-21 19:49:50.895,30,1.4444444,22.41,0.95,UTC-0500,6+THe69Q8P,com.sec.android.app.shealth,2025-09-21 19:44:00.000,6d8c18e4-3162-486a-8d0a-78ae889ef750,
18732,4,0,40,2025-09-21 19:49:00.000,,,2025-09-21 19:49:50.994,2025-09-21 19:49:50.994,40,1.6388888,30.7,1.25,UTC-0500,6+THe69Q8P,com.sec.android.app.shealth,2025-09-21 19:50:00.000,e8443570-ad6c-45d5-8b34-98f48cc112a9,
7192,4,0,12,2025-09-21 20:53:00.000,,,2025-09-21 20:53:38.837,2025-09-21 20:53:38.837,12,1.3055556,9.39,0.3,UTC-0500,6+THe69Q8P,com.sec.android.app.shealth,2025-09-21 20:54:00.000,3504119c-013e-4379-89da-3cb6bd041c7f,
2694,4,1,6,2025-09-21 20:54:00.000,,,2025-09-21 20:54:03.130,2025-09-21 20:54:02.202,7,6.9444437,18.710001,1.15,UTC-0500,6+THe69Q8P,com.sec.android.app.shealth,2025-09-21 20:55:00.000,e4ed55aa-2f33-4797-b8c1-d596e70a4506,
51752,4,0,85,2025-09-21 20:59:00.000,,,2025-09-21 20:59:59.686,2025-09-21 20:59:47.972,85,1.214048,62.829998,2.6099994,UTC-0500,6+THe69Q8P,com.sec.android.app.shealth,2025-09-21 21:00:00.000,d45696ce-b48d-4137-a86b-431cbf909a5c,
45671,4,0,74,2025-09-21 21:00:00.000,,,2025-09-21 21:00:54.517,2025-09-21 21:00:00.401,74,1.2114772,55.330013,2.1699986,UTC-0500,6+THe69Q8P,com.sec.android.app.shealth,2025-09-21 21:01:00.000,6b04237c-288c-49ba-9ade-a3cf4e139aef,
43835,4,0,66,2025-09-21 21:01:00.000,,,2025-09-21 21:01:59.368,2025-09-21 21:01:21.971,66,1.0890738,47.739998,2.0499992,UTC-0500,6+THe69Q8P,com.sec.android.app.shealth,2025-09-21 21:02:00.000,9404cb3f-9079-4ea3-9ee6-7950523a2300,
8609,4,0,13,2025-09-21 21:02:00.000,,,2025-09-21 21:03:23.265,2025-09-21 21:02:00.208,13,1.0999291,9.47,0.41,UTC-0500,6+THe69Q8P,com.sec.android.app.shealth,2025-09-21 21:03:00.000,5b7525b4-5dac-4a1e-90d7-20573f92aa74,
18452,4,0,29,2025-09-21 21:03:00.000,,,2025-09-21 21:03:48.062,2025-09-21 21:03:23.296,29,1.1640592,21.480001,0.9099999,UTC-0500,6+THe69Q8P,com.sec.android.app.shealth,2025-09-21 21:04:00.000,af7357df-e1b0-4dc5-a5e8-96d2102e047d,
9362,4,0,15,2025-09-21 21:06:00.000,,,2025-09-21 21:06:54.408,2025-09-21 21:06:47.893,15,1.2219198,11.439999,0.46,UTC-0500,6+THe69Q8P,com.sec.android.app.shealth,2025-09-21 21:07:00.000,dd51061d-6a51-4e86-b06a-f10250c87040,
6562,4,0,9,2025-09-21 21:07:00.000,,,2025-09-21 21:07:14.723,2025-09-21 21:07:12.189,9,0.978275,6.42,0.3,UTC-0500,6+THe69Q8P,com.sec.android.app.shealth,2025-09-21 21:08:00.000,f1aa943b-e18a-4ce5-8d8b-c718ec353bd5,
9126,4,0,13,2025-09-21 21:09:00.000,,,2025-09-21 21:09:15.323,2025-09-21 21:09:09.644,13,1.0244807,9.35,0.41,UTC-0500,6+THe69Q8P,com.sec.android.app.shealth,2025-09-21 21:10:00.000,7d53c79b-4611-48dd-812b-599dd6729974,
5884,4,0,11,2025-09-21 21:11:00.000,,,2025-09-21 21:11:20.493,2025-09-21 21:11:20.493,11,1.4444444,8.5,0.35,UTC-0500,6+THe69Q8P,com.sec.android.app.shealth,2025-09-21 21:12:00.000,b3595e45-9a9f-4a6d-89ef-8fa8a2562241,
6576,4,0,10,2025-09-21 21:13:00.000,,,2025-09-21 21:15:00.329,2025-09-21 21:13:57.351,10,1.1388888,7.49,0.32,UTC-0500,6+THe69Q8P,com.sec.android.app.shealth,2025-09-21 21:14:00.000,c98f1e3a-ab31-4b3d-9a94-e131a3c1c3b5,
38075,4,0,66,2025-09-21 21:14:00.000,,,2025-09-21 21:15:00.348,2025-09-21 21:15:00.348,66,1.3055556,49.71,2.02,UTC-0500,6+THe69Q8P,com.sec.android.app.shealth,2025-09-21 21:15:00.000,375c3123-5d2f-4970-89df-af261a651452,
56813,4,0,110,2025-09-21 21:15:00.000,,,2025-09-21 21:35:00.422,2025-09-21 21:35:00.422,110,1.5,85.22,3.3,UTC-0500,6+THe69Q8P,com.sec.android.app.shealth,2025-09-21 21:16:00.000,b8c46211-db76-4d33-9ccc-9f9cd20d3fb4,
37122,4,1,62,2025-09-21 21:16:00.000,,,2025-09-21 21:35:00.441,2025-09-21 21:35:00.441,63,1.4166666,52.59,2.32,UTC-0500,6+THe69Q8P,com.sec.android.app.shealth,2025-09-21 21:17:00.000,e782077f-8bfb-4ade-9f2e-5e8a9f6d92fb,
49442,4,0,76,2025-09-22 02:53:00.000,,,2025-09-22 02:54:55.429,2025-09-22 02:54:55.429,76,1.3055556,64.55,2.9,UTC-0500,6+THe69Q8P,com.sec.android.app.shealth,2025-09-22 02:54:00.000,acbb1c6f-dba1-4639-9f5c-2ac74fa80a7a,
15900,4,0,28,2025-09-22 03:06:00.000,,,2025-09-22 03:15:00.912,2025-09-22 03:15:00.912,28,1.3333334,21.2,0.88,UTC-0500,6+THe69Q8P,com.sec.android.app.shealth,2025-09-22 03:07:00.000,229144dd-2e7f-4921-ac08-e486aff9a144,
43591,4,8,68,2025-09-22 03:07:00.000,,,2025-09-22 03:15:00.927,2025-09-22 03:15:00.927,76,1.6111112,70.23,3.29,UTC-0500,6+THe69Q8P,com.sec.android.app.shealth,2025-09-22 03:08:00.000,ba188710-e63a-400c-bf43-4b68a0bfcc2e,
35701,4,0,62,2025-09-22 03:08:00.000,,,2025-09-22 03:15:00.949,2025-09-22 03:15:00.949,62,1.3055556,46.61,1.9,UTC-0500,6+THe69Q8P,com.sec.android.app.shealth,2025-09-22 03:09:00.000,173684e9-331c-4685-88e4-72ec04fbf5b4,
44010,4,0,72,2025-09-22 03:09:00.000,,,2025-09-22 03:15:00.967,2025-09-22 03:15:00.967,72,1.2222222,53.79,2.26,UTC-0500,6+THe69Q8P,com.sec.android.app.shealth,2025-09-22 03:10:00.000,a1d4966d-c15e-44e4-9ef5-6b53b34c1318,
34780,4,0,62,2025-09-22 03:10:00.000,,,2025-09-22 03:15:00.986,2025-09-22 03:15:00.986,62,1.3611112,47.34,1.9,UTC-0500,6+THe69Q8P,com.sec.android.app.shealth,2025-09-22 03:11:00.000,3450d34b-ddc4-4f55-9ea1-6fb2029fa726,
32885,4,0,53,2025-09-22 03:11:00.000,,,2025-09-22 03:15:01.004,2025-09-22 03:15:01.004,53,1.1944444,39.28,1.66,UTC-0500,6+THe69Q8P,com.sec.android.app.shealth,2025-09-22 03:12:00.000,43e6fd40-2a9b-42e0-9e13-a669305e42d4,
38019,4,0,59,2025-09-22 03:12:00.000,,,2025-09-22 03:15:01.020,2025-09-22 03:15:01.020,59,1.1388888,43.3,1.79,UTC-0500,6+THe69Q8P,com.sec.android.app.shealth,2025-09-22 03:13:00.000,826031b8-2d21-4d93-85fd-2fa9332bf0bf,
32679,4,0,67,2025-09-22 03:13:00.000,,,2025-09-22 03:15:01.039,2025-09-22 03:15:01.039,67,1.6111112,52.65,2.04,UTC-0500,6+THe69Q8P,com.sec.android.app.shealth,2025-09-22 03:14:00.000,970cecae-e052-42b0-9659-1779f20c1db0,
56300,4,3,80,2025-09-22 03:14:00.000,,,2025-09-22 03:15:01.057,2025-09-22 03:15:01.057,83,1.2777778,71.94,3.28,UTC-0500,6+THe69Q8P,com.sec.android.app.shealth,2025-09-22 03:15:00.000,aa31440f-7cb1-4c61-bf30-87c45a21a877,
24920,4,4,44,2025-09-22 03:15:00.000,,,2025-09-22 03:35:00.932,2025-09-22 03:35:00.932,48,1.5,37.38,1.57,UTC-0500,6+THe69Q8P,com.sec.android.app.shealth,2025-09-22 03:16:00.000,6e1dfb08-3d4c-4431-b63f-b39519ee4c30,
23911,4,0,44,2025-09-22 03:16:00.000,,,2025-09-22 03:35:00.947,2025-09-22 03:35:00.947,44,1.3888888,33.21,1.36,UTC-0500,6+THe69Q8P,com.sec.android.app.shealth,2025-09-22 03:17:00.000,1aaf7122-43c9-495d-bbb3-e75b6ab08397,
8632,4,0,16,2025-09-22 03:17:00.000,,,2025-09-22 03:35:00.976,2025-09-22 03:35:00.976,16,1.4166666,12.23,0.5,UTC-0500,6+THe69Q8P,com.sec.android.app.shealth,2025-09-22 03:18:00.000,9eb14710-abe5-4c77-b97a-f7d3105888b1,
7312,4,0,13,2025-09-22 06:02:00.000,,,2025-09-22 06:02:10.730,2025-09-22 06:02:10.169,13,1.3333334,9.75,0.33,UTC-0500,6+THe69Q8P,com.sec.android.app.shealth,2025-09-22 06:03:00.000,2b79f26f-d3bc-4457-a9a4-5dc429a7fc78,
10242,4,0,19,2025-09-22 06:19:00.000,,,2025-09-22 06:35:01.183,2025-09-22 06:35:01.183,19,1.4166666,14.51,0.61,UTC-0500,6+THe69Q8P,com.sec.android.app.shealth,2025-09-22 06:20:00.000,e5d78e4e-3bcd-4052-acca-903f639d362c,
10189,4,0,15,2025-09-22 06:44:00.000,,,2025-09-22 06:44:40.288,2025-09-22 06:44:38.757,15,1.3317673,13.57,0.55999994,UTC-0500,6+THe69Q8P,com.sec.android.app.shealth,2025-09-22 06:45:00.000,a43ff77e-94a9-45d7-b05a-5ff403673598,
33488,4,0,46,2025-09-22 06:46:00.000,,,2025-09-22 06:55:01.165,2025-09-22 06:46:15.858,46,1.1487497,38.47,1.8299997,UTC-0500,6+THe69Q8P,com.sec.android.app.shealth,2025-09-22 06:47:00.000,ff1fc3df-3850-4a95-bedc-23226e05e280,
9036,4,0,16,2025-09-22 06:47:00.000,,,2025-09-22 06:55:01.182,2025-09-22 06:55:01.182,16,1.3888888,12.55,0.51,UTC-0500,6+THe69Q8P,com.sec.android.app.shealth,2025-09-22 06:48:00.000,40f949c9-8d61-4176-b35e-915e369284f7,
58155,4,0,102,2025-09-22 07:11:00.000,,,2025-09-22 07:15:01.324,2025-09-22 07:15:01.324,102,1.3333334,77.54,3.1,UTC-0500,6+THe69Q8P,com.sec.android.app.shealth,2025-09-22 07:12:00.000,540e31aa-588f-4838-a1c0-fd6a0c33f4cf,
50971,4,0,87,2025-09-22 07:12:00.000,,,2025-09-22 07:15:01.340,2025-09-22 07:15:01.340,87,1.2777778,65.13,2.63,UTC-0500,6+THe69Q8P,com.sec.android.app.shealth,2025-09-22 07:13:00.000,e555ca70-63f3-4fec-97c2-426cc7d3c301,
26017,4,0,45,2025-09-22 07:13:00.000,,,2025-09-22 07:15:01.358,2025-09-22 07:15:01.358,45,1.3333334,34.69,1.39,UTC-0500,6+THe69Q8P,com.sec.android.app.shealth,2025-09-22 07:14:00.000,e3c83ae2-a206-461d-8bf0-90e4be0e0365,
1314,4,0,2,2025-09-22 07:14:00.000,,,2025-09-22 07:15:01.371,2025-09-22 07:15:01.371,2,1.1111112,1.46,0.06,UTC-0500,6+THe69Q8P,com.sec.android.app.shealth,2025-09-22 07:15:00.000,568d78a3-beb8-4db4-8c1b-e7587025359c,
1561,4,0,7,2025-09-22 07:16:00.000,,,2025-09-22 07:16:11.129,2025-09-22 07:16:11.129,7,3.6944444,5.77,0.2,UTC-0500,6+THe69Q8P,com.sec.android.app.shealth,2025-09-22 07:17:00.000,bb36690b-1ea2-4947-9fa7-7d694e401a53,
34836,4,0,46,2025-09-22 07:17:00.000,,,2025-09-22 07:19:24.608,2025-09-22 07:19:24.608,46,1.1944444,41.61,1.98,UTC-0500,6+THe69Q8P,com.sec.android.app.shealth,2025-09-22 07:18:00.000,042c8866-7eed-4a3b-923a-aeed12580623,
10311,4,0,16,2025-09-22 07:18:00.000,,,2025-09-22 07:19:24.640,2025-09-22 07:19:24.640,16,1.1666666,12.03,0.52,UTC-0500,6+THe69Q8P,com.sec.android.app.shealth,2025-09-22 07:19:00.000,15a2ab35-a24d-49d1-bfd7-fb34b8b40ee6,
32742,4,0,52,2025-09-22 07:21:00.000,,,2025-09-22 07:24:08.268,2025-09-22 07:24:08.268,52,1.1666666,38.2,1.6,UTC-0500,6+THe69Q8P,com.sec.android.app.shealth,2025-09-22 07:22:00.000,78184b9e-2f3e-4c55-8213-18d6c260de35,
8883,4,2,9,2025-09-22 07:22:00.000,,,2025-09-22 07:24:08.317,2025-09-22 07:24:08.317,11,2.0555556,18.26,1.08,UTC-0500,6+THe69Q8P,com.sec.android.app.shealth,2025-09-22 07:23:00.000,b2e7e8ff-c568-4ced-8e39-c49016ae098d,
18056,4,1,25,2025-09-22 07:23:00.000,,,2025-09-22 07:24:08.349,2025-09-22 07:24:08.349,26,1.4166666,25.58,1.28,UTC-0500,6+THe69Q8P,com.sec.android.app.shealth,2025-09-22 07:24:00.000,65423fa8-708f-45f3-a6ed-4dde4d239426,
22881,4,0,42,2025-09-22 07:24:00.000,,,2025-09-22 07:35:01.438,2025-09-22 07:35:01.438,42,1.3888888,31.78,1.29,UTC-0500,6+THe69Q8P,com.sec.android.app.shealth,2025-09-22 07:25:00.000,0990732d-0232-4521-a514-69d93a255078,
58707,4,0,110,2025-09-22 07:25:00.000,,,2025-09-22 07:35:01.448,2025-09-22 07:35:01.448,110,1.4444444,84.8,3.3,UTC-0500,6+THe69Q8P,com.sec.android.app.shealth,2025-09-22 07:26:00.000,686fed85-6ef2-4934-9a56-ddff5f489b88,
17553,4,0,32,2025-09-22 07:26:00.000,,,2025-09-22 07:35:01.460,2025-09-22 07:35:01.460,32,1.3888888,24.38,0.96,UTC-0500,6+THe69Q8P,com.sec.android.app.shealth,2025-09-22 07:27:00.000,24fc28fa-46f5-45d2-839b-b02efc8424a3,
14873,4,0,29,2025-09-22 08:16:00.000,,,2025-09-22 08:21:48.929,2025-09-22 08:21:48.929,29,1.5,22.31,0.91,UTC-0500,6+THe69Q8P,com.sec.android.app.shealth,2025-09-22 08:17:00.000,86230cfa-bf2a-41fa-a807-9ddf7b7b2528,
18849,4,0,36,2025-09-22 08:17:00.000,,,2025-09-22 08:21:48.962,2025-09-22 08:21:48.962,36,1.4722222,27.75,1.11,UTC-0500,6+THe69Q8P,com.sec.android.app.shealth,2025-09-22 08:18:00.000,ef795592-6cfb-4257-8285-61bf02909be6,
32713,4,0,56,2025-09-22 08:19:00.000,,,2025-09-22 08:21:49.075,2025-09-22 08:21:49.075,56,1.2777778,41.8,1.77,UTC-0500,6+THe69Q8P,com.sec.android.app.shealth,2025-09-22 08:20:00.000,76f27b0e-03dd-453f-942c-48221ac47119,
7684,4,0,14,2025-09-22 11:02:00.000,,,2025-09-22 11:02:19.051,2025-09-22 11:02:18.263,14,1.4001646,10.76,0.36,UTC-0500,6+THe69Q8P,com.sec.android.app.shealth,2025-09-22 11:03:00.000,26cb627b-d7f6-426a-9372-22ffd3b7d044,
5436,4,0,13,2025-09-22 11:14:00.000,,,2025-09-22 11:14:56.808,2025-09-22 11:14:56.318,13,1.9700674,10.71,0.33,UTC-0500,6+THe69Q8P,com.sec.android.app.shealth,2025-09-22 11:15:00.000,70c54b1a-b625-4526-a90a-ccd7594176de,
4522,4,0,9,2025-09-22 11:15:00.000,,,2025-09-22 11:15:07.728,2025-09-22 11:15:03.526,9,1.5833334,7.16,0.28,UTC-0500,6+THe69Q8P,com.sec.android.app.shealth,2025-09-22 11:16:00.000,a02d2308-80cf-4f2d-a282-58d06a29276e,
9687,4,0,20,2025-09-22 17:12:00.000,,,2025-09-22 17:15:02.292,2025-09-22 17:15:02.292,20,1.5555556,15.07,0.64,UTC-0500,6+THe69Q8P,com.sec.android.app.shealth,2025-09-22 17:13:00.000,843364d5-c41b-41b0-bf32-f553d86a67f6,
16013,4,0,31,2025-09-22 17:15:00.000,,,2025-09-22 17:18:13.486,2025-09-22 17:18:13.486,31,1.5,24.02,0.99,UTC-0500,6+THe69Q8P,com.sec.android.app.shealth,2025-09-22 17:16:00.000,12b99552-2e96-430f-9a8c-8580ec1cc8eb,
19376,4,0,27,2025-09-22 17:19:00.000,,,2025-09-22 17:19:23.896,2025-09-22 17:19:09.394,27,1.0099705,19.570002,0.8699998,UTC-0500,6+THe69Q8P,com.sec.android.app.shealth,2025-09-22 17:20:00.000,d90e629b-16cd-4d04-a738-d17155d4d62e,
22853,4,0,31,2025-09-22 17:22:00.000,,,2025-09-22 17:22:53.342,2025-09-22 17:22:47.429,31,0.9963447,22.769993,0.9699998,UTC-0500,6+THe69Q8P,com.sec.android.app.shealth,2025-09-22 17:23:00.000,4c0d618d-279a-443a-bbb0-105abd694025,
12313,4,0,20,2025-09-22 17:23:00.000,,,2025-09-22 17:23:26.291,2025-09-22 17:23:21.478,20,1.2416784,15.289999,0.53999996,UTC-0500,6+THe69Q8P,com.sec.android.app.shealth,2025-09-22 17:24:00.000,7bbcc303-52fb-4527-941a-e6716aaba42e,
35004,4,0,62,2025-09-22 17:31:00.000,,,2025-09-22 17:31:59.627,2025-09-22 17:31:31.066,62,1.3295609,46.53998,1.8999987,UTC-0500,6+THe69Q8P,com.sec.android.app.shealth,2025-09-22 17:32:00.000,9c28113f-d004-425c-b9b2-91971e399abf,
54878,4,0,109,2025-09-22 17:32:00.000,,,2025-09-22 17:32:59.572,2025-09-22 17:32:00.136,109,1.5503209,85.07996,3.2699974,UTC-0500,6+THe69Q8P,com.sec.android.app.shealth,2025-09-22 17:33:00.000,e759b05c-dadc-439b-b1f1-e98ecd3f738b,
47406,4,0,82,2025-09-22 17:33:00.000,,,2025-09-22 17:33:59.677,2025-09-22 17:33:00.122,82,1.2983372,61.549976,2.4799984,UTC-0500,6+THe69Q8P,com.sec.android.app.shealth,2025-09-22 17:34:00.000,87d5befc-191f-410d-b56b-c64bf252fb64,
37844,4,0,76,2025-09-22 17:34:00.000,,,2025-09-22 17:34:39.791,2025-09-22 17:34:00.348,76,1.5753989,59.62,2.2799983,UTC-0500,6+THe69Q8P,com.sec.android.app.shealth,2025-09-22 17:35:00.000,c5d2d961-060c-43bc-ac7f-01f435073f0f,
5131,4,0,8,2025-09-22 17:42:00.000,,,2025-09-22 17:42:44.006,2025-09-22 17:42:42.550,8,1.1205167,5.7500005,0.26,UTC-0500,6+THe69Q8P,com.sec.android.app.shealth,2025-09-22 17:43:00.000,3f0924f1-af75-4a79-a81b-081ae0351085,
19474,4,0,32,2025-09-22 17:43:00.000,,,2025-09-22 17:46:13.701,2025-09-22 17:43:42.965,32,1.209815,23.559998,0.9799997,UTC-0500,6+THe69Q8P,com.sec.android.app.shealth,2025-09-22 17:44:00.000,3761d994-816e-465d-8d33-70769d495792,
56991,4,0,90,2025-09-22 17:44:00.000,,,2025-09-22 17:46:13.743,2025-09-22 17:46:13.743,90,1.1666666,66.49,2.7,UTC-0500,6+THe69Q8P,com.sec.android.app.shealth,2025-09-22 17:45:00.000,d4e7a4d0-c344-43bd-8c65-d4c4471f3ac7,
31554,4,0,46,2025-09-22 17:45:00.000,,,2025-09-22 17:46:13.776,2025-09-22 17:46:13.776,46,1.1111112,35.06,1.54,UTC-0500,6+THe69Q8P,com.sec.android.app.shealth,2025-09-22 17:46:00.000,ae1d7cb3-e55c-46ca-84f3-1d72447a6682,
15711,4,0,25,2025-09-22 17:46:00.000,,,2025-09-22 17:46:13.810,2025-09-22 17:46:13.810,25,1.1666666,18.33,0.77,UTC-0500,6+THe69Q8P,com.sec.android.app.shealth,2025-09-22 17:47:00.000,071b8e0f-2fc3-45d5-b0d0-8285691cf28f,
31559,4,0,47,2025-09-22 17:47:00.000,,,2025-09-22 17:47:56.725,2025-09-22 17:47:15.577,47,1.0919175,34.459995,1.4699996,UTC-0500,6+THe69Q8P,com.sec.android.app.shealth,2025-09-22 17:48:00.000,159b8105-5c97-4fb7-be77-d9b3ba8dc5b5,
16305,4,0,26,2025-09-22 17:48:00.000,,,2025-09-22 17:48:28.056,2025-09-22 17:48:10.125,26,1.1622025,18.949999,0.8399999,UTC-0500,6+THe69Q8P,com.sec.android.app.shealth,2025-09-22 17:49:00.000,0d2256b7-f6ff-4f8c-897f-d8b99faf0d21,
11409,4,0,16,2025-09-22 17:49:00.000,,,2025-09-22 17:49:19.308,2025-09-22 17:49:01.718,16,1.020229,11.639999,0.53,UTC-0500,6+THe69Q8P,com.sec.android.app.shealth,2025-09-22 17:50:00.000,d5b1c8a4-f199-4de7-afd4-6d53f64a7161,
26928,4,5,37,2025-09-22 17:51:00.000,,,2025-09-22 17:52:37.524,2025-09-22 17:51:19.114,42,1.6851971,45.379997,2.34,UTC-0500,6+THe69Q8P,com.sec.android.app.shealth,2025-09-22 17:52:00.000,28a07144-eaeb-493a-95cd-d4ec66683747,
41997,4,0,65,2025-09-22 17:52:00.000,,,2025-09-22 17:55:00.176,2025-09-22 17:52:37.596,65,1.1381695,47.800003,1.9899998,UTC-0500,6+THe69Q8P,com.sec.android.app.shealth,2025-09-22 17:53:00.000,d910f66f-35f4-4ce0-99da-44d1122eff08,
29771,4,0,48,2025-09-22 17:53:00.000,,,2025-09-22 17:55:00.202,2025-09-22 17:55:00.202,48,1.1944444,35.56,1.51,UTC-0500,6+THe69Q8P,com.sec.android.app.shealth,2025-09-22 17:54:00.000,99db07bd-0cee-423f-8e56-cf3eccc7319f,
586,4,0,1,2025-09-22 17:54:00.000,,,2025-09-22 17:55:00.216,2025-09-22 17:55:00.216,1,1.2777778,0.75,0.03,UTC-0500,6+THe69Q8P,com.sec.android.app.shealth,2025-09-22 17:55:00.000,725fe1f3-d03c-4d3b-ac4c-93a551135974,
9517,4,0,18,2025-09-22 18:02:00.000,,,2025-09-22 18:05:50.139,2025-09-22 18:02:23.444,18,1.4783589,14.070001,0.57,UTC-0500,6+THe69Q8P,com.sec.android.app.shealth,2025-09-22 18:03:00.000,e3ec23de-3f26-49c1-be45-1b4d8b1ee188,
11808,4,0,24,2025-09-22 18:03:00.000,,,2025-09-22 18:05:50.172,2025-09-22 18:05:50.172,24,2.7777777,32.8,1.69,UTC-0500,6+THe69Q8P,com.sec.android.app.shealth,2025-09-22 18:04:00.000,d5f3006e-39d2-48da-9e94-ed91dbfb3a0c,
49608,4,0,75,2025-09-22 18:04:00.000,,,2025-09-22 18:05:50.214,2025-09-22 18:05:50.214,75,1.1111112,55.12,2.29,UTC-0500,6+THe69Q8P,com.sec.android.app.shealth,2025-09-22 18:05:00.000,9eae4dbc-2088-4edd-83cd-2356c72a9c08,
30467,4,11,40,2025-09-22 18:05:00.000,,,2025-09-22 18:05:50.241,2025-09-22 18:05:50.241,51,1.8888888,57.55,3.06,UTC-0500,6+THe69Q8P,com.sec.android.app.shealth,2025-09-22 18:06:00.000,1b420880-cc89-40a5-bd99-6ddce97ef122,
34929,4,0,52,2025-09-22 18:06:00.000,,,2025-09-22 18:08:46.332,2025-09-22 18:08:46.332,52,1.0833334,37.84,1.61,UTC-0500,6+THe69Q8P,com.sec.android.app.shealth,2025-09-22 18:07:00.000,c574aff4-e620-4621-8bc6-e0a684ad9001,
58015,4,0,97,2025-09-22 18:07:00.000,,,2025-09-22 18:08:46.353,2025-09-22 18:08:46.353,97,1.25,72.52,2.91,UTC-0500,6+THe69Q8P,com.sec.android.app.shealth,2025-09-22 18:08:00.000,ba3c0a5a-6cda-4cee-b5e0-b293e5ca4b52,
45187,4,2,71,2025-09-22 18:08:00.000,,,2025-09-22 18:08:46.387,2025-09-22 18:08:46.387,73,1.3333334,60.25,2.69,UTC-0500,6+THe69Q8P,com.sec.android.app.shealth,2025-09-22 18:09:00.000,4ee08b6a-38b3-44cb-8018-e66000c5b90d,
36938,4,5,53,2025-09-22 18:09:00.000,,,2025-09-22 18:10:39.280,2025-09-22 18:10:39.280,58,1.5555556,57.46,2.75,UTC-0500,6+THe69Q8P,com.sec.android.app.shealth,2025-09-22 18:10:00.000,6c46e003-21be-4060-9aeb-cd2beaceabdd,
49581,4,0,80,2025-09-22 18:10:00.000,,,2025-09-22 18:10:52.351,2025-09-22 18:10:39.325,80,1.1950058,59.250023,2.4099996,UTC-0500,6+THe69Q8P,com.sec.android.app.shealth,2025-09-22 18:11:00.000,a76ab0a7-e538-41a7-9507-ce7bda01c753,
40758,4,0,65,2025-09-22 18:11:00.000,,,2025-09-22 18:15:00.187,2025-09-22 18:11:08.851,65,1.1764431,47.95,2.0199993,UTC-0500,6+THe69Q8P,com.sec.android.app.shealth,2025-09-22 18:12:00.000,9c9512aa-c9e9-4758-9aaa-ded97e273ded,
54352,4,0,91,2025-09-22 18:12:00.000,,,2025-09-22 18:15:00.208,2025-09-22 18:15:00.208,91,1.25,67.94,2.75,UTC-0500,6+THe69Q8P,com.sec.android.app.shealth,2025-09-22 18:13:00.000,e87b6e60-2ad7-4fd1-ba10-40012eb47dda,
32368,4,0,54,2025-09-22 18:13:00.000,,,2025-09-22 18:15:00.226,2025-09-22 18:15:00.226,54,1.25,40.46,1.62,UTC-0500,6+THe69Q8P,com.sec.android.app.shealth,2025-09-22 18:14:00.000,9a967125-24d6-41cc-ba47-76e12149f528,
16380,4,0,23,2025-09-22 18:14:00.000,,,2025-09-22 18:15:00.241,2025-09-22 18:15:00.241,23,1.0,16.38,0.75,UTC-0500,6+THe69Q8P,com.sec.android.app.shealth,2025-09-22 18:15:00.000,5f182f8f-bd8d-4076-97d1-62435732cd23,
53633,4,5,88,2025-09-22 18:15:00.000,,,2025-09-22 18:17:18.528,2025-09-22 18:17:18.528,93,1.5555556,83.43,3.7,UTC-0500,6+THe69Q8P,com.sec.android.app.shealth,2025-09-22 18:16:00.000,c1e4b6e1-c2cd-4e5d-9b8e-699b475025cd,
47534,4,0,85,2025-09-22 18:16:00.000,,,2025-09-22 18:17:18.566,2025-09-22 18:17:18.566,85,1.3611112,64.7,2.55,UTC-0500,6+THe69Q8P,com.sec.android.app.shealth,2025-09-22 18:17:00.000,391cfabf-be3d-40c4-b0d0-406630e151ef,
53671,4,0,92,2025-09-22 19:29:00.000,,,2025-09-22 19:35:00.239,2025-09-22 19:35:00.239,92,1.2777778,68.58,2.85,UTC-0500,6+THe69Q8P,com.sec.android.app.shealth,2025-09-22 19:30:00.000,9bccabd5-e22a-4f49-a914-528540ab78a8,
49513,4,0,93,2025-09-22 19:30:00.000,,,2025-09-22 19:35:00.256,2025-09-22 19:35:00.256,93,1.4444444,71.52,2.81,UTC-0500,6+THe69Q8P,com.sec.android.app.shealth,2025-09-22 19:31:00.000,235251ad-aa2c-4309-8815-21d615e36485,
57553,4,0,98,2025-09-22 19:31:00.000,,,2025-09-22 19:35:00.274,2025-09-22 19:35:00.274,98,1.2777778,73.54,2.94,UTC-0500,6+THe69Q8P,com.sec.android.app.shealth,2025-09-22 19:32:00.000,d3f94349-67c8-4ea0-8f7a-fd824683ed18,
31744,4,0,53,2025-09-22 19:32:00.000,,,2025-09-22 19:35:00.291,2025-09-22 19:35:00.291,53,1.25,39.68,1.59,UTC-0500,6+THe69Q8P,com.sec.android.app.shealth,2025-09-22 19:33:00.000,1db66c27-32a8-472a-8645-25f426bc2f40,
13464,4,0,18,2025-09-22 19:34:00.000,,,2025-09-22 19:35:00.308,2025-09-22 19:35:00.308,18,0.9722222,13.09,0.59,UTC-0500,6+THe69Q8P,com.sec.android.app.shealth,2025-09-22 19:35:00.000,ea91e4a5-d10d-44f8-b66f-a2a99d94db4e,
24489,4,0,35,2025-09-22 19:35:00.000,,,2025-09-22 19:55:00.277,2025-09-22 19:55:00.277,35,1.0277778,25.17,1.11,UTC-0500,6+THe69Q8P,com.sec.android.app.shealth,2025-09-22 19:36:00.000,cfb329e5-df5c-455c-ba39-268edb44ffc9,
13885,4,0,22,2025-09-22 19:36:00.000,,,2025-09-22 19:55:00.302,2025-09-22 19:55:00.302,22,1.1666666,16.2,0.68,UTC-0500,6+THe69Q8P,com.sec.android.app.shealth,2025-09-22 19:37:00.000,6c762652-1a76-4e06-b2dd-16ca13849c67,
15924,4,0,27,2025-09-22 19:37:00.000,,,2025-09-22 19:55:00.327,2025-09-22 19:55:00.327,27,1.3055556,20.79,0.81,UTC-0500,6+THe69Q8P,com.sec.android.app.shealth,2025-09-22 19:38:00.000,92c98aed-146c-4133-b7e9-ad5b1a758ecd,
9472,4,0,12,2025-09-22 19:40:00.000,,,2025-09-22 19:55:00.350,2025-09-22 19:55:00.350,12,0.8888889,8.42,0.39,UTC-0500,6+THe69Q8P,com.sec.android.app.shealth,2025-09-22 19:41:00.000,2e9c94d8-7bcf-4dbf-a92d-39f5a50c8566,
16731,4,0,25,2025-09-22 19:41:00.000,,,2025-09-22 19:55:00.369,2025-09-22 19:55:00.369,25,1.1111112,18.59,0.78,UTC-0500,6+THe69Q8P,com.sec.android.app.shealth,2025-09-22 19:42:00.000,088330d1-d4bd-4948-a170-ca92fdab424f,
12749,4,0,19,2025-09-22 19:43:00.000,,,2025-09-22 19:55:00.391,2025-09-22 19:55:00.391,19,1.3333334,17.0,0.84,UTC-0500,6+THe69Q8P,com.sec.android.app.shealth,2025-09-22 19:44:00.000,a41948a0-2551-4f0d-8ce8-27f87c441d2e,
32642,4,0,56,2025-09-22 19:48:00.000,,,2025-09-22 19:55:00.415,2025-09-22 19:55:00.415,56,1.2777778,41.71,1.71,UTC-0500,6+THe69Q8P,com.sec.android.app.shealth,2025-09-22 19:49:00.000,d1347445-8664-466f-8b76-1bfcd24d6f26,
38757,4,0,67,2025-09-22 19:49:00.000,,,2025-09-22 19:55:00.435,2025-09-22 19:55:00.435,67,1.3055556,50.6,2.01,UTC-0500,6+THe69Q8P,com.sec.android.app.shealth,2025-09-22 19:50:00.000,79f391aa-6fd2-4e82-94da-c9bc1b4867db,
25760,4,2,34,2025-09-22 19:58:00.000,,,2025-09-22 20:12:11.589,2025-09-22 20:12:11.589,36,1.5,38.64,2.02,UTC-0500,6+THe69Q8P,com.sec.android.app.shealth,2025-09-22 19:59:00.000,ec5359e2-e4ce-490b-9563-d202da7f12d9,
9796,4,0,17,2025-09-22 19:59:00.000,,,2025-09-22 20:12:11.633,2025-09-22 20:12:11.633,17,1.3055556,12.79,0.51,UTC-0500,6+THe69Q8P,com.sec.android.app.shealth,2025-09-22 20:00:00.000,d9f51785-67fa-46f3-a0b8-dba100e53520,
4181,4,0,15,2025-09-22 20:00:00.000,,,2025-09-22 20:12:11.680,2025-09-22 20:12:11.680,15,2.75,11.5,0.47,UTC-0500,6+THe69Q8P,com.sec.android.app.shealth,2025-09-22 20:01:00.000,61391c1e-d7d5-4816-ba53-c285e7a4410f,
29826,4,0,52,2025-09-22 20:08:00.000,,,2025-09-22 20:12:11.710,2025-09-22 20:12:11.710,52,1.3055556,38.94,1.6,UTC-0500,6+THe69Q8P,com.sec.android.app.shealth,2025-09-22 20:09:00.000,1fd0aa88-0224-4cce-838c-65371e8fdca8,
29005,4,0,52,2025-09-22 20:09:00.000,,,2025-09-22 20:12:11.774,2025-09-22 20:12:11.774,52,1.3611112,39.48,1.58,UTC-0500,6+THe69Q8P,com.sec.android.app.shealth,2025-09-22 20:10:00.000,b7dcea19-a95c-42c3-a619-1f6b1bb724a7,
23240,4,0,40,2025-09-23 01:11:00.000,,,2025-09-23 01:15:00.937,2025-09-23 01:15:00.937,40,1.5,34.86,1.63,UTC-0500,6+THe69Q8P,com.sec.android.app.shealth,2025-09-23 01:12:00.000,b2b22ba9-df18-4a88-acb0-520c50dcdd4f,
10864,4,0,20,2025-09-23 01:12:00.000,,,2025-09-23 01:15:00.967,2025-09-23 01:15:00.967,20,1.3888888,15.09,0.64,UTC-0500,6+THe69Q8P,com.sec.android.app.shealth,2025-09-23 01:13:00.000,d845d2fb-3efa-4994-8fe6-6046b42e58c2,
16387,4,0,22,2025-09-23 01:24:00.000,,,2025-09-23 01:30:32.661,2025-09-23 01:30:32.661,22,1.2777778,20.94,1.07,UTC-0500,6+THe69Q8P,com.sec.android.app.shealth,2025-09-23 01:25:00.000,be8fe86c-0e5e-4392-abb7-34ec8d67fbf3,
60000,4,3,103,2025-09-23 01:26:00.000,,,2025-09-23 01:30:32.763,2025-09-23 01:30:32.763,106,1.5134999,90.81,3.96,UTC-0500,6+THe69Q8P,com.sec.android.app.shealth,2025-09-23 01:27:00.000,e42a8cd4-3457-4aa0-9996-6c3aee78362d,
53875,4,0,101,2025-09-23 01:27:00.000,,,2025-09-23 01:30:32.820,2025-09-23 01:30:32.820,101,1.4444444,77.82,3.03,UTC-0500,6+THe69Q8P,com.sec.android.app.shealth,2025-09-23 01:28:00.000,7a2db2b9-b591-47bd-a42a-8c2a77ea3fc6,
5044,4,0,15,2025-09-23 01:28:00.000,,,2025-09-23 01:30:32.865,2025-09-23 01:30:32.865,15,2.4444444,12.33,0.44,UTC-0500,6+THe69Q8P,com.sec.android.app.shealth,2025-09-23 01:29:00.000,0e8d8060-f738-4db7-925e-987776a5d046,
4922,4,0,9,2025-09-23 01:29:00.000,,,2025-09-23 01:30:32.961,2025-09-23 01:30:32.961,9,1.4444444,7.11,0.28,UTC-0500,6+THe69Q8P,com.sec.android.app.shealth,2025-09-23 01:30:00.000,a20c1f77-23e2-4e9d-8adb-0f00d650bac7,
4408,4,0,8,2025-09-23 01:30:00.000,,,2025-09-23 01:30:40.349,2025-09-23 01:30:39.478,8,1.3632458,6.0099998,0.26,UTC-0500,6+THe69Q8P,com.sec.android.app.shealth,2025-09-23 01:31:00.000,6031405e-0b5a-43b7-b88d-ad31ddecaf0f,
12967,4,0,16,2025-09-23 01:36:00.000,,,2025-09-23 01:55:00.956,2025-09-23 01:55:00.956,16,1.2777778,16.57,0.96,UTC-0500,6+THe69Q8P,com.sec.android.app.shealth,2025-09-23 01:37:00.000,4f3044e5-1c00-4116-81ff-d22a6d37f137,
35067,4,0,50,2025-09-23 01:37:00.000,,,2025-09-23 01:55:00.977,2025-09-23 01:55:00.977,50,1.2222222,42.86,2.04,UTC-0500,6+THe69Q8P,com.sec.android.app.shealth,2025-09-23 01:38:00.000,c1d56e02-393e-4c1f-9de0-d6dafccb3abd,
30660,4,1,53,2025-09-23 01:38:00.000,,,2025-09-23 01:55:00.997,2025-09-23 01:55:00.997,54,1.3333334,40.88,1.73,UTC-0500,6+THe69Q8P,com.sec.android.app.shealth,2025-09-23 01:39:00.000,479c99d5-41d7-459a-a41d-ac63ca2e4806,
12900,4,0,17,2025-09-23 01:39:00.000,,,2025-09-23 01:55:01.022,2025-09-23 01:55:01.022,17,1.3333334,17.2,0.87,UTC-0500,6+THe69Q8P,com.sec.android.app.shealth,2025-09-23 01:40:00.000,f8b1b3b7-a99b-41fe-b6ba-d109f8e27ecb,
17194,4,0,25,2025-09-23 01:40:00.000,,,2025-09-23 01:55:02.991,2025-09-23 01:55:02.991,25,1.0555556,18.15,0.77,UTC-0500,6+THe69Q8P,com.sec.android.app.shealth,2025-09-23 01:41:00.000,5025357b-5552-4df3-b6da-11d1f7c5c2d7,
30569,4,1,49,2025-09-23 01:41:00.000,,,2025-09-23 01:55:03.011,2025-09-23 01:55:03.011,50,1.3333334,40.76,1.87,UTC-0500,6+THe69Q8P,com.sec.android.app.shealth,2025-09-23 01:42:00.000,a6841ff3-0a13-441b-a7cf-1dccf00c6e1d,
5780,4,0,8,2025-09-23 01:48:00.000,,,2025-09-23 01:55:03.031,2025-09-23 01:55:03.031,8,1.0,5.78,0.26,UTC-0500,6+THe69Q8P,com.sec.android.app.shealth,2025-09-23 01:49:00.000,e03c260e-227e-4ade-b39f-ba426a6ebc88,
5546,4,0,7,2025-09-23 01:53:00.000,,,2025-09-23 01:55:03.050,2025-09-23 01:55:03.050,7,0.88888896,4.93,0.24,UTC-0500,6+THe69Q8P,com.sec.android.app.shealth,2025-09-23 01:54:00.000,b55c580e-49bb-499c-bb6d-17e16e2109e5,
19639,4,0,34,2025-09-23 02:00:00.000,,,2025-09-23 02:15:01.062,2025-09-23 02:15:01.062,34,1.3055556,25.64,1.06,UTC-0500,6+THe69Q8P,com.sec.android.app.shealth,2025-09-23 02:01:00.000,add4e9a6-8179-46d4-8f39-b28ed051e1c9,
15865,4,3,22,2025-09-23 02:05:00.000,,,2025-09-23 02:15:01.081,2025-09-23 02:15:01.081,25,1.5555556,24.68,1.31,UTC-0500,6+THe69Q8P,com.sec.android.app.shealth,2025-09-23 02:06:00.000,806a5f70-ffd1-416a-b634-a5e36edc97a6,
18359,4,0,19,2025-09-23 02:13:00.000,,,2025-09-23 02:15:01.102,2025-09-23 02:15:01.102,19,1.3333334,24.48,1.37,UTC-0500,6+THe69Q8P,com.sec.android.app.shealth,2025-09-23 02:14:00.000,d40da906-a48b-4266-a77c-307271ba963f,
29566,4,0,42,2025-09-23 02:14:00.000,,,2025-09-23 02:15:01.121,2025-09-23 02:15:01.121,42,1.2777778,37.78,1.83,UTC-0500,6+THe69Q8P,com.sec.android.app.shealth,2025-09-23 02:15:00.000,6521bf91-fd36-4742-8a4b-c4ed023e4296,
35370,4,3,47,2025-09-23 02:15:00.000,,,2025-09-23 02:35:00.920,2025-09-23 02:35:00.920,50,1.3333334,47.16,2.29,UTC-0500,6+THe69Q8P,com.sec.android.app.shealth,2025-09-23 02:16:00.000,fc8752d5-c16e-485b-9dbb-656f4cf2458a,
6087,4,0,10,2025-09-23 02:17:00.000,,,2025-09-23 02:35:00.944,2025-09-23 02:35:00.944,10,1.5277778,9.3,0.52,UTC-0500,6+THe69Q8P,com.sec.android.app.shealth,2025-09-23 02:18:00.000,f18c5ea4-a72a-426a-a753-a45a2ebaaf32,
490,4,0,1,2025-09-23 02:18:00.000,,,2025-09-23 02:35:00.968,2025-09-23 02:35:00.968,1,1.6111112,0.79,0.03,UTC-0500,6+THe69Q8P,com.sec.android.app.shealth,2025-09-23 02:19:00.000,f0a0c7bf-2e7e-406c-9cc6-2504d42bd0e5,
9492,4,0,14,2025-09-23 02:20:00.000,,,2025-09-23 02:35:01.926,2025-09-23 02:35:01.926,14,1.0555556,10.02,0.45,UTC-0500,6+THe69Q8P,com.sec.android.app.shealth,2025-09-23 02:21:00.000,144cd791-7cdf-442e-9b2d-4bf309c62738,
14039,4,3,17,2025-09-23 02:21:00.000,,,2025-09-23 02:35:01.973,2025-09-23 02:35:01.973,20,1.7777778,24.96,1.4,UTC-0500,6+THe69Q8P,com.sec.android.app.shealth,2025-09-23 02:22:00.000,d57a5eb2-29bb-4734-912a-e879a633437d,
16645,4,0,24,2025-09-23 02:22:00.000,,,2025-09-23 02:35:02.014,2025-09-23 02:35:02.014,24,1.1666666,19.42,0.97,UTC-0500,6+THe69Q8P,com.sec.android.app.shealth,2025-09-23 02:23:00.000,c75c69b4-ef70-41ee-b331-5be17e325c0b,
10905,4,0,17,2025-09-23 02:23:00.000,,,2025-09-23 02:35:02.043,2025-09-23 02:35:02.043,17,1.1388888,12.42,0.56,UTC-0500,6+THe69Q8P,com.sec.android.app.shealth,2025-09-23 02:24:00.000,b71730df-6764-48ba-a5f5-7a625e5c9e60,
27760,4,0,32,2025-09-23 02:24:00.000,,,2025-09-23 02:35:02.069,2025-09-23 02:35:02.069,32,1.2222222,33.93,1.76,UTC-0500,6+THe69Q8P,com.sec.android.app.shealth,2025-09-23 02:25:00.000,d14d6132-6b57-4bd4-a54f-a9c351a3ebd4,
16568,4,0,26,2025-09-23 02:25:00.000,,,2025-09-23 02:35:02.089,2025-09-23 02:35:02.089,26,1.1944443,19.79,0.81,UTC-0500,6+THe69Q8P,com.sec.android.app.shealth,2025-09-23 02:26:00.000,8107e51c-8041-4f2b-a2d0-6df431efbd26,
54043,4,0,62,2025-09-23 02:28:00.000,,,2025-09-23 02:35:02.113,2025-09-23 02:35:02.113,62,1.1388888,61.55,3.21,UTC-0500,6+THe69Q8P,com.sec.android.app.shealth,2025-09-23 02:29:00.000,04b80146-1e68-4d49-9883-8e4610ba5670,
634,4,0,1,2025-09-23 02:29:00.000,,,2025-09-23 02:35:02.132,2025-09-23 02:35:02.132,1,1.1666666,0.74,0.03,UTC-0500,6+THe69Q8P,com.sec.android.app.shealth,2025-09-23 02:30:00.000,1d432037-59ec-452c-b74f-caf9dd56c424,
6322,4,0,8,2025-09-23 02:31:00.000,,,2025-09-23 02:35:02.154,2025-09-23 02:35:02.154,8,0.8888889,5.62,0.27,UTC-0500,6+THe69Q8P,com.sec.android.app.shealth,2025-09-23 02:32:00.000,ceccdd9f-9744-47a8-96e4-66a64c17ab8b,
17921,4,0,30,2025-09-23 02:36:00.000,,,2025-09-23 02:55:01.027,2025-09-23 02:55:01.027,30,1.2777778,22.9,0.93,UTC-0500,6+THe69Q8P,com.sec.android.app.shealth,2025-09-23 02:37:00.000,975c3451-88a5-4b7c-95be-09e0f2d1d52b,
2430,4,0,4,2025-09-23 02:37:00.000,,,2025-09-23 02:55:01.048,2025-09-23 02:55:01.048,4,1.2222222,2.97,0.12,UTC-0500,6+THe69Q8P,com.sec.android.app.shealth,2025-09-23 02:38:00.000,c28cd7b6-c39f-42d2-8a0c-ff013443fa4d,
7370,4,0,11,2025-09-23 02:40:00.000,,,2025-09-23 02:55:01.071,2025-09-23 02:55:01.071,11,1.1111112,8.19,0.35,UTC-0500,6+THe69Q8P,com.sec.android.app.shealth,2025-09-23 02:41:00.000,cd0618a0-9492-4cd9-b03d-5c003bb04ed5,
17992,4,0,19,2025-09-23 02:44:00.000,,,2025-09-23 02:55:01.100,2025-09-23 02:55:01.100,19,1.3888887,24.99,1.42,UTC-0500,6+THe69Q8P,com.sec.android.app.shealth,2025-09-23 02:45:00.000,02f4784a-3e48-4569-aeb2-c03675baacc9,
17341,4,0,30,2025-09-23 02:45:00.000,,,2025-09-23 02:55:03.649,2025-09-23 02:55:03.649,30,1.3055556,22.64,0.9,UTC-0500,6+THe69Q8P,com.sec.android.app.shealth,2025-09-23 02:46:00.000,14141913-b906-473b-badf-5b6435da1fc4,
29562,4,0,56,2025-09-23 02:47:00.000,,,2025-09-23 02:55:03.701,2025-09-23 02:55:03.701,56,1.6666666,49.27,2.08,UTC-0500,6+THe69Q8P,com.sec.android.app.shealth,2025-09-23 02:48:00.000,7da4c69d-c74e-4eb7-9cfc-4db8080d96b4,
40996,4,0,64,2025-09-23 02:48:00.000,,,2025-09-23 02:55:03.729,2025-09-23 02:55:03.729,64,1.1388888,46.69,1.97,UTC-0500,6+THe69Q8P,com.sec.android.app.shealth,2025-09-23 02:49:00.000,e0644816-ada8-42b4-8dea-68eb7f36428c,
2021,4,0,3,2025-09-23 02:49:00.000,,,2025-09-23 02:55:03.755,2025-09-23 02:55:03.755,3,1.0833334,2.19,0.1,UTC-0500,6+THe69Q8P,com.sec.android.app.shealth,2025-09-23 02:50:00.000,0bfaf50c-78be-4bc8-962f-f79be19be0eb,
29640,4,0,47,2025-09-23 02:50:00.000,,,2025-09-23 02:55:06.657,2025-09-23 02:55:06.657,47,1.1666666,34.58,1.44,UTC-0500,6+THe69Q8P,com.sec.android.app.shealth,2025-09-23 02:51:00.000,9c7ca3e1-3595-4657-a790-7a183b7e7552,
40672,4,1,56,2025-09-23 02:51:00.000,,,2025-09-23 02:55:06.683,2025-09-23 02:55:06.683,57,1.3333334,54.23,2.6,UTC-0500,6+THe69Q8P,com.sec.android.app.shealth,2025-09-23 02:52:00.000,55289e70-b24a-452d-8582-f5699f253ffa,
4048,4,0,10,2025-09-23 02:55:00.000,,,2025-09-23 03:15:01.118,2025-09-23 03:15:01.118,10,2.0277777,8.21,0.3,UTC-0500,6+THe69Q8P,com.sec.android.app.shealth,2025-09-23 02:56:00.000,ecbfbf5b-60d2-4b9b-bd2d-e67f678891f3,
25077,4,4,47,2025-09-23 02:56:00.000,,,2025-09-23 03:15:01.139,2025-09-23 03:15:01.139,51,1.6388888,41.1,1.7,UTC-0500,6+THe69Q8P,com.sec.android.app.shealth,2025-09-23 02:57:00.000,e1977b96-f13c-458c-9428-36ac9a15065d,
11129,4,4,11,2025-09-23 02:57:00.000,,,2025-09-23 03:15:01.164,2025-09-23 03:15:01.164,15,1.9722222,21.95,1.28,UTC-0500,6+THe69Q8P,com.sec.android.app.shealth,2025-09-23 02:58:00.000,079322a7-49db-49f6-98d8-bd490c16f53a,
8557,4,0,9,2025-09-23 02:58:00.000,,,2025-09-23 03:15:01.189,2025-09-23 03:15:01.189,9,1.3333333,11.41,0.65,UTC-0500,6+THe69Q8P,com.sec.android.app.shealth,2025-09-23 02:59:00.000,22969037-ee77-4896-aeb8-844a205615d6,
60000,4,2,94,2025-09-23 03:01:00.000,,,2025-09-23 03:15:48.458,2025-09-23 03:15:48.458,96,1.2421666,74.53,3.2,UTC-0500,6+THe69Q8P,com.sec.android.app.shealth,2025-09-23 03:02:00.000,7cd731ca-9291-4b9e-9286-9245420c3b3b,
9387,4,0,14,2025-09-23 03:02:00.000,,,2025-09-23 03:15:48.513,2025-09-23 03:15:48.513,14,1.0833334,10.17,0.42,UTC-0500,6+THe69Q8P,com.sec.android.app.shealth,2025-09-23 03:03:00.000,3bcdc262-1db3-4b57-9a43-312b30b71e7a,
19987,4,0,35,2025-09-23 03:04:00.000,,,2025-09-23 03:15:48.554,2025-09-23 03:15:48.554,35,1.3333334,26.65,1.06,UTC-0500,6+THe69Q8P,com.sec.android.app.shealth,2025-09-23 03:05:00.000,9cf2947e-dfae-4919-987b-cbfbf1c8cc9b,
25814,4,0,40,2025-09-23 03:05:00.000,,,2025-09-23 03:15:48.600,2025-09-23 03:15:48.600,40,1.1388888,29.4,1.25,UTC-0500,6+THe69Q8P,com.sec.android.app.shealth,2025-09-23 03:06:00.000,30af32e7-7a88-4675-a739-8e12fb99d7b4,
53287,4,0,93,2025-09-23 03:06:00.000,,,2025-09-23 03:15:48.684,2025-09-23 03:15:48.684,93,1.3333334,71.05,2.81,UTC-0500,6+THe69Q8P,com.sec.android.app.shealth,2025-09-23 03:07:00.000,670e9209-dd81-4336-9749-699c3e8eb72a,
6255,4,0,11,2025-09-23 03:07:00.000,,,2025-09-23 03:15:48.727,2025-09-23 03:15:48.727,11,1.3333334,8.34,0.33,UTC-0500,6+THe69Q8P,com.sec.android.app.shealth,2025-09-23 03:08:00.000,32daf85a-2acb-4816-b801-22a15a864983,
44648,4,0,71,2025-09-23 03:25:00.000,,,2025-09-23 03:35:00.978,2025-09-23 03:25:19.971,71,1.1706978,52.269997,2.1599996,UTC-0500,6+THe69Q8P,com.sec.android.app.shealth,2025-09-23 03:26:00.000,e00feebe-3067-4d0f-8ae1-7b0caefbe26a,
56946,4,0,102,2025-09-23 03:26:00.000,,,2025-09-23 03:35:01.008,2025-09-23 03:35:01.008,102,1.3611112,77.51,3.06,UTC-0500,6+THe69Q8P,com.sec.android.app.shealth,2025-09-23 03:27:00.000,8c74bc07-6469-4366-a0e1-d3088bdd6971,
29405,4,0,51,2025-09-23 03:27:00.000,,,2025-09-23 03:35:01.032,2025-09-23 03:35:01.032,51,1.3055556,38.39,1.53,UTC-0500,6+THe69Q8P,com.sec.android.app.shealth,2025-09-23 03:28:00.000,521d0da4-5f7a-4559-b634-d63e3368a4ca,
15582,4,6,18,2025-09-23 03:31:00.000,,,2025-09-23 03:35:01.059,2025-09-23 03:35:01.059,24,1.9444444,30.3,1.67,UTC-0500,6+THe69Q8P,com.sec.android.app.shealth,2025-09-23 03:32:00.000,58de3d85-99b8-4ec0-ad69-d7a74c07c9ff,
56757,4,0,113,2025-09-23 03:32:00.000,,,2025-09-23 03:35:18.463,2025-09-23 03:35:18.463,113,1.5555556,88.29,3.39,UTC-0500,6+THe69Q8P,com.sec.android.app.shealth,2025-09-23 03:33:00.000,561b6cb6-fc7b-47b2-858f-22c51fddf898,
28876,4,0,54,2025-09-23 03:33:00.000,,,2025-09-23 03:35:18.493,2025-09-23 03:35:18.493,54,1.4444444,41.71,1.64,UTC-0500,6+THe69Q8P,com.sec.android.app.shealth,2025-09-23 03:34:00.000,f040376e-9e11-48cc-a55f-205123a6748d,
29326,4,3,46,2025-09-23 03:41:00.000,,,2025-09-23 03:55:01.117,2025-09-23 03:55:01.117,49,1.5,43.99,2.11,UTC-0500,6+THe69Q8P,com.sec.android.app.shealth,2025-09-23 03:42:00.000,f69dd375-70d1-4c0d-bb7b-6ab9587544da,
54299,4,0,105,2025-09-23 03:42:00.000,,,2025-09-23 03:55:01.141,2025-09-23 03:55:01.141,105,1.5,81.45,3.15,UTC-0500,6+THe69Q8P,com.sec.android.app.shealth,2025-09-23 03:43:00.000,d8cc40ca-189f-4eee-ae25-8054ee32117f,
14880,4,0,22,2025-09-23 04:00:00.000,,,2025-09-23 04:09:47.524,2025-09-23 04:09:47.524,22,1.3333334,19.84,0.98,UTC-0500,6+THe69Q8P,com.sec.android.app.shealth,2025-09-23 04:01:00.000,37dfa376-8a2e-4b58-bcd2-172e73864276,
8445,4,0,15,2025-09-23 14:20:00.000,,,2025-09-23 14:35:02.067,2025-09-23 14:35:02.067,15,1.3333334,11.26,0.49,UTC-0500,6+THe69Q8P,com.sec.android.app.shealth,2025-09-23 14:21:00.000,17ef71cd-7484-4d9a-ad1b-53f4e8a0221a,
11976,4,0,15,2025-09-23 14:26:00.000,,,2025-09-23 14:35:02.076,2025-09-23 14:35:02.076,15,1.4444444,17.3,0.9,UTC-0500,6+THe69Q8P,com.sec.android.app.shealth,2025-09-23 14:27:00.000,f4f7737b-62ea-4c90-8255-607feee43d00,
6858,4,0,14,2025-09-23 14:27:00.000,,,2025-09-23 14:35:02.089,2025-09-23 14:35:02.089,14,1.5833334,10.86,0.44,UTC-0500,6+THe69Q8P,com.sec.android.app.shealth,2025-09-23 14:28:00.000,30b53eaf-1051-4219-a4fa-f3652d77d1dc,
30310,4,0,52,2025-09-24 09:56:00.000,,,2025-09-24 09:58:26.404,2025-09-24 09:58:26.404,52,1.2777778,38.73,1.6,UTC-0500,6+THe69Q8P,com.sec.android.app.shealth,2025-09-24 09:57:00.000,710823c9-091d-4585-843b-107b816382f7,
25277,4,0,40,2025-09-24 09:57:00.000,,,2025-09-24 09:58:26.448,2025-09-24 09:58:26.448,40,1.1666666,29.49,1.21,UTC-0500,6+THe69Q8P,com.sec.android.app.shealth,2025-09-24 09:58:00.000,27dc9833-a88b-4f28-81d4-1979ee45d7c7,
14142,4,0,22,2025-09-24 10:07:00.000,,,2025-09-24 10:15:01.843,2025-09-24 10:15:01.843,22,1.1666666,16.5,0.71,UTC-0500,6+THe69Q8P,com.sec.android.app.shealth,2025-09-24 10:08:00.000,773cb0b4-301c-4ee1-a4bf-9b7f417eb43c,
24696,4,0,36,2025-09-24 10:08:00.000,,,2025-09-24 10:15:01.854,2025-09-24 10:15:01.854,36,1.1111112,27.44,1.25,UTC-0500,6+THe69Q8P,com.sec.android.app.shealth,2025-09-24 10:09:00.000,cafd5e3a-28ad-4adb-805a-9c0dba5a4ec8,
14965,4,0,20,2025-09-24 10:09:00.000,,,2025-09-24 10:15:01.862,2025-09-24 10:15:01.862,20,0.9722222,14.55,0.65,UTC-0500,6+THe69Q8P,com.sec.android.app.shealth,2025-09-24 10:10:00.000,ae6bcdf7-089c-4f8a-bf2f-64be18c56a9f,
27253,4,0,45,2025-09-24 10:10:00.000,,,2025-09-24 10:15:01.874,2025-09-24 10:15:01.874,45,1.2222222,33.31,1.42,UTC-0500,6+THe69Q8P,com.sec.android.app.shealth,2025-09-24 10:11:00.000,abbcb845-9be9-4a7d-a3ef-d2d32ef0f760,
2190,4,0,3,2025-09-24 10:11:00.000,,,2025-09-24 10:15:01.884,2025-09-24 10:15:01.884,3,0.97222227,2.13,0.09,UTC-0500,6+THe69Q8P,com.sec.android.app.shealth,2025-09-24 10:12:00.000,36993815-feaf-435c-9430-0fcb62b230b6,
5625,4,0,10,2025-09-24 10:15:00.000,,,2025-09-24 10:35:01.783,2025-09-24 10:35:01.783,10,1.3333334,7.5,0.32,UTC-0500,6+THe69Q8P,com.sec.android.app.shealth,2025-09-24 10:16:00.000,1c4f5cb9-a2e8-479a-9a76-e5b1b955461b,
10246,4,0,18,2025-09-24 10:38:00.000,,,2025-09-24 10:38:46.788,2025-09-24 10:38:43.282,18,1.3019251,13.34,0.58,UTC-0500,6+THe69Q8P,com.sec.android.app.shealth,2025-09-24 10:39:00.000,355ab189-ca4c-4164-be1a-17cfa1c7514f,
20475,4,0,33,2025-09-24 11:48:00.000,,,2025-09-24 11:55:01.820,2025-09-24 11:55:01.820,33,1.3611112,27.87,1.32,UTC-0500,6+THe69Q8P,com.sec.android.app.shealth,2025-09-24 11:49:00.000,28f16329-0127-49ab-89b4-3ea55d7a5f79,
58800,4,0,109,2025-09-24 11:49:00.000,,,2025-09-24 11:55:01.832,2025-09-24 11:55:01.832,109,1.4166666,83.3,3.29,UTC-0500,6+THe69Q8P,com.sec.android.app.shealth,2025-09-24 11:50:00.000,eb8b4e51-fed7-4272-b1c9-ffc5ef6c910f,
19327,4,0,34,2025-09-24 11:50:00.000,,,2025-09-24 11:55:01.842,2025-09-24 11:55:01.842,34,1.3333334,25.77,1.03,UTC-0500,6+THe69Q8P,com.sec.android.app.shealth,2025-09-24 11:51:00.000,a1580103-a0aa-4006-96a1-b4777a539ac7,
51012,4,0,93,2025-09-24 11:57:00.000,,,2025-09-24 11:59:14.462,2025-09-24 11:59:14.462,93,1.3888888,70.85,2.81,UTC-0500,6+THe69Q8P,com.sec.android.app.shealth,2025-09-24 11:58:00.000,9dc39fc6-ed74-4a6d-a402-ce32224e8608,
17587,4,0,31,2025-09-24 11:58:00.000,,,2025-09-24 11:59:14.490,2025-09-24 11:59:14.490,31,1.3333334,23.45,0.93,UTC-0500,6+THe69Q8P,com.sec.android.app.shealth,2025-09-24 11:59:00.000,4df84d03-b75f-48ab-820c-0312eada28ab,
12820,4,0,24,2025-09-24 11:59:00.000,,,2025-09-24 11:59:59.891,2025-09-24 11:59:49.612,24,1.4257921,18.28,0.7399998,UTC-0500,6+THe69Q8P,com.sec.android.app.shealth,2025-09-24 12:00:00.000,f9df8a57-e200-4f97-ad88-4a15f9d39982,
55993,4,0,105,2025-09-24 12:00:00.000,,,2025-09-24 12:00:58.400,2025-09-24 12:00:00.397,105,1.4380351,80.52,3.1499975,UTC-0500,6+THe69Q8P,com.sec.android.app.shealth,2025-09-24 12:01:00.000,244f9aa7-2525-4179-b2fd-74d95a1ba737,
558,4,0,1,2025-09-24 12:01:00.000,,,2025-09-24 12:01:00.143,2025-09-24 12:01:00.143,1,1.3611112,0.76,0.03,UTC-0500,6+THe69Q8P,com.sec.android.app.shealth,2025-09-24 12:02:00.000,29d7d259-e0d3-425f-8a74-d25fa2bf968b,
23136,4,0,41,2025-09-24 12:02:00.000,,,2025-09-24 12:15:01.976,2025-09-24 12:02:22.688,41,1.3337967,30.86,1.2699999,UTC-0500,6+THe69Q8P,com.sec.android.app.shealth,2025-09-24 12:03:00.000,64531713-718a-4ad0-8ac2-8ee41c0458d5,
54468,4,0,99,2025-09-24 12:03:00.000,,,2025-09-24 12:15:01.994,2025-09-24 12:15:01.994,99,1.3888888,75.65,2.99,UTC-0500,6+THe69Q8P,com.sec.android.app.shealth,2025-09-24 12:04:00.000,af025aaf-073f-4f94-ad59-f8b1a69587b5,
54394,4,0,102,2025-09-24 12:04:00.000,,,2025-09-24 12:15:02.014,2025-09-24 12:15:02.014,102,1.4444444,78.57,3.1,UTC-0500,6+THe69Q8P,com.sec.android.app.shealth,2025-09-24 12:05:00.000,764d8491-c77f-443b-a182-3a328fc6fafe,
16831,4,0,30,2025-09-24 12:05:00.000,,,2025-09-24 12:15:02.032,2025-09-24 12:15:02.032,30,1.3611112,22.91,0.9,UTC-0500,6+THe69Q8P,com.sec.android.app.shealth,2025-09-24 12:06:00.000,41aa4151-2c1b-4fb5-8a49-ebd5b6a60db1,
50317,4,0,89,2025-09-24 12:07:00.000,,,2025-09-24 12:15:02.048,2025-09-24 12:15:02.048,89,1.3333334,67.09,2.71,UTC-0500,6+THe69Q8P,com.sec.android.app.shealth,2025-09-24 12:08:00.000,e1371e7b-dfee-4f7f-91b3-425289eea13c,
23056,4,0,39,2025-09-24 12:08:00.000,,,2025-09-24 12:15:02.065,2025-09-24 12:15:02.065,39,1.25,28.82,1.27,UTC-0500,6+THe69Q8P,com.sec.android.app.shealth,2025-09-24 12:09:00.000,f6eb6483-0c9e-4242-8aa0-a171bb4ef011,
15912,4,0,29,2025-09-24 12:10:00.000,,,2025-09-24 12:15:02.623,2025-09-24 12:15:02.623,29,1.5277778,24.31,1.14,UTC-0500,6+THe69Q8P,com.sec.android.app.shealth,2025-09-24 12:11:00.000,7374f05f-5d9a-47d4-82ba-55dafc8a5d03,
42357,4,0,81,2025-09-24 12:11:00.000,,,2025-09-24 12:15:02.646,2025-09-24 12:15:02.646,81,1.4722222,62.36,2.46,UTC-0500,6+THe69Q8P,com.sec.android.app.shealth,2025-09-24 12:12:00.000,d275db2d-3b5e-45b1-a1c6-2a5041bc7377,
25450,4,0,40,2025-09-24 12:12:00.000,,,2025-09-24 12:15:02.664,2025-09-24 12:15:02.664,40,1.2777778,32.52,1.44,UTC-0500,6+THe69Q8P,com.sec.android.app.shealth,2025-09-24 12:13:00.000,b4486775-bf87-4706-8509-aa57d4020831,
55051,4,0,102,2025-09-24 12:13:00.000,,,2025-09-24 12:15:02.694,2025-09-24 12:15:02.694,102,1.4166666,77.99,3.13,UTC-0500,6+THe69Q8P,com.sec.android.app.shealth,2025-09-24 12:14:00.000,0e93c54e-fb21-4033-b151-0d4159cc4da8,
30092,4,0,60,2025-09-24 12:14:00.000,,,2025-09-24 12:15:02.709,2025-09-24 12:15:02.709,60,1.5555556,46.81,1.82,UTC-0500,6+THe69Q8P,com.sec.android.app.shealth,2025-09-24 12:15:00.000,74270526-3379-45e1-b5d8-97d4c35fec3b,
14295,4,0,28,2025-09-24 12:15:00.000,,,2025-09-24 12:26:35.650,2025-09-24 12:26:35.650,28,1.5277778,21.84,0.84,UTC-0500,6+THe69Q8P,com.sec.android.app.shealth,2025-09-24 12:16:00.000,98288603-2b02-4863-9174-afc011ccfd79,
43358,4,0,67,2025-09-24 12:16:00.000,,,2025-09-24 12:26:35.678,2025-09-24 12:26:35.678,67,1.1388888,49.38,2.08,UTC-0500,6+THe69Q8P,com.sec.android.app.shealth,2025-09-24 12:17:00.000,834bae69-9507-4557-98bc-ef6f3c7811d0,
25893,4,0,40,2025-09-24 12:17:00.000,,,2025-09-24 12:26:35.763,2025-09-24 12:26:35.763,40,1.1388888,29.49,1.22,UTC-0500,6+THe69Q8P,com.sec.android.app.shealth,2025-09-24 12:18:00.000,d464cc30-d1c6-4447-8c1e-31af3c895bde,
39856,4,1,69,2025-09-24 12:18:00.000,,,2025-09-24 12:26:35.777,2025-09-24 12:26:35.777,70,1.4444444,57.57,2.56,UTC-0500,6+THe69Q8P,com.sec.android.app.shealth,2025-09-24 12:19:00.000,a9d46731-b76c-47c9-b4e4-03db3604a7d0,
22824,4,0,35,2025-09-24 12:19:00.000,,,2025-09-24 12:26:35.793,2025-09-24 12:26:35.793,35,1.1111112,25.36,1.08,UTC-0500,6+THe69Q8P,com.sec.android.app.shealth,2025-09-24 12:20:00.000,f41948bb-7cf0-43b6-ad98-c90a918ba20b,
51448,4,0,86,2025-09-24 12:20:00.000,,,2025-09-24 12:26:35.812,2025-09-24 12:26:35.812,86,1.25,64.31,2.61,UTC-0500,6+THe69Q8P,com.sec.android.app.shealth,2025-09-24 12:21:00.000,7d256eca-19d2-419c-98f1-fab2d4be898f,
4970,4,0,7,2025-09-24 12:21:00.000,,,2025-09-24 12:26:35.837,2025-09-24 12:26:35.837,7,1.0,4.97,0.24,UTC-0500,6+THe69Q8P,com.sec.android.app.shealth,2025-09-24 12:22:00.000,0ccb26cc-1022-4100-b4ec-a3ac155c4ecd,
8992,4,0,16,2025-09-24 12:25:00.000,,,2025-09-24 12:26:35.880,2025-09-24 12:26:35.880,16,1.3611112,12.24,0.52,UTC-0500,6+THe69Q8P,com.sec.android.app.shealth,2025-09-24 12:26:00.000,9c67ef6a-657b-4c70-8498-3b7ac96c4330,
1648,4,0,3,2025-09-24 12:26:00.000,,,2025-09-24 12:26:35.898,2025-09-24 12:26:35.898,3,1.3888888,2.29,0.09,UTC-0500,6+THe69Q8P,com.sec.android.app.shealth,2025-09-24 12:27:00.000,704c2339-5761-4bd3-b31e-a01bcfdfcd10,
53742,4,0,87,2025-09-24 12:42:00.000,,,2025-09-24 12:42:59.781,2025-09-24 12:42:08.698,87,1.1942121,64.18004,2.559998,UTC-0500,6+THe69Q8P,com.sec.android.app.shealth,2025-09-24 12:43:00.000,56587b21-a77b-4120-8cd1-6a7954a0ad0c,
40956,4,0,65,2025-09-24 12:43:00.000,,,2025-09-24 12:44:20.231,2025-09-24 12:43:00.681,65,1.1758685,48.160004,1.9899998,UTC-0500,6+THe69Q8P,com.sec.android.app.shealth,2025-09-24 12:44:00.000,ed89c639-c5fd-4d2d-b5fb-0de0ea0eca7d,
17594,4,0,31,2025-09-24 12:44:00.000,,,2025-09-24 12:44:20.271,2025-09-24 12:44:20.271,31,1.3333334,23.46,0.93,UTC-0500,6+THe69Q8P,com.sec.android.app.shealth,2025-09-24 12:45:00.000,0d6d908b-58e0-41dc-a43c-927a8ce13664,
54382,4,0,96,2025-09-24 12:53:00.000,,,2025-09-24 12:55:01.925,2025-09-24 12:55:01.925,96,1.3333334,72.51,2.9,UTC-0500,6+THe69Q8P,com.sec.android.app.shealth,2025-09-24 12:54:00.000,f57f699c-f239-4af6-9acb-079c06cbfd3a,
33860,4,1,59,2025-09-24 12:54:00.000,,,2025-09-24 12:55:01.941,2025-09-24 12:55:01.941,60,1.4444444,48.91,2.12,UTC-0500,6+THe69Q8P,com.sec.android.app.shealth,2025-09-24 12:55:00.000,2f577424-9fdc-4fab-8766-f656e9c03314,
9467,4,0,19,2025-09-24 18:15:00.000,,,2025-09-24 18:34:22.723,2025-09-24 18:34:22.723,19,1.5833335,14.99,0.6,UTC-0500,6+THe69Q8P,com.sec.android.app.shealth,2025-09-24 18:16:00.000,663f65cc-eb8d-43fd-b4e2-d893c2a01436,
6076,4,0,13,2025-09-24 18:42:00.000,,,2025-09-24 18:42:50.972,2025-09-24 18:42:50.571,13,1.6965677,10.31,0.33,UTC-0500,6+THe69Q8P,com.sec.android.app.shealth,2025-09-24 18:43:00.000,f84d58cf-d6cb-4b52-9122-695b5e983ba0,
11672,4,2,15,2025-09-24 20:12:00.000,,,2025-09-24 20:15:00.641,2025-09-24 20:15:00.641,17,2.75,32.1,2.01,UTC-0500,6+THe69Q8P,com.sec.android.app.shealth,2025-09-24 20:13:00.000,1a3fafa9-922b-48d5-9cf3-dc88e01e2544,
37501,4,3,68,2025-09-24 20:13:00.000,,,2025-09-24 20:15:00.660,2025-09-24 20:15:00.660,71,1.4722222,55.21,2.23,UTC-0500,6+THe69Q8P,com.sec.android.app.shealth,2025-09-24 20:14:00.000,8d76e24e-eee2-4c14-ada8-a3b12db34490,
42120,4,0,72,2025-09-24 20:14:00.000,,,2025-09-24 20:15:00.677,2025-09-24 20:15:00.677,72,1.2777778,53.82,2.22,UTC-0500,6+THe69Q8P,com.sec.android.app.shealth,2025-09-24 20:15:00.000,c716878b-27f6-429f-b741-a18f0400dfcf,
19530,4,0,33,2025-09-24 20:15:00.000,,,2025-09-24 20:33:52.023,2025-09-24 20:33:52.023,33,1.3333334,26.04,1.04,UTC-0500,6+THe69Q8P,com.sec.android.app.shealth,2025-09-24 20:16:00.000,522cc7d8-ee5e-42cf-bfca-dba6e2858706,
32661,4,0,50,2025-09-24 20:16:00.000,,,2025-09-24 20:33:52.086,2025-09-24 20:33:52.086,50,1.1111112,36.29,1.58,UTC-0500,6+THe69Q8P,com.sec.android.app.shealth,2025-09-24 20:17:00.000,97eca991-3f12-462a-bfcb-f3a7e5c5b743,
31335,4,0,46,2025-09-24 20:17:00.000,,,2025-09-24 20:33:52.124,2025-09-24 20:33:52.124,46,1.25,39.17,1.8,UTC-0500,6+THe69Q8P,com.sec.android.app.shealth,2025-09-24 20:18:00.000,019abbbb-1861-4456-8d59-a74491d746ba,
26373,4,0,36,2025-09-24 20:18:00.000,,,2025-09-24 20:33:52.170,2025-09-24 20:33:52.170,36,1.2777778,33.7,1.64,UTC-0500,6+THe69Q8P,com.sec.android.app.shealth,2025-09-24 20:19:00.000,65b1996c-bdce-4f84-9600-68bffed63280,
34671,4,0,54,2025-09-24 20:19:00.000,,,2025-09-24 20:33:52.208,2025-09-24 20:33:52.208,54,1.1666666,40.45,1.71,UTC-0500,6+THe69Q8P,com.sec.android.app.shealth,2025-09-24 20:20:00.000,74bb0fe5-8437-49db-8232-72e3ef88d875,
30548,4,5,41,2025-09-24 20:20:00.000,,,2025-09-24 20:33:52.242,2025-09-24 20:33:52.242,46,1.5555556,47.52,2.35,UTC-0500,6+THe69Q8P,com.sec.android.app.shealth,2025-09-24 20:21:00.000,cc874428-537e-4a6d-823a-4b4b36d4acc9,
14867,4,3,22,2025-09-24 20:21:00.000,,,2025-09-24 20:33:52.272,2025-09-24 20:33:52.272,25,1.8611112,27.67,1.43,UTC-0500,6+THe69Q8P,com.sec.android.app.shealth,2025-09-24 20:22:00.000,5e9d850f-2fa9-484a-b663-fbee1c6a0175,
19278,4,0,30,2025-09-24 20:23:00.000,,,2025-09-24 20:33:52.297,2025-09-24 20:33:52.297,30,1.3611112,26.24,1.26,UTC-0500,6+THe69Q8P,com.sec.android.app.shealth,2025-09-24 20:24:00.000,5bccdbef-c8bb-4ce1-887e-134ffa946996,
1002,4,0,2,2025-09-24 20:24:00.000,,,2025-09-24 20:33:52.323,2025-09-24 20:33:52.323,2,1.5555556,1.56,0.06,UTC-0500,6+THe69Q8P,com.sec.android.app.shealth,2025-09-24 20:25:00.000,15a2cd50-37c7-4bba-b106-c48f84ac38f6,
60000,4,0,88,2025-09-24 20:26:00.000,,,2025-09-24 20:33:52.344,2025-09-24 20:33:52.344,88,1.2668333,76.01,3.48,UTC-0500,6+THe69Q8P,com.sec.android.app.shealth,2025-09-24 20:27:00.000,91231206-5f1f-4e3d-9873-334688e2a8c8,
49304,4,0,84,2025-09-24 20:27:00.000,,,2025-09-24 20:33:52.370,2025-09-24 20:33:52.370,84,1.2777778,63.0,2.52,UTC-0500,6+THe69Q8P,com.sec.android.app.shealth,2025-09-24 20:28:00.000,9aef6cf7-af96-4fee-82c8-d29e490b89e7,
32784,4,1,47,2025-09-24 20:28:00.000,,,2025-09-24 20:33:52.390,2025-09-24 20:33:52.390,48,1.2222222,40.07,1.89,UTC-0500,6+THe69Q8P,com.sec.android.app.shealth,2025-09-24 20:29:00.000,f65110ef-8bc0-4648-81a5-14fe8a341d81,
5680,4,0,8,2025-09-24 20:32:00.000,,,2025-09-24 20:33:52.409,2025-09-24 20:33:52.409,8,1.0,5.68,0.27,UTC-0500,6+THe69Q8P,com.sec.android.app.shealth,2025-09-24 20:33:00.000,ea8279df-240d-483d-bc67-dc63c7bf6849,
41441,4,1,59,2025-09-24 20:33:00.000,,,2025-09-24 20:33:52.427,2025-09-24 20:33:52.427,60,1.1944444,49.5,2.27,UTC-0500,6+THe69Q8P,com.sec.android.app.shealth,2025-09-24 20:34:00.000,99061061-b118-41fb-8fe1-3514980448ac,
12369,4,0,22,2025-09-24 20:35:00.000,,,2025-09-24 20:55:00.799,2025-09-24 20:55:00.799,22,1.3888888,17.18,0.69,UTC-0500,6+THe69Q8P,com.sec.android.app.shealth,2025-09-24 20:36:00.000,85640dcb-3c51-488f-975a-0e3299d859ca,
28409,4,0,49,2025-09-24 20:36:00.000,,,2025-09-24 20:55:00.814,2025-09-24 20:55:00.814,49,1.3055556,37.09,1.5,UTC-0500,6+THe69Q8P,com.sec.android.app.shealth,2025-09-24 20:37:00.000,0740c335-845b-44b9-a4cf-3c472969620a,
8436,4,0,14,2025-09-24 20:37:00.000,,,2025-09-24 20:55:00.830,2025-09-24 20:55:00.830,14,1.2777778,10.78,0.43,UTC-0500,6+THe69Q8P,com.sec.android.app.shealth,2025-09-24 20:38:00.000,76ee2437-7e76-4084-bfa1-f28a49424f1c,
14248,4,0,26,2025-09-24 20:40:00.000,,,2025-09-24 20:55:00.845,2025-09-24 20:55:00.845,26,1.3888888,19.79,0.83,UTC-0500,6+THe69Q8P,com.sec.android.app.shealth,2025-09-24 20:41:00.000,72a6f792-5756-49d3-9c8b-2ccffa1eb6f2,
33360,4,0,59,2025-09-24 20:42:00.000,,,2025-09-24 20:55:00.862,2025-09-24 20:55:00.862,59,1.3333333,44.48,1.82,UTC-0500,6+THe69Q8P,com.sec.android.app.shealth,2025-09-24 20:43:00.000,fe64d0bf-db0c-4892-9764-1a1893b8573e,
57023,4,0,104,2025-09-24 20:43:00.000,,,2025-09-24 20:55:00.876,2025-09-24 20:55:00.876,104,1.3888888,79.2,3.12,UTC-0500,6+THe69Q8P,com.sec.android.app.shealth,2025-09-24 20:44:00.000,d3bdd0ea-73c7-4b88-9c5e-a3f941b4e7ff,
24727,4,0,43,2025-09-24 20:44:00.000,,,2025-09-24 20:55:00.889,2025-09-24 20:55:00.889,43,1.3333334,32.97,1.29,UTC-0500,6+THe69Q8P,com.sec.android.app.shealth,2025-09-24 20:45:00.000,28eb3d94-bdde-416f-890f-582e2b53de4a,
9373,4,0,18,2025-09-25 00:40:00.000,,,2025-09-25 00:43:22.808,2025-09-25 00:43:22.808,18,1.5000001,14.06,0.57,UTC-0600,6+THe69Q8P,com.sec.android.app.shealth,2025-09-25 00:41:00.000,ef653427-3e89-4562-8d21-106edb3a7465,
10711,4,0,19,2025-09-25 01:26:00.000,,,2025-09-25 01:35:01.312,2025-09-25 01:35:01.312,19,1.3611112,14.58,0.6,UTC-0600,6+THe69Q8P,com.sec.android.app.shealth,2025-09-25 01:27:00.000,e7f63265-9be0-414d-ab13-eb98fe42091c,
18050,4,0,37,2025-09-25 01:32:00.000,,,2025-09-25 01:35:01.342,2025-09-25 01:35:01.342,37,1.5833334,28.58,1.16,UTC-0600,6+THe69Q8P,com.sec.android.app.shealth,2025-09-25 01:33:00.000,78c80595-2814-4d44-9567-5a4e11e495ef,
8912,4,0,15,2025-09-25 01:36:00.000,,,2025-09-25 01:55:01.205,2025-09-25 01:55:01.205,15,1.25,11.14,0.49,UTC-0600,6+THe69Q8P,com.sec.android.app.shealth,2025-09-25 01:37:00.000,9d68deed-6f11-40d0-8ee7-57a0ed16362e,
26815,4,0,44,2025-09-25 01:37:00.000,,,2025-09-25 01:55:01.228,2025-09-25 01:55:01.228,44,1.1944444,32.03,1.43,UTC-0600,6+THe69Q8P,com.sec.android.app.shealth,2025-09-25 01:38:00.000,c9e83edc-cb1a-40d5-9cce-efc852e75a99,
17124,4,0,28,2025-09-25 01:39:00.000,,,2025-09-25 01:55:01.258,2025-09-25 01:55:01.258,28,1.2222222,20.93,0.88,UTC-0600,6+THe69Q8P,com.sec.android.app.shealth,2025-09-25 01:40:00.000,9cfa8a9a-3ca6-4316-bdb0-ce5f08b13119,
7611,4,0,12,2025-09-25 01:40:00.000,,,2025-09-25 01:55:01.279,2025-09-25 01:55:01.279,12,1.1666666,8.88,0.38,UTC-0600,6+THe69Q8P,com.sec.android.app.shealth,2025-09-25 01:41:00.000,c0592cff-82a1-4fac-a125-308669949d09,
12105,4,0,23,2025-09-25 01:41:00.000,,,2025-09-25 01:55:01.297,2025-09-25 01:55:01.297,23,1.4166666,17.15,0.74,UTC-0600,6+THe69Q8P,com.sec.android.app.shealth,2025-09-25 01:42:00.000,ae6b16ef-0d7a-42ad-97b5-33069ea2b8d0,
58671,4,0,95,2025-09-25 02:13:00.000,,,2025-09-25 02:15:01.243,2025-09-25 02:15:01.243,95,1.1944444,70.08,2.9,UTC-0600,6+THe69Q8P,com.sec.android.app.shealth,2025-09-25 02:14:00.000,3cf71ce9-d48f-405e-9444-9da04763f494,
24557,4,0,39,2025-09-25 02:14:00.000,,,2025-09-25 02:15:01.269,2025-09-25 02:15:01.269,39,1.1666666,28.65,1.2,UTC-0600,6+THe69Q8P,com.sec.android.app.shealth,2025-09-25 02:15:00.000,b1bae3ab-e82d-4afb-a0ff-a898de9d8893,
34431,4,0,54,2025-09-25 02:26:00.000,,,2025-09-25 02:29:52.693,2025-09-25 02:29:52.693,54,1.1666666,40.17,1.65,UTC-0600,6+THe69Q8P,com.sec.android.app.shealth,2025-09-25 02:27:00.000,1aaae2be-5eea-431a-8b88-c266f96fdc2c,
7148,4,0,14,2025-09-25 02:32:00.000,,,2025-09-25 02:35:01.359,2025-09-25 02:35:01.359,14,1.5555556,11.12,0.43,UTC-0600,6+THe69Q8P,com.sec.android.app.shealth,2025-09-25 02:33:00.000,b6def5bd-5f4d-4e89-9d05-5cb857f988f8,
58467,4,0,96,2025-09-25 02:33:00.000,,,2025-09-25 02:35:01.394,2025-09-25 02:35:01.394,96,1.2222222,71.46,2.88,UTC-0600,6+THe69Q8P,com.sec.android.app.shealth,2025-09-25 02:34:00.000,8b5265b1-7ffb-48f5-b035-5588039f0cf9,
30760,4,0,51,2025-09-25 02:34:00.000,,,2025-09-25 02:35:01.414,2025-09-25 02:35:01.414,51,1.25,38.45,1.54,UTC-0600,6+THe69Q8P,com.sec.android.app.shealth,2025-09-25 02:35:00.000,f3f32e8a-74f9-4a0c-ab78-32f69cf64574,
16716,4,0,28,2025-09-25 02:35:00.000,,,2025-09-25 02:55:01.238,2025-09-25 02:55:01.238,28,1.2777777,21.36,0.87,UTC-0600,6+THe69Q8P,com.sec.android.app.shealth,2025-09-25 02:36:00.000,d1ff74de-5760-4b0b-b026-f3da21a247f9,
10908,4,0,17,2025-09-25 02:36:00.000,,,2025-09-25 02:55:01.263,2025-09-25 02:55:01.263,17,1.1111112,12.12,0.57,UTC-0600,6+THe69Q8P,com.sec.android.app.shealth,2025-09-25 02:37:00.000,9506c30b-70c3-4004-934f-fa21ff84f31d,
12960,4,0,22,2025-09-25 02:37:00.000,,,2025-09-25 02:55:01.290,2025-09-25 02:55:01.290,22,1.25,16.2,0.71,UTC-0600,6+THe69Q8P,com.sec.android.app.shealth,2025-09-25 02:38:00.000,96f2daa9-3895-4d26-9e96-ee7e807e5368,
30908,4,2,47,2025-09-25 02:38:00.000,,,2025-09-25 02:55:01.317,2025-09-25 02:55:01.317,49,1.5555556,48.08,2.45,UTC-0600,6+THe69Q8P,com.sec.android.app.shealth,2025-09-25 02:39:00.000,fd5dc78c-8e19-43a7-aa54-523be9395419,
19586,4,0,35,2025-09-25 02:39:00.000,,,2025-09-25 02:55:01.336,2025-09-25 02:55:01.336,35,1.3611112,26.66,1.07,UTC-0600,6+THe69Q8P,com.sec.android.app.shealth,2025-09-25 02:40:00.000,1e16c6c8-ff7b-4974-a973-a7addf68a4a5,
37520,4,0,63,2025-09-25 02:40:00.000,,,2025-09-25 02:55:01.354,2025-09-25 02:55:01.354,63,1.25,46.9,1.93,UTC-0600,6+THe69Q8P,com.sec.android.app.shealth,2025-09-25 02:41:00.000,6177eda0-48b0-4269-9ed5-26aa11bbe793,
7059,4,0,11,2025-09-25 02:41:00.000,,,2025-09-25 02:55:01.374,2025-09-25 02:55:01.374,11,1.1388888,8.04,0.35,UTC-0600,6+THe69Q8P,com.sec.android.app.shealth,2025-09-25 02:42:00.000,f0e5cad7-d340-4d94-b8c1-6220c3457074,
23212,4,0,41,2025-09-25 02:42:00.000,,,2025-09-25 02:55:01.392,2025-09-25 02:55:01.392,41,1.3333334,30.95,1.29,UTC-0600,6+THe69Q8P,com.sec.android.app.shealth,2025-09-25 02:43:00.000,2135e502-25bf-4446-b2b3-c301abd5c022,
35844,4,0,59,2025-09-25 02:43:00.000,,,2025-09-25 02:55:01.412,2025-09-25 02:55:01.412,59,1.2222222,43.81,1.79,UTC-0600,6+THe69Q8P,com.sec.android.app.shealth,2025-09-25 02:44:00.000,2df05db5-19d2-4c0a-b560-569df4c389a0,
38684,4,0,66,2025-09-25 02:44:00.000,,,2025-09-25 02:55:01.430,2025-09-25 02:55:01.430,66,1.2777778,49.43,2.0,UTC-0600,6+THe69Q8P,com.sec.android.app.shealth,2025-09-25 02:45:00.000,f7afb989-950d-431c-805a-20bb5198c912,
8246,4,0,16,2025-09-25 02:47:00.000,,,2025-09-25 02:55:01.452,2025-09-25 02:55:01.452,16,1.5000001,12.37,0.51,UTC-0600,6+THe69Q8P,com.sec.android.app.shealth,2025-09-25 02:48:00.000,410dc763-7ff9-4ce8-b872-0194fd44f134,
9596,4,0,14,2025-09-25 02:49:00.000,,,2025-09-25 02:55:01.478,2025-09-25 02:55:01.478,14,1.0555555,10.13,0.44,UTC-0600,6+THe69Q8P,com.sec.android.app.shealth,2025-09-25 02:50:00.000,bb5f0609-0384-4e23-819e-dfb40694ae88,
6586,4,0,11,2025-09-25 02:51:00.000,,,2025-09-25 02:55:01.500,2025-09-25 02:55:01.500,11,1.2222222,8.05,0.35,UTC-0600,6+THe69Q8P,com.sec.android.app.shealth,2025-09-25 02:52:00.000,c65f7cc2-cc1f-4c0f-ba57-72f1a7e55b90,
7193,4,0,14,2025-09-25 03:20:00.000,,,2025-09-25 03:20:41.775,2025-09-25 03:20:40.732,14,1.4722222,10.59,0.36,UTC-0600,6+THe69Q8P,com.sec.android.app.shealth,2025-09-25 03:21:00.000,366926b0-b4d9-4cdf-9e95-8425beb0aef5,
10616,4,0,20,2025-09-25 03:57:00.000,,,2025-09-25 04:15:01.428,2025-09-25 04:15:01.428,20,1.4166666,15.04,0.64,UTC-0600,6+THe69Q8P,com.sec.android.app.shealth,2025-09-25 03:58:00.000,01eb75b1-ab1d-4461-bb25-02096793101b,
8971,4,0,16,2025-09-25 04:18:00.000,,,2025-09-25 04:35:01.426,2025-09-25 04:35:01.426,16,1.4166666,12.71,0.51,UTC-0600,6+THe69Q8P,com.sec.android.app.shealth,2025-09-25 04:19:00.000,b1595485-34fe-47ea-9468-ef1622a81c3a,
16335,4,0,31,2025-09-25 11:22:00.000,,,2025-09-25 11:22:47.490,2025-09-25 11:22:36.744,31,1.4685986,23.990004,0.86999977,UTC-0600,6+THe69Q8P,com.sec.android.app.shealth,2025-09-25 11:23:00.000,bd74cbf5-590c-4e02-bad4-c5c2326a23b0,
9658,4,0,12,2025-09-25 11:30:00.000,,,2025-09-25 11:30:49.589,2025-09-25 11:30:49.589,12,1.4722222,14.22,0.8,UTC-0600,6+THe69Q8P,com.sec.android.app.shealth,2025-09-25 11:31:00.000,d3a117bb-2e14-4505-844e-8c668282fc87,
9088,4,0,17,2025-09-25 11:48:00.000,,,2025-09-25 11:55:02.053,2025-09-25 11:55:02.053,17,1.4722222,13.38,0.54,UTC-0600,6+THe69Q8P,com.sec.android.app.shealth,2025-09-25 11:49:00.000,427c2ad8-46b6-4c76-8eef-a04effc3cb84,
30592,4,0,52,2025-09-25 11:49:00.000,,,2025-09-25 11:55:02.071,2025-09-25 11:55:02.071,52,1.2777778,39.09,1.6,UTC-0600,6+THe69Q8P,com.sec.android.app.shealth,2025-09-25 11:50:00.000,c76c2dc4-ba9c-4b5d-907c-7f2c6c94ee15,
26517,4,0,55,2025-09-25 11:50:00.000,,,2025-09-25 11:55:02.088,2025-09-25 11:55:02.088,55,1.6388888,43.46,1.66,UTC-0600,6+THe69Q8P,com.sec.android.app.shealth,2025-09-25 11:51:00.000,6c189f6a-6d6b-4408-8c63-d257a7d20666,
15691,4,0,32,2025-09-25 11:51:00.000,,,2025-09-25 11:55:02.110,2025-09-25 11:55:02.110,32,1.6111112,25.28,0.97,UTC-0600,6+THe69Q8P,com.sec.android.app.shealth,2025-09-25 11:52:00.000,0bafd30d-6655-45ef-afb8-56e8eec8957b,
28022,4,0,46,2025-09-25 11:52:00.000,,,2025-09-25 11:55:02.160,2025-09-25 11:55:02.160,46,1.2222222,34.25,1.38,UTC-0600,6+THe69Q8P,com.sec.android.app.shealth,2025-09-25 11:53:00.000,9dd1ea64-2ac4-41ec-b744-d6bcb666944f,
33384,4,0,60,2025-09-25 11:54:00.000,,,2025-09-25 11:55:02.187,2025-09-25 11:55:02.187,60,1.3611112,45.44,1.88,UTC-0600,6+THe69Q8P,com.sec.android.app.shealth,2025-09-25 11:55:00.000,24d8d3f9-bc02-4e1a-8325-5bb55ec59970,
38439,4,0,69,2025-09-25 11:55:00.000,,,2025-09-25 11:58:15.262,2025-09-25 11:58:15.262,69,1.3611112,52.32,2.11,UTC-0600,6+THe69Q8P,com.sec.android.app.shealth,2025-09-25 11:56:00.000,20bb3056-20d8-44fc-995f-6a20800f66c5,
4689,4,0,7,2025-09-25 11:56:00.000,,,2025-09-25 11:58:15.288,2025-09-25 11:58:15.288,7,1.0833334,5.08,0.21,UTC-0600,6+THe69Q8P,com.sec.android.app.shealth,2025-09-25 11:57:00.000,93a2ef01-a999-4848-a929-beced6b58e75,
25927,4,0,48,2025-09-25 11:57:00.000,,,2025-09-25 11:58:15.313,2025-09-25 11:58:15.313,48,1.4166666,36.73,1.5,UTC-0600,6+THe69Q8P,com.sec.android.app.shealth,2025-09-25 11:58:00.000,18c416ba-f1c6-4016-88a8-38a94a795178,
10828,4,0,20,2025-09-25 12:00:00.000,,,2025-09-25 12:15:02.133,2025-09-25 12:15:02.133,20,1.4166666,15.34,0.63,UTC-0600,6+THe69Q8P,com.sec.android.app.shealth,2025-09-25 12:01:00.000,f53dba10-51a6-41d3-b0e8-68d6290dd1c2,
20713,4,0,39,2025-09-25 12:01:00.000,,,2025-09-25 12:15:02.146,2025-09-25 12:15:02.146,39,1.4444444,29.92,1.21,UTC-0600,6+THe69Q8P,com.sec.android.app.shealth,2025-09-25 12:02:00.000,25cac06a-e430-4a02-9039-706b7aa5bf56,
34777,4,0,61,2025-09-25 12:02:00.000,,,2025-09-25 12:15:02.172,2025-09-25 12:15:02.172,61,1.3333334,46.37,1.88,UTC-0600,6+THe69Q8P,com.sec.android.app.shealth,2025-09-25 12:03:00.000,c5a28d35-4db6-4538-be65-75325cafa860,
10136,4,0,17,2025-09-25 12:03:00.000,,,2025-09-25 12:15:02.193,2025-09-25 12:15:02.193,17,1.25,12.67,0.53,UTC-0600,6+THe69Q8P,com.sec.android.app.shealth,2025-09-25 12:04:00.000,757e36f5-0130-4270-bb4e-81fba6697ab6,
16296,4,0,26,2025-09-25 12:04:00.000,,,2025-09-25 12:15:02.222,2025-09-25 12:15:02.222,26,1.25,20.37,0.79,UTC-0600,6+THe69Q8P,com.sec.android.app.shealth,2025-09-25 12:05:00.000,3096d28b-8cb5-4172-aaa0-ffb316469bbe,
14795,4,0,26,2025-09-25 12:05:00.000,,,2025-09-25 12:15:02.239,2025-09-25 12:15:02.239,26,1.3888888,20.55,0.79,UTC-0600,6+THe69Q8P,com.sec.android.app.shealth,2025-09-25 12:06:00.000,c359bdc6-6e3b-4dec-a9b5-72ab5903c8d0,
13335,4,0,27,2025-09-25 12:43:00.000,,,2025-09-25 12:43:59.945,2025-09-25 12:43:52.951,27,1.5792816,21.060003,0.74999976,UTC-0600,6+THe69Q8P,com.sec.android.app.shealth,2025-09-25 12:44:00.000,1dd83a5e-32ac-4fe6-9ed9-4a10e087d642,
7922,4,14,7,2025-09-25 12:44:00.000,,,2025-09-25 12:44:08.570,2025-09-25 12:44:00.329,21,2.7314377,21.640005,1.2300001,UTC-0600,6+THe69Q8P,com.sec.android.app.shealth,2025-09-25 12:45:00.000,860897ce-8e1a-42e1-a751-1b1055117ab2,
6076,4,0,12,2025-09-25 13:31:00.000,,,2025-09-25 13:31:07.572,2025-09-25 13:31:07.572,12,1.6111112,9.79,0.3,UTC-0600,6+THe69Q8P,com.sec.android.app.shealth,2025-09-25 13:32:00.000,5698641a-0aba-477a-82be-228fa9056853,
7768,4,0,15,2025-09-25 14:15:00.000,,,2025-09-25 14:15:54.273,2025-09-25 14:15:52.743,15,1.4777324,11.479999,0.39000002,UTC-0600,6+THe69Q8P,com.sec.android.app.shealth,2025-09-25 14:16:00.000,d9232af3-5656-4431-a3f4-27b12526a6da,
10314,4,0,16,2025-09-25 14:35:00.000,,,2025-09-25 14:44:00.701,2025-09-25 14:44:00.701,16,1.1111112,11.46,0.54,UTC-0600,6+THe69Q8P,com.sec.android.app.shealth,2025-09-25 14:36:00.000,c60efb48-2fed-4a90-ba21-adbd41962f7c,
8936,4,0,15,2025-09-25 14:36:00.000,,,2025-09-25 14:44:00.746,2025-09-25 14:44:00.746,15,1.25,11.17,0.49,UTC-0600,6+THe69Q8P,com.sec.android.app.shealth,2025-09-25 14:37:00.000,85770e3c-562a-4aea-b55d-bf219425f2f0,
18497,4,0,29,2025-09-25 14:37:00.000,,,2025-09-25 14:44:00.783,2025-09-25 14:44:00.783,29,1.1666666,21.58,0.91,UTC-0600,6+THe69Q8P,com.sec.android.app.shealth,2025-09-25 14:38:00.000,071f3cb9-a31f-460b-a256-f65fd885a7ee,
14864,4,0,24,2025-09-25 14:44:00.000,,,2025-09-25 14:44:41.937,2025-09-25 14:44:33.043,24,1.1806477,17.55,0.7299998,UTC-0600,6+THe69Q8P,com.sec.android.app.shealth,2025-09-25 14:45:00.000,db538bdc-bad0-4696-9818-9e2e60200ee7,
23726,4,0,44,2025-09-25 14:45:00.000,,,2025-09-25 14:45:59.392,2025-09-25 14:45:02.974,44,1.4519778,34.45,1.26,UTC-0600,6+THe69Q8P,com.sec.android.app.shealth,2025-09-25 14:46:00.000,d7e1fd6d-3524-4ef1-b92a-438a2b06ea11,
10542,4,0,17,2025-09-25 14:46:00.000,,,2025-09-25 14:46:14.204,2025-09-25 14:46:00.134,17,1.1960588,12.610001,0.51,UTC-0600,6+THe69Q8P,com.sec.android.app.shealth,2025-09-25 14:47:00.000,c0520186-ad88-4024-a004-2fac24092d78,
11654,4,0,21,2025-09-25 14:55:00.000,,,2025-09-25 14:55:27.687,2025-09-25 14:55:22.900,21,1.3754048,16.030003,0.56999993,UTC-0600,6+THe69Q8P,com.sec.android.app.shealth,2025-09-25 14:56:00.000,68e90811-269b-41cc-afb2-ee0f5fc11a47,
25659,4,0,36,2025-09-25 14:56:00.000,,,2025-09-25 14:56:59.732,2025-09-25 14:56:32.478,36,1.0319892,26.480001,1.0699998,UTC-0600,6+THe69Q8P,com.sec.android.app.shealth,2025-09-25 14:57:00.000,c1ead0c4-cbe8-4f53-98bb-e87c61a08a91,
9002,4,0,13,2025-09-25 14:57:00.000,,,2025-09-25 14:57:10.937,2025-09-25 14:57:00.593,13,1.036346,9.330001,0.41,UTC-0600,6+THe69Q8P,com.sec.android.app.shealth,2025-09-25 14:58:00.000,be42b0dd-7386-4796-b2b9-9bd4fdf04f78,
11891,4,0,19,2025-09-25 14:58:00.000,,,2025-09-25 14:58:51.149,2025-09-25 14:58:44.858,19,1.188224,14.129999,0.52,UTC-0600,6+THe69Q8P,com.sec.android.app.shealth,2025-09-25 14:59:00.000,be723594-2581-4ae3-af4b-81395016de5d,
32665,4,0,52,2025-09-25 18:52:00.000,,,2025-09-25 18:53:19.106,2025-09-25 18:53:19.106,52,1.1666666,38.11,1.61,UTC-0600,6+THe69Q8P,com.sec.android.app.shealth,2025-09-25 18:53:00.000,4bc04c94-0d75-42ab-af18-e5a2da456950,
57523,4,0,94,2025-09-25 18:53:00.000,,,2025-09-25 18:53:59.821,2025-09-25 18:53:19.136,94,1.2101159,69.61005,2.8199983,UTC-0600,6+THe69Q8P,com.sec.android.app.shealth,2025-09-25 18:54:00.000,021f5f28-9292-4f37-a128-0c7f3635f4c5,
54605,4,0,86,2025-09-25 18:54:00.000,,,2025-09-25 18:54:59.601,2025-09-25 18:54:00.455,86,1.1610502,63.400013,2.5999982,UTC-0600,6+THe69Q8P,com.sec.android.app.shealth,2025-09-25 18:55:00.000,c4fa3215-5cc4-48a1-973e-b131f736805e,
22230,4,0,34,2025-09-25 18:55:00.000,,,2025-09-25 18:55:24.751,2025-09-25 18:55:00.266,34,1.1115134,24.71,1.0599997,UTC-0600,6+THe69Q8P,com.sec.android.app.shealth,2025-09-25 18:56:00.000,af734ca8-b732-4dce-88be-540fd9476712,
13991,4,0,20,2025-09-25 19:05:00.000,,,2025-09-25 19:06:42.216,2025-09-25 19:06:42.216,20,1.0277778,14.38,0.65,UTC-0600,6+THe69Q8P,com.sec.android.app.shealth,2025-09-25 19:06:00.000,4404a022-3a27-4740-b450-275f8f701937,
7669,4,0,10,2025-09-25 19:11:00.000,,,2025-09-25 19:15:00.646,2025-09-25 19:15:00.646,10,0.9166667,7.03,0.33,UTC-0600,6+THe69Q8P,com.sec.android.app.shealth,2025-09-25 19:12:00.000,cb0151eb-ca3d-44d4-9910-1c336ff71a42,
8481,4,0,13,2025-09-25 19:13:00.000,,,2025-09-25 19:15:00.666,2025-09-25 19:15:00.666,13,1.1388888,9.66,0.41,UTC-0600,6+THe69Q8P,com.sec.android.app.shealth,2025-09-25 19:14:00.000,3de12ec7-a9c3-4bf7-9aac-958bf931fd4f,
25696,4,0,43,2025-09-25 19:14:00.000,,,2025-09-25 19:15:00.682,2025-09-25 19:15:00.682,43,1.25,32.12,1.33,UTC-0600,6+THe69Q8P,com.sec.android.app.shealth,2025-09-25 19:15:00.000,f86af16d-1cfd-4f00-8b28-84cb4e5c13f2,
58209,4,0,104,2025-09-25 19:15:00.000,,,2025-09-25 19:35:00.777,2025-09-25 19:35:00.777,104,1.3611112,79.23,3.12,UTC-0600,6+THe69Q8P,com.sec.android.app.shealth,2025-09-25 19:16:00.000,1f3bae0e-eea9-4c9b-9074-5c83902cc044,
26772,4,0,48,2025-09-25 19:16:00.000,,,2025-09-25 19:35:00.791,2025-09-25 19:35:00.791,48,1.3611112,36.44,1.44,UTC-0600,6+THe69Q8P,com.sec.android.app.shealth,2025-09-25 19:17:00.000,88a3e156-495c-41c8-9963-fd53eb74c7d2,
10639,4,0,18,2025-09-25 19:17:00.000,,,2025-09-25 19:35:00.806,2025-09-25 19:35:00.806,18,1.3055556,13.89,0.55,UTC-0600,6+THe69Q8P,com.sec.android.app.shealth,2025-09-25 19:18:00.000,b69db476-293d-4cee-881e-5eb806b6c354,
3824,4,0,8,2025-09-25 19:20:00.000,,,2025-09-25 19:35:00.821,2025-09-25 19:35:00.821,8,1.6944444,6.48,0.25,UTC-0600,6+THe69Q8P,com.sec.android.app.shealth,2025-09-25 19:21:00.000,3787537e-c72f-4fc3-a3f2-0952a8dcf9f2,
19047,4,0,28,2025-09-25 19:59:00.000,,,2025-09-25 19:59:59.499,2025-09-25 19:59:48.953,28,1.0573398,20.139997,0.9099998,UTC-0600,6+THe69Q8P,com.sec.android.app.shealth,2025-09-25 20:00:00.000,8a11eba2-5bc8-49c0-9158-d0f8f91ce073,
640,4,0,1,2025-09-25 20:00:00.000,,,2025-09-25 20:00:00.314,2025-09-25 20:00:00.314,1,1.1388888,0.73,0.03,UTC-0600,6+THe69Q8P,com.sec.android.app.shealth,2025-09-25 20:01:00.000,69237bf9-8f12-45ce-8617-34c3eeb183f3,
8195,4,0,19,2025-09-25 20:31:00.000,,,2025-09-25 20:31:51.652,2025-09-25 20:31:47.743,19,1.8913399,15.5,0.51,UTC-0600,6+THe69Q8P,com.sec.android.app.shealth,2025-09-25 20:32:00.000,ee5f517b-e11b-457c-b8ae-801d032d0393,
30725,4,0,45,2025-09-26 02:14:00.000,,,2025-09-26 02:15:00.114,2025-09-26 02:15:00.114,45,1.2777778,39.26,1.84,UTC-0700,6+THe69Q8P,com.sec.android.app.shealth,2025-09-26 02:15:00.000,818f33d0-3ed3-4901-ada3-643b36052f9e,
12973,4,1,17,2025-09-26 02:17:00.000,,,2025-09-26 02:27:54.149,2025-09-26 02:27:54.149,18,1.4444444,18.74,1.0,UTC-0700,6+THe69Q8P,com.sec.android.app.shealth,2025-09-26 02:18:00.000,a7ea12cb-097e-4eb1-b1a6-2885f6d873b2,
30885,4,0,43,2025-09-26 02:19:00.000,,,2025-09-26 02:27:54.175,2025-09-26 02:27:54.175,43,1.4722222,45.47,2.27,UTC-0700,6+THe69Q8P,com.sec.android.app.shealth,2025-09-26 02:20:00.000,4ac28558-2a26-428f-bbbd-81b7c1330b76,
37263,4,0,68,2025-09-26 02:23:00.000,,,2025-09-26 02:27:54.206,2025-09-26 02:27:54.206,68,1.4166666,52.79,2.09,UTC-0700,6+THe69Q8P,com.sec.android.app.shealth,2025-09-26 02:24:00.000,52793c1d-a925-42ba-8c37-87a89ad078c8,
49342,4,0,87,2025-09-26 02:24:00.000,,,2025-09-26 02:27:54.231,2025-09-26 02:27:54.231,87,1.3333334,65.79,2.61,UTC-0700,6+THe69Q8P,com.sec.android.app.shealth,2025-09-26 02:25:00.000,16a20e47-47a8-4d07-bf14-2324bae2a0f5,
3882,4,0,11,2025-09-26 02:26:00.000,,,2025-09-26 02:27:54.256,2025-09-26 02:27:54.256,11,2.3333333,9.06,0.32,UTC-0700,6+THe69Q8P,com.sec.android.app.shealth,2025-09-26 02:27:00.000,b7127719-f66c-465c-b42e-d755d8791c81,
28423,4,0,47,2025-09-26 02:29:00.000,,,2025-09-26 02:35:00.164,2025-09-26 02:35:00.164,47,1.2222222,34.74,1.46,UTC-0700,6+THe69Q8P,com.sec.android.app.shealth,2025-09-26 02:30:00.000,cd124555-1a8a-4a93-8dc9-3da9f2699d3b,
56187,4,0,107,2025-09-26 02:30:00.000,,,2025-09-26 02:35:00.178,2025-09-26 02:35:00.178,107,1.4722222,82.72,3.21,UTC-0700,6+THe69Q8P,com.sec.android.app.shealth,2025-09-26 02:31:00.000,279febd1-8181-4c26-94fc-273a56748c5e,
5905,4,0,11,2025-09-26 02:31:00.000,,,2025-09-26 02:35:00.193,2025-09-26 02:35:00.193,11,1.4444444,8.53,0.35,UTC-0700,6+THe69Q8P,com.sec.android.app.shealth,2025-09-26 02:32:00.000,dcd1670e-18c3-4565-982f-a95a8e74182d,
4933,4,0,15,2025-09-26 04:43:00.000,,,2025-09-26 04:43:14.364,2025-09-26 04:43:12.690,15,2.5030537,12.349999,0.39000002,UTC-0700,6+THe69Q8P,com.sec.android.app.shealth,2025-09-26 04:44:00.000,bc9641b2-795a-4e47-8b54-6d5a05e62b04,
18818,4,0,33,2025-09-26 04:46:00.000,,,2025-09-26 04:46:49.418,2025-09-26 04:46:33.342,33,1.3385874,25.189997,0.9299996,UTC-0700,6+THe69Q8P,com.sec.android.app.shealth,2025-09-26 04:47:00.000,25f58591-8c71-4f22-84f8-0cdd38399a87,
7727,4,0,12,2025-09-26 04:55:00.000,,,2025-09-26 04:55:59.719,2025-09-26 04:55:59.719,12,1.1944444,9.23,0.3,UTC-0700,6+THe69Q8P,com.sec.android.app.shealth,2025-09-26 04:56:00.000,9a32584b-8adf-414b-b88a-92f7c00cd992,
34715,4,0,53,2025-09-26 04:56:00.000,,,2025-09-26 04:56:55.309,2025-09-26 04:56:00.331,53,1.2049328,41.829994,1.8899996,UTC-0700,6+THe69Q8P,com.sec.android.app.shealth,2025-09-26 04:57:00.000,43aba189-53f0-495c-9a52-7abdd57a3dfa,
16962,4,0,28,2025-09-26 04:57:00.000,,,2025-09-26 04:57:17.437,2025-09-26 04:57:03.782,28,1.2238965,20.759996,0.85999966,UTC-0700,6+THe69Q8P,com.sec.android.app.shealth,2025-09-26 04:58:00.000,c815ca91-1bbb-43cf-bb98-5c3100494e44,
59288,4,0,99,2025-09-26 05:05:00.000,,,2025-09-26 05:15:00.497,2025-09-26 05:15:00.497,99,1.25,74.11,3.01,UTC-0700,6+THe69Q8P,com.sec.android.app.shealth,2025-09-26 05:06:00.000,031059f1-0c20-40e7-8126-84aa6b93ba35,
49648,4,0,83,2025-09-26 05:06:00.000,,,2025-09-26 05:15:00.515,2025-09-26 05:15:00.515,83,1.25,62.06,2.51,UTC-0700,6+THe69Q8P,com.sec.android.app.shealth,2025-09-26 05:07:00.000,3fb3c0bc-9e69-45f7-8f77-09a5f28ef6f6,
17255,4,0,28,2025-09-26 05:07:00.000,,,2025-09-26 05:15:00.536,2025-09-26 05:15:00.536,28,1.2222222,21.09,0.87,UTC-0700,6+THe69Q8P,com.sec.android.app.shealth,2025-09-26 05:08:00.000,97c6dc24-9825-4930-854f-5d07b99a7b0f,
30685,4,0,50,2025-09-26 11:11:00.000,,,2025-09-26 11:11:59.704,2025-09-26 11:11:37.114,50,1.2074112,37.049995,1.5499991,UTC-0700,6+THe69Q8P,com.sec.android.app.shealth,2025-09-26 11:12:00.000,9dfd3955-accf-4f81-8ffd-0c82b24a6590,
26062,4,0,42,2025-09-26 11:12:00.000,,,2025-09-26 11:12:43.451,2025-09-26 11:12:00.455,42,1.1956059,31.16,1.26,UTC-0700,6+THe69Q8P,com.sec.android.app.shealth,2025-09-26 11:13:00.000,8127f363-d06e-42ac-8826-27be10427809,
42564,4,0,59,2025-09-26 11:16:00.000,,,2025-09-26 11:35:01.087,2025-09-26 11:35:01.087,59,1.3055556,55.57,2.67,UTC-0700,6+THe69Q8P,com.sec.android.app.shealth,2025-09-26 11:17:00.000,ce2415ca-8e1f-4153-8470-13c1bb171e52,
17889,4,0,32,2025-09-26 11:17:00.000,,,2025-09-26 11:35:01.099,2025-09-26 11:35:01.099,32,1.3611113,24.35,0.96,UTC-0700,6+THe69Q8P,com.sec.android.app.shealth,2025-09-26 11:18:00.000,5488887c-ea4a-4ff1-afc0-7886b6dfe9c2,
27648,4,0,51,2025-09-26 11:55:00.000,,,2025-09-26 12:15:01.101,2025-09-26 12:15:01.101,51,1.3888888,38.4,1.62,UTC-0700,6+THe69Q8P,com.sec.android.app.shealth,2025-09-26 11:56:00.000,2de2ea80-78db-43dc-a9e3-34b66981e15a,
15258,4,0,29,2025-09-26 11:57:00.000,,,2025-09-26 12:15:01.115,2025-09-26 12:15:01.115,29,1.4444444,22.04,0.91,UTC-0700,6+THe69Q8P,com.sec.android.app.shealth,2025-09-26 11:58:00.000,673ee789-bf6c-4eca-a2fd-8d10b367c014,
13688,4,0,19,2025-09-26 12:12:00.000,,,2025-09-26 12:15:01.129,2025-09-26 12:15:01.129,19,1.25,17.11,0.91,UTC-0700,6+THe69Q8P,com.sec.android.app.shealth,2025-09-26 12:13:00.000,52292f2b-19ac-4af4-8ab4-f221a954dde8,
12430,4,0,24,2025-09-26 12:16:00.000,,,2025-09-26 12:35:01.157,2025-09-26 12:35:01.157,24,1.4722222,18.3,0.76,UTC-0700,6+THe69Q8P,com.sec.android.app.shealth,2025-09-26 12:17:00.000,7e6dd287-9677-4332-86ed-d3c708f63aa1,
11304,4,3,15,2025-09-26 12:19:00.000,,,2025-09-26 12:35:01.170,2025-09-26 12:35:01.170,18,3.3888888,38.31,2.38,UTC-0700,6+THe69Q8P,com.sec.android.app.shealth,2025-09-26 12:20:00.000,c51404f7-9366-48ca-a4f5-40f6d0cf9db4,
923,4,2,0,2025-09-26 12:20:00.000,,,2025-09-26 12:35:01.181,2025-09-26 12:35:01.181,2,2.3611112,2.18,0.15,UTC-0700,6+THe69Q8P,com.sec.android.app.shealth,2025-09-26 12:21:00.000,f6ade001-ee81-4d05-8361-ff4336e29be2,
31107,4,0,56,2025-09-26 12:25:00.000,,,2025-09-26 12:35:01.193,2025-09-26 12:35:01.193,56,1.5555556,48.39,2.09,UTC-0700,6+THe69Q8P,com.sec.android.app.shealth,2025-09-26 12:26:00.000,4edbb544-cb1b-4406-90b5-96def35ac991,
19969,4,0,37,2025-09-26 12:26:00.000,,,2025-09-26 12:35:01.205,2025-09-26 12:35:01.205,37,1.4166666,28.29,1.13,UTC-0700,6+THe69Q8P,com.sec.android.app.shealth,2025-09-26 12:27:00.000,0d1a09e9-6652-4695-bf08-4ff9556640b4,
43895,4,11,74,2025-09-26 12:27:00.000,,,2025-09-26 12:35:01.218,2025-09-26 12:35:01.218,85,1.6388888,71.94,3.38,UTC-0700,6+THe69Q8P,com.sec.android.app.shealth,2025-09-26 12:28:00.000,272951c4-764c-49ab-b7c2-bee575221da0,
49668,4,11,95,2025-09-26 12:28:00.000,,,2025-09-26 12:35:01.232,2025-09-26 12:35:01.232,106,1.75,86.92,3.62,UTC-0700,6+THe69Q8P,com.sec.android.app.shealth,2025-09-26 12:29:00.000,79de183b-5c19-4f49-8698-0bfddecd4d7b,
9986,4,0,18,2025-09-26 12:30:00.000,,,2025-09-26 12:35:01.691,2025-09-26 12:35:01.691,18,1.3888888,13.87,0.57,UTC-0700,6+THe69Q8P,com.sec.android.app.shealth,2025-09-26 12:31:00.000,08260694-5020-4eb0-b66f-0fd14c4c2ad8,
24101,4,0,51,2025-09-26 12:32:00.000,,,2025-09-26 12:35:01.704,2025-09-26 12:35:01.704,51,1.6388888,39.5,1.61,UTC-0700,6+THe69Q8P,com.sec.android.app.shealth,2025-09-26 12:33:00.000,99ac56c1-4c3f-49f2-9626-7519bd0269bb,
19558,4,9,22,2025-09-26 12:41:00.000,,,2025-09-26 12:55:01.251,2025-09-26 12:55:01.251,31,2.7777777,54.33,3.23,UTC-0700,6+THe69Q8P,com.sec.android.app.shealth,2025-09-26 12:42:00.000,c9f1fc0b-5848-435e-a33d-aafb7d7e6162,
10725,4,0,22,2025-09-26 12:42:00.000,,,2025-09-26 12:55:01.263,2025-09-26 12:55:01.263,22,1.6111112,17.28,0.66,UTC-0700,6+THe69Q8P,com.sec.android.app.shealth,2025-09-26 12:43:00.000,f6c7476f-8895-4108-b34d-2e4ba3b0bf22,
22591,4,8,27,2025-09-26 12:51:00.000,,,2025-09-26 12:55:01.275,2025-09-26 12:55:01.275,35,2.4722223,55.85,3.21,UTC-0700,6+THe69Q8P,com.sec.android.app.shealth,2025-09-26 12:52:00.000,0240a0de-24c1-4930-8828-62e621fe8d7b,
20236,4,0,38,2025-09-26 14:04:00.000,,,2025-09-26 14:15:01.214,2025-09-26 14:15:01.214,38,1.4444444,29.23,1.17,UTC-0700,6+THe69Q8P,com.sec.android.app.shealth,2025-09-26 14:05:00.000,5a279d20-8eff-434f-a3de-7924d059dc1b,
58250,4,0,109,2025-09-26 14:05:00.000,,,2025-09-26 14:15:01.242,2025-09-26 14:15:01.242,109,1.4444444,84.14,3.27,UTC-0700,6+THe69Q8P,com.sec.android.app.shealth,2025-09-26 14:06:00.000,1a7b367c-18e3-403b-a3a9-bc066fab51f4,
46440,4,0,79,2025-09-26 14:06:00.000,,,2025-09-26 14:15:01.266,2025-09-26 14:15:01.266,79,1.2777778,59.34,2.37,UTC-0700,6+THe69Q8P,com.sec.android.app.shealth,2025-09-26 14:07:00.000,396b1654-2318-44de-9afc-05b26bc6449c,
5557,4,0,7,2025-09-26 14:07:00.000,,,2025-09-26 14:15:01.279,2025-09-26 14:15:01.279,7,0.8888889,4.94,0.24,UTC-0700,6+THe69Q8P,com.sec.android.app.shealth,2025-09-26 14:08:00.000,9fe2e92a-1d19-47ff-a7f7-92383f76573e,
30265,4,0,49,2025-09-26 14:08:00.000,,,2025-09-26 14:15:01.299,2025-09-26 14:15:01.299,49,1.1944444,36.15,1.5,UTC-0700,6+THe69Q8P,com.sec.android.app.shealth,2025-09-26 14:09:00.000,5fa17ee5-ec19-47c1-adf6-09e54994a165,
12834,4,0,19,2025-09-26 14:15:00.000,,,2025-09-26 14:35:01.359,2025-09-26 14:35:01.359,19,1.1111112,14.26,0.61,UTC-0700,6+THe69Q8P,com.sec.android.app.shealth,2025-09-26 14:16:00.000,a7d47f97-0ad8-40fa-8e31-9a14d89ea287,
28176,4,0,40,2025-09-26 14:16:00.000,,,2025-09-26 14:35:01.376,2025-09-26 14:35:01.376,40,1.1388888,32.09,1.42,UTC-0700,6+THe69Q8P,com.sec.android.app.shealth,2025-09-26 14:17:00.000,b67eb9bf-4558-4f92-97e5-2518b18e1742,
4939,4,0,8,2025-09-26 14:17:00.000,,,2025-09-26 14:35:01.403,2025-09-26 14:35:01.403,8,1.1944444,5.9,0.24,UTC-0700,6+THe69Q8P,com.sec.android.app.shealth,2025-09-26 14:18:00.000,fdb38130-8b24-4e5d-bfc4-904d363e6e35,
4925,4,0,8,2025-09-26 14:20:00.000,,,2025-09-26 14:35:01.421,2025-09-26 14:35:01.421,8,1.3055556,6.43,0.25,UTC-0700,6+THe69Q8P,com.sec.android.app.shealth,2025-09-26 14:21:00.000,c6d4cc65-89ac-43ae-925c-35746ac8c462,
42984,4,0,72,2025-09-26 14:22:00.000,,,2025-09-26 14:35:01.442,2025-09-26 14:35:01.442,72,1.25,53.73,2.2,UTC-0700,6+THe69Q8P,com.sec.android.app.shealth,2025-09-26 14:23:00.000,1067da5e-d064-448e-bad9-74ea1ba0b30a,
59282,4,0,101,2025-09-26 14:23:00.000,,,2025-09-26 14:35:01.464,2025-09-26 14:35:01.464,101,1.2777778,75.75,3.03,UTC-0700,6+THe69Q8P,com.sec.android.app.shealth,2025-09-26 14:24:00.000,6bb71905-a53f-4050-a334-2ff8a6294d20,
34064,4,0,57,2025-09-26 14:24:00.000,,,2025-09-26 14:35:01.489,2025-09-26 14:35:01.489,57,1.25,42.58,1.71,UTC-0700,6+THe69Q8P,com.sec.android.app.shealth,2025-09-26 14:25:00.000,2eb776ea-ef6e-4536-b6c5-2f203821d4e5,
8211,4,0,17,2025-09-26 14:25:00.000,,,2025-09-26 14:35:01.528,2025-09-26 14:35:01.528,17,1.6111112,13.23,0.54,UTC-0700,6+THe69Q8P,com.sec.android.app.shealth,2025-09-26 14:26:00.000,ac98124e-d2f9-4b91-930a-131f411be6a0,
28757,4,0,49,2025-09-26 14:26:00.000,,,2025-09-26 14:35:01.567,2025-09-26 14:35:01.567,49,1.4166666,40.74,1.73,UTC-0700,6+THe69Q8P,com.sec.android.app.shealth,2025-09-26 14:27:00.000,a384ad8e-598d-427d-b086-744e5300923e,
46548,4,1,69,2025-09-26 14:27:00.000,,,2025-09-26 14:35:01.589,2025-09-26 14:35:01.589,70,1.1944444,55.6,2.5,UTC-0700,6+THe69Q8P,com.sec.android.app.shealth,2025-09-26 14:28:00.000,1a452c3d-8edf-4e15-b51a-9a4949ce7700,
57490,4,0,98,2025-09-26 14:28:00.000,,,2025-09-26 14:35:01.606,2025-09-26 14:35:01.606,98,1.2777778,73.46,2.96,UTC-0700,6+THe69Q8P,com.sec.android.app.shealth,2025-09-26 14:29:00.000,a5fcfe84-f1b2-423c-b5bf-930ddcfc759f,
46998,4,0,84,2025-09-26 14:29:00.000,,,2025-09-26 14:35:01.634,2025-09-26 14:35:01.634,84,1.3611112,63.97,2.52,UTC-0700,6+THe69Q8P,com.sec.android.app.shealth,2025-09-26 14:30:00.000,03afd4ee-957f-4b9b-88c4-34416dcce1a2,
37602,4,0,70,2025-09-26 14:30:00.000,,,2025-09-26 14:35:01.659,2025-09-26 14:35:01.659,70,1.4166666,53.27,2.14,UTC-0700,6+THe69Q8P,com.sec.android.app.shealth,2025-09-26 14:31:00.000,18927356-bd19-4ec4-bc15-4e9d689c77b3,
41861,4,0,71,2025-09-26 14:31:00.000,,,2025-09-26 14:35:01.700,2025-09-26 14:35:01.700,71,1.2777778,53.49,2.16,UTC-0700,6+THe69Q8P,com.sec.android.app.shealth,2025-09-26 14:32:00.000,52220415-050e-4fd7-a070-ef51358fab5a,
53473,4,0,83,2025-09-26 14:32:00.000,,,2025-09-26 14:35:01.727,2025-09-26 14:35:01.727,83,1.1388888,60.9,2.51,UTC-0700,6+THe69Q8P,com.sec.android.app.shealth,2025-09-26 14:33:00.000,5aa7047d-d673-42a6-9e6b-0f0a42e6fbe0,
46095,4,0,78,2025-09-26 14:33:00.000,,,2025-09-26 14:35:01.751,2025-09-26 14:35:01.751,78,1.2777778,58.9,2.35,UTC-0700,6+THe69Q8P,com.sec.android.app.shealth,2025-09-26 14:34:00.000,c64cb3cf-599e-4f12-9bc5-5946827e2486,
52682,4,0,86,2025-09-26 14:34:00.000,,,2025-09-26 14:35:01.775,2025-09-26 14:35:01.775,86,1.2222222,64.39,2.63,UTC-0700,6+THe69Q8P,com.sec.android.app.shealth,2025-09-26 14:35:00.000,4b8b4744-3fc1-421f-852d-13344fb71ee3,
26053,4,0,42,2025-09-26 14:35:00.000,,,2025-09-26 14:41:42.722,2025-09-26 14:41:42.722,42,1.1944444,31.12,1.29,UTC-0700,6+THe69Q8P,com.sec.android.app.shealth,2025-09-26 14:36:00.000,2719d6d1-b9c7-4557-9e40-568e3a7ac38b,
57784,4,0,93,2025-09-26 14:36:00.000,,,2025-09-26 14:41:42.751,2025-09-26 14:41:42.751,93,1.1944444,69.02,2.81,UTC-0700,6+THe69Q8P,com.sec.android.app.shealth,2025-09-26 14:37:00.000,26b7c365-b7a8-4805-96d1-094bfa3fb00b,
54612,4,0,83,2025-09-26 14:37:00.000,,,2025-09-26 14:41:42.779,2025-09-26 14:41:42.779,83,1.1111112,60.68,2.49,UTC-0700,6+THe69Q8P,com.sec.android.app.shealth,2025-09-26 14:38:00.000,6415ca6a-d6fc-41c2-8ce1-4d3c405a2877,
49457,4,0,86,2025-09-26 14:38:00.000,,,2025-09-26 14:41:42.808,2025-09-26 14:41:42.808,86,1.3055556,64.57,2.61,UTC-0700,6+THe69Q8P,com.sec.android.app.shealth,2025-09-26 14:39:00.000,73717eaf-801c-4031-8913-ad5f3e80b11c,
47152,4,0,76,2025-09-26 14:39:00.000,,,2025-09-26 14:41:42.854,2025-09-26 14:41:42.854,76,1.2777778,60.25,2.58,UTC-0700,6+THe69Q8P,com.sec.android.app.shealth,2025-09-26 14:40:00.000,44fe7574-0575-45a1-aba8-1869ab0f4bdb,
9276,4,0,15,2025-09-26 14:40:00.000,,,2025-09-26 14:41:42.913,2025-09-26 14:41:42.913,15,1.1944444,11.08,0.45,UTC-0700,6+THe69Q8P,com.sec.android.app.shealth,2025-09-26 14:41:00.000,36fc4d11-ceee-4d97-95b3-ea8910e6d6a0,
4768,4,0,7,2025-09-26 14:41:00.000,,,2025-09-26 14:41:45.239,2025-09-26 14:41:44.040,7,1.0632099,5.07,0.23,UTC-0700,6+THe69Q8P,com.sec.android.app.shealth,2025-09-26 14:42:00.000,580a5b2c-1f58-4eef-a51b-ebcee952784f,
20014,4,0,32,2025-09-27 02:13:00.000,,,2025-09-27 02:15:00.491,2025-09-27 02:15:00.491,32,1.1666666,23.35,1.01,UTC-0600,6+THe69Q8P,com.sec.android.app.shealth,2025-09-27 02:14:00.000,21256491-e342-4b55-ae89-2987c1cf0ca1,
51264,4,0,86,2025-09-27 02:14:00.000,,,2025-09-27 02:15:00.503,2025-09-27 02:15:00.503,86,1.25,64.08,2.62,UTC-0600,6+THe69Q8P,com.sec.android.app.shealth,2025-09-27 02:15:00.000,93c2d87b-b6bb-4f32-8d72-b61fa6543b69,
1184,4,0,2,2025-09-27 02:15:00.000,,,2025-09-27 02:15:49.376,2025-09-27 02:15:49.376,2,1.25,1.48,0.06,UTC-0600,6+THe69Q8P,com.sec.android.app.shealth,2025-09-27 02:16:00.000,b680588c-3dc2-4dc4-a72a-60e8ea8a9088,
8229,4,0,13,2025-09-27 02:23:00.000,,,2025-09-27 02:35:00.449,2025-09-27 02:35:00.449,13,1.1944444,9.83,0.41,UTC-0600,6+THe69Q8P,com.sec.android.app.shealth,2025-09-27 02:24:00.000,d3727b27-5fd3-4b52-bdac-e889d2cdc212,
24561,4,0,40,2025-09-27 02:25:00.000,,,2025-09-27 02:35:00.467,2025-09-27 02:35:00.467,40,1.2222222,30.02,1.25,UTC-0600,6+THe69Q8P,com.sec.android.app.shealth,2025-09-27 02:26:00.000,65597b45-6104-480d-904b-68370a479c6f,
35325,4,0,58,2025-09-27 02:26:00.000,,,2025-09-27 02:35:00.481,2025-09-27 02:35:00.481,58,1.3055556,46.12,2.05,UTC-0600,6+THe69Q8P,com.sec.android.app.shealth,2025-09-27 02:27:00.000,483402fa-769c-4be6-9cad-159e4fea2200,
31361,4,0,59,2025-09-27 02:27:00.000,,,2025-09-27 02:35:00.495,2025-09-27 02:35:00.495,59,1.4444444,45.3,1.8,UTC-0600,6+THe69Q8P,com.sec.android.app.shealth,2025-09-27 02:28:00.000,e3fd2072-0373-4380-8ce5-625da07cb86f,
20557,4,0,33,2025-09-27 02:28:00.000,,,2025-09-27 02:35:00.510,2025-09-27 02:35:00.510,33,1.3333334,27.41,1.22,UTC-0600,6+THe69Q8P,com.sec.android.app.shealth,2025-09-27 02:29:00.000,918e956a-3edc-49fd-8e49-85b522375843,
20976,4,0,42,2025-09-27 02:29:00.000,,,2025-09-27 02:35:00.641,2025-09-27 02:35:00.641,42,1.5555556,32.63,1.29,UTC-0600,6+THe69Q8P,com.sec.android.app.shealth,2025-09-27 02:30:00.000,58fb5e85-45c4-4daa-ae9d-107889182873,
20474,4,0,40,2025-09-27 02:30:00.000,,,2025-09-27 02:35:00.656,2025-09-27 02:35:00.656,40,1.5277778,31.28,1.24,UTC-0600,6+THe69Q8P,com.sec.android.app.shealth,2025-09-27 02:31:00.000,bedcdd35-87e7-4f89-8d56-bea5c375f5bc,
14701,4,0,24,2025-09-27 02:31:00.000,,,2025-09-27 02:35:00.671,2025-09-27 02:35:00.671,24,1.1944444,17.56,0.77,UTC-0600,6+THe69Q8P,com.sec.android.app.shealth,2025-09-27 02:32:00.000,75121e64-2400-4c10-a920-328c27c03833,
20767,4,0,44,2025-09-27 02:32:00.000,,,2025-09-27 02:35:00.688,2025-09-27 02:35:00.688,44,1.6944444,35.19,1.33,UTC-0600,6+THe69Q8P,com.sec.android.app.shealth,2025-09-27 02:33:00.000,85a28942-b038-45f7-a270-a3c95fb7e97c,
6595,4,0,16,2025-09-27 04:03:00.000,,,2025-09-27 04:15:00.544,2025-09-27 04:15:00.544,16,2.0,13.19,0.48,UTC-0600,6+THe69Q8P,com.sec.android.app.shealth,2025-09-27 04:04:00.000,fb15d7dd-2287-48e4-92d5-f8dac5b3e896,
8496,4,0,18,2025-09-27 04:42:00.000,,,2025-09-27 04:42:06.628,2025-09-27 04:42:04.344,18,1.7265258,14.670002,0.48000002,UTC-0600,6+THe69Q8P,com.sec.android.app.shealth,2025-09-27 04:43:00.000,5b1c681c-bdaa-4230-9d95-3bb3024f052d,
12902,4,0,29,2025-09-27 04:43:00.000,,,2025-09-27 04:43:13.113,2025-09-27 04:43:01.442,29,1.7980589,23.199997,0.8199998,UTC-0600,6+THe69Q8P,com.sec.android.app.shealth,2025-09-27 04:44:00.000,facca649-d0f3-4320-9404-85727260e2cc,
13284,4,0,28,2025-09-27 04:44:00.000,,,2025-09-27 04:44:59.647,2025-09-27 04:44:50.619,28,1.6974341,22.550007,0.77999973,UTC-0600,6+THe69Q8P,com.sec.android.app.shealth,2025-09-27 04:45:00.000,b4f045be-65cf-4d24-a973-26e06ab8bcae,
39448,4,0,81,2025-09-27 04:45:00.000,,,2025-09-27 04:45:57.381,2025-09-27 04:45:00.094,81,1.610698,63.53999,2.4299986,UTC-0600,6+THe69Q8P,com.sec.android.app.shealth,2025-09-27 04:46:00.000,42ec9498-c71e-4f14-aa22-828ab1920139,
18899,4,0,42,2025-09-27 04:46:00.000,,,2025-09-27 04:46:34.837,2025-09-27 04:46:13.908,42,1.7762597,33.56999,1.2599993,UTC-0600,6+THe69Q8P,com.sec.android.app.shealth,2025-09-27 04:47:00.000,a539d0cc-d2fc-4448-b18d-250b47773ca9,
6101,4,0,12,2025-09-27 04:47:00.000,,,2025-09-27 04:47:25.125,2025-09-27 04:47:25.125,12,1.5833334,9.66,0.3,UTC-0600,6+THe69Q8P,com.sec.android.app.shealth,2025-09-27 04:48:00.000,8d84c17f-7cb9-4186-b1c2-7a66ed5e72f7,
9849,4,0,15,2025-09-27 05:51:00.000,,,2025-09-27 05:51:35.810,2025-09-27 05:51:34.423,15,1.1492947,11.32,0.39000002,UTC-0600,6+THe69Q8P,com.sec.android.app.shealth,2025-09-27 05:52:00.000,b8248ad7-227c-4f95-83c7-34907eaee61f,
9981,4,0,20,2025-09-27 06:11:00.000,,,2025-09-27 06:11:55.520,2025-09-27 06:11:48.411,20,1.5397892,15.369999,0.53999996,UTC-0600,6+THe69Q8P,com.sec.android.app.shealth,2025-09-27 06:12:00.000,d94c4c12-6be8-4c3f-b0e5-ded182004fa6,
6225,4,0,13,2025-09-27 10:00:00.000,,,2025-09-27 10:00:08.014,2025-09-27 10:00:07.554,13,1.6367011,10.19,0.33,UTC-0500,6+THe69Q8P,com.sec.android.app.shealth,2025-09-27 10:01:00.000,7774352e-814c-4a27-8a6e-dfcb51dceb6f,
14462,4,0,20,2025-09-27 10:38:00.000,,,2025-09-27 10:38:14.898,2025-09-27 10:38:05.676,20,1.4354753,20.759998,1.1499999,UTC-0500,6+THe69Q8P,com.sec.android.app.shealth,2025-09-27 10:39:00.000,3359857b-b021-4754-932d-14bf124a64a4,
11201,4,0,18,2025-09-27 12:10:00.000,,,2025-09-27 12:15:01.363,2025-09-27 12:15:01.363,18,1.1944444,13.38,0.58,UTC-0500,6+THe69Q8P,com.sec.android.app.shealth,2025-09-27 12:11:00.000,94d8ed6d-53bc-479a-a544-3f9986aa1746,
8591,4,0,18,2025-09-27 13:28:00.000,,,2025-09-27 13:28:59.877,2025-09-27 13:28:54.850,18,1.6540065,14.210001,0.48000002,UTC-0500,6+THe69Q8P,com.sec.android.app.shealth,2025-09-27 13:29:00.000,93d81eb0-cd5f-48ab-800c-02627405abca,
11034,4,0,17,2025-09-27 13:30:00.000,,,2025-09-27 13:30:11.607,2025-09-27 13:30:08.947,17,1.1283073,12.449999,0.54999995,UTC-0500,6+THe69Q8P,com.sec.android.app.shealth,2025-09-27 13:31:00.000,c706af0a-e001-43a9-8800-190bf4e23502,
6306,4,0,12,2025-09-27 15:02:00.000,,,2025-09-27 15:02:28.242,2025-09-27 15:02:28.242,12,1.5,9.46,0.3,UTC-0500,6+THe69Q8P,com.sec.android.app.shealth,2025-09-27 15:03:00.000,34d2fc7d-560c-431c-9d64-15f7ab6056d5,
1339,4,0,6,2025-09-27 15:04:00.000,,,2025-09-27 15:04:33.441,2025-09-27 15:04:33.441,6,3.6944442,4.95,0.17,UTC-0500,6+THe69Q8P,com.sec.android.app.shealth,2025-09-27 15:05:00.000,5dc3f1bd-2d21-4b79-99d0-62053123537e,
8774,4,0,19,2025-09-27 15:12:00.000,,,2025-09-27 15:12:07.472,2025-09-27 15:12:02.707,19,1.758435,15.43,0.51,UTC-0500,6+THe69Q8P,com.sec.android.app.shealth,2025-09-27 15:13:00.000,a89a17af-c08e-495e-8331-13bf552fbc0a,
6318,4,0,13,2025-09-27 15:23:00.000,,,2025-09-27 15:23:05.561,2025-09-27 15:23:05.132,13,1.6111112,10.18,0.33,UTC-0500,6+THe69Q8P,com.sec.android.app.shealth,2025-09-27 15:24:00.000,e33d55b6-b44f-4d9b-90ac-a5fcae614032,
11838,4,0,19,2025-09-27 18:52:00.000,,,2025-09-27 18:55:01.814,2025-09-27 18:55:01.814,19,1.1944444,14.14,0.61,UTC-0500,6+THe69Q8P,com.sec.android.app.shealth,2025-09-27 18:53:00.000,70911558-b008-4b58-8b3d-678d6df25ca0,
3783,4,0,7,2025-09-27 18:53:00.000,,,2025-09-27 18:55:01.830,2025-09-27 18:55:01.830,7,1.4166666,5.36,0.21,UTC-0500,6+THe69Q8P,com.sec.android.app.shealth,2025-09-27 18:54:00.000,f9d7e97d-cee8-4515-896e-9e78b28d39a1,
60000,4,0,111,2025-09-27 20:29:00.000,,,2025-09-27 20:32:36.602,2025-09-27 20:32:36.602,111,1.3998333,83.99,3.37,UTC-0500,6+THe69Q8P,com.sec.android.app.shealth,2025-09-27 20:30:00.000,c543cf2e-056e-4152-91e4-1cb1d35f841f,
57960,4,0,104,2025-09-27 20:30:00.000,,,2025-09-27 20:32:36.628,2025-09-27 20:32:36.628,104,1.3611112,78.89,3.12,UTC-0500,6+THe69Q8P,com.sec.android.app.shealth,2025-09-27 20:31:00.000,ea6866b2-66f5-4915-bee0-88485d218dd6,
32760,4,0,57,2025-09-27 20:31:00.000,,,2025-09-27 20:32:36.670,2025-09-27 20:32:36.670,57,1.3055556,42.77,1.73,UTC-0500,6+THe69Q8P,com.sec.android.app.shealth,2025-09-27 20:32:00.000,d304f35b-adfa-4628-b032-1a404e5c57b6,
9856,4,0,14,2025-09-27 20:41:00.000,,,2025-09-27 20:55:01.994,2025-09-27 20:55:01.994,14,1.0277778,10.13,0.44,UTC-0500,6+THe69Q8P,com.sec.android.app.shealth,2025-09-27 20:42:00.000,83bfa4ab-f6d4-42e0-b798-1b6b135ffbc6,
15420,4,0,21,2025-09-27 20:42:00.000,,,2025-09-27 20:55:02.014,2025-09-27 20:55:02.014,21,1.1666666,17.99,0.88,UTC-0500,6+THe69Q8P,com.sec.android.app.shealth,2025-09-27 20:43:00.000,5137176b-6683-4695-bf4b-cb5c1afaf96c,
9506,4,0,12,2025-09-27 20:44:00.000,,,2025-09-27 20:55:02.032,2025-09-27 20:55:02.032,12,0.88888884,8.45,0.39,UTC-0500,6+THe69Q8P,com.sec.android.app.shealth,2025-09-27 20:45:00.000,b4ebf411-0271-4092-a51a-312dc0c15204,
36938,4,0,69,2025-09-27 20:51:00.000,,,2025-09-27 20:55:02.045,2025-09-27 20:55:02.045,69,1.4166666,52.33,2.12,UTC-0500,6+THe69Q8P,com.sec.android.app.shealth,2025-09-27 20:52:00.000,a6db9e38-9f06-424a-b01b-e0d958104122,
58063,4,0,109,2025-09-27 20:52:00.000,,,2025-09-27 20:55:02.058,2025-09-27 20:55:02.058,109,1.4444444,83.87,3.27,UTC-0500,6+THe69Q8P,com.sec.android.app.shealth,2025-09-27 20:53:00.000,d800eb00-b9c6-44f6-ae6a-dc63adf25e45,
12707,4,0,22,2025-09-27 20:53:00.000,,,2025-09-27 20:55:04.207,2025-09-27 20:55:04.207,22,1.3055556,16.59,0.67,UTC-0500,6+THe69Q8P,com.sec.android.app.shealth,2025-09-27 20:54:00.000,e2fd0ad4-741d-4bb9-a299-8750b3e9eed0,
4626,4,0,10,2025-09-27 20:54:00.000,,,2025-09-27 20:55:04.226,2025-09-27 20:55:04.226,10,1.6666666,7.71,0.32,UTC-0500,6+THe69Q8P,com.sec.android.app.shealth,2025-09-27 20:55:00.000,da29ee20-780c-4089-b11f-650ef876fe0d,
7539,4,0,16,2025-09-27 22:05:00.000,,,2025-09-27 22:05:58.748,2025-09-27 22:05:55.947,16,1.7269762,13.02,0.42000002,UTC-0500,6+THe69Q8P,com.sec.android.app.shealth,2025-09-27 22:06:00.000,4f15fb9e-883c-46b9-9109-3a7a5866ddf9,
6724,4,0,14,2025-09-27 22:19:00.000,,,2025-09-27 22:19:43.838,2025-09-27 22:19:42.191,14,1.6327416,10.98,0.36,UTC-0500,6+THe69Q8P,com.sec.android.app.shealth,2025-09-27 22:20:00.000,6b6be0ff-7367-4d76-813f-3d6f26af1ebf,
5930,4,0,12,2025-09-27 22:23:00.000,,,2025-09-27 22:23:34.031,2025-09-27 22:23:34.031,12,1.6388888,9.72,0.3,UTC-0500,6+THe69Q8P,com.sec.android.app.shealth,2025-09-27 22:24:00.000,33e5269a-6b75-4997-b19d-fc132f3a6252,
20246,4,0,49,2025-09-27 22:24:00.000,,,2025-09-27 22:24:54.298,2025-09-27 22:24:09.974,49,1.9282523,39.04,1.4099996,UTC-0500,6+THe69Q8P,com.sec.android.app.shealth,2025-09-27 22:25:00.000,a33ca6ec-65a6-442f-9909-c2d0b07f402b,
9547,4,0,20,2025-09-27 22:25:00.000,,,2025-09-27 22:25:16.320,2025-09-27 22:25:06.934,20,1.6685605,15.93,0.6099999,UTC-0500,6+THe69Q8P,com.sec.android.app.shealth,2025-09-27 22:26:00.000,1af40ca6-6ba5-4312-8eb0-6d720c3568d6,
20394,4,0,31,2025-09-28 00:16:00.000,,,2025-09-28 00:35:00.385,2025-09-28 00:16:49.178,31,1.108123,22.6,0.97999984,UTC-0500,6+THe69Q8P,com.sec.android.app.shealth,2025-09-28 00:17:00.000,2412843a-ab16-454a-8e2a-ef3d03f6c4f4,
58381,4,0,111,2025-09-28 00:17:00.000,,,2025-09-28 00:35:00.408,2025-09-28 00:35:00.408,111,1.4722222,85.95,3.33,UTC-0500,6+THe69Q8P,com.sec.android.app.shealth,2025-09-28 00:18:00.000,89463605-8451-4723-b294-73ef31bee628,
58320,4,0,113,2025-09-28 00:18:00.000,,,2025-09-28 00:35:00.426,2025-09-28 00:35:00.426,113,1.5,87.48,3.39,UTC-0500,6+THe69Q8P,com.sec.android.app.shealth,2025-09-28 00:19:00.000,de18b912-986d-4812-9eea-ac0f3aed9394,
32367,4,0,64,2025-09-28 00:19:00.000,,,2025-09-28 00:35:00.443,2025-09-28 00:35:00.443,64,1.5555556,50.35,1.95,UTC-0500,6+THe69Q8P,com.sec.android.app.shealth,2025-09-28 00:20:00.000,009db15e-801e-4701-b489-9741e3175a0c,
23616,4,0,43,2025-09-28 00:20:00.000,,,2025-09-28 00:35:00.461,2025-09-28 00:35:00.461,43,1.3888888,32.8,1.29,UTC-0500,6+THe69Q8P,com.sec.android.app.shealth,2025-09-28 00:21:00.000,8c89bc5d-d726-46f2-899d-dab6723803dd,
15446,4,1,22,2025-09-28 00:28:00.000,,,2025-09-28 00:35:00.481,2025-09-28 00:35:00.481,23,1.4722222,22.74,1.15,UTC-0500,6+THe69Q8P,com.sec.android.app.shealth,2025-09-28 00:29:00.000,689b5dbd-d316-46ca-8aae-39544feb7015,
32066,4,0,63,2025-09-28 00:29:00.000,,,2025-09-28 00:35:00.495,2025-09-28 00:35:00.495,63,1.5277778,48.99,1.89,UTC-0500,6+THe69Q8P,com.sec.android.app.shealth,2025-09-28 00:30:00.000,e49e6a44-9e49-4fe6-8f19-66f1735926e1,
53743,4,0,112,2025-09-28 00:30:00.000,,,2025-09-28 00:35:00.508,2025-09-28 00:35:00.508,112,1.6388888,88.08,3.39,UTC-0500,6+THe69Q8P,com.sec.android.app.shealth,2025-09-28 00:31:00.000,4506a5d1-d20c-4dd7-93d5-654980ee929e,
37496,4,1,61,2025-09-28 00:38:00.000,,,2025-09-28 00:55:00.299,2025-09-28 00:55:00.299,62,1.4166667,53.12,2.37,UTC-0500,6+THe69Q8P,com.sec.android.app.shealth,2025-09-28 00:39:00.000,4ca4413c-6beb-4461-9ae9-113b34405b1e,
57924,4,0,107,2025-09-28 00:39:00.000,,,2025-09-28 00:55:00.337,2025-09-28 00:55:00.337,107,1.4166666,82.06,3.21,UTC-0500,6+THe69Q8P,com.sec.android.app.shealth,2025-09-28 00:40:00.000,e6d4bcfc-820e-4d5c-b20e-c4cc4811777d,
6255,4,0,11,2025-09-28 00:40:00.000,,,2025-09-28 00:55:00.357,2025-09-28 00:55:00.357,11,1.3333334,8.34,0.33,UTC-0500,6+THe69Q8P,com.sec.android.app.shealth,2025-09-28 00:41:00.000,d0c2f064-1c79-4479-b886-508b1da259e1,
13810,4,0,23,2025-09-28 00:42:00.000,,,2025-09-28 00:55:00.397,2025-09-28 00:55:00.397,23,1.3055556,18.03,0.74,UTC-0500,6+THe69Q8P,com.sec.android.app.shealth,2025-09-28 00:43:00.000,789576d4-9b24-4f05-ba2e-9d615db9a382,
11929,4,0,22,2025-09-28 00:46:00.000,,,2025-09-28 00:55:00.441,2025-09-28 00:55:00.441,22,1.4166666,16.9,0.68,UTC-0500,6+THe69Q8P,com.sec.android.app.shealth,2025-09-28 00:47:00.000,56f5d818-a1af-430e-bc95-d89d1137a495,
5862,4,0,12,2025-09-28 03:15:00.000,,,2025-09-28 03:15:40.455,2025-09-28 03:15:40.455,12,1.6666666,9.77,0.3,UTC-0400,6+THe69Q8P,com.sec.android.app.shealth,2025-09-28 03:16:00.000,7e8137e9-1685-4e51-a1bc-276e71287a21,
6092,4,0,13,2025-09-28 03:18:00.000,,,2025-09-28 03:18:19.643,2025-09-28 03:18:19.042,13,1.6644689,10.14,0.33,UTC-0400,6+THe69Q8P,com.sec.android.app.shealth,2025-09-28 03:19:00.000,95637f43-c11f-408c-b73b-d17f8ac41215,
8781,4,0,17,2025-09-28 03:20:00.000,,,2025-09-28 03:20:50.086,2025-09-28 03:20:47.308,17,1.8003598,15.810001,0.7499999,UTC-0400,6+THe69Q8P,com.sec.android.app.shealth,2025-09-28 03:21:00.000,f39e35bc-890a-4fb6-9b20-4de65c5da860,
12085,4,0,24,2025-09-28 03:29:00.000,,,2025-09-28 03:29:54.517,2025-09-28 03:29:48.420,24,1.5447637,18.67,0.65999985,UTC-0400,6+THe69Q8P,com.sec.android.app.shealth,2025-09-28 03:30:00.000,5d951834-fad5-48c3-bf6d-8a8dbd4d9d65,
13627,4,0,23,2025-09-28 03:31:00.000,,,2025-09-28 03:31:30.214,2025-09-28 03:31:23.251,23,1.6943535,23.089996,1.1299998,UTC-0400,6+THe69Q8P,com.sec.android.app.shealth,2025-09-28 03:32:00.000,62bb7afb-845a-4b7a-a330-686314f4ddce,
27745,4,0,45,2025-09-28 03:36:00.000,,,2025-09-28 03:36:28.912,2025-09-28 03:36:04.961,45,1.5364932,42.63001,2.0199995,UTC-0400,6+THe69Q8P,com.sec.android.app.shealth,2025-09-28 03:37:00.000,d50566ef-3cc4-4239-837d-bc4706d94219,
9415,4,1,16,2025-09-28 03:37:00.000,,,2025-09-28 03:37:44.428,2025-09-28 03:37:40.205,17,2.323795,21.88,1.2499999,UTC-0400,6+THe69Q8P,com.sec.android.app.shealth,2025-09-28 03:38:00.000,dd1a9e8d-ab5e-4167-8415-7fa6891e973b,
8272,4,0,15,2025-09-28 03:38:00.000,,,2025-09-28 03:38:10.522,2025-09-28 03:38:08.797,15,1.3647861,11.290001,0.39000002,UTC-0400,6+THe69Q8P,com.sec.android.app.shealth,2025-09-28 03:39:00.000,cebd2535-7192-43bf-8ba8-c2e29f003d6a,
9709,4,0,19,2025-09-28 03:39:00.000,,,2025-09-28 03:39:48.629,2025-09-28 03:39:43.673,19,1.5232822,14.789998,0.51,UTC-0400,6+THe69Q8P,com.sec.android.app.shealth,2025-09-28 03:40:00.000,e0a78484-1e26-4624-bfc6-1f9f48dce9a1,
14752,4,0,25,2025-09-28 03:41:00.000,,,2025-09-28 03:41:58.695,2025-09-28 03:41:46.976,25,1.2899932,19.03,0.71,UTC-0400,6+THe69Q8P,com.sec.android.app.shealth,2025-09-28 03:42:00.000,fb3462e0-1965-4029-81fd-a9adc979c39e,
17278,4,0,36,2025-09-28 03:42:00.000,,,2025-09-28 03:42:40.661,2025-09-28 03:42:00.106,36,2.283173,39.45001,1.8999996,UTC-0400,6+THe69Q8P,com.sec.android.app.shealth,2025-09-28 03:43:00.000,a468d4fc-ca5f-4aca-8d11-7c57fbac5ff7,
7120,4,0,14,2025-09-28 03:43:00.000,,,2025-09-28 03:43:32.144,2025-09-28 03:43:27.718,14,1.5055598,10.719999,0.44,UTC-0400,6+THe69Q8P,com.sec.android.app.shealth,2025-09-28 03:44:00.000,127cfc68-b9f7-48ed-a1da-76733b786000,
7920,4,0,16,2025-09-28 03:46:00.000,,,2025-09-28 03:46:31.476,2025-09-28 03:46:29.469,16,1.5833333,12.539999,0.42000002,UTC-0400,6+THe69Q8P,com.sec.android.app.shealth,2025-09-28 03:47:00.000,d0b60c72-8a57-43f3-8030-adb2e752af8b,
8038,4,0,15,2025-09-28 03:53:00.000,,,2025-09-28 03:53:59.692,2025-09-28 03:53:58.122,15,1.6633351,13.37,0.5899999,UTC-0400,6+THe69Q8P,com.sec.android.app.shealth,2025-09-28 03:54:00.000,0e82b9d7-4b34-48e6-b381-3a0c1a1affa6,
30420,4,0,60,2025-09-28 03:54:00.000,,,2025-09-28 03:54:37.671,2025-09-28 03:54:00.254,60,1.5364391,46.740013,1.809999,UTC-0400,6+THe69Q8P,com.sec.android.app.shealth,2025-09-28 03:55:00.000,8b6cd051-251c-47a7-b709-be4ab54b6936,
23978,4,9,38,2025-09-28 03:55:00.000,,,2025-09-28 03:55:40.634,2025-09-28 03:55:04.111,47,2.259975,54.190002,2.8199997,UTC-0400,6+THe69Q8P,com.sec.android.app.shealth,2025-09-28 03:56:00.000,52d2134d-33f8-4218-9821-3f3d267fe213,
45626,4,0,68,2025-09-28 04:32:00.000,,,2025-09-28 04:35:00.657,2025-09-28 04:35:00.657,68,1.2777778,58.3,2.64,UTC-0400,6+THe69Q8P,com.sec.android.app.shealth,2025-09-28 04:33:00.000,77348017-70aa-4bbc-9dfc-139cbce5265f,
31562,4,0,51,2025-09-28 04:33:00.000,,,2025-09-28 04:35:00.666,2025-09-28 04:35:00.666,51,1.1944444,37.7,1.53,UTC-0400,6+THe69Q8P,com.sec.android.app.shealth,2025-09-28 04:34:00.000,b287f2d4-9cf7-4784-826d-5bbc35697553,
4657,4,0,8,2025-09-28 04:46:00.000,,,2025-09-28 04:55:00.630,2025-09-28 04:55:00.630,8,1.3055556,6.08,0.26,UTC-0400,6+THe69Q8P,com.sec.android.app.shealth,2025-09-28 04:47:00.000,efabea23-a452-41d8-9b4e-d96ffe5622da,
18772,4,0,25,2025-09-28 04:48:00.000,,,2025-09-28 04:55:00.643,2025-09-28 04:55:00.643,25,0.94444454,17.73,0.82,UTC-0400,6+THe69Q8P,com.sec.android.app.shealth,2025-09-28 04:49:00.000,78f7aaa7-5262-4d87-b778-f063c908baab,
15479,4,0,20,2025-09-28 04:49:00.000,,,2025-09-28 04:55:00.653,2025-09-28 04:55:00.653,20,0.9444444,14.62,0.61,UTC-0400,6+THe69Q8P,com.sec.android.app.shealth,2025-09-28 04:50:00.000,3ef04de6-4fed-4ac5-9517-9f888b7a63f3,
15014,4,0,20,2025-09-28 04:51:00.000,,,2025-09-28 04:55:00.668,2025-09-28 04:55:00.668,20,0.9444444,14.18,0.66,UTC-0400,6+THe69Q8P,com.sec.android.app.shealth,2025-09-28 04:52:00.000,9f8baf36-51a3-4ce5-a3fa-ac758323f41f,
54891,4,0,87,2025-09-28 04:52:00.000,,,2025-09-28 04:55:00.683,2025-09-28 04:55:00.683,87,1.1666666,64.04,2.64,UTC-0400,6+THe69Q8P,com.sec.android.app.shealth,2025-09-28 04:53:00.000,372de7b9-110c-4f81-a985-40838a410bbe,
43387,4,0,74,2025-09-28 04:53:00.000,,,2025-09-28 04:55:00.726,2025-09-28 04:55:00.726,74,1.2777778,55.44,2.23,UTC-0400,6+THe69Q8P,com.sec.android.app.shealth,2025-09-28 04:54:00.000,6f83afec-bb83-4adc-a538-125a7990958d,
60000,4,0,103,2025-09-28 04:54:00.000,,,2025-09-28 04:55:00.743,2025-09-28 04:55:00.743,103,1.2881668,77.29,3.11,UTC-0400,6+THe69Q8P,com.sec.android.app.shealth,2025-09-28 04:55:00.000,d720baaa-22e3-46b8-af8b-3d66f972352c,
41768,4,0,70,2025-09-28 04:55:00.000,,,2025-09-28 04:59:46.650,2025-09-28 04:59:46.650,70,1.25,52.21,2.14,UTC-0400,6+THe69Q8P,com.sec.android.app.shealth,2025-09-28 04:56:00.000,fcdbee20-8386-40e0-a531-814c3b213e51,
9514,4,0,15,2025-09-28 04:56:00.000,,,2025-09-28 04:59:46.672,2025-09-28 04:59:46.672,15,1.1666666,11.1,0.45,UTC-0400,6+THe69Q8P,com.sec.android.app.shealth,2025-09-28 04:57:00.000,13cf59dd-2295-4cac-be7e-d4d7753d748a,
13904,4,0,17,2025-09-28 04:57:00.000,,,2025-09-28 04:59:46.693,2025-09-28 04:59:46.693,17,0.8888889,12.36,0.53,UTC-0400,6+THe69Q8P,com.sec.android.app.shealth,2025-09-28 04:58:00.000,9ca48a73-10c5-4616-aaa1-ac575653dd77,
15823,4,0,26,2025-09-28 04:58:00.000,,,2025-09-28 04:59:46.714,2025-09-28 04:59:46.714,26,1.2222222,19.34,0.8,UTC-0400,6+THe69Q8P,com.sec.android.app.shealth,2025-09-28 04:59:00.000,9cc8c426-b298-4b1c-b20d-ec31e912c023,
22410,4,0,34,2025-09-28 04:59:00.000,,,2025-09-28 04:59:46.737,2025-09-28 04:59:46.737,34,1.1111112,24.9,1.02,UTC-0400,6+THe69Q8P,com.sec.android.app.shealth,2025-09-28 05:00:00.000,3bbdfd44-f1df-45c0-8123-6a4f783e9986,
9360,4,0,17,2025-09-28 05:07:00.000,,,2025-09-28 05:15:00.773,2025-09-28 05:15:00.773,17,1.4166666,13.26,0.53,UTC-0400,6+THe69Q8P,com.sec.android.app.shealth,2025-09-28 05:08:00.000,39d92021-b4fc-4605-bd66-bc2c288b7fde,
16025,4,0,29,2025-09-28 06:54:00.000,,,2025-09-28 06:54:58.183,2025-09-28 06:54:48.603,29,1.3752886,22.040003,0.8099997,UTC-0400,6+THe69Q8P,com.sec.android.app.shealth,2025-09-28 06:55:00.000,0b468146-d1a7-4d91-b611-b4e6919ca400,
43517,4,0,74,2025-09-28 06:55:00.000,,,2025-09-28 06:55:51.189,2025-09-28 06:55:08.269,74,1.2774192,55.589993,2.2499986,UTC-0400,6+THe69Q8P,com.sec.android.app.shealth,2025-09-28 06:56:00.000,c1d14de4-d817-4e37-8a88-af76843116ca,
7880,4,0,13,2025-09-28 07:35:00.000,,,2025-09-28 07:49:20.286,2025-09-28 07:49:20.286,13,1.25,9.85,0.41,UTC-0400,6+THe69Q8P,com.sec.android.app.shealth,2025-09-28 07:36:00.000,6822f9e5-1578-4ec8-b179-8c8303ce8f33,
47168,4,0,79,2025-09-28 07:36:00.000,,,2025-09-28 07:49:20.301,2025-09-28 07:49:20.301,79,1.25,58.96,2.38,UTC-0400,6+THe69Q8P,com.sec.android.app.shealth,2025-09-28 07:37:00.000,379c6d04-2d3e-4842-b5e1-cc958ff08504,
22102,4,4,30,2025-09-28 07:37:00.000,,,2025-09-28 07:49:20.327,2025-09-28 07:49:20.327,34,1.6111112,35.61,1.84,UTC-0400,6+THe69Q8P,com.sec.android.app.shealth,2025-09-28 07:38:00.000,833df227-0a0c-49c9-ab18-82ca1658d09e,
42975,4,0,65,2025-09-28 07:38:00.000,,,2025-09-28 07:49:20.349,2025-09-28 07:49:20.349,65,1.1111112,47.75,2.01,UTC-0400,6+THe69Q8P,com.sec.android.app.shealth,2025-09-28 07:39:00.000,8189ad6f-2d79-4bf3-9cb1-fd7bee3dfb9b,
26203,4,0,49,2025-09-28 07:39:00.000,,,2025-09-28 07:49:20.382,2025-09-28 07:49:20.382,49,1.4444444,37.85,1.5,UTC-0400,6+THe69Q8P,com.sec.android.app.shealth,2025-09-28 07:40:00.000,aca7d38f-93ef-463d-869d-0c28c248c5ab,
37207,4,0,69,2025-09-28 07:40:00.000,,,2025-09-28 07:49:20.405,2025-09-28 07:49:20.405,69,1.4166666,52.71,2.1,UTC-0400,6+THe69Q8P,com.sec.android.app.shealth,2025-09-28 07:41:00.000,b59445dd-c656-46bc-9544-6a60838a2ceb,
31504,4,0,53,2025-09-28 07:41:00.000,,,2025-09-28 07:49:20.433,2025-09-28 07:49:20.433,53,1.25,39.38,1.63,UTC-0400,6+THe69Q8P,com.sec.android.app.shealth,2025-09-28 07:42:00.000,c70d0e31-67d3-4ab4-b2c4-8d66fd8ce002,
26103,4,3,40,2025-09-28 07:42:00.000,,,2025-09-28 07:49:20.465,2025-09-28 07:49:20.465,43,1.6388888,42.78,2.04,UTC-0400,6+THe69Q8P,com.sec.android.app.shealth,2025-09-28 07:43:00.000,5b058543-64c2-4bcf-bf48-83d9a74c57f0,
24529,4,0,41,2025-09-28 07:43:00.000,,,2025-09-28 07:49:20.485,2025-09-28 07:49:20.485,41,1.2222222,29.98,1.31,UTC-0400,6+THe69Q8P,com.sec.android.app.shealth,2025-09-28 07:44:00.000,246259b9-eabd-4974-9164-a23528de5570,
29233,4,0,50,2025-09-28 07:44:00.000,,,2025-09-28 07:49:20.510,2025-09-28 07:49:20.510,50,1.3611112,39.79,1.71,UTC-0400,6+THe69Q8P,com.sec.android.app.shealth,2025-09-28 07:45:00.000,97cc3f28-b062-4a3c-891c-e4ab544a5432,
22539,4,0,38,2025-09-28 07:45:00.000,,,2025-09-28 07:49:20.556,2025-09-28 07:49:20.556,38,1.2777778,28.8,1.15,UTC-0400,6+THe69Q8P,com.sec.android.app.shealth,2025-09-28 07:46:00.000,632f1f71-35c8-4676-a8b8-ab5280f782ba,
25812,4,0,39,2025-09-28 07:46:00.000,,,2025-09-28 07:49:20.580,2025-09-28 07:49:20.580,39,1.1111112,28.68,1.22,UTC-0400,6+THe69Q8P,com.sec.android.app.shealth,2025-09-28 07:47:00.000,7b68adfa-fb8e-4024-84fb-a035d07450cb,
28728,4,0,46,2025-09-29 05:03:00.000,,,2025-09-29 05:15:00.785,2025-09-29 05:15:00.785,46,1.25,35.91,1.55,UTC-0400,6+THe69Q8P,com.sec.android.app.shealth,2025-09-29 05:04:00.000,f00427b7-6782-4a36-8ae0-7f424c6e9236,
54697,4,1,91,2025-09-29 05:07:00.000,,,2025-09-29 05:15:00.802,2025-09-29 05:15:00.802,92,1.3611112,74.45,3.2,UTC-0400,6+THe69Q8P,com.sec.android.app.shealth,2025-09-29 05:08:00.000,9fa940cf-9ceb-4ceb-9b96-b2e517f597be,
23392,4,0,37,2025-09-29 05:13:00.000,,,2025-09-29 05:15:00.815,2025-09-29 05:15:00.815,37,1.3333334,31.19,1.49,UTC-0400,6+THe69Q8P,com.sec.android.app.shealth,2025-09-29 05:14:00.000,8dc61933-22a5-4f9a-a6e7-736e5e49da74,
6291,4,0,9,2025-09-29 05:14:00.000,,,2025-09-29 05:15:00.827,2025-09-29 05:15:00.827,9,1.111111,6.99,0.28,UTC-0400,6+THe69Q8P,com.sec.android.app.shealth,2025-09-29 05:15:00.000,42d31473-e5a2-4236-a36e-b0ca7b18486f,
5760,4,0,8,2025-09-29 05:25:00.000,,,2025-09-29 05:35:00.722,2025-09-29 05:35:00.722,8,1.0,5.76,0.27,UTC-0400,6+THe69Q8P,com.sec.android.app.shealth,2025-09-29 05:26:00.000,9f6b50fc-a1b7-4c10-b69c-a54124521611,
6270,4,0,10,2025-09-29 05:26:00.000,,,2025-09-29 05:35:00.734,2025-09-29 05:35:00.734,10,1.1944444,7.49,0.32,UTC-0400,6+THe69Q8P,com.sec.android.app.shealth,2025-09-29 05:27:00.000,081fb46a-eae2-4c9c-afee-e7ca2b2c14a8,
4809,4,0,9,2025-09-29 05:27:00.000,,,2025-09-29 05:35:00.747,2025-09-29 05:35:00.747,9,1.4722223,7.08,0.28,UTC-0400,6+THe69Q8P,com.sec.android.app.shealth,2025-09-29 05:28:00.000,4c1fbedd-5884-468c-bc1b-9fc375ad102d,
32569,4,0,60,2025-09-29 05:44:00.000,,,2025-09-29 05:48:54.308,2025-09-29 05:48:54.308,60,1.4166666,46.14,1.87,UTC-0400,6+THe69Q8P,com.sec.android.app.shealth,2025-09-29 05:45:00.000,052263f2-695e-46c1-8be2-7b1b559887e3,
25001,4,0,51,2025-09-29 05:45:00.000,,,2025-09-29 05:48:54.335,2025-09-29 05:48:54.335,51,1.6111112,40.28,1.53,UTC-0400,6+THe69Q8P,com.sec.android.app.shealth,2025-09-29 05:46:00.000,a7de9505-ad9d-4ce5-b309-4b3110de1fdc,
6592,4,0,12,2025-09-29 05:47:00.000,,,2025-09-29 05:48:54.356,2025-09-29 05:48:54.356,12,1.4166666,9.34,0.37,UTC-0400,6+THe69Q8P,com.sec.android.app.shealth,2025-09-29 05:48:00.000,c884bdb6-72bf-47fb-8dc4-2ec3a5e4cc4e,
35065,4,0,61,2025-09-30 15:47:00.000,,,2025-09-30 15:48:47.749,2025-09-30 15:48:47.749,61,1.3055556,45.78,1.9,UTC-0400,6+THe69Q8P,com.sec.android.app.shealth,2025-09-30 15:48:00.000,ed4d93ba-b7e0-4e6a-adbb-878bb5ada37d,
30615,4,0,52,2025-09-30 15:48:00.000,,,2025-09-30 15:48:47.778,2025-09-30 15:48:47.778,52,1.2777778,39.12,1.58,UTC-0400,6+THe69Q8P,com.sec.android.app.shealth,2025-09-30 15:49:00.000,0b56647e-ae69-49c7-b93b-d90a0621932a,
26982,4,0,43,2025-09-30 16:15:00.000,,,2025-09-30 16:35:01.718,2025-09-30 16:35:01.718,43,1.1666666,31.48,1.35,UTC-0400,6+THe69Q8P,com.sec.android.app.shealth,2025-09-30 16:16:00.000,fd885dd2-57ec-4426-85a1-0cf078787691,
27560,4,0,46,2025-09-30 16:16:00.000,,,2025-09-30 16:35:01.730,2025-09-30 16:35:01.730,46,1.25,34.45,1.38,UTC-0400,6+THe69Q8P,com.sec.android.app.shealth,2025-09-30 16:17:00.000,908c5747-d89a-4366-baf2-5b35c9593b8c,
3739,4,0,8,2025-09-30 16:17:00.000,,,2025-09-30 16:35:01.740,2025-09-30 16:35:01.740,8,1.7222222,6.44,0.25,UTC-0400,6+THe69Q8P,com.sec.android.app.shealth,2025-09-30 16:18:00.000,38c2fc95-7851-42b5-b8b4-d637fe1ac5b1,
22580,4,0,36,2025-09-30 17:22:00.000,,,2025-09-30 17:22:59.948,2025-09-30 17:22:44.384,36,1.2444537,28.099995,1.2199993,UTC-0400,6+THe69Q8P,com.sec.android.app.shealth,2025-09-30 17:23:00.000,7f8d4596-ad38-40eb-bebb-1bf9e522f573,
42693,4,0,66,2025-09-30 17:23:00.000,,,2025-09-30 17:27:27.801,2025-09-30 17:23:00.723,66,1.1320336,48.329998,1.9799991,UTC-0400,6+THe69Q8P,com.sec.android.app.shealth,2025-09-30 17:24:00.000,63e8e08c-9168-42be-8f0b-647d73c0af30,
30940,4,0,42,2025-09-30 17:24:00.000,,,2025-09-30 17:27:27.851,2025-09-30 17:27:27.851,42,1.0,30.94,1.32,UTC-0400,6+THe69Q8P,com.sec.android.app.shealth,2025-09-30 17:25:00.000,079b2a00-93ef-4295-bcbf-a27b36bfafbf,
5162,4,0,8,2025-09-30 17:25:00.000,,,2025-09-30 17:27:27.888,2025-09-30 17:27:27.888,8,1.2222222,6.31,0.25,UTC-0400,6+THe69Q8P,com.sec.android.app.shealth,2025-09-30 17:26:00.000,23880b2e-9556-4bea-89b5-e2b1d203ef22,
49939,4,1,74,2025-09-30 17:29:00.000,,,2025-09-30 17:32:08.464,2025-09-30 17:32:08.464,75,1.1944444,59.65,2.65,UTC-0400,6+THe69Q8P,com.sec.android.app.shealth,2025-09-30 17:30:00.000,8f1241fe-d33f-4f38-8cea-cf0203ece043,
5392,4,0,9,2025-09-30 17:30:00.000,,,2025-09-30 17:32:08.496,2025-09-30 17:32:08.496,9,1.25,6.74,0.27,UTC-0400,6+THe69Q8P,com.sec.android.app.shealth,2025-09-30 17:31:00.000,1be8d688-30ed-48dc-81ac-9e0e62e3410b,
29152,4,0,42,2025-09-30 17:31:00.000,,,2025-09-30 17:32:08.514,2025-09-30 17:32:08.514,42,1.3055556,38.06,1.79,UTC-0400,6+THe69Q8P,com.sec.android.app.shealth,2025-09-30 17:32:00.000,dd5c63f0-1db7-4764-9165-6b79e75a126e,
18510,4,0,29,2025-09-30 17:32:00.000,,,2025-09-30 17:32:58.951,2025-09-30 17:32:08.542,29,1.1587964,21.45,0.89,UTC-0400,6+THe69Q8P,com.sec.android.app.shealth,2025-09-30 17:33:00.000,5cd9eb6e-efee-43dd-ab08-003438d17e25,
26279,4,0,43,2025-09-30 17:33:00.000,,,2025-09-30 17:35:01.720,2025-09-30 17:35:01.720,43,1.25,32.85,1.29,UTC-0400,6+THe69Q8P,com.sec.android.app.shealth,2025-09-30 17:34:00.000,c62cc01f-c710-4eda-b1f3-f132aced2bc2,
40940,4,0,71,2025-09-30 17:34:00.000,,,2025-09-30 17:35:01.737,2025-09-30 17:35:01.737,71,1.3055556,53.45,2.17,UTC-0400,6+THe69Q8P,com.sec.android.app.shealth,2025-09-30 17:35:00.000,1e53133b-0b77-4991-98d8-e6d30f206cbb,
13251,4,0,23,2025-09-30 17:35:00.000,,,2025-09-30 17:55:01.807,2025-09-30 17:55:01.807,23,1.3055556,17.3,0.69,UTC-0400,6+THe69Q8P,com.sec.android.app.shealth,2025-09-30 17:36:00.000,51c494c7-48b3-448c-b8e3-793d22671d39,
42288,4,1,60,2025-09-30 17:36:00.000,,,2025-09-30 17:55:01.837,2025-09-30 17:55:01.837,61,1.25,52.86,2.44,UTC-0400,6+THe69Q8P,com.sec.android.app.shealth,2025-09-30 17:37:00.000,b6a0f6c6-0f49-44a2-b444-0b807f160933,
27971,4,0,45,2025-09-30 17:37:00.000,,,2025-09-30 17:55:01.884,2025-09-30 17:55:01.884,45,1.1944444,33.41,1.39,UTC-0400,6+THe69Q8P,com.sec.android.app.shealth,2025-09-30 17:38:00.000,9829e802-5f8d-4132-a9d1-1aa70583fc84,
23169,4,0,34,2025-09-30 17:38:00.000,,,2025-09-30 17:55:01.925,2025-09-30 17:55:01.925,34,1.0833334,25.1,1.05,UTC-0400,6+THe69Q8P,com.sec.android.app.shealth,2025-09-30 17:39:00.000,6a2a1a19-b332-43e7-94c7-daf36687e4b6,
42210,4,0,62,2025-09-30 17:39:00.000,,,2025-09-30 17:55:01.956,2025-09-30 17:55:01.956,62,1.2222222,51.59,2.37,UTC-0400,6+THe69Q8P,com.sec.android.app.shealth,2025-09-30 17:40:00.000,129778dd-b46f-4ecf-9a2a-d3022b5ff48d,
8804,4,0,15,2025-09-30 17:40:00.000,,,2025-09-30 17:55:01.991,2025-09-30 17:55:01.991,15,1.2777778,11.25,0.45,UTC-0400,6+THe69Q8P,com.sec.android.app.shealth,2025-09-30 17:41:00.000,a4f94033-1b44-4541-b3b9-64bc8164bab3,
37936,4,0,62,2025-09-30 17:41:00.000,,,2025-09-30 17:55:02.007,2025-09-30 17:55:02.007,62,1.25,47.42,2.02,UTC-0400,6+THe69Q8P,com.sec.android.app.shealth,2025-09-30 17:42:00.000,82b78e73-5e8f-4106-97ea-ed3d4e13d7c6,
47984,4,0,80,2025-09-30 17:42:00.000,,,2025-09-30 17:55:02.029,2025-09-30 17:55:02.029,80,1.25,59.98,2.44,UTC-0400,6+THe69Q8P,com.sec.android.app.shealth,2025-09-30 17:43:00.000,5cc01c17-b4ca-4899-b8a8-c2b8fff62a6c,
37290,4,0,58,2025-09-30 17:43:00.000,,,2025-09-30 17:55:02.054,2025-09-30 17:55:02.054,58,1.1388888,42.47,1.79,UTC-0400,6+THe69Q8P,com.sec.android.app.shealth,2025-09-30 17:44:00.000,82226048-2227-4c22-80f8-a3e92b443b2a,
25744,4,0,40,2025-09-30 17:44:00.000,,,2025-09-30 17:55:02.068,2025-09-30 17:55:02.068,40,1.1388888,29.32,1.22,UTC-0400,6+THe69Q8P,com.sec.android.app.shealth,2025-09-30 17:45:00.000,4bb44d79-3059-48e8-8ccc-aa42a4e2b251,
6970,4,0,12,2025-09-30 17:45:00.000,,,2025-09-30 17:55:02.090,2025-09-30 17:55:02.090,12,1.3055556,9.1,0.38,UTC-0400,6+THe69Q8P,com.sec.android.app.shealth,2025-09-30 17:46:00.000,f28afd5b-9449-40c6-8c99-26d64c55bcb7,
31956,4,0,48,2025-09-30 21:03:00.000,,,2025-09-30 21:10:45.409,2025-09-30 21:10:45.409,48,1.0833334,34.62,1.5,UTC-0400,6+THe69Q8P,com.sec.android.app.shealth,2025-09-30 21:04:00.000,2c64537c-0cbf-47cf-8be3-751c06978720,
39647,4,0,58,2025-09-30 21:04:00.000,,,2025-09-30 21:10:45.436,2025-09-30 21:10:45.436,58,1.0555556,41.85,1.77,UTC-0400,6+THe69Q8P,com.sec.android.app.shealth,2025-09-30 21:05:00.000,c91d87e3-4a70-4263-9c71-9adab184d972,
16163,4,0,24,2025-09-30 21:07:00.000,,,2025-09-30 21:10:45.486,2025-09-30 21:10:45.486,24,1.0833334,17.51,0.74,UTC-0400,6+THe69Q8P,com.sec.android.app.shealth,2025-09-30 21:08:00.000,92ec2f10-a93e-4d17-8e3b-970d46c954f1,
4512,4,0,7,2025-09-30 21:10:00.000,,,2025-09-30 21:10:45.884,2025-09-30 21:10:45.884,7,1.1944444,5.39,0.23,UTC-0400,6+THe69Q8P,com.sec.android.app.shealth,2025-09-30 21:11:00.000,3f42dc4d-0553-4899-b654-feb2ffa3fb3d,
32378,4,0,60,2025-09-30 22:36:00.000,,,2025-09-30 22:40:26.320,2025-09-30 22:40:26.320,60,1.4166666,45.87,1.84,UTC-0400,6+THe69Q8P,com.sec.android.app.shealth,2025-09-30 22:37:00.000,aef0d1e9-50ee-4f9a-bd97-1e21c99674e2,
5171,4,0,8,2025-09-30 22:37:00.000,,,2025-09-30 22:40:26.343,2025-09-30 22:40:26.343,8,1.1388888,5.89,0.26,UTC-0400,6+THe69Q8P,com.sec.android.app.shealth,2025-09-30 22:38:00.000,e6ce5757-f7ca-41d8-bc4f-5f0cbea2aa69,
25209,4,0,37,2025-09-30 23:28:00.000,,,2025-09-30 23:35:00.227,2025-09-30 23:35:00.227,37,1.0555556,26.61,1.17,UTC-0400,6+THe69Q8P,com.sec.android.app.shealth,2025-09-30 23:29:00.000,46d8df07-a86a-4034-80a9-4fd795f6feac,
17448,4,0,22,2025-09-30 23:29:00.000,,,2025-09-30 23:35:00.244,2025-09-30 23:35:00.244,22,0.8888889,15.51,0.72,UTC-0400,6+THe69Q8P,com.sec.android.app.shealth,2025-09-30 23:30:00.000,1636e3b1-dbda-4a75-8141-1d3336682d8f,
20530,4,0,28,2025-09-30 23:30:00.000,,,2025-09-30 23:35:00.263,2025-09-30 23:35:00.263,28,0.9722222,19.96,0.9,UTC-0400,6+THe69Q8P,com.sec.android.app.shealth,2025-09-30 23:31:00.000,cc178336-d014-46d2-b2b2-1ee50d09b9b6,
37560,4,0,63,2025-09-30 23:31:00.000,,,2025-09-30 23:35:00.278,2025-09-30 23:35:00.278,63,1.25,46.95,1.91,UTC-0400,6+THe69Q8P,com.sec.android.app.shealth,2025-09-30 23:32:00.000,49ac7fb7-cf5e-4500-aa82-89545f1b82a2,
25020,4,0,43,2025-09-30 23:32:00.000,,,2025-09-30 23:35:00.295,2025-09-30 23:35:00.295,43,1.2777778,31.97,1.33,UTC-0400,6+THe69Q8P,com.sec.android.app.shealth,2025-09-30 23:33:00.000,47a35e83-193d-4b63-86d7-2728115166cd,
23969,4,0,38,2025-09-30 23:33:00.000,,,2025-09-30 23:35:00.313,2025-09-30 23:35:00.313,38,1.1944444,28.63,1.13,UTC-0400,6+THe69Q8P,com.sec.android.app.shealth,2025-09-30 23:34:00.000,b42d3be1-7b33-4af1-9a37-992acd4e5cb1,
19707,4,0,27,2025-09-30 23:34:00.000,,,2025-09-30 23:35:00.328,2025-09-30 23:35:00.328,27,0.97222227,19.16,0.87,UTC-0400,6+THe69Q8P,com.sec.android.app.shealth,2025-09-30 23:35:00.000,28947db6-e94c-43b5-a5ac-37452cb5883a,
35990,4,0,53,2025-09-30 23:35:00.000,,,2025-09-30 23:55:00.212,2025-09-30 23:55:00.212,53,1.0833334,38.99,1.62,UTC-0400,6+THe69Q8P,com.sec.android.app.shealth,2025-09-30 23:36:00.000,5d925268-0c3f-4876-95b8-de25539c5d1c,
18968,4,0,32,2025-09-30 23:36:00.000,,,2025-09-30 23:55:00.232,2025-09-30 23:55:00.232,32,1.25,23.71,0.99,UTC-0400,6+THe69Q8P,com.sec.android.app.shealth,2025-09-30 23:37:00.000,a77fe9ad-d534-409f-87a5-ca80566c7e8c,
54886,4,0,83,2025-09-30 23:37:00.000,,,2025-09-30 23:55:00.256,2025-09-30 23:55:00.256,83,1.1388888,62.51,2.69,UTC-0400,6+THe69Q8P,com.sec.android.app.shealth,2025-09-30 23:38:00.000,3ac01fe5-f3a4-4c7b-8181-bb323bf9dbeb,
31531,4,0,42,2025-09-30 23:38:00.000,,,2025-09-30 23:55:00.278,2025-09-30 23:55:00.278,42,0.9444444,29.78,1.29,UTC-0400,6+THe69Q8P,com.sec.android.app.shealth,2025-09-30 23:39:00.000,9f3e5cee-af9e-4752-86e0-c3b380c2c1b3,
47436,4,0,70,2025-09-30 23:39:00.000,,,2025-09-30 23:55:00.304,2025-09-30 23:55:00.304,70,1.0833334,51.39,2.14,UTC-0400,6+THe69Q8P,com.sec.android.app.shealth,2025-09-30 23:40:00.000,9a6c9d13-7ff4-46d1-9c34-6478587d054c,
26803,4,0,44,2025-09-30 23:40:00.000,,,2025-09-30 23:55:00.330,2025-09-30 23:55:00.330,44,1.2222222,32.76,1.35,UTC-0400,6+THe69Q8P,com.sec.android.app.shealth,2025-09-30 23:41:00.000,81f7a0fa-f025-4498-b483-65a7c699fd26,
51605,4,0,91,2025-10-01 13:33:00.000,,,2025-10-01 13:33:59.555,2025-10-01 13:33:11.578,91,1.3333846,68.80995,2.6699982,UTC-0400,6+THe69Q8P,com.sec.android.app.shealth,2025-10-01 13:34:00.000,713cfff6-32b8-4aa5-beb4-e30ecf2bd230,
19162,4,0,28,2025-10-01 13:34:00.000,,,2025-10-01 13:34:59.375,2025-10-01 13:34:00.238,28,1.0536234,20.189999,0.9099997,UTC-0400,6+THe69Q8P,com.sec.android.app.shealth,2025-10-01 13:35:00.000,e8b01c2b-e53b-418f-b9d4-0d61200e140b,
13467,4,0,19,2025-10-01 13:35:00.000,,,2025-10-01 13:35:13.124,2025-10-01 13:35:00.191,19,1.0106078,13.610001,0.5799999,UTC-0400,6+THe69Q8P,com.sec.android.app.shealth,2025-10-01 13:36:00.000,1e9f02d4-e20c-4d6c-b338-40b9e2cd4206,
10819,4,0,17,2025-10-01 13:46:00.000,,,2025-10-01 13:46:59.907,2025-10-01 13:46:52.298,17,1.158046,12.529999,0.53,UTC-0400,6+THe69Q8P,com.sec.android.app.shealth,2025-10-01 13:47:00.000,65703c0b-786b-44bd-a51b-d9e57a063fc2,
38554,4,0,68,2025-10-01 13:47:00.000,,,2025-10-01 13:47:43.529,2025-10-01 13:47:00.537,68,1.3357707,51.50001,2.0599988,UTC-0400,6+THe69Q8P,com.sec.android.app.shealth,2025-10-01 13:48:00.000,bed922a5-8da9-4c69-a52b-f575d507e883,
11472,4,0,17,2025-10-01 16:56:00.000,,,2025-10-01 16:57:43.753,2025-10-01 16:57:43.753,17,1.0555555,12.11,0.57,UTC-0400,6+THe69Q8P,com.sec.android.app.shealth,2025-10-01 16:57:00.000,33903952-37af-45c5-82fa-e8f8e44c310e,
38429,4,0,60,2025-10-01 16:57:00.000,,,2025-10-01 16:57:59.503,2025-10-01 16:57:43.799,60,1.1470221,44.080006,1.8199999,UTC-0400,6+THe69Q8P,com.sec.android.app.shealth,2025-10-01 16:58:00.000,e3411267-11aa-4b2f-bf7c-fd0a6444ef5a,
33942,4,0,51,2025-10-01 16:58:00.000,,,2025-10-01 16:58:52.650,2025-10-01 16:58:00.162,51,1.09539,37.179996,1.5599991,UTC-0400,6+THe69Q8P,com.sec.android.app.shealth,2025-10-01 16:59:00.000,5bbfed7a-a42d-42aa-90f1-8095c1acece2,
28870,4,0,41,2025-10-01 16:59:00.000,,,2025-10-01 17:03:48.489,2025-10-01 16:59:37.693,41,1.0259764,29.619999,1.25,UTC-0400,6+THe69Q8P,com.sec.android.app.shealth,2025-10-01 17:00:00.000,b55abb6e-2b0f-408b-bdf3-0a8caba31199,
46876,4,0,81,2025-10-01 17:00:00.000,,,2025-10-01 17:03:48.526,2025-10-01 17:03:48.526,81,1.3055556,61.2,2.47,UTC-0400,6+THe69Q8P,com.sec.android.app.shealth,2025-10-01 17:01:00.000,81a925f0-6df5-4cc8-8a88-9f21697c73f3,
32891,4,0,51,2025-10-01 17:01:00.000,,,2025-10-01 17:03:48.546,2025-10-01 17:03:48.546,51,1.1388888,37.46,1.55,UTC-0400,6+THe69Q8P,com.sec.android.app.shealth,2025-10-01 17:02:00.000,00c7eb88-5ff3-4243-a8b4-64b87117032c,
26372,4,0,42,2025-10-01 17:02:00.000,,,2025-10-01 17:03:48.591,2025-10-01 17:03:48.591,42,1.1944444,31.5,1.27,UTC-0400,6+THe69Q8P,com.sec.android.app.shealth,2025-10-01 17:03:00.000,8e7dc267-7f0b-428c-b6b5-851d23e24bc4,
45224,4,1,62,2025-10-01 17:03:00.000,,,2025-10-01 17:03:53.641,2025-10-01 17:03:48.625,63,1.1292472,51.07,2.3299997,UTC-0400,6+THe69Q8P,com.sec.android.app.shealth,2025-10-01 17:04:00.000,d5d05fff-597c-41d2-8bc9-75a652192952,
28388,4,0,45,2025-10-01 17:05:00.000,,,2025-10-01 17:07:11.355,2025-10-01 17:07:11.355,45,1.1666666,33.12,1.38,UTC-0400,6+THe69Q8P,com.sec.android.app.shealth,2025-10-01 17:06:00.000,c44c90db-cdb2-4ceb-a4a1-e4b907510940,
34595,4,0,54,2025-10-01 17:06:00.000,,,2025-10-01 17:07:11.388,2025-10-01 17:07:11.388,54,1.1388888,39.4,1.68,UTC-0400,6+THe69Q8P,com.sec.android.app.shealth,2025-10-01 17:07:00.000,f2088a58-9046-418d-9d7e-48730680afa7,
17261,4,0,27,2025-10-01 17:07:00.000,,,2025-10-01 17:07:21.127,2025-10-01 17:07:11.418,27,1.1476655,19.809998,0.82999986,UTC-0400,6+THe69Q8P,com.sec.android.app.shealth,2025-10-01 17:08:00.000,8473df78-6f1c-410c-9457-d950541095f3,
59428,4,0,85,2025-10-01 17:08:00.000,,,2025-10-01 17:09:27.532,2025-10-01 17:09:27.532,85,1.0555556,62.73,2.69,UTC-0400,6+THe69Q8P,com.sec.android.app.shealth,2025-10-01 17:09:00.000,3e0bc7a0-580a-4db2-9716-0c66102a9398,
33261,4,3,47,2025-10-01 17:09:00.000,,,2025-10-01 17:13:57.642,2025-10-01 17:09:27.565,50,1.1328334,37.679996,1.6599998,UTC-0400,6+THe69Q8P,com.sec.android.app.shealth,2025-10-01 17:10:00.000,5c187197-03d8-40e9-a316-06df52d01e7c,
28823,4,2,47,2025-10-01 17:10:00.000,,,2025-10-01 17:13:57.669,2025-10-01 17:13:57.669,49,1.2777778,36.83,1.54,UTC-0400,6+THe69Q8P,com.sec.android.app.shealth,2025-10-01 17:11:00.000,f7c84fe2-278c-420d-84c1-974b52d2d1a0,
27375,4,0,48,2025-10-01 17:47:00.000,,,2025-10-01 17:55:01.977,2025-10-01 17:55:01.977,48,1.3055556,35.74,1.49,UTC-0400,6+THe69Q8P,com.sec.android.app.shealth,2025-10-01 17:48:00.000,c62eaa31-4816-456f-9046-105e2b21eb99,
48772,4,0,86,2025-10-01 17:48:00.000,,,2025-10-01 17:55:01.995,2025-10-01 17:55:01.995,86,1.3333334,65.03,2.61,UTC-0400,6+THe69Q8P,com.sec.android.app.shealth,2025-10-01 17:49:00.000,00a7fb64-4f42-42d7-8c72-28584257744c,
21670,4,0,43,2025-10-01 17:49:00.000,,,2025-10-01 17:55:02.009,2025-10-01 17:55:02.009,43,1.5555556,33.71,1.27,UTC-0400,6+THe69Q8P,com.sec.android.app.shealth,2025-10-01 17:50:00.000,71ad50bd-bbe0-4e4a-9057-0f4017bd8359,
11225,4,0,18,2025-10-01 17:50:00.000,,,2025-10-01 17:55:02.026,2025-10-01 17:55:02.026,18,1.2222222,13.72,0.57,UTC-0400,6+THe69Q8P,com.sec.android.app.shealth,2025-10-01 17:51:00.000,8fd4f3a2-38b3-4171-9eb5-c056ed636268,
9711,4,0,16,2025-10-01 17:52:00.000,,,2025-10-01 17:55:02.053,2025-10-01 17:55:02.053,16,1.2222222,11.87,0.5,UTC-0400,6+THe69Q8P,com.sec.android.app.shealth,2025-10-01 17:53:00.000,72e5df87-0921-4d0d-8cce-59b01a329a99,
60000,4,0,105,2025-10-01 17:53:00.000,,,2025-10-01 17:55:02.067,2025-10-01 17:55:02.067,105,1.3180001,79.08,3.17,UTC-0400,6+THe69Q8P,com.sec.android.app.shealth,2025-10-01 17:54:00.000,5516e461-7634-4bb7-b1b8-028712c5e5a6,
19057,4,0,33,2025-10-01 17:54:00.000,,,2025-10-01 17:55:02.080,2025-10-01 17:55:02.080,33,1.3055556,24.88,0.99,UTC-0400,6+THe69Q8P,com.sec.android.app.shealth,2025-10-01 17:55:00.000,377c3cc9-524a-41cd-95a0-8c53d6e508cf,
21189,4,0,34,2025-10-01 18:15:00.000,,,2025-10-01 18:35:01.987,2025-10-01 18:35:01.987,34,1.1944444,25.31,1.06,UTC-0400,6+THe69Q8P,com.sec.android.app.shealth,2025-10-01 18:16:00.000,90070d5c-5788-4ce5-bb48-b76f2a30915d,
49159,4,0,85,2025-10-01 18:16:00.000,,,2025-10-01 18:35:02.003,2025-10-01 18:35:02.003,85,1.3055556,64.18,2.57,UTC-0400,6+THe69Q8P,com.sec.android.app.shealth,2025-10-01 18:17:00.000,dea01e83-94c1-44ff-b740-12b9c956bd9a,
20050,4,0,28,2025-10-01 18:22:00.000,,,2025-10-01 18:35:02.021,2025-10-01 18:35:02.021,28,1.0,20.05,0.89,UTC-0400,6+THe69Q8P,com.sec.android.app.shealth,2025-10-01 18:23:00.000,4267b69b-8dd8-4830-8fa3-e4267c1b504b,
21132,4,0,32,2025-10-01 18:42:00.000,,,2025-10-01 18:55:02.028,2025-10-01 18:55:02.028,32,1.1111112,23.48,1.03,UTC-0400,6+THe69Q8P,com.sec.android.app.shealth,2025-10-01 18:43:00.000,c54b053b-0285-41dc-9e14-5907d11be97c,
20561,4,0,28,2025-10-01 18:43:00.000,,,2025-10-01 18:55:02.045,2025-10-01 18:55:02.045,28,0.9722222,19.99,0.87,UTC-0400,6+THe69Q8P,com.sec.android.app.shealth,2025-10-01 18:44:00.000,33ce2c7f-400e-46cb-92fc-b19af07eddff,
13746,4,0,20,2025-10-01 18:45:00.000,,,2025-10-01 18:55:02.073,2025-10-01 18:55:02.073,20,1.0555556,14.51,0.65,UTC-0400,6+THe69Q8P,com.sec.android.app.shealth,2025-10-01 18:46:00.000,c24e50f2-f2fd-4e66-83a9-08ee571a0bae,
3276,4,0,5,2025-10-01 18:46:00.000,,,2025-10-01 18:55:02.088,2025-10-01 18:55:02.088,5,1.1111112,3.64,0.15,UTC-0400,6+THe69Q8P,com.sec.android.app.shealth,2025-10-01 18:47:00.000,64c0b246-f017-41b2-918c-a7d029cc1b4c,
14506,4,0,20,2025-10-01 18:47:00.000,,,2025-10-01 18:55:02.104,2025-10-01 18:55:02.104,20,1.2222222,17.73,0.83,UTC-0400,6+THe69Q8P,com.sec.android.app.shealth,2025-10-01 18:48:00.000,04881603-5401-4d5e-831d-9183eaef57ff,
23708,4,0,32,2025-10-01 18:50:00.000,,,2025-10-01 18:55:02.128,2025-10-01 18:55:02.128,32,0.9722222,23.05,1.01,UTC-0400,6+THe69Q8P,com.sec.android.app.shealth,2025-10-01 18:51:00.000,915ef432-b347-44cd-9425-d4d0a3916a28,
8978,4,0,12,2025-10-01 18:51:00.000,,,2025-10-01 18:55:02.346,2025-10-01 18:55:02.346,12,0.94444436,8.48,0.39,UTC-0400,6+THe69Q8P,com.sec.android.app.shealth,2025-10-01 18:52:00.000,3136cab6-d946-4db1-800d-df38ebe1cd19,
26916,4,0,39,2025-10-01 18:58:00.000,,,2025-10-01 19:15:02.029,2025-10-01 19:15:02.029,39,1.0833334,29.16,1.22,UTC-0400,6+THe69Q8P,com.sec.android.app.shealth,2025-10-01 18:59:00.000,cb4f53a5-5444-496b-b35a-d383e37a9844,
24830,4,0,36,2025-10-01 18:59:00.000,,,2025-10-01 19:15:02.044,2025-10-01 19:15:02.044,36,1.0555556,26.21,1.1,UTC-0400,6+THe69Q8P,com.sec.android.app.shealth,2025-10-01 19:00:00.000,69a41611-4a1b-4091-8cea-fbf3116ad991,
7087,4,0,9,2025-10-01 19:00:00.000,,,2025-10-01 19:15:02.061,2025-10-01 19:15:02.061,9,0.8888889,6.3,0.27,UTC-0400,6+THe69Q8P,com.sec.android.app.shealth,2025-10-01 19:01:00.000,0248d72f-0ce5-405b-9939-f4a9aca94680,
48078,4,0,73,2025-10-01 19:03:00.000,,,2025-10-01 19:15:02.083,2025-10-01 19:15:02.083,73,1.111111,53.42,2.27,UTC-0400,6+THe69Q8P,com.sec.android.app.shealth,2025-10-01 19:04:00.000,126a8fa2-5c98-4566-8f39-339cb4f887e1,
8649,4,0,13,2025-10-01 19:09:00.000,,,2025-10-01 19:15:02.107,2025-10-01 19:15:02.107,13,1.0833334,9.37,0.42,UTC-0400,6+THe69Q8P,com.sec.android.app.shealth,2025-10-01 19:10:00.000,cc1fe93a-5809-4ef9-9dd4-6bbec8ab6776,
32314,4,0,47,2025-10-01 19:14:00.000,,,2025-10-01 19:15:02.124,2025-10-01 19:15:02.124,47,1.0555556,34.11,1.46,UTC-0400,6+THe69Q8P,com.sec.android.app.shealth,2025-10-01 19:15:00.000,3133ed31-3eac-4242-bb16-a565f1270a10,
7162,4,0,10,2025-10-01 19:15:00.000,,,2025-10-01 19:17:45.934,2025-10-01 19:17:45.934,10,1.0555556,7.56,0.32,UTC-0400,6+THe69Q8P,com.sec.android.app.shealth,2025-10-01 19:16:00.000,b235d23f-854f-4b6c-8c56-018155364e0c,
32178,4,0,54,2025-10-01 19:18:00.000,,,2025-10-01 19:18:59.710,2025-10-01 19:18:06.236,54,1.2791216,41.159992,1.6599994,UTC-0400,6+THe69Q8P,com.sec.android.app.shealth,2025-10-01 19:19:00.000,4b27f6e0-dd96-412b-aa71-9e0011a661b1,
17371,4,0,25,2025-10-01 19:19:00.000,,,2025-10-01 19:22:49.709,2025-10-01 19:19:00.342,25,1.0373331,18.02,0.75,UTC-0400,6+THe69Q8P,com.sec.android.app.shealth,2025-10-01 19:20:00.000,7da1562b-7855-434b-9b4a-774879b041b4,
9348,4,0,16,2025-10-01 19:22:00.000,,,2025-10-01 19:22:59.482,2025-10-01 19:22:53.565,16,1.273971,11.91,0.5,UTC-0400,6+THe69Q8P,com.sec.android.app.shealth,2025-10-01 19:23:00.000,51321f3a-9fc1-4b85-a4de-436dc61b327d,
32966,4,0,58,2025-10-01 19:23:00.000,,,2025-10-01 19:35:02.032,2025-10-01 19:23:00.135,58,1.3289349,43.81,1.76,UTC-0400,6+THe69Q8P,com.sec.android.app.shealth,2025-10-01 19:24:00.000,8c7ad4db-6a78-4f00-9868-ba17a5da369c,
52821,4,0,87,2025-10-01 19:25:00.000,,,2025-10-01 19:35:02.052,2025-10-01 19:35:02.052,87,1.2222222,64.56,2.63,UTC-0400,6+THe69Q8P,com.sec.android.app.shealth,2025-10-01 19:26:00.000,fa47aef2-264f-4119-a300-9d86aa676ab9,
21313,4,0,35,2025-10-01 19:26:00.000,,,2025-10-01 19:35:02.065,2025-10-01 19:35:02.065,35,1.2222222,26.05,1.05,UTC-0400,6+THe69Q8P,com.sec.android.app.shealth,2025-10-01 19:27:00.000,3a0a4fd4-1d93-4b6a-b4b6-80bdea43774a,
6546,4,0,12,2025-10-01 19:29:00.000,,,2025-10-01 19:35:02.078,2025-10-01 19:35:02.078,12,1.3611112,8.91,0.38,UTC-0400,6+THe69Q8P,com.sec.android.app.shealth,2025-10-01 19:30:00.000,a3f30f16-4b2f-4c1e-b034-65e8f52286ff,
12523,4,5,19,2025-10-01 19:31:00.000,,,2025-10-01 19:35:02.091,2025-10-01 19:35:02.091,24,2.6111112,32.7,1.85,UTC-0400,6+THe69Q8P,com.sec.android.app.shealth,2025-10-01 19:32:00.000,6aa0a6ba-b5b6-42b4-9b86-060342875d13,
12843,4,5,20,2025-10-01 19:41:00.000,,,2025-10-01 19:44:45.237,2025-10-01 19:44:45.237,25,2.0555556,26.4,1.46,UTC-0400,6+THe69Q8P,com.sec.android.app.shealth,2025-10-01 19:42:00.000,2b36c025-1efb-470e-bb24-1e68d3ce7dac,
60000,4,0,108,2025-10-01 19:43:00.000,,,2025-10-01 19:44:45.270,2025-10-01 19:44:45.270,108,1.427,85.62,3.58,UTC-0400,6+THe69Q8P,com.sec.android.app.shealth,2025-10-01 19:44:00.000,781e9804-efd9-4e12-9923-1f5ece063a84,
56102,4,0,98,2025-10-01 19:44:00.000,,,2025-10-01 19:44:59.961,2025-10-01 19:44:45.319,98,1.3204466,74.079994,2.9399993,UTC-0400,6+THe69Q8P,com.sec.android.app.shealth,2025-10-01 19:45:00.000,cd420a98-26d6-4c4e-8721-1d907aeb78a5,
9576,4,0,16,2025-10-01 19:45:00.000,,,2025-10-01 19:45:09.817,2025-10-01 19:45:00.612,16,1.2394629,11.869998,0.48,UTC-0400,6+THe69Q8P,com.sec.android.app.shealth,2025-10-01 19:46:00.000,3ea71116-62ba-4cb4-858b-18f50f9e4d63,
60000,4,0,118,2025-10-01 20:01:00.000,,,2025-10-01 20:15:02.121,2025-10-01 20:15:02.121,118,1.4908332,89.45,3.6,UTC-0400,6+THe69Q8P,com.sec.android.app.shealth,2025-10-01 20:02:00.000,933a2ead-f479-4ba4-bfb5-1656e69bbdd0,
4611,4,0,8,2025-10-01 20:02:00.000,,,2025-10-01 20:15:02.137,2025-10-01 20:15:02.137,8,1.3055556,6.02,0.24,UTC-0400,6+THe69Q8P,com.sec.android.app.shealth,2025-10-01 20:03:00.000,0d4832c8-2522-4819-bca4-28fdc3d77245,
30942,4,0,47,2025-10-01 20:15:00.000,,,2025-10-01 20:19:36.598,2025-10-01 20:19:36.598,47,1.1111112,34.38,1.43,UTC-0400,6+THe69Q8P,com.sec.android.app.shealth,2025-10-01 20:16:00.000,6a3ba8dd-7b63-4882-881b-85412f7fd0ff,
45806,4,1,53,2025-10-01 20:17:00.000,,,2025-10-01 20:19:36.664,2025-10-01 20:19:36.664,54,1.3888888,63.62,3.29,UTC-0400,6+THe69Q8P,com.sec.android.app.shealth,2025-10-01 20:18:00.000,a04f96e9-f438-4dc5-b7bf-08492f55e3c8,
2976,4,0,5,2025-10-01 20:18:00.000,,,2025-10-01 20:19:36.702,2025-10-01 20:19:36.702,5,1.25,3.72,0.15,UTC-0400,6+THe69Q8P,com.sec.android.app.shealth,2025-10-01 20:19:00.000,6b1cf4e8-d1ac-4ebc-af2e-370abb684f6b,
4383,4,0,8,2025-10-01 20:19:00.000,,,2025-10-01 20:19:36.730,2025-10-01 20:19:36.730,8,1.4166667,6.21,0.26,UTC-0400,6+THe69Q8P,com.sec.android.app.shealth,2025-10-01 20:20:00.000,87833a64-db6d-43ac-a289-1ba4a3e72e17,
37517,4,0,71,2025-10-01 20:22:00.000,,,2025-10-01 20:25:03.209,2025-10-01 20:22:06.217,71,1.444129,54.18,2.1399999,UTC-0400,6+THe69Q8P,com.sec.android.app.shealth,2025-10-01 20:23:00.000,0eae8115-906f-4334-9a18-6d039c840c1a,
30342,4,0,52,2025-10-01 20:23:00.000,,,2025-10-01 20:25:03.260,2025-10-01 20:25:03.260,52,1.3611112,41.3,1.72,UTC-0400,6+THe69Q8P,com.sec.android.app.shealth,2025-10-01 20:24:00.000,6a7aa5b7-1185-4f3b-80bd-8bdf9220eb67,
60000,4,0,109,2025-10-01 21:13:00.000,,,2025-10-01 21:15:00.207,2025-10-01 21:15:00.207,109,1.3606666,81.64,3.32,UTC-0400,6+THe69Q8P,com.sec.android.app.shealth,2025-10-01 21:14:00.000,3da60690-0943-4d4c-be57-98f8b75e52a1,
36837,4,0,63,2025-10-01 21:14:00.000,,,2025-10-01 21:15:00.222,2025-10-01 21:15:00.222,63,1.2777778,47.07,1.91,UTC-0400,6+THe69Q8P,com.sec.android.app.shealth,2025-10-01 21:15:00.000,59c5261d-dae6-4217-bfa1-2b199c90a67b,
42202,4,3,57,2025-10-01 21:16:00.000,,,2025-10-01 21:35:00.344,2025-10-01 21:35:00.344,60,1.3333334,56.27,2.7,UTC-0400,6+THe69Q8P,com.sec.android.app.shealth,2025-10-01 21:17:00.000,21169870-ab5f-4f74-a721-8ae2dd3e2076,
42769,4,0,73,2025-10-01 21:17:00.000,,,2025-10-01 21:35:00.363,2025-10-01 21:35:00.363,73,1.2777778,54.65,2.3,UTC-0400,6+THe69Q8P,com.sec.android.app.shealth,2025-10-01 21:18:00.000,e65590ba-ebae-4f9b-bcd4-16fbb765bc06,
11880,4,0,16,2025-10-01 21:18:00.000,,,2025-10-01 21:35:00.383,2025-10-01 21:35:00.383,16,0.9722222,11.55,0.5,UTC-0400,6+THe69Q8P,com.sec.android.app.shealth,2025-10-01 21:19:00.000,b3a7df6b-ecda-46e5-bdf8-7290ab27a4ce,
26301,4,0,34,2025-10-01 21:28:00.000,,,2025-10-01 21:35:00.400,2025-10-01 21:35:00.400,34,0.9444444,24.84,1.08,UTC-0400,6+THe69Q8P,com.sec.android.app.shealth,2025-10-01 21:29:00.000,08748c7f-d742-4bd6-b075-c60143a0b3b6,
31392,4,0,42,2025-10-01 21:29:00.000,,,2025-10-01 21:35:00.419,2025-10-01 21:35:00.419,42,0.9722222,30.52,1.32,UTC-0400,6+THe69Q8P,com.sec.android.app.shealth,2025-10-01 21:30:00.000,61cb529c-d577-439c-8272-5a671c52e50a,
5512,4,0,7,2025-10-01 21:30:00.000,,,2025-10-01 21:35:00.442,2025-10-01 21:35:00.442,7,0.8888889,4.9,0.21,UTC-0400,6+THe69Q8P,com.sec.android.app.shealth,2025-10-01 21:31:00.000,3d07fb71-fcdb-49d4-b3c6-34a704557772,
11700,4,0,17,2025-10-01 21:38:00.000,,,2025-10-01 21:55:00.187,2025-10-01 21:55:00.187,17,1.0555555,12.35,0.53,UTC-0400,6+THe69Q8P,com.sec.android.app.shealth,2025-10-01 21:39:00.000,d8d3fdb1-402e-4d4d-9231-93da661dca99,
4600,4,0,7,2025-10-01 21:39:00.000,,,2025-10-01 21:55:00.202,2025-10-01 21:55:00.202,7,1.1388888,5.24,0.23,UTC-0400,6+THe69Q8P,com.sec.android.app.shealth,2025-10-01 21:40:00.000,2611e43a-ec95-4ba6-a095-e62662647d9d,
19698,4,0,25,2025-10-01 21:43:00.000,,,2025-10-01 21:55:00.219,2025-10-01 21:55:00.219,25,0.8888889,17.51,0.78,UTC-0400,6+THe69Q8P,com.sec.android.app.shealth,2025-10-01 21:44:00.000,9d27a08d-961f-4e78-bc19-442fa4b9a671,
13432,4,0,17,2025-10-01 21:44:00.000,,,2025-10-01 21:55:00.233,2025-10-01 21:55:00.233,17,0.8888889,11.94,0.54,UTC-0400,6+THe69Q8P,com.sec.android.app.shealth,2025-10-01 21:45:00.000,88f46ce4-f43f-4a47-9bb8-c12917dd8c79,
23392,4,0,41,2025-10-01 21:52:00.000,,,2025-10-01 21:55:00.250,2025-10-01 21:55:00.250,41,1.3055556,30.54,1.28,UTC-0400,6+THe69Q8P,com.sec.android.app.shealth,2025-10-01 21:53:00.000,cb6e06d8-0626-430d-a8b7-9ad052d37f82,
58186,4,0,99,2025-10-01 21:53:00.000,,,2025-10-01 21:55:00.265,2025-10-01 21:55:00.265,99,1.2777778,74.35,2.97,UTC-0400,6+THe69Q8P,com.sec.android.app.shealth,2025-10-01 21:54:00.000,14c9a24d-8aa0-4b85-a25d-625f7540de71,
21240,4,0,34,2025-10-01 21:54:00.000,,,2025-10-01 21:55:00.693,2025-10-01 21:55:00.693,34,1.1944444,25.37,1.07,UTC-0400,6+THe69Q8P,com.sec.android.app.shealth,2025-10-01 21:55:00.000,183cf5f6-91c7-4e47-80a4-4541bda72dfe,
52100,4,0,90,2025-10-01 21:58:00.000,,,2025-10-01 22:15:00.192,2025-10-01 22:15:00.192,90,1.3055556,68.02,2.73,UTC-0400,6+THe69Q8P,com.sec.android.app.shealth,2025-10-01 21:59:00.000,63fb08df-1ab8-4da9-80a2-0bf33d908077,
24763,4,1,30,2025-10-01 21:59:00.000,,,2025-10-01 22:15:00.208,2025-10-01 22:15:00.208,31,1.3055556,32.33,1.63,UTC-0400,6+THe69Q8P,com.sec.android.app.shealth,2025-10-01 22:00:00.000,313e9576-8385-4627-b247-f0a171ce8020,
7803,4,0,12,2025-10-01 22:00:00.000,,,2025-10-01 22:15:00.224,2025-10-01 22:15:00.224,12,1.1111112,8.67,0.4,UTC-0400,6+THe69Q8P,com.sec.android.app.shealth,2025-10-01 22:01:00.000,b04fe5ba-49bd-49ff-aceb-7e1f57bb5e35,
4581,4,0,7,2025-10-01 22:02:00.000,,,2025-10-01 22:15:00.245,2025-10-01 22:15:00.245,7,1.2222222,5.6,0.22,UTC-0400,6+THe69Q8P,com.sec.android.app.shealth,2025-10-01 22:03:00.000,243b1d1b-8e21-432e-83f0-2934737d065c,
11629,4,0,15,2025-10-01 22:03:00.000,,,2025-10-01 22:15:00.264,2025-10-01 22:15:00.264,15,0.9166667,10.66,0.51,UTC-0400,6+THe69Q8P,com.sec.android.app.shealth,2025-10-01 22:04:00.000,7cb2171c-3146-496b-aee0-ad865fd16804,
11560,4,0,16,2025-10-01 22:07:00.000,,,2025-10-01 22:15:00.285,2025-10-01 22:15:00.285,16,1.0,11.56,0.53,UTC-0400,6+THe69Q8P,com.sec.android.app.shealth,2025-10-01 22:08:00.000,821f3365-6f91-4a07-8a83-d38b6770e706,
4898,4,0,11,2025-10-01 22:09:00.000,,,2025-10-01 22:15:00.312,2025-10-01 22:15:00.312,11,1.8333334,8.98,0.34,UTC-0400,6+THe69Q8P,com.sec.android.app.shealth,2025-10-01 22:10:00.000,a4c53a2c-5928-4894-8a2b-4e76cbe901a9,
16361,4,0,27,2025-10-01 22:10:00.000,,,2025-10-01 22:15:00.336,2025-10-01 22:15:00.336,27,1.3611112,22.27,0.97,UTC-0400,6+THe69Q8P,com.sec.android.app.shealth,2025-10-01 22:11:00.000,d45bfb6b-4935-435b-aefe-8360dc1da6c1,
29022,4,0,49,2025-10-01 22:14:00.000,,,2025-10-01 22:15:00.387,2025-10-01 22:15:00.387,49,1.3055556,37.89,1.53,UTC-0400,6+THe69Q8P,com.sec.android.app.shealth,2025-10-01 22:15:00.000,df307b32-2861-4956-bd56-61babb97a089,
14380,4,0,20,2025-10-01 22:15:00.000,,,2025-10-01 22:23:51.950,2025-10-01 22:23:51.950,20,0.99999994,14.38,0.65,UTC-0400,6+THe69Q8P,com.sec.android.app.shealth,2025-10-01 22:16:00.000,48e5b0fc-5704-4968-bebd-41f590b87fb8,
17111,4,0,30,2025-10-01 22:20:00.000,,,2025-10-01 22:23:51.990,2025-10-01 22:23:51.990,30,1.3055556,22.34,0.94,UTC-0400,6+THe69Q8P,com.sec.android.app.shealth,2025-10-01 22:21:00.000,f8ea726c-1453-4354-9757-db13936348aa,
34760,4,0,58,2025-10-01 22:21:00.000,,,2025-10-01 22:23:52.054,2025-10-01 22:23:52.054,58,1.25,43.45,1.74,UTC-0400,6+THe69Q8P,com.sec.android.app.shealth,2025-10-01 22:22:00.000,28760e42-f8c6-4471-b4bc-ee1868c608a6,
13896,4,0,23,2025-10-01 22:22:00.000,,,2025-10-01 22:23:52.091,2025-10-01 22:23:52.091,23,1.25,17.37,0.72,UTC-0400,6+THe69Q8P,com.sec.android.app.shealth,2025-10-01 22:23:00.000,2edc9299-3a71-47b3-8474-4ac699c95d72,
8973,4,0,17,2025-10-01 23:15:00.000,,,2025-10-01 23:22:46.588,2025-10-01 23:22:46.588,17,1.5277778,13.71,0.53,UTC-0400,6+THe69Q8P,com.sec.android.app.shealth,2025-10-01 23:16:00.000,90e6dbfc-84c8-43c5-9ca1-87f64be36d77,
4839,4,0,9,2025-10-01 23:16:00.000,,,2025-10-01 23:22:46.635,2025-10-01 23:22:46.635,9,1.4444444,6.99,0.29,UTC-0400,6+THe69Q8P,com.sec.android.app.shealth,2025-10-01 23:17:00.000,66d29ab7-cd72-467d-bf35-d710be991bca,
9016,4,0,15,2025-10-01 23:17:00.000,,,2025-10-01 23:22:46.675,2025-10-01 23:22:46.675,15,1.25,11.27,0.47,UTC-0400,6+THe69Q8P,com.sec.android.app.shealth,2025-10-01 23:18:00.000,fc93a5b7-31e4-413e-a7ac-b3fbca6afa6e,
19132,4,0,30,2025-10-02 01:26:00.000,,,2025-10-02 01:35:00.645,2025-10-02 01:35:00.645,30,1.1388888,21.79,0.95,UTC-0400,6+THe69Q8P,com.sec.android.app.shealth,2025-10-02 01:27:00.000,2e7067fb-527c-49c1-99b8-ef9670f40eb1,
4923,4,0,7,2025-10-02 01:28:00.000,,,2025-10-02 01:35:00.666,2025-10-02 01:35:00.666,7,1.0277778,5.06,0.23,UTC-0400,6+THe69Q8P,com.sec.android.app.shealth,2025-10-02 01:29:00.000,5b11e444-1c72-49aa-81c2-f2d722973078,
8742,4,0,12,2025-10-02 01:29:00.000,,,2025-10-02 01:35:00.685,2025-10-02 01:35:00.685,12,0.9722222,8.5,0.39,UTC-0400,6+THe69Q8P,com.sec.android.app.shealth,2025-10-02 01:30:00.000,37d942e3-c3aa-4752-b6f7-f4dbad250fe4,
13176,4,0,18,2025-10-02 01:30:00.000,,,2025-10-02 01:35:02.385,2025-10-02 01:35:02.385,18,0.9722222,12.81,0.54,UTC-0400,6+THe69Q8P,com.sec.android.app.shealth,2025-10-02 01:31:00.000,1a74c23b-5055-4143-9082-4fe9ff5dfceb,
12759,4,0,21,2025-10-02 14:15:00.000,,,2025-10-02 14:17:08.022,2025-10-02 14:17:08.022,21,1.1944444,15.24,0.68,UTC-0400,6+THe69Q8P,com.sec.android.app.shealth,2025-10-02 14:16:00.000,14e6f7b0-afcf-4fb8-8af6-3b8c2c1255dd,
21000,4,0,35,2025-10-02 14:16:00.000,,,2025-10-02 14:17:08.057,2025-10-02 14:17:08.057,35,1.25,26.25,1.09,UTC-0400,6+THe69Q8P,com.sec.android.app.shealth,2025-10-02 14:17:00.000,1873d2fe-4e8c-4179-9d0b-930ef97bad7d,
24375,4,0,32,2025-10-02 14:17:00.000,,,2025-10-02 14:17:55.572,2025-10-02 14:17:25.913,32,0.92551345,22.559998,1.0599998,UTC-0400,6+THe69Q8P,com.sec.android.app.shealth,2025-10-02 14:18:00.000,1dc0046c-2c9a-4050-b731-a3b2ca871d38,
39609,4,0,71,2025-10-02 14:18:00.000,,,2025-10-02 14:20:29.495,2025-10-02 14:18:01.638,71,1.3481531,53.4,2.16,UTC-0400,6+THe69Q8P,com.sec.android.app.shealth,2025-10-02 14:19:00.000,f2a65fac-8b62-4f1e-b761-d90fef093a4c,
19334,4,10,23,2025-10-02 14:19:00.000,,,2025-10-02 14:20:29.520,2025-10-02 14:20:29.520,33,2.5555556,49.41,2.9,UTC-0400,6+THe69Q8P,com.sec.android.app.shealth,2025-10-02 14:20:00.000,110de930-d7c0-4fbc-8ee8-ba60a2043ad6,
9656,4,0,16,2025-10-02 14:21:00.000,,,2025-10-02 14:21:34.715,2025-10-02 14:21:27.179,16,1.2344302,11.919999,0.5,UTC-0400,6+THe69Q8P,com.sec.android.app.shealth,2025-10-02 14:22:00.000,42972d6f-3c22-43b2-a4bd-325174b7594c,
45479,4,0,55,2025-10-02 14:23:00.000,,,2025-10-02 14:24:29.937,2025-10-02 14:24:29.937,55,1.3333334,60.64,3.16,UTC-0400,6+THe69Q8P,com.sec.android.app.shealth,2025-10-02 14:24:00.000,37fc1d30-9700-4165-840d-3a08f29a7a35,
31882,4,0,53,2025-10-02 14:24:00.000,,,2025-10-02 14:35:01.545,2025-10-02 14:24:29.972,53,1.2483491,39.799995,1.6499996,UTC-0400,6+THe69Q8P,com.sec.android.app.shealth,2025-10-02 14:25:00.000,36e6c7a1-883e-4acb-8012-56d543e04c6d,
31968,4,1,52,2025-10-02 14:25:00.000,,,2025-10-02 14:35:01.564,2025-10-02 14:35:01.564,53,1.3888888,44.4,1.99,UTC-0400,6+THe69Q8P,com.sec.android.app.shealth,2025-10-02 14:26:00.000,acec6c74-42bf-4679-a72c-147f65dfb5ef,
10222,4,0,18,2025-10-02 14:26:00.000,,,2025-10-02 14:35:01.587,2025-10-02 14:35:01.587,18,1.3333334,13.63,0.55,UTC-0400,6+THe69Q8P,com.sec.android.app.shealth,2025-10-02 14:27:00.000,20d82370-6d2d-4e7f-b71d-ad62e0f5ba5b,
37939,4,0,62,2025-10-02 14:28:00.000,,,2025-10-02 14:35:01.605,2025-10-02 14:35:01.605,62,1.2222222,46.37,1.91,UTC-0400,6+THe69Q8P,com.sec.android.app.shealth,2025-10-02 14:29:00.000,cc1aa288-dab1-433e-b9ed-a0d59e09dc27,
37008,4,0,56,2025-10-02 14:29:00.000,,,2025-10-02 14:35:01.624,2025-10-02 14:35:01.624,56,1.1111112,41.12,1.7,UTC-0400,6+THe69Q8P,com.sec.android.app.shealth,2025-10-02 14:30:00.000,f36f7eb7-9be5-4d34-bf36-5a6237114c5c,
12117,4,0,20,2025-10-02 14:30:00.000,,,2025-10-02 14:35:01.648,2025-10-02 14:35:01.648,20,1.2222222,14.81,0.6,UTC-0400,6+THe69Q8P,com.sec.android.app.shealth,2025-10-02 14:31:00.000,7af50b82-0250-4da6-bfe9-1fe21c03b010,
45184,4,1,66,2025-10-02 14:31:00.000,,,2025-10-02 14:35:01.669,2025-10-02 14:35:01.669,67,1.25,56.48,2.58,UTC-0400,6+THe69Q8P,com.sec.android.app.shealth,2025-10-02 14:32:00.000,eb65e721-d38e-4317-b162-74c42f3fe299,
22516,4,0,34,2025-10-02 14:32:00.000,,,2025-10-02 14:35:01.696,2025-10-02 14:35:01.696,34,1.4722222,33.15,1.61,UTC-0400,6+THe69Q8P,com.sec.android.app.shealth,2025-10-02 14:33:00.000,c384fb67-6978-4296-a123-7a694b7f00ed,
24600,4,0,42,2025-10-02 14:33:00.000,,,2025-10-02 14:35:01.725,2025-10-02 14:35:01.725,42,1.25,30.75,1.37,UTC-0400,6+THe69Q8P,com.sec.android.app.shealth,2025-10-02 14:34:00.000,c74f7ab2-37cb-4bdb-9341-1debcd289330,
29520,4,2,37,2025-10-02 14:34:00.000,,,2025-10-02 14:35:01.750,2025-10-02 14:35:01.750,39,1.3055556,38.54,1.89,UTC-0400,6+THe69Q8P,com.sec.android.app.shealth,2025-10-02 14:35:00.000,f74c4748-c321-4ea5-b04a-52f8727d1f79,
10852,4,0,19,2025-10-02 20:31:00.000,,,2025-10-02 20:32:16.580,2025-10-02 20:32:16.580,19,1.3333334,14.47,0.61,UTC-0400,6+THe69Q8P,com.sec.android.app.shealth,2025-10-02 20:32:00.000,affa1a4d-12d8-41af-b6b9-b59000c73822,
57553,4,0,95,2025-10-02 20:32:00.000,,,2025-10-02 20:32:59.984,2025-10-02 20:32:16.708,95,1.2284199,70.70004,2.8699982,UTC-0400,6+THe69Q8P,com.sec.android.app.shealth,2025-10-02 20:33:00.000,ed743eb5-7bcf-4ab3-8521-e8c0e3afa08b,
12638,4,0,21,2025-10-02 20:33:00.000,,,2025-10-02 20:33:13.899,2025-10-02 20:33:00.601,21,1.2327468,15.579998,0.63999987,UTC-0400,6+THe69Q8P,com.sec.android.app.shealth,2025-10-02 20:34:00.000,6aa56a1e-fe84-4b74-b7bd-87a142cbd7b0,
32636,4,0,48,2025-10-02 20:51:00.000,,,2025-10-02 20:54:59.924,2025-10-02 20:54:59.924,48,1.0555556,34.45,1.5,UTC-0400,6+THe69Q8P,com.sec.android.app.shealth,2025-10-02 20:52:00.000,dbc12890-1f94-478d-ba63-59d13dd40e96,
30916,4,0,40,2025-10-02 20:52:00.000,,,2025-10-02 20:54:59.942,2025-10-02 20:54:59.942,40,0.9166667,28.34,1.25,UTC-0400,6+THe69Q8P,com.sec.android.app.shealth,2025-10-02 20:53:00.000,4292f221-d5a4-493b-ae5f-f8155a284d64,
47622,4,0,73,2025-10-02 20:54:00.000,,,2025-10-02 20:54:59.963,2025-10-02 20:54:59.963,73,1.1666666,55.56,2.37,UTC-0400,6+THe69Q8P,com.sec.android.app.shealth,2025-10-02 20:55:00.000,7147f363-48f8-414a-a43d-716ac56f29e5,
14130,4,0,25,2025-10-02 20:55:00.000,,,2025-10-02 21:08:59.204,2025-10-02 21:08:59.204,25,1.3333334,18.84,0.77,UTC-0400,6+THe69Q8P,com.sec.android.app.shealth,2025-10-02 20:56:00.000,ef4b7430-0b27-4875-a3d8-1b00ba48ff99,
41490,4,0,63,2025-10-02 20:56:00.000,,,2025-10-02 21:08:59.264,2025-10-02 21:08:59.264,63,1.111111,46.1,1.95,UTC-0400,6+THe69Q8P,com.sec.android.app.shealth,2025-10-02 20:57:00.000,af2f39b0-d4a3-439a-8aa8-aab85a626e8d,
38690,4,0,56,2025-10-02 20:57:00.000,,,2025-10-02 21:08:59.301,2025-10-02 21:08:59.301,56,1.0555556,40.84,1.72,UTC-0400,6+THe69Q8P,com.sec.android.app.shealth,2025-10-02 20:58:00.000,8ec81718-9322-49d7-9d53-f54f577fe532,
38880,4,0,53,2025-10-02 20:58:00.000,,,2025-10-02 21:08:59.358,2025-10-02 21:08:59.358,53,0.9722222,37.8,1.65,UTC-0400,6+THe69Q8P,com.sec.android.app.shealth,2025-10-02 20:59:00.000,074a5b6f-14b5-4da2-93a3-4b7619e4e81e,
30713,4,0,44,2025-10-02 20:59:00.000,,,2025-10-02 21:08:59.379,2025-10-02 21:08:59.379,44,1.0555556,32.42,1.36,UTC-0400,6+THe69Q8P,com.sec.android.app.shealth,2025-10-02 21:00:00.000,862e4fe3-a3ac-4bc8-a4b7-a1067b2d386a,
27875,4,0,46,2025-10-02 21:00:00.000,,,2025-10-02 21:08:59.460,2025-10-02 21:08:59.460,46,1.2222222,34.07,1.44,UTC-0400,6+THe69Q8P,com.sec.android.app.shealth,2025-10-02 21:01:00.000,4ba4cd60-5aff-4aef-91ba-537c6e7a607e,
41083,4,0,62,2025-10-02 21:01:00.000,,,2025-10-02 21:08:59.503,2025-10-02 21:08:59.503,62,1.1388888,46.79,2.05,UTC-0400,6+THe69Q8P,com.sec.android.app.shealth,2025-10-02 21:02:00.000,8fd7ecfc-d28a-40c0-91a5-cc033a340228,
28791,4,0,44,2025-10-02 21:02:00.000,,,2025-10-02 21:08:59.534,2025-10-02 21:08:59.534,44,1.1111112,31.99,1.37,UTC-0400,6+THe69Q8P,com.sec.android.app.shealth,2025-10-02 21:03:00.000,c56e1293-8670-4e15-8819-f79c31b0a296,
9804,4,0,18,2025-10-02 21:03:00.000,,,2025-10-02 21:08:59.586,2025-10-02 21:08:59.586,18,1.4166666,13.89,0.56,UTC-0400,6+THe69Q8P,com.sec.android.app.shealth,2025-10-02 21:04:00.000,6fd2f2b1-f93a-47ff-a001-5c8ed74357db,
27150,4,0,48,2025-10-02 21:04:00.000,,,2025-10-02 21:08:59.606,2025-10-02 21:08:59.606,48,1.3333334,36.2,1.5,UTC-0400,6+THe69Q8P,com.sec.android.app.shealth,2025-10-02 21:05:00.000,4b6ba1ae-571b-49e7-a7f2-a5191ad6d482,
60000,4,0,108,2025-10-02 22:56:00.000,,,2025-10-02 22:57:53.440,2025-10-02 22:56:03.969,108,1.3350005,80.10004,3.2799985,UTC-0400,6+THe69Q8P,com.sec.android.app.shealth,2025-10-02 22:57:00.000,5ac5c632-39f2-4ec8-b083-1e09a6aaf282,
28452,4,0,47,2025-10-02 22:57:00.000,,,2025-10-02 22:57:58.823,2025-10-02 22:57:53.467,47,1.2234343,34.81,1.47,UTC-0400,6+THe69Q8P,com.sec.android.app.shealth,2025-10-02 22:58:00.000,0c430d4a-b9d3-4abf-8fb6-1e7c1bc65281,
2142,4,0,3,2025-10-02 22:58:00.000,,,2025-10-02 22:58:02.528,2025-10-02 22:58:00.745,3,0.9987508,2.14,0.089999996,UTC-0400,6+THe69Q8P,com.sec.android.app.shealth,2025-10-02 22:59:00.000,d3dc0455-aab9-4e16-8034-91588e8075db,
15038,4,0,23,2025-10-02 22:59:00.000,,,2025-10-02 23:02:23.938,2025-10-02 23:02:23.938,23,1.1111112,16.71,0.73,UTC-0400,6+THe69Q8P,com.sec.android.app.shealth,2025-10-02 23:00:00.000,923080fd-87da-4b1b-97c4-a3df7c051ffe,
37808,4,0,62,2025-10-02 23:00:00.000,,,2025-10-02 23:02:23.982,2025-10-02 23:02:23.982,62,1.2222222,46.21,1.86,UTC-0400,6+THe69Q8P,com.sec.android.app.shealth,2025-10-02 23:01:00.000,ddadb462-f8ab-4128-b2c2-81e93d255f4b,
26426,4,0,51,2025-10-03 21:25:00.000,,,2025-10-03 21:35:01.996,2025-10-03 21:35:01.996,51,1.5,39.64,1.56,UTC-0400,6+THe69Q8P,com.sec.android.app.shealth,2025-10-03 21:26:00.000,0d378fe9-a80d-46c5-b938-facd267897a5,
36311,4,0,68,2025-10-03 21:26:00.000,,,2025-10-03 21:35:02.016,2025-10-03 21:35:02.016,68,1.4444444,52.45,2.04,UTC-0400,6+THe69Q8P,com.sec.android.app.shealth,2025-10-03 21:27:00.000,6d8b7dd7-e62a-4f6d-80d3-469f9a121c44,
42595,4,0,85,2025-10-03 21:27:00.000,,,2025-10-03 21:35:02.021,2025-10-03 21:35:02.021,85,1.5555556,66.26,2.57,UTC-0400,6+THe69Q8P,com.sec.android.app.shealth,2025-10-03 21:28:00.000,e240015d-50e6-412c-be1c-0d38bc0dd24b,
25006,4,0,47,2025-10-03 21:28:00.000,,,2025-10-03 21:35:02.031,2025-10-03 21:35:02.031,47,1.4444444,36.12,1.43,UTC-0400,6+THe69Q8P,com.sec.android.app.shealth,2025-10-03 21:29:00.000,5cae2db3-142c-4e3b-a92f-b153d5ade892,
8522,4,0,15,2025-10-03 23:13:00.000,,,2025-10-03 23:15:02.097,2025-10-03 23:15:02.097,15,1.2777778,10.89,0.5,UTC-0400,6+THe69Q8P,com.sec.android.app.shealth,2025-10-03 23:14:00.000,8f4ac2cb-79c8-406b-8df0-b2c47cf7f7dc,
14944,4,0,21,2025-10-03 23:59:00.000,,,2025-10-04 00:13:59.100,2025-10-04 00:13:59.100,21,1.1944444,17.85,0.89,UTC-0400,6+THe69Q8P,com.sec.android.app.shealth,2025-10-04 00:00:00.000,47199ed1-26ec-4295-81db-add28f471247,
13840,4,0,27,2025-10-04 00:00:00.000,,,2025-10-04 00:13:59.164,2025-10-04 00:13:59.164,27,1.5,20.76,0.85,UTC-0400,6+THe69Q8P,com.sec.android.app.shealth,2025-10-04 00:01:00.000,d0adb087-385c-4d73-811c-3cee5f277e26,
19342,4,0,24,2025-10-04 00:06:00.000,,,2025-10-04 00:13:59.238,2025-10-04 00:13:59.238,24,1.3333334,25.79,1.36,UTC-0400,6+THe69Q8P,com.sec.android.app.shealth,2025-10-04 00:07:00.000,9bf6a5b7-1d09-4195-b98c-0171faf0f0cb,
7725,4,0,11,2025-10-04 00:08:00.000,,,2025-10-04 00:13:59.248,2025-10-04 00:13:59.248,11,1.0277778,7.94,0.35,UTC-0400,6+THe69Q8P,com.sec.android.app.shealth,2025-10-04 00:09:00.000,9e04f231-4c71-4774-9257-09398d2bae75,
45253,4,0,74,2025-10-04 00:09:00.000,,,2025-10-04 00:13:59.281,2025-10-04 00:13:59.281,74,1.2222222,55.31,2.28,UTC-0400,6+THe69Q8P,com.sec.android.app.shealth,2025-10-04 00:10:00.000,cfcdc5c8-b4b1-421d-a9ac-2d1cbaa700d5,
7709,4,0,12,2025-10-04 00:10:00.000,,,2025-10-04 00:13:59.306,2025-10-04 00:13:59.306,12,1.1388888,8.78,0.36,UTC-0400,6+THe69Q8P,com.sec.android.app.shealth,2025-10-04 00:11:00.000,457fbf12-e5e3-4845-a717-a4120afdf5fd,
19984,4,0,20,2025-10-04 00:11:00.000,,,2025-10-04 00:13:59.336,2025-10-04 00:13:59.336,20,1.25,24.98,1.39,UTC-0400,6+THe69Q8P,com.sec.android.app.shealth,2025-10-04 00:12:00.000,aa75454e-ebb1-45b4-aaee-9b5cadc81ec4,
20328,4,0,21,2025-10-04 00:12:00.000,,,2025-10-04 00:13:59.359,2025-10-04 00:13:59.359,21,1.3055556,26.54,1.5,UTC-0400,6+THe69Q8P,com.sec.android.app.shealth,2025-10-04 00:13:00.000,e8fd7406-5f71-4532-b08b-0e81b7555e13,
5337,4,0,10,2025-10-04 00:13:00.000,,,2025-10-04 00:13:59.388,2025-10-04 00:13:59.388,10,1.4444444,7.71,0.32,UTC-0400,6+THe69Q8P,com.sec.android.app.shealth,2025-10-04 00:14:00.000,64d08994-b010-476b-81cf-3aa44d0514b2,
29880,4,0,58,2025-10-04 00:14:00.000,,,2025-10-04 00:15:00.364,2025-10-04 00:15:00.364,58,1.5,44.82,1.78,UTC-0400,6+THe69Q8P,com.sec.android.app.shealth,2025-10-04 00:15:00.000,05ffb184-3d5f-4cc0-a854-f5e8f16f749a,
14448,4,0,27,2025-10-04 00:15:00.000,,,2025-10-04 00:35:00.236,2025-10-04 00:35:00.236,27,1.4444444,20.87,0.83,UTC-0400,6+THe69Q8P,com.sec.android.app.shealth,2025-10-04 00:16:00.000,9dd898ab-fb61-498a-ba36-eb7f9b0af261,
12599,4,0,19,2025-10-04 03:35:00.000,,,2025-10-04 03:55:00.561,2025-10-04 03:55:00.561,19,1.0833334,13.65,0.63,UTC-0400,6+THe69Q8P,com.sec.android.app.shealth,2025-10-04 03:36:00.000,be2698fe-0a69-4dfc-ab6b-6b077e1b3d19,
22883,4,0,34,2025-10-04 03:46:00.000,,,2025-10-04 03:55:00.591,2025-10-04 03:55:00.591,34,1.0833333,24.79,1.07,UTC-0400,6+THe69Q8P,com.sec.android.app.shealth,2025-10-04 03:47:00.000,7197e550-aaec-4fb6-8994-5c12f3783775,
58244,4,0,94,2025-10-04 03:47:00.000,,,2025-10-04 03:55:00.600,2025-10-04 03:55:00.600,94,1.1944444,69.57,2.82,UTC-0400,6+THe69Q8P,com.sec.android.app.shealth,2025-10-04 03:48:00.000,a953347e-1b05-40cf-bbaa-1522172856f3,
16072,4,1,28,2025-10-04 03:48:00.000,,,2025-10-04 03:55:01.965,2025-10-04 03:55:01.965,29,1.4166666,22.77,0.91,UTC-0400,6+THe69Q8P,com.sec.android.app.shealth,2025-10-04 03:49:00.000,3279bda7-9ee4-43bb-9d0c-7503261f5d4d,
57984,4,0,95,2025-10-04 03:49:00.000,,,2025-10-04 03:55:01.985,2025-10-04 03:55:01.985,95,1.2222222,70.87,2.85,UTC-0400,6+THe69Q8P,com.sec.android.app.shealth,2025-10-04 03:50:00.000,030ffc3c-1918-4ef3-b641-ff27a03eae5d,
19200,4,1,26,2025-10-04 03:50:00.000,,,2025-10-04 03:55:02.000,2025-10-04 03:55:02.000,27,1.25,24.0,1.23,UTC-0400,6+THe69Q8P,com.sec.android.app.shealth,2025-10-04 03:51:00.000,fadd52cb-1c64-4823-9250-dae7cf83d2ac,
10308,4,0,15,2025-10-04 03:54:00.000,,,2025-10-04 03:55:02.014,2025-10-04 03:55:02.014,15,2.5833333,26.63,1.68,UTC-0400,6+THe69Q8P,com.sec.android.app.shealth,2025-10-04 03:55:00.000,aae7b922-ac19-496c-bb88-c14aa9a14fc9,
19607,4,0,35,2025-10-04 03:56:00.000,,,2025-10-04 03:56:59.742,2025-10-04 03:56:45.163,35,1.3494822,26.460003,0.98999953,UTC-0400,6+THe69Q8P,com.sec.android.app.shealth,2025-10-04 03:57:00.000,50510848-c746-4ccb-9084-6fc0a9476304,
8078,4,0,12,2025-10-04 03:57:00.000,,,2025-10-04 03:57:33.566,2025-10-04 03:57:00.585,12,1.0670482,8.62,0.39,UTC-0400,6+THe69Q8P,com.sec.android.app.shealth,2025-10-04 03:58:00.000,11435a1e-28b7-4b43-a5ea-f63f6dd9a3ff,
25737,4,0,39,2025-10-04 03:58:00.000,,,2025-10-04 03:58:59.773,2025-10-04 03:58:09.135,39,1.1084801,28.529995,1.2299998,UTC-0400,6+THe69Q8P,com.sec.android.app.shealth,2025-10-04 03:59:00.000,75cf12da-7998-43fb-90de-55a13c2d7902,
34781,4,0,58,2025-10-04 03:59:00.000,,,2025-10-04 04:15:00.565,2025-10-04 03:59:01.351,58,1.2460673,43.339996,1.7499999,UTC-0400,6+THe69Q8P,com.sec.android.app.shealth,2025-10-04 04:00:00.000,6cb207b4-5ec4-4ef8-9452-468336249615,
48981,4,0,91,2025-10-04 04:00:00.000,,,2025-10-04 04:15:00.577,2025-10-04 04:15:00.577,91,1.4166666,69.39,2.8,UTC-0400,6+THe69Q8P,com.sec.android.app.shealth,2025-10-04 04:01:00.000,c348f4dd-c4b0-4011-a987-03b891a5a95b,
19748,4,0,27,2025-10-04 04:01:00.000,,,2025-10-04 04:15:00.589,2025-10-04 04:15:00.589,27,0.9722222,19.2,0.84,UTC-0400,6+THe69Q8P,com.sec.android.app.shealth,2025-10-04 04:02:00.000,e755b275-588a-42af-922a-4abddc62512b,
20013,4,0,36,2025-10-04 04:02:00.000,,,2025-10-04 04:15:00.600,2025-10-04 04:15:00.600,36,1.3611112,27.24,1.12,UTC-0400,6+THe69Q8P,com.sec.android.app.shealth,2025-10-04 04:03:00.000,6eb3af56-dbcb-40c9-89ad-42092d21d94f,
24275,4,0,45,2025-10-04 04:03:00.000,,,2025-10-04 04:15:00.614,2025-10-04 04:15:00.614,45,1.4166666,34.39,1.39,UTC-0400,6+THe69Q8P,com.sec.android.app.shealth,2025-10-04 04:04:00.000,3b31920d-3a07-4e3c-a210-daf5b6fb6116,
55584,4,0,93,2025-10-04 04:04:00.000,,,2025-10-04 04:15:00.626,2025-10-04 04:15:00.626,93,1.25,69.48,2.8,UTC-0400,6+THe69Q8P,com.sec.android.app.shealth,2025-10-04 04:05:00.000,b4de5ddb-ab23-4b8e-b929-22643c6df2a4,
8384,4,0,14,2025-10-04 04:05:00.000,,,2025-10-04 04:15:00.637,2025-10-04 04:15:00.637,14,1.25,10.48,0.43,UTC-0400,6+THe69Q8P,com.sec.android.app.shealth,2025-10-04 04:06:00.000,df033b54-e718-412f-8c79-3b6fbfd903ad,
22226,4,0,38,2025-10-04 04:06:00.000,,,2025-10-04 04:15:00.649,2025-10-04 04:15:00.649,38,1.2777778,28.4,1.16,UTC-0400,6+THe69Q8P,com.sec.android.app.shealth,2025-10-04 04:07:00.000,1b4e5ff1-46ae-4f5a-b863-4fe06b82ed1d,
7756,4,0,13,2025-10-04 04:07:00.000,,,2025-10-04 04:15:00.663,2025-10-04 04:15:00.663,13,1.2222222,9.48,0.42,UTC-0400,6+THe69Q8P,com.sec.android.app.shealth,2025-10-04 04:08:00.000,0b8104d7-24f0-4c99-97e8-bff4c4354494,
11639,4,0,17,2025-10-04 04:08:00.000,,,2025-10-04 04:15:02.351,2025-10-04 04:15:02.351,17,1.0833334,12.61,0.55,UTC-0400,6+THe69Q8P,com.sec.android.app.shealth,2025-10-04 04:09:00.000,75c2d82c-4c53-4354-8db8-4ef8ed8db996,
13177,4,0,18,2025-10-04 04:10:00.000,,,2025-10-04 04:15:02.383,2025-10-04 04:15:02.383,18,1.0555556,13.91,0.56,UTC-0400,6+THe69Q8P,com.sec.android.app.shealth,2025-10-04 04:11:00.000,d7799eee-73f4-4ad0-9450-4d08fd916231,
10052,4,0,15,2025-10-04 04:11:00.000,,,2025-10-04 04:15:02.412,2025-10-04 04:15:02.412,15,1.0833334,10.89,0.5,UTC-0400,6+THe69Q8P,com.sec.android.app.shealth,2025-10-04 04:12:00.000,a8e72758-ceea-4103-a1ea-a45d7ae7985f,
60000,4,0,101,2025-10-04 04:12:00.000,,,2025-10-04 04:15:02.428,2025-10-04 04:15:02.428,101,1.2453334,74.72,3.09,UTC-0400,6+THe69Q8P,com.sec.android.app.shealth,2025-10-04 04:13:00.000,2fd21879-6803-4012-ba65-a86ab0089cd2,
18253,4,0,30,2025-10-04 04:13:00.000,,,2025-10-04 04:15:02.462,2025-10-04 04:15:02.462,30,1.2222222,22.31,0.91,UTC-0400,6+THe69Q8P,com.sec.android.app.shealth,2025-10-04 04:14:00.000,4b261b6e-c783-4110-aae2-8faf183db2b5,
26647,4,0,43,2025-10-04 04:16:00.000,,,2025-10-04 04:35:00.610,2025-10-04 04:35:00.610,43,1.3333334,35.53,1.55,UTC-0400,6+THe69Q8P,com.sec.android.app.shealth,2025-10-04 04:17:00.000,0e0a7c1d-0956-41ae-9b5e-3b3685ca1c7e,
12276,4,0,22,2025-10-04 04:17:00.000,,,2025-10-04 04:35:00.625,2025-10-04 04:35:00.625,22,1.3611112,16.71,0.66,UTC-0400,6+THe69Q8P,com.sec.android.app.shealth,2025-10-04 04:18:00.000,c2a0b506-c627-4174-8a8c-769b0a912d68,
9249,4,0,16,2025-10-04 08:26:00.000,,,2025-10-04 08:35:00.982,2025-10-04 08:35:00.982,16,1.3611112,12.59,0.51,UTC-0500,6+THe69Q8P,com.sec.android.app.shealth,2025-10-04 08:27:00.000,8e77b602-e715-404c-9b64-8b62b0a52c92,
9010,4,0,14,2025-10-04 11:49:00.000,,,2025-10-04 11:49:12.988,2025-10-04 11:49:11.369,14,1.2240719,11.03,0.36,UTC-0500,6+THe69Q8P,com.sec.android.app.shealth,2025-10-04 11:50:00.000,e93e9b57-a2ea-4063-92bc-77944c9e3955,
14169,4,0,23,2025-10-04 11:57:00.000,,,2025-10-04 11:58:20.266,2025-10-04 11:58:20.266,23,1.4722222,20.86,1.03,UTC-0500,6+THe69Q8P,com.sec.android.app.shealth,2025-10-04 11:58:00.000,44af7d72-c760-4b20-b038-1c1bbe8698db,
8385,4,0,15,2025-10-04 14:16:00.000,,,2025-10-04 14:35:01.523,2025-10-04 14:35:01.523,15,1.3333334,11.18,0.49,UTC-0500,6+THe69Q8P,com.sec.android.app.shealth,2025-10-04 14:17:00.000,f194eed9-27e2-430f-a579-ce120c740317,
11197,4,0,19,2025-10-04 16:59:00.000,,,2025-10-04 17:15:01.733,2025-10-04 17:15:01.733,19,1.3333334,14.93,0.6,UTC-0500,6+THe69Q8P,com.sec.android.app.shealth,2025-10-04 17:00:00.000,51ce886d-8bb6-4629-8423-d3c33f2818bf,
9007,4,0,16,2025-10-04 17:13:00.000,,,2025-10-04 17:15:01.748,2025-10-04 17:15:01.748,16,1.3611112,12.26,0.52,UTC-0500,6+THe69Q8P,com.sec.android.app.shealth,2025-10-04 17:14:00.000,2064e629-5a55-4db4-8c46-fa0cd6f95cdb,
34160,4,0,54,2025-10-04 17:17:00.000,,,2025-10-04 17:35:01.753,2025-10-04 17:35:01.753,54,1.25,42.7,1.89,UTC-0500,6+THe69Q8P,com.sec.android.app.shealth,2025-10-04 17:18:00.000,4873fb3d-f4a9-48a5-8a19-fef0f8f7e2e9,
10752,4,0,22,2025-10-04 17:20:00.000,,,2025-10-04 17:35:01.773,2025-10-04 17:35:01.773,22,1.6666666,17.92,0.68,UTC-0500,6+THe69Q8P,com.sec.android.app.shealth,2025-10-04 17:21:00.000,a50c3a5b-abef-4d42-b49e-f10ee31a8dca,
10541,4,0,20,2025-10-04 17:39:00.000,,,2025-10-04 17:55:01.840,2025-10-04 17:55:01.840,20,1.4722222,15.52,0.63,UTC-0500,6+THe69Q8P,com.sec.android.app.shealth,2025-10-04 17:40:00.000,4addf922-3410-4d3b-ab16-61532e72cc3a,
12510,4,0,22,2025-10-04 17:40:00.000,,,2025-10-04 17:55:01.861,2025-10-04 17:55:01.861,22,1.3333334,16.68,0.7,UTC-0500,6+THe69Q8P,com.sec.android.app.shealth,2025-10-04 17:41:00.000,5f9f6097-7832-4c7a-8ad5-cc08bf0a9606,
9796,4,0,19,2025-10-04 17:44:00.000,,,2025-10-04 17:55:01.881,2025-10-04 17:55:01.881,19,1.4444444,14.15,0.62,UTC-0500,6+THe69Q8P,com.sec.android.app.shealth,2025-10-04 17:45:00.000,97e799bd-ae35-49a4-be4c-c0873b74648e,
18391,4,0,38,2025-10-04 17:47:00.000,,,2025-10-04 17:55:01.900,2025-10-04 17:55:01.900,38,1.5833334,29.12,1.2,UTC-0500,6+THe69Q8P,com.sec.android.app.shealth,2025-10-04 17:48:00.000,e10c4ba3-d4a5-436e-9bdc-1b64368069a6,
6296,4,0,12,2025-10-04 17:48:00.000,,,2025-10-04 17:55:01.916,2025-10-04 17:55:01.916,12,1.4722222,9.27,0.36,UTC-0500,6+THe69Q8P,com.sec.android.app.shealth,2025-10-04 17:49:00.000,b805b15b-66a7-4dd5-9e3e-0befe2427db6,
16871,4,0,31,2025-10-04 17:57:00.000,,,2025-10-04 18:15:01.714,2025-10-04 18:15:01.714,31,1.4444444,24.37,0.95,UTC-0500,6+THe69Q8P,com.sec.android.app.shealth,2025-10-04 17:58:00.000,9ebc6801-7a67-4a2b-8b12-a2ddbfa93664,
44653,4,0,81,2025-10-05 01:27:00.000,,,2025-10-05 01:27:59.555,2025-10-05 01:27:21.381,81,1.3799605,61.619987,2.4399981,UTC-0600,6+THe69Q8P,com.sec.android.app.shealth,2025-10-05 01:28:00.000,19c3c59a-6e1d-47fc-885f-3ee3ec6add64,
56685,4,0,102,2025-10-05 01:28:00.000,,,2025-10-05 01:28:59.674,2025-10-05 01:28:00.158,102,1.3663043,77.44999,3.0599976,UTC-0600,6+THe69Q8P,com.sec.android.app.shealth,2025-10-05 01:29:00.000,742a73d9-5f31-47c8-909b-c9dd9e7f0711,
48322,4,0,77,2025-10-05 01:29:00.000,,,2025-10-05 01:29:59.122,2025-10-05 01:29:00.298,77,1.1814376,57.09,2.3399987,UTC-0600,6+THe69Q8P,com.sec.android.app.shealth,2025-10-05 01:30:00.000,14146325-f342-4030-96c8-d127bcd6d041,
634,4,0,1,2025-10-05 01:30:00.000,,,2025-10-05 01:30:00.396,2025-10-05 01:30:00.396,1,1.1666666,0.74,0.03,UTC-0600,6+THe69Q8P,com.sec.android.app.shealth,2025-10-05 01:31:00.000,d6e81e59-d09a-464a-a9a7-50a6f20e336a,
22654,4,0,32,2025-10-05 01:31:00.000,,,2025-10-05 01:31:27.778,2025-10-05 01:31:04.984,32,1.0108176,22.899996,1.0099996,UTC-0600,6+THe69Q8P,com.sec.android.app.shealth,2025-10-05 01:32:00.000,f068e776-7a08-4e06-bac4-c39c0e272b69,
43431,4,0,71,2025-10-05 01:32:00.000,,,2025-10-05 01:32:59.929,2025-10-05 01:32:36.557,71,1.2405825,53.87999,2.249999,UTC-0600,6+THe69Q8P,com.sec.android.app.shealth,2025-10-05 01:33:00.000,26e96c5a-fc39-4980-83c9-a668d05091ef,
58709,4,0,105,2025-10-05 01:33:00.000,,,2025-10-05 01:35:00.364,2025-10-05 01:35:00.364,105,1.3611112,79.91,3.15,UTC-0600,6+THe69Q8P,com.sec.android.app.shealth,2025-10-05 01:34:00.000,954f7b18-85a3-46ff-a3df-8d1947f9cfa4,
36907,4,0,65,2025-10-05 01:34:00.000,,,2025-10-05 01:35:00.381,2025-10-05 01:35:00.381,65,1.3333334,49.21,1.95,UTC-0600,6+THe69Q8P,com.sec.android.app.shealth,2025-10-05 01:35:00.000,8ad99fcf-1c64-4384-a10e-e7d06509875f,
8892,4,0,17,2025-10-05 02:44:00.000,,,2025-10-05 02:55:00.444,2025-10-05 02:55:00.444,17,1.3888888,12.35,0.56,UTC-0600,6+THe69Q8P,com.sec.android.app.shealth,2025-10-05 02:45:00.000,7f00ac59-6ae8-46c3-aacf-4612a7b9af54,
8047,4,0,19,2025-10-05 02:48:00.000,,,2025-10-05 02:55:00.470,2025-10-05 02:55:00.470,19,1.8888888,15.2,0.6,UTC-0600,6+THe69Q8P,com.sec.android.app.shealth,2025-10-05 02:49:00.000,35546b9e-c826-4ff2-8cd0-45b2a4d19ba3,
7914,4,0,13,2025-10-05 05:56:00.000,,,2025-10-05 05:56:09.731,2025-10-05 05:56:09.289,13,1.2243,9.69,0.33,UTC-0600,6+THe69Q8P,com.sec.android.app.shealth,2025-10-05 05:57:00.000,2129b9e3-c9e9-45ff-8249-afaf1c71560e,
25907,4,0,49,2025-10-05 07:15:00.000,,,2025-10-05 07:15:59.844,2025-10-05 07:15:39.525,49,1.4493841,37.550014,1.4099991,UTC-0600,6+THe69Q8P,com.sec.android.app.shealth,2025-10-05 07:16:00.000,b45efd28-7046-453a-8d6a-4ad714b40302,
43259,4,0,62,2025-10-05 07:16:00.000,,,2025-10-05 07:27:55.880,2025-10-05 07:16:00.448,62,1.0400045,44.989998,1.9200001,UTC-0600,6+THe69Q8P,com.sec.android.app.shealth,2025-10-05 07:17:00.000,e0da5d7e-4e63-4e99-bf8a-e0710f5bd0ce,
29384,4,0,49,2025-10-05 07:17:00.000,,,2025-10-05 07:27:55.914,2025-10-05 07:27:55.914,49,1.25,36.73,1.49,UTC-0600,6+THe69Q8P,com.sec.android.app.shealth,2025-10-05 07:18:00.000,42971550-328a-4612-8399-fce4cbd0956a,
42486,4,0,90,2025-10-05 07:18:00.000,,,2025-10-05 07:27:55.940,2025-10-05 07:27:55.940,90,1.6666666,70.81,2.69,UTC-0600,6+THe69Q8P,com.sec.android.app.shealth,2025-10-05 07:19:00.000,794b5d84-2e41-42b6-9426-413c6a51e0ab,
32368,4,0,66,2025-10-05 07:19:00.000,,,2025-10-05 07:27:55.976,2025-10-05 07:27:55.976,66,1.6111112,52.15,1.98,UTC-0600,6+THe69Q8P,com.sec.android.app.shealth,2025-10-05 07:20:00.000,7f765ba6-d918-417f-97f2-ef53a4db8380,
36778,4,0,59,2025-10-05 07:20:00.000,,,2025-10-05 07:27:55.998,2025-10-05 07:27:55.998,59,1.1944444,43.93,1.83,UTC-0600,6+THe69Q8P,com.sec.android.app.shealth,2025-10-05 07:21:00.000,d335e95e-1d11-434f-84c4-9a6a76e4e59f,
22410,4,0,42,2025-10-05 07:21:00.000,,,2025-10-05 07:27:56.023,2025-10-05 07:27:56.023,42,1.4444444,32.37,1.29,UTC-0600,6+THe69Q8P,com.sec.android.app.shealth,2025-10-05 07:22:00.000,567b1b9f-d9fb-4688-9817-06158c100a9a,
27138,4,2,40,2025-10-05 07:22:00.000,,,2025-10-05 07:27:56.044,2025-10-05 07:27:56.044,42,1.6666666,45.23,2.23,UTC-0600,6+THe69Q8P,com.sec.android.app.shealth,2025-10-05 07:23:00.000,1f70287a-7a19-4fc9-920e-0a41baeb0c7f,
39600,4,0,84,2025-10-05 07:24:00.000,,,2025-10-05 07:27:56.065,2025-10-05 07:27:56.065,84,1.6666666,66.0,2.55,UTC-0600,6+THe69Q8P,com.sec.android.app.shealth,2025-10-05 07:25:00.000,33e62000-a514-4aaa-bf59-7033bc4f3f1f,
55900,4,0,90,2025-10-05 07:25:00.000,,,2025-10-05 07:27:56.088,2025-10-05 07:27:56.088,90,1.1944444,66.77,2.72,UTC-0600,6+THe69Q8P,com.sec.android.app.shealth,2025-10-05 07:26:00.000,c5e2a178-5380-437b-93b4-a1f7da245a2f,
31983,4,0,59,2025-10-05 07:26:00.000,,,2025-10-05 07:27:56.112,2025-10-05 07:27:56.112,59,1.4166666,45.31,1.8,UTC-0600,6+THe69Q8P,com.sec.android.app.shealth,2025-10-05 07:27:00.000,d5ebbafe-6580-4a3c-b1a0-be1edc966547,
38719,4,0,67,2025-10-05 07:27:00.000,,,2025-10-05 07:27:56.134,2025-10-05 07:27:56.134,67,1.3055556,50.55,2.04,UTC-0600,6+THe69Q8P,com.sec.android.app.shealth,2025-10-05 07:28:00.000,55bb63a0-682c-4e46-a1e7-fe435ac7be64,
9440,4,0,17,2025-10-05 19:36:00.000,,,2025-10-05 19:54:00.148,2025-10-05 19:54:00.148,17,1.3611112,12.85,0.55,UTC-0700,6+THe69Q8P,com.sec.android.app.shealth,2025-10-05 19:37:00.000,13c8dd68-af3c-407c-8773-b184edd8ac7d,
15896,4,0,23,2025-10-05 19:54:00.000,,,2025-10-05 19:55:02.002,2025-10-05 19:55:02.002,23,1.0555556,16.78,0.74,UTC-0700,6+THe69Q8P,com.sec.android.app.shealth,2025-10-05 19:55:00.000,6cd195f8-626e-450f-baf3-4b5e219871eb,
18636,4,0,28,2025-10-05 19:55:00.000,,,2025-10-05 20:08:20.504,2025-10-05 20:08:20.504,28,1.0833333,20.19,0.92,UTC-0700,6+THe69Q8P,com.sec.android.app.shealth,2025-10-05 19:56:00.000,3c2a17bd-d6f0-4ff0-83bb-2e1b80da7864,
9470,4,3,17,2025-10-05 19:56:00.000,,,2025-10-05 20:08:20.535,2025-10-05 20:08:20.535,20,1.9999999,18.94,0.98,UTC-0700,6+THe69Q8P,com.sec.android.app.shealth,2025-10-05 19:57:00.000,4e975231-06a5-4e7c-99fb-e5123ee865f2,
8773,4,0,15,2025-10-05 19:57:00.000,,,2025-10-05 20:08:20.558,2025-10-05 20:08:20.558,15,1.2777778,11.21,0.49,UTC-0700,6+THe69Q8P,com.sec.android.app.shealth,2025-10-05 19:58:00.000,a4d2385f-2182-4ba4-a9fb-a46a7ca64974,
17782,4,0,30,2025-10-05 19:58:00.000,,,2025-10-05 20:08:20.576,2025-10-05 20:08:20.576,30,1.6111112,28.65,1.37,UTC-0700,6+THe69Q8P,com.sec.android.app.shealth,2025-10-05 19:59:00.000,e8b6478f-53c6-4528-b26d-1b93db2c609a,
9218,4,0,17,2025-10-05 20:38:00.000,,,2025-10-05 20:55:02.074,2025-10-05 20:55:02.074,17,1.4166666,13.06,0.54,UTC-0700,6+THe69Q8P,com.sec.android.app.shealth,2025-10-05 20:39:00.000,f5db362b-4533-4f5a-b8c4-b9da797e9a93,
23727,4,0,41,2025-10-05 22:09:00.000,,,2025-10-05 22:15:00.219,2025-10-05 22:09:41.998,41,1.2896209,30.6,1.2699995,UTC-0700,6+THe69Q8P,com.sec.android.app.shealth,2025-10-05 22:10:00.000,12c1b659-44bd-4a66-97ab-7571a4022bb9,
44820,4,1,64,2025-10-05 22:10:00.000,,,2025-10-05 22:15:00.245,2025-10-05 22:15:00.245,65,1.2777778,57.27,2.68,UTC-0700,6+THe69Q8P,com.sec.android.app.shealth,2025-10-05 22:11:00.000,dc8366d9-e9a5-4594-a3a1-3982c7a9f54a,
50120,4,4,73,2025-10-05 22:11:00.000,,,2025-10-05 22:15:00.266,2025-10-05 22:15:00.266,77,1.3611112,68.22,3.13,UTC-0700,6+THe69Q8P,com.sec.android.app.shealth,2025-10-05 22:12:00.000,4384b7b2-baa5-4a15-a742-078fbc246818,
27562,4,0,46,2025-10-05 22:12:00.000,,,2025-10-05 22:15:00.281,2025-10-05 22:15:00.281,46,1.3333334,36.75,1.6,UTC-0700,6+THe69Q8P,com.sec.android.app.shealth,2025-10-05 22:13:00.000,9b1f8f37-8066-4bdd-8820-8358bf7b4189,
16744,4,0,28,2025-10-05 22:13:00.000,,,2025-10-05 22:15:00.294,2025-10-05 22:15:00.294,28,1.25,20.93,0.86,UTC-0700,6+THe69Q8P,com.sec.android.app.shealth,2025-10-05 22:14:00.000,cc836a20-f553-496c-852a-b0b99fb9e71d,
11319,4,0,18,2025-10-05 23:35:00.000,,,2025-10-05 23:53:24.074,2025-10-05 23:53:24.074,18,1.1944444,13.52,0.58,UTC-0700,6+THe69Q8P,com.sec.android.app.shealth,2025-10-05 23:36:00.000,31af69b5-3784-4ed2-9eca-5d648c639060,
30126,4,0,44,2025-10-05 23:36:00.000,,,2025-10-05 23:53:24.107,2025-10-05 23:53:24.107,44,1.0555555,31.8,1.42,UTC-0700,6+THe69Q8P,com.sec.android.app.shealth,2025-10-05 23:37:00.000,0c33690c-eb6f-4971-a93b-d100c3103cab,
30760,4,0,45,2025-10-05 23:37:00.000,,,2025-10-05 23:53:24.161,2025-10-05 23:53:24.161,45,1.3055556,40.16,1.88,UTC-0700,6+THe69Q8P,com.sec.android.app.shealth,2025-10-05 23:38:00.000,2420469a-75be-4122-95ff-bd42598d01df,
37310,4,0,68,2025-10-05 23:38:00.000,,,2025-10-05 23:53:24.219,2025-10-05 23:53:24.219,68,1.3888888,51.82,2.05,UTC-0700,6+THe69Q8P,com.sec.android.app.shealth,2025-10-05 23:39:00.000,8f7e728e-0d9d-4d0d-982f-489ffee63a25,
33085,4,4,46,2025-10-05 23:39:00.000,,,2025-10-05 23:53:24.261,2025-10-05 23:53:24.261,50,1.4444444,47.79,2.3,UTC-0700,6+THe69Q8P,com.sec.android.app.shealth,2025-10-05 23:40:00.000,60ec3ebe-2ac0-49b0-bd76-673ffde8b7ef,
30977,4,0,48,2025-10-05 23:40:00.000,,,2025-10-05 23:53:24.292,2025-10-05 23:53:24.292,48,1.1388888,35.28,1.5,UTC-0700,6+THe69Q8P,com.sec.android.app.shealth,2025-10-05 23:41:00.000,05ed7a55-c09d-4fa8-9040-5f93847f2548,
48728,4,0,77,2025-10-05 23:41:00.000,,,2025-10-05 23:53:24.320,2025-10-05 23:53:24.320,77,1.1666666,56.85,2.35,UTC-0700,6+THe69Q8P,com.sec.android.app.shealth,2025-10-05 23:42:00.000,312337fd-bffa-4fa5-8da3-f196a5e7d36b,
26672,4,0,42,2025-10-05 23:42:00.000,,,2025-10-05 23:53:24.349,2025-10-05 23:53:24.349,42,1.2222222,32.6,1.42,UTC-0700,6+THe69Q8P,com.sec.android.app.shealth,2025-10-05 23:43:00.000,162a4175-9038-45ec-9eab-0bda9b225a59,
9845,4,0,16,2025-10-05 23:43:00.000,,,2025-10-05 23:53:24.374,2025-10-05 23:53:24.374,16,1.1944444,11.76,0.5,UTC-0700,6+THe69Q8P,com.sec.android.app.shealth,2025-10-05 23:44:00.000,067149b9-7959-4ae3-96bf-439a67b800ad,
20602,4,0,37,2025-10-05 23:44:00.000,,,2025-10-05 23:53:24.410,2025-10-05 23:53:24.410,37,1.3333334,27.47,1.16,UTC-0700,6+THe69Q8P,com.sec.android.app.shealth,2025-10-05 23:45:00.000,6f31f3f7-597b-4b37-acee-f0a600bde874,
20058,4,0,39,2025-10-05 23:45:00.000,,,2025-10-05 23:53:24.441,2025-10-05 23:53:24.441,39,1.5833335,31.76,1.35,UTC-0700,6+THe69Q8P,com.sec.android.app.shealth,2025-10-05 23:46:00.000,b48411b1-0f9d-4dfe-a7a0-79cf836803d0,
54031,4,0,92,2025-10-05 23:48:00.000,,,2025-10-05 23:53:24.469,2025-10-05 23:53:24.469,92,1.2777778,69.04,2.8,UTC-0700,6+THe69Q8P,com.sec.android.app.shealth,2025-10-05 23:49:00.000,d7da9b12-9dd8-4dbe-bf14-b19a10044ffc,
60000,4,0,103,2025-10-05 23:49:00.000,,,2025-10-05 23:53:24.499,2025-10-05 23:53:24.499,103,1.2898334,77.39,3.09,UTC-0700,6+THe69Q8P,com.sec.android.app.shealth,2025-10-05 23:50:00.000,e4074b18-88bc-46f6-b12a-0d975985f444,
57443,4,0,98,2025-10-05 23:50:00.000,,,2025-10-05 23:53:24.521,2025-10-05 23:53:24.521,98,1.2777778,73.4,2.94,UTC-0700,6+THe69Q8P,com.sec.android.app.shealth,2025-10-05 23:51:00.000,c0810b70-f1d3-4096-b82b-fa4f85c89247,
59256,4,0,99,2025-10-05 23:51:00.000,,,2025-10-05 23:53:24.551,2025-10-05 23:53:24.551,99,1.25,74.07,2.97,UTC-0700,6+THe69Q8P,com.sec.android.app.shealth,2025-10-05 23:52:00.000,412ab4d8-3023-4859-9a0b-2cce581b8c9c,
58235,4,0,101,2025-10-05 23:52:00.000,,,2025-10-05 23:53:24.591,2025-10-05 23:53:24.591,101,1.3055556,76.03,3.03,UTC-0700,6+THe69Q8P,com.sec.android.app.shealth,2025-10-05 23:53:00.000,53d3f565-4e31-4cff-9854-60870433e63c,
26523,4,0,45,2025-10-05 23:53:00.000,,,2025-10-05 23:53:27.778,2025-10-05 23:53:24.626,45,1.2660699,33.58,1.3499998,UTC-0700,6+THe69Q8P,com.sec.android.app.shealth,2025-10-05 23:54:00.000,378a5867-496e-4b35-8393-95d2fa402636,
17654,4,0,30,2025-10-06 00:01:00.000,,,2025-10-06 00:01:35.377,2025-10-06 00:01:23.611,30,1.2795862,22.589996,0.8499997,UTC-0700,6+THe69Q8P,com.sec.android.app.shealth,2025-10-06 00:02:00.000,ed29eeea-a822-4725-b0c4-855b5b694691,
8598,4,0,14,2025-10-06 00:02:00.000,,,2025-10-06 00:02:33.728,2025-10-06 00:02:26.940,14,1.214193,10.439999,0.44,UTC-0700,6+THe69Q8P,com.sec.android.app.shealth,2025-10-06 00:03:00.000,850b5e02-cbb9-4735-abb2-eef7d75158d9,
21798,4,0,33,2025-10-06 00:17:00.000,,,2025-10-06 00:35:00.412,2025-10-06 00:35:00.412,33,1.1111112,24.22,1.04,UTC-0700,6+THe69Q8P,com.sec.android.app.shealth,2025-10-06 00:18:00.000,70e95877-7a82-4488-acaf-a7aa31d1400f,
58597,4,0,103,2025-10-06 00:18:00.000,,,2025-10-06 00:35:00.430,2025-10-06 00:35:00.430,103,1.3333334,78.13,3.09,UTC-0700,6+THe69Q8P,com.sec.android.app.shealth,2025-10-06 00:19:00.000,da22662e-d65b-45f6-9e57-aafd2ffecfc6,
58746,4,0,105,2025-10-06 00:19:00.000,,,2025-10-06 00:35:00.455,2025-10-06 00:35:00.455,105,1.3611112,79.96,3.15,UTC-0700,6+THe69Q8P,com.sec.android.app.shealth,2025-10-06 00:20:00.000,595a3371-0aa5-44d3-8fcd-f9cdf72f19ec,
57804,4,0,95,2025-10-06 00:20:00.000,,,2025-10-06 00:35:00.476,2025-10-06 00:35:00.476,95,1.2222222,70.65,2.85,UTC-0700,6+THe69Q8P,com.sec.android.app.shealth,2025-10-06 00:21:00.000,cea90ac9-bca9-45eb-904e-21b368dd9218,
56833,4,0,97,2025-10-06 00:21:00.000,,,2025-10-06 00:35:00.515,2025-10-06 00:35:00.515,97,1.2777778,72.62,2.91,UTC-0700,6+THe69Q8P,com.sec.android.app.shealth,2025-10-06 00:22:00.000,9d65e182-8b3c-4c36-aea4-b21f4ab7bb60,
58056,4,0,97,2025-10-06 00:22:00.000,,,2025-10-06 00:35:00.543,2025-10-06 00:35:00.543,97,1.25,72.57,2.91,UTC-0700,6+THe69Q8P,com.sec.android.app.shealth,2025-10-06 00:23:00.000,13631a86-8d3b-4d14-80c4-ff2c9a6457ff,
28294,4,0,49,2025-10-06 00:23:00.000,,,2025-10-06 00:35:00.565,2025-10-06 00:35:00.565,49,1.3055556,36.94,1.47,UTC-0700,6+THe69Q8P,com.sec.android.app.shealth,2025-10-06 00:24:00.000,03f39e77-518f-41bd-9b79-504b4354d63b,
57799,4,0,112,2025-10-06 16:36:00.000,,,2025-10-06 16:39:47.555,2025-10-06 16:39:47.555,112,1.5,86.7,3.4,UTC-0700,6+THe69Q8P,com.sec.android.app.shealth,2025-10-06 16:37:00.000,71017852-f7bd-4e44-a4f3-7d2be0df61b8,
57404,4,0,116,2025-10-06 16:37:00.000,,,2025-10-06 16:39:47.573,2025-10-06 16:39:47.573,116,1.5833334,90.89,3.48,UTC-0700,6+THe69Q8P,com.sec.android.app.shealth,2025-10-06 16:38:00.000,99f646ae-7745-4a41-882d-9861092d69da,
46650,4,0,89,2025-10-06 16:38:00.000,,,2025-10-06 16:39:47.590,2025-10-06 16:39:47.590,89,1.4722222,68.68,2.67,UTC-0700,6+THe69Q8P,com.sec.android.app.shealth,2025-10-06 16:39:00.000,241df8ae-cbfc-4c6d-ad4d-f451d6b2624d,
4838,4,0,9,2025-10-06 16:41:00.000,,,2025-10-06 16:48:51.068,2025-10-06 16:48:51.068,9,1.8333335,8.87,0.49,UTC-0700,6+THe69Q8P,com.sec.android.app.shealth,2025-10-06 16:42:00.000,512dc94a-8809-4ebd-a498-c324f80fd6b0,
5600,4,0,9,2025-10-06 16:42:00.000,,,2025-10-06 16:48:51.094,2025-10-06 16:48:51.094,9,1.1944444,6.69,0.29,UTC-0700,6+THe69Q8P,com.sec.android.app.shealth,2025-10-06 16:43:00.000,f852a64e-0f1a-4be0-a037-3141d60921e7,
5716,4,0,9,2025-10-06 16:46:00.000,,,2025-10-06 16:48:51.132,2025-10-06 16:48:51.132,9,1.1388888,6.51,0.29,UTC-0700,6+THe69Q8P,com.sec.android.app.shealth,2025-10-06 16:47:00.000,cff6c927-e2ca-47f5-a519-70d8f7b51471,
19369,4,0,33,2025-10-06 16:47:00.000,,,2025-10-06 16:48:51.169,2025-10-06 16:48:51.169,33,1.2777778,24.75,1.03,UTC-0700,6+THe69Q8P,com.sec.android.app.shealth,2025-10-06 16:48:00.000,99600ed7-939a-4048-8a4e-32a139ad952c,
17896,4,0,30,2025-10-06 16:48:00.000,,,2025-10-06 16:48:51.188,2025-10-06 16:48:51.188,30,1.25,22.37,0.92,UTC-0700,6+THe69Q8P,com.sec.android.app.shealth,2025-10-06 16:49:00.000,26be37d5-f2ac-4529-9951-2a8f36fabf2b,
29557,4,0,60,2025-10-06 16:49:00.000,,,2025-10-06 16:55:01.736,2025-10-06 16:55:01.736,60,1.5833334,46.8,1.84,UTC-0700,6+THe69Q8P,com.sec.android.app.shealth,2025-10-06 16:50:00.000,8bf14b2a-499a-4a84-8b0c-12987c1e01c7,
57760,4,0,115,2025-10-06 16:50:00.000,,,2025-10-06 16:55:01.748,2025-10-06 16:55:01.748,115,1.5555556,89.85,3.45,UTC-0700,6+THe69Q8P,com.sec.android.app.shealth,2025-10-06 16:51:00.000,f3e29ee6-6929-423b-aa66-2e9985bd63e3,
45040,4,0,86,2025-10-06 16:51:00.000,,,2025-10-06 16:55:01.762,2025-10-06 16:55:01.762,86,1.4722222,66.31,2.58,UTC-0700,6+THe69Q8P,com.sec.android.app.shealth,2025-10-06 16:52:00.000,7cc8f8c8-91f5-426e-9bf4-38ad926b2beb,
41697,4,1,66,2025-10-06 16:52:00.000,,,2025-10-06 16:55:01.774,2025-10-06 16:55:01.774,67,1.4444444,60.23,2.74,UTC-0700,6+THe69Q8P,com.sec.android.app.shealth,2025-10-06 16:53:00.000,da12544c-9c33-40c6-9cae-97cdd3ce9104,
12089,4,0,24,2025-10-06 16:53:00.000,,,2025-10-06 16:55:01.787,2025-10-06 16:55:01.787,24,1.5277778,18.47,0.76,UTC-0700,6+THe69Q8P,com.sec.android.app.shealth,2025-10-06 16:54:00.000,9726d83a-0c5b-483e-ad6b-b810f76085d3,
24702,4,0,43,2025-10-06 16:54:00.000,,,2025-10-06 16:55:01.797,2025-10-06 16:55:01.797,43,1.3055556,32.25,1.33,UTC-0700,6+THe69Q8P,com.sec.android.app.shealth,2025-10-06 16:55:00.000,615b505c-35a1-40f2-876d-fb2f713fe760,
22601,4,0,38,2025-10-06 16:55:00.000,,,2025-10-06 17:03:11.880,2025-10-06 17:03:11.880,38,1.2777778,28.88,1.17,UTC-0700,6+THe69Q8P,com.sec.android.app.shealth,2025-10-06 16:56:00.000,20b9954e-fdbe-466c-b8c0-a26725a20bd3,
48393,4,0,84,2025-10-06 16:56:00.000,,,2025-10-06 17:03:11.905,2025-10-06 17:03:11.905,84,1.3055556,63.18,2.62,UTC-0700,6+THe69Q8P,com.sec.android.app.shealth,2025-10-06 16:57:00.000,59b2aebc-27a3-475a-ae8a-76ea7dcd2368,
22725,4,0,39,2025-10-06 16:57:00.000,,,2025-10-06 17:03:11.941,2025-10-06 17:03:11.941,39,1.3055556,29.67,1.2,UTC-0700,6+THe69Q8P,com.sec.android.app.shealth,2025-10-06 16:58:00.000,bcee30f8-210b-4563-bd4d-4560c9d95e11,
36733,4,2,62,2025-10-06 16:58:00.000,,,2025-10-06 17:03:11.980,2025-10-06 17:03:11.980,64,1.4444444,53.06,2.34,UTC-0700,6+THe69Q8P,com.sec.android.app.shealth,2025-10-06 16:59:00.000,8bf109d9-eab7-4deb-a54b-c7e1dfd221eb,
48944,4,0,81,2025-10-06 16:59:00.000,,,2025-10-06 17:03:12.017,2025-10-06 17:03:12.017,81,1.2777778,62.54,2.65,UTC-0700,6+THe69Q8P,com.sec.android.app.shealth,2025-10-06 17:00:00.000,0a4a046f-ffd3-43c0-a330-372413918f6a,
45800,4,0,74,2025-10-06 17:00:00.000,,,2025-10-06 17:03:12.044,2025-10-06 17:03:12.044,74,1.25,57.25,2.46,UTC-0700,6+THe69Q8P,com.sec.android.app.shealth,2025-10-06 17:01:00.000,0fc7acf7-0320-41cd-9b26-d63244f73cf8,
21387,4,0,35,2025-10-06 17:01:00.000,,,2025-10-06 17:03:12.059,2025-10-06 17:03:12.059,35,1.2222222,26.14,1.09,UTC-0700,6+THe69Q8P,com.sec.android.app.shealth,2025-10-06 17:02:00.000,4a7732d3-8028-49fa-8d16-79ae296cc98f,
23414,4,0,35,2025-10-07 01:28:00.000,,,2025-10-07 01:32:29.880,2025-10-07 01:32:29.880,35,1.3888888,32.52,1.52,UTC-0700,6+THe69Q8P,com.sec.android.app.shealth,2025-10-07 01:29:00.000,9d38ffa3-a8c2-4747-93b7-39c30bf32e0f,
58006,4,0,112,2025-10-07 01:29:00.000,,,2025-10-07 01:32:29.909,2025-10-07 01:32:29.909,112,1.5,87.01,3.36,UTC-0700,6+THe69Q8P,com.sec.android.app.shealth,2025-10-07 01:30:00.000,756e2864-fcac-4716-900c-147118649123,
57873,4,0,112,2025-10-07 01:30:00.000,,,2025-10-07 01:32:29.927,2025-10-07 01:32:29.927,112,1.5,86.81,3.36,UTC-0700,6+THe69Q8P,com.sec.android.app.shealth,2025-10-07 01:31:00.000,83a76cf2-c4a1-44a3-8c65-bf379cef0801,
31927,4,0,59,2025-10-07 01:31:00.000,,,2025-10-07 01:32:29.944,2025-10-07 01:32:29.944,59,1.4166666,45.23,1.77,UTC-0700,6+THe69Q8P,com.sec.android.app.shealth,2025-10-07 01:32:00.000,91f8aa1d-29fb-4934-b035-fe5fafd5b1dc,
10354,4,2,11,2025-10-07 01:41:00.000,,,2025-10-07 01:42:49.725,2025-10-07 01:42:49.725,13,1.8611112,19.27,1.11,UTC-0700,6+THe69Q8P,com.sec.android.app.shealth,2025-10-07 01:42:00.000,a7f47d86-6743-4027-8afa-6aaca09f0edc,
14162,4,0,24,2025-10-07 01:42:00.000,,,2025-10-07 01:42:49.762,2025-10-07 01:42:49.762,24,1.3055556,18.49,0.74,UTC-0700,6+THe69Q8P,com.sec.android.app.shealth,2025-10-07 01:43:00.000,f465147b-e0ad-4070-996d-eebf454de2c9,
7775,4,0,22,2025-10-07 01:45:00.000,,,2025-10-07 01:45:37.836,2025-10-07 01:45:37.836,22,2.2777777,17.71,0.65,UTC-0700,6+THe69Q8P,com.sec.android.app.shealth,2025-10-07 01:46:00.000,07258ef1-b4ce-4cc3-8665-0245554ce96c,
22381,4,0,39,2025-10-07 01:46:00.000,,,2025-10-07 01:55:00.504,2025-10-07 01:55:00.504,39,1.3055556,29.22,1.21,UTC-0700,6+THe69Q8P,com.sec.android.app.shealth,2025-10-07 01:47:00.000,a585e549-305e-484d-9a26-e2548474161c,
52650,4,0,99,2025-10-07 01:47:00.000,,,2025-10-07 01:55:00.526,2025-10-07 01:55:00.526,99,1.4444444,76.05,2.99,UTC-0700,6+THe69Q8P,com.sec.android.app.shealth,2025-10-07 01:48:00.000,3759471c-32a5-45e4-9b1b-2f00a7fd8708,
59332,4,0,113,2025-10-07 01:48:00.000,,,2025-10-07 01:55:00.538,2025-10-07 01:55:00.538,113,1.4722222,87.35,3.39,UTC-0700,6+THe69Q8P,com.sec.android.app.shealth,2025-10-07 01:49:00.000,a083455a-f9d3-4831-bf9f-b90f2b651bcd,
26343,4,0,57,2025-10-07 01:49:00.000,,,2025-10-07 01:55:00.557,2025-10-07 01:55:00.557,57,1.7222222,45.37,1.71,UTC-0700,6+THe69Q8P,com.sec.android.app.shealth,2025-10-07 01:50:00.000,ac45ed0f-2904-44d5-a44b-3683091f8c25,
21060,4,0,41,2025-10-07 01:50:00.000,,,2025-10-07 01:55:00.569,2025-10-07 01:55:00.569,41,1.5,31.59,1.27,UTC-0700,6+THe69Q8P,com.sec.android.app.shealth,2025-10-07 01:51:00.000,0f06e60c-06f4-4907-8058-7e44f5920489,
29535,4,0,51,2025-10-07 02:19:00.000,,,2025-10-07 02:25:32.792,2025-10-07 02:25:32.792,51,1.3055556,38.56,1.6,UTC-0700,6+THe69Q8P,com.sec.android.app.shealth,2025-10-07 02:20:00.000,cde03e16-db6f-4471-aafa-b13790561cb0,
45960,4,0,85,2025-10-07 02:20:00.000,,,2025-10-07 02:25:32.823,2025-10-07 02:25:32.823,85,1.4166666,65.11,2.55,UTC-0700,6+THe69Q8P,com.sec.android.app.shealth,2025-10-07 02:21:00.000,35c293bc-d30d-4c2a-ba5d-2587116f914d,
26402,4,4,37,2025-10-07 02:22:00.000,,,2025-10-07 02:25:32.848,2025-10-07 02:25:32.848,41,1.5555556,41.07,2.07,UTC-0700,6+THe69Q8P,com.sec.android.app.shealth,2025-10-07 02:23:00.000,c4251d87-6b3a-46b7-a268-eeb3ef052a6f,
7015,4,0,10,2025-10-07 02:23:00.000,,,2025-10-07 02:25:32.944,2025-10-07 02:25:32.944,10,1.0277778,7.21,0.3,UTC-0700,6+THe69Q8P,com.sec.android.app.shealth,2025-10-07 02:24:00.000,b232c226-17b1-4f9d-9a10-c0bb910e49ee,
15210,4,0,25,2025-10-07 02:25:00.000,,,2025-10-07 02:25:32.994,2025-10-07 02:25:32.994,25,1.2222222,18.59,0.77,UTC-0700,6+THe69Q8P,com.sec.android.app.shealth,2025-10-07 02:26:00.000,c820b20e-b63b-43e6-984c-ded1e26cc165,
37722,4,0,70,2025-10-07 02:28:00.000,,,2025-10-07 02:35:00.468,2025-10-07 02:35:00.468,70,1.4166666,53.44,2.14,UTC-0700,6+THe69Q8P,com.sec.android.app.shealth,2025-10-07 02:29:00.000,a1bd10fa-1a49-43e3-b7e5-6351add8706c,
32989,4,0,62,2025-10-07 02:29:00.000,,,2025-10-07 02:35:00.484,2025-10-07 02:35:00.484,62,1.5277777,50.4,2.06,UTC-0700,6+THe69Q8P,com.sec.android.app.shealth,2025-10-07 02:30:00.000,1a4b416d-89c9-431c-b9cc-3f0b854e51bb,
7551,4,0,12,2025-10-07 02:30:00.000,,,2025-10-07 02:35:00.499,2025-10-07 02:35:00.499,12,1.2222222,9.23,0.37,UTC-0700,6+THe69Q8P,com.sec.android.app.shealth,2025-10-07 02:31:00.000,352b5beb-441e-4188-b34d-d7a7b0d72415,
16356,4,0,28,2025-10-07 02:31:00.000,,,2025-10-07 02:35:00.514,2025-10-07 02:35:00.514,28,1.2777778,20.9,0.9,UTC-0700,6+THe69Q8P,com.sec.android.app.shealth,2025-10-07 02:32:00.000,b076b4f5-700b-4cd6-a749-4e4cae27a5c7,
27879,4,0,45,2025-10-07 02:32:00.000,,,2025-10-07 02:35:00.528,2025-10-07 02:35:00.528,45,1.1944444,33.3,1.37,UTC-0700,6+THe69Q8P,com.sec.android.app.shealth,2025-10-07 02:33:00.000,a9ee9a33-eda2-4e79-98ee-b65c0943cbb6,
43061,4,0,81,2025-10-07 02:34:00.000,,,2025-10-07 02:35:00.544,2025-10-07 02:35:00.544,81,1.4444444,62.2,2.45,UTC-0700,6+THe69Q8P,com.sec.android.app.shealth,2025-10-07 02:35:00.000,3e59d52b-1211-4905-879c-2975b3d09134,
41069,4,0,70,2025-10-07 02:35:00.000,,,2025-10-07 02:36:07.191,2025-10-07 02:36:07.191,70,1.3333334,54.76,2.37,UTC-0700,6+THe69Q8P,com.sec.android.app.shealth,2025-10-07 02:36:00.000,678b1364-dae5-4c15-9052-a5198d9916e3,
17627,4,0,35,2025-10-07 02:36:00.000,,,2025-10-07 02:55:00.478,2025-10-07 02:55:00.478,35,1.5555556,27.42,1.08,UTC-0700,6+THe69Q8P,com.sec.android.app.shealth,2025-10-07 02:37:00.000,4069accb-11cd-42c8-99e3-143100392776,
32066,4,0,62,2025-10-07 02:37:00.000,,,2025-10-07 02:55:00.495,2025-10-07 02:55:00.495,62,1.5,48.1,1.86,UTC-0700,6+THe69Q8P,com.sec.android.app.shealth,2025-10-07 02:38:00.000,461619e7-486d-48da-83b2-9c849a9630f1,
7544,4,0,18,2025-10-07 03:28:00.000,,,2025-10-07 03:28:26.806,2025-10-07 03:28:23.253,18,1.9046699,14.37,0.48000002,UTC-0700,6+THe69Q8P,com.sec.android.app.shealth,2025-10-07 03:29:00.000,834c9795-b75e-479e-b4d5-20513afff891,
15144,4,0,25,2025-10-07 03:45:00.000,,,2025-10-07 03:55:00.471,2025-10-07 03:55:00.471,25,1.2222222,18.51,0.79,UTC-0700,6+THe69Q8P,com.sec.android.app.shealth,2025-10-07 03:46:00.000,6dda786d-3869-42e7-842e-a70cbe5b2aa2,
7267,4,0,12,2025-10-07 04:03:00.000,,,2025-10-07 04:03:00.477,2025-10-07 04:03:00.477,12,1.6388888,11.91,0.6,UTC-0700,6+THe69Q8P,com.sec.android.app.shealth,2025-10-07 04:04:00.000,8346ffd8-1bda-40a2-9653-6473ccb20210,
42370,4,0,86,2025-10-07 04:19:00.000,,,2025-10-07 04:20:37.002,2025-10-07 04:19:21.214,86,1.6055881,68.03,2.52,UTC-0700,6+THe69Q8P,com.sec.android.app.shealth,2025-10-07 04:20:00.000,7943d23a-3800-4c7e-b658-58c70ef28e2b,
1731,4,0,3,2025-10-07 04:20:00.000,,,2025-10-07 04:20:37.039,2025-10-07 04:20:37.039,3,1.3055556,2.26,0.09,UTC-0700,6+THe69Q8P,com.sec.android.app.shealth,2025-10-07 04:21:00.000,e65ac7d6-4805-4a12-8300-a2f6d30fddf6,
29754,4,0,51,2025-10-07 04:28:00.000,,,2025-10-07 04:31:02.141,2025-10-07 04:31:02.141,51,1.2777778,38.02,1.59,UTC-0700,6+THe69Q8P,com.sec.android.app.shealth,2025-10-07 04:29:00.000,f5c226af-16df-48f2-be49-b60bf46de23b,
16092,4,0,28,2025-10-07 04:29:00.000,,,2025-10-07 04:31:02.180,2025-10-07 04:31:02.180,28,1.3055556,21.01,0.86,UTC-0700,6+THe69Q8P,com.sec.android.app.shealth,2025-10-07 04:30:00.000,43d8fbda-295f-471c-8edb-3beba4d4dfac,
18903,4,0,36,2025-10-07 04:30:00.000,,,2025-10-07 04:31:02.209,2025-10-07 04:31:02.209,36,1.4722223,27.83,1.09,UTC-0700,6+THe69Q8P,com.sec.android.app.shealth,2025-10-07 04:31:00.000,c7168a47-f2bc-4242-a095-37d64f996a8b,
37356,4,0,70,2025-10-07 07:39:00.000,,,2025-10-07 07:41:16.870,2025-10-07 07:41:16.870,70,1.4444445,53.96,2.13,UTC-0700,6+THe69Q8P,com.sec.android.app.shealth,2025-10-07 07:40:00.000,3b93c2b0-c71c-41c3-93e7-df2fa1e55e25,
5323,4,0,10,2025-10-07 07:40:00.000,,,2025-10-07 07:41:16.905,2025-10-07 07:41:16.905,10,1.4444444,7.69,0.3,UTC-0700,6+THe69Q8P,com.sec.android.app.shealth,2025-10-07 07:41:00.000,0860ab7c-897d-47a6-9b9c-33b210bf390b,
38691,4,0,69,2025-10-07 07:47:00.000,,,2025-10-07 07:47:59.412,2025-10-07 07:47:26.979,69,1.345759,52.069973,2.0999987,UTC-0700,6+THe69Q8P,com.sec.android.app.shealth,2025-10-07 07:48:00.000,33c11633-1dc0-4a9b-8adc-d67fc4760a96,
5045,4,0,9,2025-10-07 07:48:00.000,,,2025-10-07 07:48:06.074,2025-10-07 07:48:00.106,9,1.3498123,6.8099995,0.26999998,UTC-0700,6+THe69Q8P,com.sec.android.app.shealth,2025-10-07 07:49:00.000,21eaaf57-887d-4d0d-a848-8b0e9630b86f,
13878,4,0,15,2025-10-07 08:11:00.000,,,2025-10-07 08:15:00.900,2025-10-07 08:15:00.900,15,1.0555556,14.65,0.79,UTC-0700,6+THe69Q8P,com.sec.android.app.shealth,2025-10-07 08:12:00.000,8f9d6b0e-b2d6-4661-a981-aec22fdedbb1,
42307,4,0,52,2025-10-07 08:12:00.000,,,2025-10-07 08:15:00.914,2025-10-07 08:15:00.914,52,1.2777778,54.06,2.79,UTC-0700,6+THe69Q8P,com.sec.android.app.shealth,2025-10-07 08:13:00.000,711267cf-5e11-4305-85f3-319107d4e6e1,
18974,4,0,33,2025-10-07 08:13:00.000,,,2025-10-07 08:15:00.922,2025-10-07 08:15:00.922,33,1.3333334,25.3,1.0,UTC-0700,6+THe69Q8P,com.sec.android.app.shealth,2025-10-07 08:14:00.000,f7911211-981e-4868-a23f-e10dee1893ca,
32872,4,0,51,2025-10-07 08:15:00.000,,,2025-10-07 08:22:38.274,2025-10-07 08:22:38.274,51,1.25,41.09,1.83,UTC-0700,6+THe69Q8P,com.sec.android.app.shealth,2025-10-07 08:16:00.000,dd6266a2-9546-479a-8e45-04efba9f68b9,
21872,4,0,34,2025-10-07 08:16:00.000,,,2025-10-07 08:22:38.307,2025-10-07 08:22:38.307,34,1.1388888,24.91,1.06,UTC-0700,6+THe69Q8P,com.sec.android.app.shealth,2025-10-07 08:17:00.000,535c4e80-01ab-4653-af0e-ed7a44e1f42d,
12739,4,0,21,2025-10-07 08:17:00.000,,,2025-10-07 08:22:38.329,2025-10-07 08:22:38.329,21,1.2222222,15.57,0.65,UTC-0700,6+THe69Q8P,com.sec.android.app.shealth,2025-10-07 08:18:00.000,3526199f-e87f-4ed0-8b25-757ebd83027e,
16770,4,0,26,2025-10-07 08:19:00.000,,,2025-10-07 08:22:38.351,2025-10-07 08:22:38.351,26,1.1388888,19.1,0.83,UTC-0700,6+THe69Q8P,com.sec.android.app.shealth,2025-10-07 08:20:00.000,25ccdbd8-a86a-43b9-8955-ef8e193a612c,
36420,4,0,77,2025-10-07 08:29:00.000,,,2025-10-07 08:31:05.645,2025-10-07 08:31:05.645,77,1.6666666,60.7,2.34,UTC-0700,6+THe69Q8P,com.sec.android.app.shealth,2025-10-07 08:30:00.000,9c35b243-8ece-496e-aaed-a3139e0aa318,
41337,4,0,73,2025-10-07 08:38:00.000,,,2025-10-07 08:38:59.173,2025-10-07 08:38:19.113,73,1.336088,55.230003,2.2199984,UTC-0700,6+THe69Q8P,com.sec.android.app.shealth,2025-10-07 08:39:00.000,e7e27bdb-6bbe-4287-b237-c59b77a572a4,
4747,4,0,8,2025-10-07 08:39:00.000,,,2025-10-07 08:39:05.676,2025-10-07 08:39:00.441,8,1.2576095,5.9699993,0.24,UTC-0700,6+THe69Q8P,com.sec.android.app.shealth,2025-10-07 08:40:00.000,4510405a-aec3-4a38-a9d3-9f0a0efc5296,
19016,4,0,34,2025-10-07 09:31:00.000,,,2025-10-07 09:32:42.842,2025-10-07 09:31:48.443,34,1.3425006,25.53,1.0599996,UTC-0700,6+THe69Q8P,com.sec.android.app.shealth,2025-10-07 09:32:00.000,71fb9acb-f964-4552-a7a6-600548ce2718,
13990,4,0,26,2025-10-07 09:32:00.000,,,2025-10-07 09:32:43.044,2025-10-07 09:32:42.882,26,1.4166666,19.82,0.82,UTC-0700,6+THe69Q8P,com.sec.android.app.shealth,2025-10-07 09:33:00.000,6ef34297-e0d2-41c6-8e99-8b7ccf663472,
20795,4,0,39,2025-10-07 09:41:00.000,,,2025-10-07 09:55:01.232,2025-10-07 09:55:01.232,39,1.4166666,29.46,1.21,UTC-0700,6+THe69Q8P,com.sec.android.app.shealth,2025-10-07 09:42:00.000,2a669e00-7fd4-43fb-9795-6900d0bef81f,
9871,4,0,17,2025-10-07 10:17:00.000,,,2025-10-07 10:17:38.666,2025-10-07 10:17:34.461,17,1.3271186,13.100001,0.45000002,UTC-0700,6+THe69Q8P,com.sec.android.app.shealth,2025-10-07 10:18:00.000,47f46efb-af64-428a-aba9-0e99e66de29e,
6726,4,0,13,2025-10-07 10:20:00.000,,,2025-10-07 10:20:29.019,2025-10-07 10:20:28.526,13,1.5000001,10.09,0.33,UTC-0700,6+THe69Q8P,com.sec.android.app.shealth,2025-10-07 10:21:00.000,cc245cc2-4f81-402b-b8f9-4f2a5796ccb3,
5622,4,0,12,2025-10-07 10:38:00.000,,,2025-10-07 10:38:40.131,2025-10-07 10:38:40.131,12,1.75,9.84,0.3,UTC-0700,6+THe69Q8P,com.sec.android.app.shealth,2025-10-07 10:39:00.000,0c176cfd-bcbd-4f65-a65f-35d796a348e3,
8957,4,0,19,2025-10-07 11:45:00.000,,,2025-10-07 11:45:17.404,2025-10-07 11:45:13.384,19,1.7114434,15.330001,0.51,UTC-0700,6+THe69Q8P,com.sec.android.app.shealth,2025-10-07 11:46:00.000,ad463e73-0e42-4a13-9415-3e122dc8aa57,
30514,4,5,46,2025-10-07 14:39:00.000,,,2025-10-07 14:40:25.644,2025-10-07 14:40:25.644,51,1.75,53.4,2.75,UTC-0700,6+THe69Q8P,com.sec.android.app.shealth,2025-10-07 14:40:00.000,81f1f730-57d0-45d7-b29e-0223b1e28e5e,
4709,4,0,10,2025-10-07 14:40:00.000,,,2025-10-07 14:40:25.688,2025-10-07 14:40:25.688,10,1.6944444,7.98,0.3,UTC-0700,6+THe69Q8P,com.sec.android.app.shealth,2025-10-07 14:41:00.000,5c6e9946-6941-43a3-8380-3a8c6195136c,
35631,4,0,72,2025-10-07 14:41:00.000,,,2025-10-07 14:43:04.208,2025-10-07 14:41:22.439,72,1.5865263,56.530003,2.18,UTC-0700,6+THe69Q8P,com.sec.android.app.shealth,2025-10-07 14:42:00.000,0b87fd3d-29c0-460e-b1fe-6660eaa07a34,
32534,4,3,64,2025-10-07 14:42:00.000,,,2025-10-07 14:43:04.254,2025-10-07 14:43:04.254,67,1.6388888,53.32,2.15,UTC-0700,6+THe69Q8P,com.sec.android.app.shealth,2025-10-07 14:43:00.000,6e8293a3-0873-4822-937c-3f920994741e,
13334,4,0,24,2025-10-07 14:44:00.000,,,2025-10-07 14:46:49.430,2025-10-07 14:46:49.430,24,1.3611112,18.15,0.76,UTC-0700,6+THe69Q8P,com.sec.android.app.shealth,2025-10-07 14:45:00.000,26311abd-2ebc-4185-a332-b4c6dd0404b2,
35404,4,0,73,2025-10-07 14:45:00.000,,,2025-10-07 14:46:49.466,2025-10-07 14:46:49.466,73,1.6111112,57.04,2.22,UTC-0700,6+THe69Q8P,com.sec.android.app.shealth,2025-10-07 14:46:00.000,8981b474-fc6f-4093-9a34-e90ad065eab2,
38501,4,13,63,2025-10-07 14:46:00.000,,,2025-10-07 14:46:49.908,2025-10-07 14:46:49.493,76,1.9355162,74.52,3.55,UTC-0700,6+THe69Q8P,com.sec.android.app.shealth,2025-10-07 14:47:00.000,4c1da68c-937a-48db-ae60-8d5c1d207c33,
1339,4,0,6,2025-10-07 14:47:00.000,,,2025-10-07 14:47:03.236,2025-10-07 14:47:03.236,6,3.6944442,4.95,0.17,UTC-0700,6+THe69Q8P,com.sec.android.app.shealth,2025-10-07 14:48:00.000,a51beee0-4526-4109-ab51-0826e7fb40d3,
38262,4,0,81,2025-10-07 14:48:00.000,,,2025-10-07 14:49:52.754,2025-10-07 14:49:52.754,81,1.6666666,63.77,2.47,UTC-0700,6+THe69Q8P,com.sec.android.app.shealth,2025-10-07 14:49:00.000,05d211af-442f-4db1-9fe4-ee416953cc1b,
8894,4,0,12,2025-10-07 15:51:00.000,,,2025-10-07 15:51:49.080,2025-10-07 15:51:49.080,12,1.4166666,12.6,0.7,UTC-0700,6+THe69Q8P,com.sec.android.app.shealth,2025-10-07 15:52:00.000,c21d268a-766f-4f1c-948a-be7935935cda,
7730,4,0,13,2025-10-07 16:59:00.000,,,2025-10-07 16:59:51.888,2025-10-07 16:59:51.360,13,1.2521089,9.68,0.33,UTC-0700,6+THe69Q8P,com.sec.android.app.shealth,2025-10-07 17:00:00.000,a31d6e23-7151-4444-aaee-12eaaff886ec,
6634,4,0,13,2025-10-07 19:50:00.000,,,2025-10-07 19:50:08.722,2025-10-07 19:50:07.528,13,1.5812337,10.49,0.33,UTC-0700,6+THe69Q8P,com.sec.android.app.shealth,2025-10-07 19:51:00.000,3a73e3cc-7595-465e-9f83-6d50acd61e2c,
9539,4,0,12,2025-10-08 04:49:00.000,,,2025-10-08 04:49:58.037,2025-10-08 04:49:58.037,12,0.8888889,8.48,0.4,UTC-0600,6+THe69Q8P,com.sec.android.app.shealth,2025-10-08 04:50:00.000,13bfa4eb-39b5-42d2-acca-9a4f68e5f761,
9017,4,0,19,2025-10-08 11:05:00.000,,,2025-10-08 11:06:16.453,2025-10-08 11:06:16.453,19,1.6944444,15.28,0.6,UTC-0600,6+THe69Q8P,com.sec.android.app.shealth,2025-10-08 11:06:00.000,8332cbb0-d763-4d3d-9fc5-da7792d8eee8,
8530,4,0,17,2025-10-08 12:14:00.000,,,2025-10-08 12:14:47.683,2025-10-08 12:14:45.100,17,1.5555555,13.269999,0.45000002,UTC-0600,6+THe69Q8P,com.sec.android.app.shealth,2025-10-08 12:15:00.000,72593da2-a84b-434d-95ee-1e4850087871,
34551,4,0,52,2025-10-08 23:02:00.000,,,2025-10-08 23:04:30.561,2025-10-08 23:04:30.561,52,1.1111112,38.39,1.62,UTC-0600,6+THe69Q8P,com.sec.android.app.shealth,2025-10-08 23:03:00.000,f95711a1-8a34-4c0f-967d-0d4ff1d897b6,
8088,4,0,18,2025-10-08 23:03:00.000,,,2025-10-08 23:04:30.619,2025-10-08 23:04:30.619,18,1.7222222,13.93,0.56,UTC-0600,6+THe69Q8P,com.sec.android.app.shealth,2025-10-08 23:04:00.000,9e20c05a-ec30-4202-8c04-eba21aa1b565,
47026,4,1,75,2025-10-08 23:04:00.000,,,2025-10-08 23:15:00.362,2025-10-08 23:04:30.660,76,1.3126696,61.730003,2.77,UTC-0600,6+THe69Q8P,com.sec.android.app.shealth,2025-10-08 23:05:00.000,d4d736d3-a454-4bfe-a6ac-84ef32801223,
26764,4,0,48,2025-10-08 23:05:00.000,,,2025-10-08 23:15:00.381,2025-10-08 23:15:00.381,48,1.3611112,36.43,1.47,UTC-0600,6+THe69Q8P,com.sec.android.app.shealth,2025-10-08 23:06:00.000,19b200ed-74ee-4b9b-86b5-a004935fd8aa,
26499,4,0,41,2025-10-08 23:06:00.000,,,2025-10-08 23:15:00.391,2025-10-08 23:15:00.391,41,1.1388888,30.18,1.29,UTC-0600,6+THe69Q8P,com.sec.android.app.shealth,2025-10-08 23:07:00.000,fcd4d6de-1896-44ca-9059-de0edca541b8,
29896,4,0,50,2025-10-08 23:07:00.000,,,2025-10-08 23:15:00.400,2025-10-08 23:15:00.400,50,1.25,37.37,1.5,UTC-0600,6+THe69Q8P,com.sec.android.app.shealth,2025-10-08 23:08:00.000,dbe959bc-d404-4d99-be19-f0bb28dbaebc,
38783,4,0,73,2025-10-08 23:08:00.000,,,2025-10-08 23:15:00.411,2025-10-08 23:15:00.411,73,1.4444444,56.02,2.23,UTC-0600,6+THe69Q8P,com.sec.android.app.shealth,2025-10-08 23:09:00.000,f9caea25-4a1c-4783-a4f4-3220a043dfd1,
11044,4,0,21,2025-10-08 23:09:00.000,,,2025-10-08 23:15:00.423,2025-10-08 23:15:00.423,21,1.4722222,16.26,0.63,UTC-0600,6+THe69Q8P,com.sec.android.app.shealth,2025-10-08 23:10:00.000,4ae2d8a0-47ae-486d-b928-68c81a953c6e,
55792,4,1,83,2025-10-08 23:10:00.000,,,2025-10-08 23:15:00.436,2025-10-08 23:15:00.436,84,1.3611112,75.94,3.55,UTC-0600,6+THe69Q8P,com.sec.android.app.shealth,2025-10-08 23:11:00.000,d9085872-8293-4e00-ad80-edf52ad62848,
15891,4,0,19,2025-10-08 23:11:00.000,,,2025-10-08 23:15:00.449,2025-10-08 23:15:00.449,19,0.9722222,15.45,0.79,UTC-0600,6+THe69Q8P,com.sec.android.app.shealth,2025-10-08 23:12:00.000,d07d9d7d-1d9d-454d-b0b4-9ec59f406b46,
31518,4,0,48,2025-10-08 23:12:00.000,,,2025-10-08 23:15:00.460,2025-10-08 23:15:00.460,48,1.1111112,35.02,1.46,UTC-0600,6+THe69Q8P,com.sec.android.app.shealth,2025-10-08 23:13:00.000,f77f5b39-a124-49d5-b7de-31dad71524a1,
18985,4,0,30,2025-10-08 23:13:00.000,,,2025-10-08 23:15:00.471,2025-10-08 23:15:00.471,30,1.1666666,22.15,0.9,UTC-0600,6+THe69Q8P,com.sec.android.app.shealth,2025-10-08 23:14:00.000,46915026-39a2-4d58-bf9d-84a7a141e9ff,
56221,4,0,94,2025-10-08 23:14:00.000,,,2025-10-08 23:15:00.483,2025-10-08 23:15:00.483,94,1.4722222,82.77,3.65,UTC-0600,6+THe69Q8P,com.sec.android.app.shealth,2025-10-08 23:15:00.000,735c8949-e5a2-485f-9887-b02425969d8f,
47136,4,0,82,2025-10-08 23:15:00.000,,,2025-10-08 23:15:53.656,2025-10-08 23:15:00.494,82,1.3062135,61.57,2.49,UTC-0600,6+THe69Q8P,com.sec.android.app.shealth,2025-10-08 23:16:00.000,39e095e4-ea8b-4b6c-9855-de0ca6f9f356,
6846,4,0,11,2025-10-08 23:23:00.000,,,2025-10-08 23:33:16.321,2025-10-08 23:33:16.321,11,1.4722222,10.08,0.55,UTC-0600,6+THe69Q8P,com.sec.android.app.shealth,2025-10-08 23:24:00.000,c7025d08-7de5-4767-9b93-f2a7a53e2002,
17866,4,0,29,2025-10-08 23:24:00.000,,,2025-10-08 23:33:16.382,2025-10-08 23:33:16.382,29,1.1944444,21.34,0.9,UTC-0600,6+THe69Q8P,com.sec.android.app.shealth,2025-10-08 23:25:00.000,8094b6bf-519e-4b7c-8e73-03087ef34ea7,
13635,4,0,25,2025-10-08 23:25:00.000,,,2025-10-08 23:33:16.420,2025-10-08 23:33:16.420,25,1.3611112,18.56,0.8,UTC-0600,6+THe69Q8P,com.sec.android.app.shealth,2025-10-08 23:26:00.000,cfba01fd-c41b-4f84-b460-9ace31e885b5,
58496,4,0,108,2025-10-08 23:26:00.000,,,2025-10-08 23:33:16.437,2025-10-08 23:33:16.437,108,1.4166666,82.87,3.24,UTC-0600,6+THe69Q8P,com.sec.android.app.shealth,2025-10-08 23:27:00.000,5a042c68-373a-4dcc-ba8d-cdd3b4eb93c8,
38880,4,0,73,2025-10-08 23:27:00.000,,,2025-10-08 23:33:16.456,2025-10-08 23:33:16.456,73,1.4444444,56.16,2.19,UTC-0600,6+THe69Q8P,com.sec.android.app.shealth,2025-10-08 23:28:00.000,5acf96cd-bfa1-41b4-8d89-ad13100290e7,
10278,4,0,18,2025-10-09 00:27:00.000,,,2025-10-09 00:28:33.818,2025-10-09 00:28:33.818,18,1.3611112,13.99,0.57,UTC-0600,6+THe69Q8P,com.sec.android.app.shealth,2025-10-09 00:28:00.000,e92dc572-a422-4e30-953a-fd47911b4660,
57087,4,0,104,2025-10-09 00:28:00.000,,,2025-10-09 00:29:53.191,2025-10-09 00:28:33.873,104,1.3891063,79.29999,3.1199994,UTC-0600,6+THe69Q8P,com.sec.android.app.shealth,2025-10-09 00:29:00.000,8d54e7be-2177-4f9c-88a2-6110703cffb8,
57360,4,0,106,2025-10-09 00:29:00.000,,,2025-10-09 00:29:59.729,2025-10-09 00:29:53.209,106,1.4183964,81.359985,3.1799996,UTC-0600,6+THe69Q8P,com.sec.android.app.shealth,2025-10-09 00:30:00.000,0b21022c-f71b-41ba-8dd8-11434539a2ea,
8679,4,0,15,2025-10-09 00:30:00.000,,,2025-10-09 00:30:12.867,2025-10-09 00:30:04.654,15,1.2996337,11.279999,0.47,UTC-0600,6+THe69Q8P,com.sec.android.app.shealth,2025-10-09 00:31:00.000,cd8371c5-bff8-4b70-bacd-3fe1221d2658,
12357,4,0,18,2025-10-09 00:34:00.000,,,2025-10-09 00:34:57.552,2025-10-09 00:34:52.985,18,1.0673702,13.189999,0.5799999,UTC-0600,6+THe69Q8P,com.sec.android.app.shealth,2025-10-09 00:35:00.000,499ee613-0839-4724-9caa-7462901a8315,
28218,4,0,50,2025-10-09 00:35:00.000,,,2025-10-09 00:35:28.939,2025-10-09 00:35:02.644,50,1.3381139,37.760006,1.5299991,UTC-0600,6+THe69Q8P,com.sec.android.app.shealth,2025-10-09 00:36:00.000,d8dcaf4e-3122-4ec2-accf-423a3b0cea8a,
31917,4,0,59,2025-10-09 00:38:00.000,,,2025-10-09 00:38:59.593,2025-10-09 00:38:30.318,59,1.4117734,45.059994,1.7899988,UTC-0600,6+THe69Q8P,com.sec.android.app.shealth,2025-10-09 00:39:00.000,cf4eb63f-58f3-42d1-ba63-3571bb8ef6ed,
56928,4,0,112,2025-10-09 00:39:00.000,,,2025-10-09 00:39:59.651,2025-10-09 00:39:00.208,112,1.5317354,87.19991,3.3599973,UTC-0600,6+THe69Q8P,com.sec.android.app.shealth,2025-10-09 00:40:00.000,09918706-db12-4f8b-8121-28e2d32ea7a7,
30238,4,0,58,2025-10-09 00:40:00.000,,,2025-10-09 00:40:33.068,2025-10-09 00:40:00.280,58,1.4832222,44.850006,1.7399988,UTC-0600,6+THe69Q8P,com.sec.android.app.shealth,2025-10-09 00:41:00.000,f9b430b8-cbb4-4fd1-a380-90abe7557818,
59933,4,0,113,2025-10-09 02:24:00.000,,,2025-10-09 02:33:12.119,2025-10-09 02:33:12.119,113,1.4444444,86.57,3.44,UTC-0600,6+THe69Q8P,com.sec.android.app.shealth,2025-10-09 02:25:00.000,90fe507b-4ef6-49dd-b759-584b7bd9a1b2,
53294,4,0,94,2025-10-09 02:25:00.000,,,2025-10-09 02:33:12.146,2025-10-09 02:33:12.146,94,1.3333334,71.06,2.85,UTC-0600,6+THe69Q8P,com.sec.android.app.shealth,2025-10-09 02:26:00.000,61914967-ff04-4f5e-9d20-5de3b725fe84,
21868,4,0,38,2025-10-09 02:26:00.000,,,2025-10-09 02:33:12.167,2025-10-09 02:33:12.167,38,1.3055556,28.55,1.16,UTC-0600,6+THe69Q8P,com.sec.android.app.shealth,2025-10-09 02:27:00.000,685f3b72-1d4d-4d60-ab6a-2d215c596cf7,
13447,4,5,15,2025-10-09 02:29:00.000,,,2025-10-09 02:33:12.210,2025-10-09 02:33:12.210,20,2.1111112,28.39,1.61,UTC-0600,6+THe69Q8P,com.sec.android.app.shealth,2025-10-09 02:30:00.000,7059122b-6b4f-4ef6-a3b5-d63a6530e5b6,
17809,4,4,22,2025-10-09 02:30:00.000,,,2025-10-09 02:33:12.233,2025-10-09 02:33:12.233,26,1.8333334,32.65,1.75,UTC-0600,6+THe69Q8P,com.sec.android.app.shealth,2025-10-09 02:31:00.000,11ba93f5-5d9d-49fc-b0f7-9b8ded4a3cc8,
27586,4,0,47,2025-10-09 02:31:00.000,,,2025-10-09 02:33:12.261,2025-10-09 02:33:12.261,47,1.2777778,35.25,1.44,UTC-0600,6+THe69Q8P,com.sec.android.app.shealth,2025-10-09 02:32:00.000,5f79d947-fbee-4342-b815-ad0042e34165,
6291,4,0,10,2025-10-09 02:32:00.000,,,2025-10-09 02:33:12.292,2025-10-09 02:33:12.292,10,1.1666666,7.34,0.32,UTC-0600,6+THe69Q8P,com.sec.android.app.shealth,2025-10-09 02:33:00.000,77d19a6f-a592-4c55-bde4-4c132f454fed,
15610,4,2,20,2025-10-09 02:40:00.000,,,2025-10-09 02:41:42.037,2025-10-09 02:41:42.037,22,1.5277778,23.85,1.3,UTC-0600,6+THe69Q8P,com.sec.android.app.shealth,2025-10-09 02:41:00.000,e05f121b-f49c-4e0c-8c14-0275220b6472,
14705,4,0,28,2025-10-09 02:41:00.000,,,2025-10-09 02:41:42.064,2025-10-09 02:41:42.064,28,1.4722222,21.65,0.84,UTC-0600,6+THe69Q8P,com.sec.android.app.shealth,2025-10-09 02:42:00.000,d239b1bd-d46b-4686-8fa7-0cd85c572c42,
4821,4,1,7,2025-10-09 03:11:00.000,,,2025-10-09 03:15:00.682,2025-10-09 03:15:00.682,8,1.8333334,8.84,0.56,UTC-0600,6+THe69Q8P,com.sec.android.app.shealth,2025-10-09 03:12:00.000,2dda7874-270f-4ae2-9a03-da2ca85957dd,
41051,4,6,80,2025-10-09 03:15:00.000,,,2025-10-09 03:29:07.360,2025-10-09 03:29:07.360,86,1.6944445,69.56,2.81,UTC-0600,6+THe69Q8P,com.sec.android.app.shealth,2025-10-09 03:16:00.000,8b6cc372-510d-4929-9e5d-fb361c8a063b,
51442,4,0,105,2025-10-09 03:16:00.000,,,2025-10-09 03:29:07.380,2025-10-09 03:29:07.380,105,1.6111112,82.88,3.15,UTC-0600,6+THe69Q8P,com.sec.android.app.shealth,2025-10-09 03:17:00.000,797cfd25-a88b-4505-8f67-6607651b80fa,
9867,4,0,13,2025-10-09 12:18:00.000,,,2025-10-09 12:18:33.182,2025-10-09 12:18:32.604,13,0.94650024,9.34,0.43,UTC-0600,6+THe69Q8P,com.sec.android.app.shealth,2025-10-09 12:19:00.000,36ea3f8c-5bb8-4c8d-ae9f-0fc5a991882f,
17952,4,0,30,2025-10-09 13:42:00.000,,,2025-10-09 13:55:01.654,2025-10-09 13:55:01.654,30,1.25,22.44,0.94,UTC-0600,6+THe69Q8P,com.sec.android.app.shealth,2025-10-09 13:43:00.000,50621bd6-d369-4ca1-9299-a588598c156c,
30340,4,0,41,2025-10-09 13:43:00.000,,,2025-10-09 13:55:01.665,2025-10-09 13:55:01.665,41,1.3888888,42.14,2.12,UTC-0600,6+THe69Q8P,com.sec.android.app.shealth,2025-10-09 13:44:00.000,a58d0501-ff14-406d-b9ca-cbe273f79ec5,
31112,4,0,52,2025-10-09 13:46:00.000,,,2025-10-09 13:55:01.683,2025-10-09 13:55:01.683,52,1.25,38.89,1.6,UTC-0600,6+THe69Q8P,com.sec.android.app.shealth,2025-10-09 13:47:00.000,fd0ae4fe-ceff-4f78-be71-351f08d1ac64,
30326,4,0,51,2025-10-09 13:47:00.000,,,2025-10-09 13:55:01.696,2025-10-09 13:55:01.696,51,1.2777778,38.75,1.53,UTC-0600,6+THe69Q8P,com.sec.android.app.shealth,2025-10-09 13:48:00.000,85f4bca9-44fd-4198-a619-1655fa7ad802,
39973,4,0,75,2025-10-09 13:52:00.000,,,2025-10-09 13:55:01.715,2025-10-09 13:55:01.715,75,1.4444444,57.74,2.27,UTC-0600,6+THe69Q8P,com.sec.android.app.shealth,2025-10-09 13:53:00.000,207a9ad8-8320-4321-bb41-65e766af4539,
26233,4,0,36,2025-10-09 13:53:00.000,,,2025-10-09 13:55:01.730,2025-10-09 13:55:01.730,36,1.5,39.35,2.04,UTC-0600,6+THe69Q8P,com.sec.android.app.shealth,2025-10-09 13:54:00.000,84839dd5-2caa-414e-a700-3f707731e886,
6773,4,0,11,2025-10-09 13:54:00.000,,,2025-10-09 13:55:01.744,2025-10-09 13:55:01.744,11,1.1944444,8.09,0.35,UTC-0600,6+THe69Q8P,com.sec.android.app.shealth,2025-10-09 13:55:00.000,6f92c056-1bf7-4cb9-ab22-8380bf73720d,
1824,4,0,3,2025-10-09 13:55:00.000,,,2025-10-09 13:58:59.143,2025-10-09 13:58:59.143,3,1.2222222,2.23,0.09,UTC-0600,6+THe69Q8P,com.sec.android.app.shealth,2025-10-09 13:56:00.000,88ed67aa-d2aa-44d5-9656-72db97d889d9,
26838,4,0,48,2025-10-09 13:58:00.000,,,2025-10-09 13:58:59.233,2025-10-09 13:58:59.191,48,1.3622364,36.56,1.51,UTC-0600,6+THe69Q8P,com.sec.android.app.shealth,2025-10-09 13:59:00.000,0d8d54b1-007e-46a5-99bb-219954a70d8d,
17942,4,0,30,2025-10-09 13:59:00.000,,,2025-10-09 13:59:48.750,2025-10-09 13:59:24.085,30,1.2623593,22.650002,0.9299996,UTC-0600,6+THe69Q8P,com.sec.android.app.shealth,2025-10-09 14:00:00.000,f3e84df9-a179-4de4-9a66-8667be18303a,
17823,4,0,35,2025-10-09 14:00:00.000,,,2025-10-09 14:00:50.564,2025-10-09 14:00:12.902,35,1.5076007,26.869999,1.0499995,UTC-0600,6+THe69Q8P,com.sec.android.app.shealth,2025-10-09 14:01:00.000,e5649949-93c4-4b2b-85a4-be5218798d23,
37695,4,0,63,2025-10-09 14:01:00.000,,,2025-10-09 14:01:59.727,2025-10-09 14:01:01.589,63,1.2598189,47.490017,1.8699992,UTC-0600,6+THe69Q8P,com.sec.android.app.shealth,2025-10-09 14:02:00.000,f03e04c8-53a1-4f7a-93f3-91fd9fc33a84,
12671,4,0,21,2025-10-09 14:02:00.000,,,2025-10-09 14:02:35.119,2025-10-09 14:02:00.336,21,1.2437327,15.759999,0.57,UTC-0600,6+THe69Q8P,com.sec.android.app.shealth,2025-10-09 14:03:00.000,c17d2919-f4cb-4ae6-bf18-79b2b8046069,
9697,4,0,15,2025-10-09 14:03:00.000,,,2025-10-09 14:03:26.495,2025-10-09 14:03:23.544,15,1.6612655,16.11,0.7899999,UTC-0600,6+THe69Q8P,com.sec.android.app.shealth,2025-10-09 14:04:00.000,6ae1dbb5-4f79-4152-b053-f867434b36de,
19152,4,1,33,2025-10-09 14:04:00.000,,,2025-10-09 14:04:27.589,2025-10-09 14:04:04.127,34,1.8509058,35.450005,1.7299997,UTC-0600,6+THe69Q8P,com.sec.android.app.shealth,2025-10-09 14:05:00.000,7a7dd741-b6b5-4ba8-9114-dfa5f80e6fd7,
22277,4,0,39,2025-10-09 14:07:00.000,,,2025-10-09 14:07:59.113,2025-10-09 14:07:38.887,39,1.3286892,29.600002,1.1799994,UTC-0600,6+THe69Q8P,com.sec.android.app.shealth,2025-10-09 14:08:00.000,ce3f593f-e49e-4055-8085-0ecf88186861,
1867,4,0,3,2025-10-09 14:08:00.000,,,2025-10-09 14:08:02.046,2025-10-09 14:08:00.346,3,1.183141,2.21,0.089999996,UTC-0600,6+THe69Q8P,com.sec.android.app.shealth,2025-10-09 14:09:00.000,ae633f0b-e5e4-42dd-a020-f77170ba7280,
10655,4,0,20,2025-10-09 14:11:00.000,,,2025-10-09 14:11:17.428,2025-10-09 14:11:01.654,20,1.440525,15.349999,0.63,UTC-0600,6+THe69Q8P,com.sec.android.app.shealth,2025-10-09 14:12:00.000,13cae0a5-3b1d-489d-9fa9-e076f8d8aa3b,
15855,4,0,27,2025-10-09 14:14:00.000,,,2025-10-09 14:15:01.588,2025-10-09 14:15:01.588,27,1.2777778,20.26,0.85,UTC-0600,6+THe69Q8P,com.sec.android.app.shealth,2025-10-09 14:15:00.000,0daf3a17-dd83-493a-a685-c34f66ad4ad5,
9521,4,0,17,2025-10-09 14:40:00.000,,,2025-10-09 14:40:59.813,2025-10-09 14:40:57.202,17,1.3674343,13.020001,0.45000002,UTC-0600,6+THe69Q8P,com.sec.android.app.shealth,2025-10-09 14:41:00.000,96676559-c255-4f7e-9e02-3ba3ebd0f45a,
2212,4,0,4,2025-10-09 14:41:00.000,,,2025-10-09 14:41:04.154,2025-10-09 14:41:00.462,4,1.3742983,3.04,0.12,UTC-0600,6+THe69Q8P,com.sec.android.app.shealth,2025-10-09 14:42:00.000,0b1e39c1-d230-4e71-86fd-9f5669cbe728,
26192,4,1,45,2025-10-09 14:46:00.000,,,2025-10-09 14:46:59.864,2025-10-09 14:46:23.083,46,2.2021427,57.68,3.1699996,UTC-0600,6+THe69Q8P,com.sec.android.app.shealth,2025-10-09 14:47:00.000,ab735217-1794-4747-bf8e-5a121efd60ad,
547,4,0,1,2025-10-09 14:47:00.000,,,2025-10-09 14:47:00.684,2025-10-09 14:47:00.684,1,1.3888888,0.76,0.03,UTC-0600,6+THe69Q8P,com.sec.android.app.shealth,2025-10-09 14:48:00.000,58253b53-4832-4b3d-95ee-70646bafc128,
13978,4,0,26,2025-10-09 14:55:00.000,,,2025-10-09 14:55:16.088,2025-10-09 14:55:05.897,26,1.4121196,19.740004,0.7199998,UTC-0600,6+THe69Q8P,com.sec.android.app.shealth,2025-10-09 14:56:00.000,c77ae2c4-cb13-43a1-bb30-b4abdca29b4b,
29361,4,0,51,2025-10-09 16:18:00.000,,,2025-10-09 16:18:56.008,2025-10-09 16:18:28.547,51,1.3193924,38.739998,1.4899993,UTC-0600,6+THe69Q8P,com.sec.android.app.shealth,2025-10-09 16:19:00.000,a6faa317-7c8b-4eef-aafa-da61ad7bbf39,
50179,4,0,91,2025-10-09 16:19:00.000,,,2025-10-09 16:19:59.808,2025-10-09 16:19:03.836,91,1.3812467,69.30998,2.779998,UTC-0600,6+THe69Q8P,com.sec.android.app.shealth,2025-10-09 16:20:00.000,173ec11b-5875-4dc8-8f2b-261de5febc58,
48652,4,0,87,2025-10-09 16:20:00.000,,,2025-10-09 16:20:59.749,2025-10-09 16:20:00.378,87,1.3600463,66.170006,2.6399984,UTC-0600,6+THe69Q8P,com.sec.android.app.shealth,2025-10-09 16:21:00.000,78902c3b-fd7f-424b-b973-7e925dd55d1c,
19668,4,0,36,2025-10-09 16:21:00.000,,,2025-10-09 16:21:30.079,2025-10-09 16:21:00.252,36,1.3982079,27.500002,1.0299997,UTC-0600,6+THe69Q8P,com.sec.android.app.shealth,2025-10-09 16:22:00.000,a7f7bac6-87ec-47c8-a0e3-4e61a567d07a,
30519,4,0,55,2025-10-09 16:28:00.000,,,2025-10-09 16:28:52.649,2025-10-09 16:28:24.911,55,1.381735,42.169987,1.589999,UTC-0600,6+THe69Q8P,com.sec.android.app.shealth,2025-10-09 16:29:00.000,aec20676-e3bc-4535-8b54-38ccdda2ab4d,
28604,4,0,47,2025-10-09 16:29:00.000,,,2025-10-09 16:29:59.878,2025-10-09 16:29:36.282,47,1.2190216,34.870003,1.4499991,UTC-0600,6+THe69Q8P,com.sec.android.app.shealth,2025-10-09 16:30:00.000,59b03bd0-0c44-44ad-bbcf-7cee75122bc6,
1339,4,0,6,2025-10-09 16:30:00.000,,,2025-10-09 16:30:10.300,2025-10-09 16:30:10.300,6,3.6944442,4.95,0.17,UTC-0600,6+THe69Q8P,com.sec.android.app.shealth,2025-10-09 16:31:00.000,90ed2579-98cd-4e80-92b7-1a26a78444eb,
7875,4,0,15,2025-10-10 01:11:00.000,,,2025-10-10 01:11:13.320,2025-10-10 01:11:11.701,15,1.4703422,11.580002,0.39000002,UTC-0500,6+THe69Q8P,com.sec.android.app.shealth,2025-10-10 01:12:00.000,c6d8c954-27b8-46fe-95c6-d8994abf24c5,
9712,4,0,16,2025-10-10 01:17:00.000,,,2025-10-10 01:31:51.802,2025-10-10 01:31:51.802,16,1.25,12.14,0.52,UTC-0500,6+THe69Q8P,com.sec.android.app.shealth,2025-10-10 01:18:00.000,f66af353-9be9-4206-925a-7caa1f0631f2,
34000,4,0,66,2025-10-10 01:48:00.000,,,2025-10-10 01:51:06.245,2025-10-10 01:51:06.245,66,1.5,51.0,2.02,UTC-0500,6+THe69Q8P,com.sec.android.app.shealth,2025-10-10 01:49:00.000,f8fb0cf4-5506-47f3-bf1c-50c02db2d172,
57286,4,0,111,2025-10-10 01:49:00.000,,,2025-10-10 01:51:06.278,2025-10-10 01:51:06.278,111,1.5,85.93,3.33,UTC-0500,6+THe69Q8P,com.sec.android.app.shealth,2025-10-10 01:50:00.000,61b50210-b233-49ad-8d0c-99d98bac1480,
22327,4,0,38,2025-10-10 01:50:00.000,,,2025-10-10 01:51:06.312,2025-10-10 01:51:06.312,38,1.2777778,28.53,1.14,UTC-0500,6+THe69Q8P,com.sec.android.app.shealth,2025-10-10 01:51:00.000,aaabe374-b9c0-46b9-95cd-27725761cc9e,
3786,4,0,7,2025-10-10 01:51:00.000,,,2025-10-10 01:51:06.686,2025-10-10 01:51:06.686,7,1.5,5.68,0.22,UTC-0500,6+THe69Q8P,com.sec.android.app.shealth,2025-10-10 01:52:00.000,b3e92ec5-d553-4382-a210-357f2882842e,
15593,4,0,21,2025-10-10 02:03:00.000,,,2025-10-10 02:09:32.384,2025-10-10 02:09:32.384,21,0.9722222,15.16,0.68,UTC-0500,6+THe69Q8P,com.sec.android.app.shealth,2025-10-10 02:04:00.000,916a6658-aba3-4c2d-9980-bc1f2e4382dc,
19059,4,0,26,2025-10-10 02:05:00.000,,,2025-10-10 02:09:32.463,2025-10-10 02:09:32.463,26,0.9722222,18.53,0.81,UTC-0500,6+THe69Q8P,com.sec.android.app.shealth,2025-10-10 02:06:00.000,20b82161-0fa3-4812-9756-46bbf29a194e,
22007,4,0,32,2025-10-10 02:07:00.000,,,2025-10-10 02:09:32.509,2025-10-10 02:09:32.509,32,1.0555555,23.23,1.04,UTC-0500,6+THe69Q8P,com.sec.android.app.shealth,2025-10-10 02:08:00.000,7d7ca153-6909-4519-bdd5-f0553bdbfaa4,
18171,4,0,30,2025-10-10 02:09:00.000,,,2025-10-10 02:09:32.563,2025-10-10 02:09:32.563,30,1.2222222,22.21,0.92,UTC-0500,6+THe69Q8P,com.sec.android.app.shealth,2025-10-10 02:10:00.000,1966cc35-4eda-41f3-a59f-4e5869578b54,
21487,4,0,32,2025-10-10 02:18:00.000,,,2025-10-10 02:35:00.632,2025-10-10 02:35:00.632,32,1.3333334,28.65,1.33,UTC-0500,6+THe69Q8P,com.sec.android.app.shealth,2025-10-10 02:19:00.000,37e03933-83a5-4271-996c-deec37742cb0,
57917,4,0,107,2025-10-10 02:19:00.000,,,2025-10-10 02:35:00.650,2025-10-10 02:35:00.650,107,1.4166666,82.05,3.21,UTC-0500,6+THe69Q8P,com.sec.android.app.shealth,2025-10-10 02:20:00.000,7494cec0-6496-4e68-aba3-8d224da09755,
37813,4,0,71,2025-10-10 02:20:00.000,,,2025-10-10 02:35:00.663,2025-10-10 02:35:00.663,71,1.4444444,54.62,2.13,UTC-0500,6+THe69Q8P,com.sec.android.app.shealth,2025-10-10 02:21:00.000,66f3f0c2-678e-4879-93d6-6c5f4cd5a78b,
57555,4,0,117,2025-10-10 02:55:00.000,,,2025-10-10 02:57:34.909,2025-10-10 02:57:34.909,117,1.5833334,91.13,3.56,UTC-0500,6+THe69Q8P,com.sec.android.app.shealth,2025-10-10 02:56:00.000,c9a719c6-1704-4586-abe6-6e910df8fff0,
18924,4,0,35,2025-10-10 02:56:00.000,,,2025-10-10 02:57:34.955,2025-10-10 02:57:34.955,35,1.4166666,26.81,1.05,UTC-0500,6+THe69Q8P,com.sec.android.app.shealth,2025-10-10 02:57:00.000,940e2642-1418-4feb-9105-8b9deb614d93,
26838,4,0,40,2025-10-10 03:08:00.000,,,2025-10-10 03:15:00.695,2025-10-10 03:15:00.695,40,1.1111112,29.82,1.23,UTC-0500,6+THe69Q8P,com.sec.android.app.shealth,2025-10-10 03:09:00.000,d7dba258-3f3f-482c-b0c1-d7cc3df7d6c4,
18180,4,0,25,2025-10-10 03:09:00.000,,,2025-10-10 03:15:00.714,2025-10-10 03:15:00.714,25,1.0000001,18.18,0.77,UTC-0500,6+THe69Q8P,com.sec.android.app.shealth,2025-10-10 03:10:00.000,456fff6e-5194-4673-a1cf-ac5aa60d16e5,
49514,4,0,90,2025-10-10 03:11:00.000,,,2025-10-10 03:15:00.736,2025-10-10 03:15:00.736,90,1.3888888,68.77,2.71,UTC-0500,6+THe69Q8P,com.sec.android.app.shealth,2025-10-10 03:12:00.000,3aa0ee0b-b862-49fa-ae08-71adb3edc234,
8647,4,0,15,2025-10-10 03:12:00.000,,,2025-10-10 03:15:00.760,2025-10-10 03:15:00.760,15,1.2777778,11.05,0.47,UTC-0500,6+THe69Q8P,com.sec.android.app.shealth,2025-10-10 03:13:00.000,4f7fd15d-4033-40f9-9bd4-5e31958bb9a6,
7200,4,0,12,2025-10-10 03:21:00.000,,,2025-10-10 03:21:05.944,2025-10-10 03:21:05.944,12,1.2222222,8.8,0.4,UTC-0500,6+THe69Q8P,com.sec.android.app.shealth,2025-10-10 03:22:00.000,f6b23d0f-0f6d-4419-9b79-75b89f6c3f9f,
8041,4,0,13,2025-10-10 03:22:00.000,,,2025-10-10 03:22:05.883,2025-10-10 03:22:03.991,13,1.1900164,9.57,0.43,UTC-0500,6+THe69Q8P,com.sec.android.app.shealth,2025-10-10 03:23:00.000,08bc8d07-08e6-4f72-ad8b-1b1e83214671,
40166,4,0,69,2025-10-10 05:16:00.000,,,2025-10-10 05:30:21.454,2025-10-10 05:30:21.454,69,1.3055556,52.44,2.1,UTC-0500,6+THe69Q8P,com.sec.android.app.shealth,2025-10-10 05:17:00.000,5208801e-0737-4b0f-b7ff-b16e6fe7fbdf,
7920,4,0,13,2025-10-10 05:17:00.000,,,2025-10-10 05:30:21.480,2025-10-10 05:30:21.480,13,1.2222222,9.68,0.4,UTC-0500,6+THe69Q8P,com.sec.android.app.shealth,2025-10-10 05:18:00.000,b776e8c3-a0e7-4e03-b26b-01da308243c0,
28897,4,0,41,2025-10-10 05:18:00.000,,,2025-10-10 05:30:21.504,2025-10-10 05:30:21.504,41,1.0277778,29.7,1.3,UTC-0500,6+THe69Q8P,com.sec.android.app.shealth,2025-10-10 05:19:00.000,7a05d6b9-ad18-417e-b293-2a97f7f4285c,
26901,4,0,41,2025-10-10 05:19:00.000,,,2025-10-10 05:30:21.528,2025-10-10 05:30:21.528,41,1.1111112,29.89,1.24,UTC-0500,6+THe69Q8P,com.sec.android.app.shealth,2025-10-10 05:20:00.000,d9964a1b-ad88-4f61-bcc6-e201c2fe48ad,
50413,4,3,86,2025-10-10 05:20:00.000,,,2025-10-10 05:30:21.538,2025-10-10 05:30:21.538,89,1.4444444,72.82,3.19,UTC-0500,6+THe69Q8P,com.sec.android.app.shealth,2025-10-10 05:21:00.000,750d3353-74b0-456b-aabd-f02605922b21,
43761,4,0,80,2025-10-10 05:21:00.000,,,2025-10-10 05:30:21.565,2025-10-10 05:30:21.565,80,1.3888888,60.78,2.42,UTC-0500,6+THe69Q8P,com.sec.android.app.shealth,2025-10-10 05:22:00.000,668e53e0-a1a0-471b-825c-1a19f5887c0b,
39186,4,0,74,2025-10-10 05:22:00.000,,,2025-10-10 05:30:21.579,2025-10-10 05:30:21.579,74,1.5,58.78,2.37,UTC-0500,6+THe69Q8P,com.sec.android.app.shealth,2025-10-10 05:23:00.000,03bb84e8-387b-448f-8d71-5d2e0a825c72,
13986,4,0,24,2025-10-10 05:23:00.000,,,2025-10-10 05:30:21.593,2025-10-10 05:30:21.593,24,1.3055556,18.26,0.74,UTC-0500,6+THe69Q8P,com.sec.android.app.shealth,2025-10-10 05:24:00.000,242c4297-61af-481d-a3be-11f07d8a8acf,
19134,4,0,32,2025-10-10 05:24:00.000,,,2025-10-10 05:30:21.622,2025-10-10 05:30:21.622,32,1.2777778,24.45,1.01,UTC-0500,6+THe69Q8P,com.sec.android.app.shealth,2025-10-10 05:25:00.000,07831189-bfdd-4948-97d4-7281ae6000e0,
29324,4,0,50,2025-10-10 05:25:00.000,,,2025-10-10 05:30:21.650,2025-10-10 05:30:21.650,50,1.2777778,37.47,1.5,UTC-0500,6+THe69Q8P,com.sec.android.app.shealth,2025-10-10 05:26:00.000,879c369a-5927-439f-8bde-6d52abbfb0bd,
8973,4,4,20,2025-10-10 12:33:00.000,,,2025-10-10 12:33:49.522,2025-10-10 12:33:24.802,24,2.5418696,22.809998,1.01,UTC-0500,6+THe69Q8P,com.sec.android.app.shealth,2025-10-10 12:34:00.000,7ed085ae-2e16-48c3-b017-ef389d1fd16e,
14863,4,0,20,2025-10-10 12:53:00.000,,,2025-10-10 12:53:38.000,2025-10-10 12:53:32.827,20,0.9547071,14.189999,0.63999987,UTC-0500,6+THe69Q8P,com.sec.android.app.shealth,2025-10-10 12:54:00.000,d099c83d-9125-4229-82e9-3507dc47f3b3,
1339,4,0,6,2025-10-10 12:54:00.000,,,2025-10-10 12:54:40.288,2025-10-10 12:54:40.288,6,3.6944442,4.95,0.17,UTC-0500,6+THe69Q8P,com.sec.android.app.shealth,2025-10-10 12:55:00.000,47cd139c-ca9f-4334-90a8-a49ce622a6d7,
26937,4,0,36,2025-10-10 12:55:00.000,,,2025-10-10 12:55:36.554,2025-10-10 12:55:05.475,36,0.96555305,26.01,1.0599997,UTC-0500,6+THe69Q8P,com.sec.android.app.shealth,2025-10-10 12:56:00.000,e0851dca-bf89-4c25-b3a3-0fa9f26c9c36,
12921,4,0,19,2025-10-10 13:16:00.000,,,2025-10-10 13:16:21.696,2025-10-10 13:16:17.378,19,1.0618309,13.720001,0.6099999,UTC-0500,6+THe69Q8P,com.sec.android.app.shealth,2025-10-10 13:17:00.000,038a14af-55ab-4de6-9b4c-a9fd329bdc28,
28999,4,5,50,2025-10-10 13:17:00.000,,,2025-10-10 13:17:59.750,2025-10-10 13:17:08.404,55,1.8121161,52.550007,2.4199994,UTC-0500,6+THe69Q8P,com.sec.android.app.shealth,2025-10-10 13:18:00.000,afe9b461-7fdb-4028-8fde-b5d98009f303,
574,4,0,1,2025-10-10 13:18:00.000,,,2025-10-10 13:18:00.445,2025-10-10 13:18:00.445,1,1.3055557,0.75,0.03,UTC-0500,6+THe69Q8P,com.sec.android.app.shealth,2025-10-10 13:19:00.000,b9a270c4-49b5-4e43-bdcf-010fc49c47ea,
7350,4,0,13,2025-10-10 13:21:00.000,,,2025-10-10 13:21:09.035,2025-10-10 13:21:09.035,13,1.3333334,9.8,0.4,UTC-0500,6+THe69Q8P,com.sec.android.app.shealth,2025-10-10 13:22:00.000,a65fbba7-3d5e-49ab-98ad-e975bbe91cf8,
26832,4,0,46,2025-10-10 13:22:00.000,,,2025-10-10 13:22:35.390,2025-10-10 13:22:04.672,46,1.279046,34.32,1.3599995,UTC-0500,6+THe69Q8P,com.sec.android.app.shealth,2025-10-10 13:23:00.000,88df1285-3673-4d41-aaca-dcbe6c8bb1e1,
6239,4,0,11,2025-10-10 13:23:00.000,,,2025-10-10 13:23:06.131,2025-10-10 13:23:04.036,11,1.3317609,8.309999,0.35,UTC-0500,6+THe69Q8P,com.sec.android.app.shealth,2025-10-10 13:24:00.000,8bb87714-c588-43ee-9652-30d5e626ad4b,
5225,4,0,9,2025-10-10 13:24:00.000,,,2025-10-10 13:24:26.666,2025-10-10 13:24:25.010,9,1.2898178,6.74,0.29,UTC-0500,6+THe69Q8P,com.sec.android.app.shealth,2025-10-10 13:25:00.000,9b6cc062-a7d9-468e-a4b3-b99f989fc3a2,
13140,4,0,23,2025-10-10 14:32:00.000,,,2025-10-10 14:35:01.539,2025-10-10 14:35:01.539,23,1.3333334,17.52,0.73,UTC-0500,6+THe69Q8P,com.sec.android.app.shealth,2025-10-10 14:33:00.000,01e118c0-d6d2-467b-892d-28e04675aa27,
8265,4,0,15,2025-10-10 14:40:00.000,,,2025-10-10 14:55:01.678,2025-10-10 14:55:01.678,15,1.3611112,11.25,0.49,UTC-0500,6+THe69Q8P,com.sec.android.app.shealth,2025-10-10 14:41:00.000,a68572e8-4919-4b53-9b46-2ef3d2198347,
16162,4,0,34,2025-10-10 14:44:00.000,,,2025-10-10 14:55:01.709,2025-10-10 14:55:01.709,34,1.6111112,26.04,1.06,UTC-0500,6+THe69Q8P,com.sec.android.app.shealth,2025-10-10 14:45:00.000,48e5a62f-620f-409f-aab5-c66904a54e8d,
12219,4,0,24,2025-10-10 14:45:00.000,,,2025-10-10 14:55:01.722,2025-10-10 14:55:01.722,24,1.4444444,17.65,0.78,UTC-0500,6+THe69Q8P,com.sec.android.app.shealth,2025-10-10 14:46:00.000,838463ca-e68a-4408-83da-6177bb9510fb,
10942,4,0,21,2025-10-10 14:48:00.000,,,2025-10-10 14:55:01.737,2025-10-10 14:55:01.737,21,1.4722222,16.11,0.67,UTC-0500,6+THe69Q8P,com.sec.android.app.shealth,2025-10-10 14:49:00.000,8941c119-2e73-4e46-b5b4-f76a73e656fb,
21893,4,0,36,2025-10-10 15:02:00.000,,,2025-10-10 15:02:59.841,2025-10-10 15:02:39.477,36,2.0152438,44.12,2.2099996,UTC-0500,6+THe69Q8P,com.sec.android.app.shealth,2025-10-10 15:03:00.000,887a58fb-d632-48ba-ad7a-74675f4d9f47,
53528,4,0,92,2025-10-10 15:03:00.000,,,2025-10-10 15:03:59.762,2025-10-10 15:03:00.520,92,1.298012,69.48003,2.769998,UTC-0500,6+THe69Q8P,com.sec.android.app.shealth,2025-10-10 15:04:00.000,5740930a-e2fc-45a3-a633-600862eeaad5,
34627,4,0,60,2025-10-10 15:04:00.000,,,2025-10-10 15:04:36.252,2025-10-10 15:04:00.311,60,1.3061816,45.229996,1.7999997,UTC-0500,6+THe69Q8P,com.sec.android.app.shealth,2025-10-10 15:05:00.000,18513c54-a7fb-4796-9dcf-9bc314e363d4,
42996,4,0,86,2025-10-10 15:07:00.000,,,2025-10-10 15:07:59.786,2025-10-10 15:07:20.739,86,1.5619931,67.16001,2.5199983,UTC-0500,6+THe69Q8P,com.sec.android.app.shealth,2025-10-10 15:08:00.000,f6bbda9b-21ac-47ea-9947-cb76e86b9c6f,
23656,4,0,44,2025-10-10 15:08:00.000,,,2025-10-10 15:08:28.577,2025-10-10 15:08:00.173,44,1.4211682,33.620007,1.3399994,UTC-0500,6+THe69Q8P,com.sec.android.app.shealth,2025-10-10 15:09:00.000,af0c74db-6975-41ac-a978-e7e187e465d1,
32757,4,0,64,2025-10-10 15:11:00.000,,,2025-10-10 15:11:59.863,2025-10-10 15:11:24.936,64,1.5199605,49.789997,1.9399989,UTC-0500,6+THe69Q8P,com.sec.android.app.shealth,2025-10-10 15:12:00.000,b09883b9-7463-4980-85ff-39e3e5fcde5d,
51903,4,0,101,2025-10-10 15:12:00.000,,,2025-10-10 15:12:57.884,2025-10-10 15:12:00.517,101,1.5127996,78.51995,3.0399976,UTC-0500,6+THe69Q8P,com.sec.android.app.shealth,2025-10-10 15:13:00.000,c43c87fa-2873-4faa-945f-6421af9aa775,
19691,4,0,34,2025-10-10 15:13:00.000,,,2025-10-10 15:13:47.751,2025-10-10 15:13:09.970,34,1.2939852,25.480003,1.0599995,UTC-0500,6+THe69Q8P,com.sec.android.app.shealth,2025-10-10 15:14:00.000,88407519-4875-40e2-a774-10652c6529b3,
16596,4,0,28,2025-10-10 15:16:00.000,,,2025-10-10 15:16:53.345,2025-10-10 15:16:43.610,28,1.2605186,20.919998,0.7899998,UTC-0500,6+THe69Q8P,com.sec.android.app.shealth,2025-10-10 15:17:00.000,98f0d713-b01e-4933-94a3-c3a1a8df3944,
35696,4,0,59,2025-10-10 15:17:00.000,,,2025-10-10 15:17:59.896,2025-10-10 15:17:15.961,59,1.2886541,45.99999,1.9699993,UTC-0500,6+THe69Q8P,com.sec.android.app.shealth,2025-10-10 15:18:00.000,939d321e-97e1-4687-a2e4-126e6efb154b,
1687,4,0,3,2025-10-10 15:18:00.000,,,2025-10-10 15:18:01.618,2025-10-10 15:18:00.396,3,1.3333334,2.25,0.089999996,UTC-0500,6+THe69Q8P,com.sec.android.app.shealth,2025-10-10 15:19:00.000,6dd256ff-0c69-4a00-a6f2-59728af6dca3,
21020,4,0,42,2025-10-10 15:19:00.000,,,2025-10-10 15:19:59.829,2025-10-10 15:19:43.914,42,1.5641536,32.880013,1.1999993,UTC-0500,6+THe69Q8P,com.sec.android.app.shealth,2025-10-10 15:20:00.000,0aa0656e-9c08-4226-b735-c0fce0d08986,
33545,4,10,58,2025-10-10 15:20:00.000,,,2025-10-10 15:20:47.151,2025-10-10 15:20:00.341,68,2.0244153,67.910034,3.2899985,UTC-0500,6+THe69Q8P,com.sec.android.app.shealth,2025-10-10 15:21:00.000,5c30d8ea-7d82-4a05-b433-cc0c7f8b0c5d,
25232,4,0,49,2025-10-10 15:21:00.000,,,2025-10-10 15:21:50.797,2025-10-10 15:21:05.921,49,1.5008539,37.869995,1.4199996,UTC-0500,6+THe69Q8P,com.sec.android.app.shealth,2025-10-10 15:22:00.000,7750f1e2-f8a8-419a-8db7-a3364e315074,
60000,4,13,110,2025-10-10 15:22:00.000,,,2025-10-10 15:22:59.908,2025-10-10 15:22:01.161,123,1.654498,99.26988,4.2099996,UTC-0500,6+THe69Q8P,com.sec.android.app.shealth,2025-10-10 15:23:00.000,fa4b6ef1-0b0b-4e6f-8c84-3722cffa8d54,
52175,4,0,89,2025-10-10 15:23:00.000,,,2025-10-10 15:23:59.540,2025-10-10 15:23:00.431,89,1.2774078,66.650024,2.6999981,UTC-0500,6+THe69Q8P,com.sec.android.app.shealth,2025-10-10 15:24:00.000,8f8844e6-694f-4fc1-9864-1cc60731f99e,
48189,4,27,74,2025-10-10 15:24:00.000,,,2025-10-10 15:24:59.739,2025-10-10 15:24:00.090,101,1.8265389,88.020004,4.2299976,UTC-0500,6+THe69Q8P,com.sec.android.app.shealth,2025-10-10 15:25:00.000,f21981fc-59eb-424c-9ae7-d60629945443,
34294,4,39,42,2025-10-10 15:25:00.000,,,2025-10-10 15:25:57.316,2025-10-10 15:25:00.238,81,2.2744253,77.99999,4.2099996,UTC-0500,6+THe69Q8P,com.sec.android.app.shealth,2025-10-10 15:26:00.000,885e600e-1473-4ac5-bf7d-f7e5dbf651ec,
58532,4,21,98,2025-10-10 15:26:00.000,,,2025-10-10 15:26:59.969,2025-10-10 15:26:02.494,119,1.7159622,100.44,4.5700006,UTC-0500,6+THe69Q8P,com.sec.android.app.shealth,2025-10-10 15:27:00.000,ec753bc6-8a4a-4350-8b77-4737b5adcfe7,
57738,4,0,116,2025-10-10 15:27:00.000,,,2025-10-10 15:27:59.725,2025-10-10 15:27:00.519,116,1.5738155,90.86994,3.4799972,UTC-0500,6+THe69Q8P,com.sec.android.app.shealth,2025-10-10 15:28:00.000,c64a78b6-d511-4246-8f91-d65755d446b2,
22147,4,0,43,2025-10-10 15:28:00.000,,,2025-10-10 15:28:59.545,2025-10-10 15:28:00.247,43,1.4868665,32.930004,1.2999996,UTC-0500,6+THe69Q8P,com.sec.android.app.shealth,2025-10-10 15:29:00.000,ba491989-436c-4172-afee-ad0d8bdb45ad,
29433,4,20,46,2025-10-10 15:29:00.000,,,2025-10-10 15:29:29.947,2025-10-10 15:29:00.138,66,2.0078948,59.10001,2.879999,UTC-0500,6+THe69Q8P,com.sec.android.app.shealth,2025-10-10 15:30:00.000,ab6987e2-e1b8-430c-bf9d-f38ef45c18ba,
6698,4,0,12,2025-10-10 15:42:00.000,,,2025-10-10 15:42:26.311,2025-10-10 15:42:26.311,12,1.4166666,9.49,0.3,UTC-0500,6+THe69Q8P,com.sec.android.app.shealth,2025-10-10 15:43:00.000,4e0b27d1-1bbf-4d53-a745-c3739f3e8f4f,
53162,4,0,96,2025-10-10 15:56:00.000,,,2025-10-10 16:03:28.345,2025-10-10 16:03:28.345,96,1.3611112,72.36,2.96,UTC-0500,6+THe69Q8P,com.sec.android.app.shealth,2025-10-10 15:57:00.000,86151217-7779-4323-abd6-84483a94d048,
35510,4,0,53,2025-10-10 15:57:00.000,,,2025-10-10 16:03:28.392,2025-10-10 16:03:28.392,53,1.0833334,38.47,1.62,UTC-0500,6+THe69Q8P,com.sec.android.app.shealth,2025-10-10 15:58:00.000,72da9b47-5403-4df8-9a48-4a6cb1b93570,
9753,4,0,15,2025-10-10 15:58:00.000,,,2025-10-10 16:03:28.458,2025-10-10 16:03:28.458,15,1.1944444,11.65,0.48,UTC-0500,6+THe69Q8P,com.sec.android.app.shealth,2025-10-10 15:59:00.000,c7aa1614-c2d2-4218-935f-d91b823fc924,
35606,4,0,56,2025-10-10 15:59:00.000,,,2025-10-10 16:03:28.487,2025-10-10 16:03:28.487,56,1.1944444,42.53,1.75,UTC-0500,6+THe69Q8P,com.sec.android.app.shealth,2025-10-10 16:00:00.000,b386ddfe-3e15-4942-b411-bb312fbbe87e,
4290,4,0,6,2025-10-10 16:00:00.000,,,2025-10-10 16:03:28.542,2025-10-10 16:03:28.542,6,1.0,4.29,0.19,UTC-0500,6+THe69Q8P,com.sec.android.app.shealth,2025-10-10 16:01:00.000,d1d3cbda-847a-4cc8-9698-c31c1864dc24,
35558,4,0,68,2025-10-10 16:02:00.000,,,2025-10-10 16:03:28.593,2025-10-10 16:03:28.593,68,1.4722222,52.35,2.06,UTC-0500,6+THe69Q8P,com.sec.android.app.shealth,2025-10-10 16:03:00.000,2d392b41-a539-4cf6-94c2-28886200dd98,
7865,4,0,15,2025-10-10 16:03:00.000,,,2025-10-10 16:03:28.653,2025-10-10 16:03:28.653,15,1.4722222,11.58,0.45,UTC-0500,6+THe69Q8P,com.sec.android.app.shealth,2025-10-10 16:04:00.000,9bf5b136-04e3-4557-9852-37bcab5e8386,
16355,4,0,24,2025-10-11 03:56:00.000,,,2025-10-11 04:09:38.620,2025-10-11 04:09:38.620,24,1.2222222,19.99,0.97,UTC-0500,6+THe69Q8P,com.sec.android.app.shealth,2025-10-11 03:57:00.000,4572dcb7-fc4c-464a-b4be-732d2f7b510c,
17762,4,0,34,2025-10-11 03:57:00.000,,,2025-10-11 04:09:38.671,2025-10-11 04:09:38.671,34,1.4722222,26.15,1.04,UTC-0500,6+THe69Q8P,com.sec.android.app.shealth,2025-10-11 03:58:00.000,98cdf418-ac79-4c54-ade3-fa6241c0988b,
37114,4,0,70,2025-10-11 03:58:00.000,,,2025-10-11 04:09:38.699,2025-10-11 04:09:38.699,70,1.4444444,53.61,2.14,UTC-0500,6+THe69Q8P,com.sec.android.app.shealth,2025-10-11 03:59:00.000,01a24822-2021-40f0-a80b-eb0e4311b9d3,
24017,4,0,42,2025-10-11 03:59:00.000,,,2025-10-11 04:09:38.746,2025-10-11 04:09:38.746,42,1.3611112,32.69,1.32,UTC-0500,6+THe69Q8P,com.sec.android.app.shealth,2025-10-11 04:00:00.000,c99dccda-4d7d-4c7d-bf5b-d9f7ccfb017e,
15120,4,0,20,2025-10-11 04:02:00.000,,,2025-10-11 04:09:38.828,2025-10-11 04:09:38.828,20,1.3888888,21.0,1.11,UTC-0500,6+THe69Q8P,com.sec.android.app.shealth,2025-10-11 04:03:00.000,1d6dfaab-385a-43b4-b8f2-e072ebd15fe8,
41339,4,0,73,2025-10-11 04:03:00.000,,,2025-10-11 04:09:38.854,2025-10-11 04:09:38.854,73,1.3333334,55.12,2.19,UTC-0500,6+THe69Q8P,com.sec.android.app.shealth,2025-10-11 04:04:00.000,3c1468a4-fbb4-4e10-976d-4dc48a24b89e,
21267,4,1,32,2025-10-11 04:04:00.000,,,2025-10-11 04:09:38.890,2025-10-11 04:09:38.890,33,1.4444444,30.72,1.5,UTC-0500,6+THe69Q8P,com.sec.android.app.shealth,2025-10-11 04:05:00.000,a6e1dbbb-b1d3-4813-b08c-a155ef215937,
18404,4,0,33,2025-10-11 04:05:00.000,,,2025-10-11 04:09:38.920,2025-10-11 04:09:38.920,33,1.3611112,25.05,1.03,UTC-0500,6+THe69Q8P,com.sec.android.app.shealth,2025-10-11 04:06:00.000,d9a3f688-197d-4acf-9ba4-f86c7dd2e41c,
17750,4,0,32,2025-10-11 04:06:00.000,,,2025-10-11 04:09:39.012,2025-10-11 04:09:39.012,32,1.3611112,24.16,1.02,UTC-0500,6+THe69Q8P,com.sec.android.app.shealth,2025-10-11 04:07:00.000,8c56fdc4-9c68-4e1c-8b37-92bce7218de4,
31292,4,0,46,2025-10-11 04:07:00.000,,,2025-10-11 04:09:39.043,2025-10-11 04:09:39.043,46,1.4722222,46.07,2.26,UTC-0500,6+THe69Q8P,com.sec.android.app.shealth,2025-10-11 04:08:00.000,d5c54909-04a3-43de-8092-08615f2535a9,
31842,4,0,59,2025-10-11 04:08:00.000,,,2025-10-11 04:09:39.067,2025-10-11 04:09:39.067,59,1.4166666,45.11,1.77,UTC-0500,6+THe69Q8P,com.sec.android.app.shealth,2025-10-11 04:09:00.000,eadce6c1-2fc6-41e1-86fb-732dbe4c4ec1,
15940,4,0,29,2025-10-11 04:48:00.000,,,2025-10-11 04:51:01.156,2025-10-11 04:51:01.156,29,1.3888888,22.14,0.91,UTC-0500,6+THe69Q8P,com.sec.android.app.shealth,2025-10-11 04:49:00.000,7433d313-7d64-4bfc-a5f0-e453c71e3d96,
16200,4,1,23,2025-10-11 04:49:00.000,,,2025-10-11 04:51:01.208,2025-10-11 04:51:01.208,24,1.5833334,25.65,1.32,UTC-0500,6+THe69Q8P,com.sec.android.app.shealth,2025-10-11 04:50:00.000,cac416ff-0ed0-4535-b063-240a7cdc871b,
5483,4,0,9,2025-10-11 04:56:00.000,,,2025-10-11 05:00:11.464,2025-10-11 05:00:11.464,9,1.1944444,6.55,0.29,UTC-0500,6+THe69Q8P,com.sec.android.app.shealth,2025-10-11 04:57:00.000,47864702-0dca-4065-acf2-cc702ce2130c,
10382,4,0,17,2025-10-11 04:57:00.000,,,2025-10-11 05:00:11.764,2025-10-11 05:00:11.764,17,1.2222222,12.69,0.53,UTC-0500,6+THe69Q8P,com.sec.android.app.shealth,2025-10-11 04:58:00.000,e804bafc-4da5-4674-9f9b-538b9dfb9ca7,
17092,4,0,29,2025-10-11 04:59:00.000,,,2025-10-11 05:00:11.804,2025-10-11 05:00:11.804,29,1.2777778,21.84,0.93,UTC-0500,6+THe69Q8P,com.sec.android.app.shealth,2025-10-11 05:00:00.000,130c608a-8354-4f25-a966-b290343fa950,
20863,4,0,33,2025-10-11 06:06:00.000,,,2025-10-11 06:15:00.664,2025-10-11 06:15:00.664,33,1.1944444,24.92,1.04,UTC-0500,6+THe69Q8P,com.sec.android.app.shealth,2025-10-11 06:07:00.000,6ffc52b6-f523-4d83-aefc-15b10edb60aa,
7498,4,0,13,2025-10-11 06:07:00.000,,,2025-10-11 06:15:00.681,2025-10-11 06:15:00.681,13,1.3055556,9.79,0.39,UTC-0500,6+THe69Q8P,com.sec.android.app.shealth,2025-10-11 06:08:00.000,5951e9ab-0adc-4f32-85d3-4c2bc540f38a,
17813,4,0,33,2025-10-11 06:08:00.000,,,2025-10-11 06:15:00.696,2025-10-11 06:15:00.696,33,1.4444443,25.73,1.0,UTC-0500,6+THe69Q8P,com.sec.android.app.shealth,2025-10-11 06:09:00.000,a8808104-1d14-4698-8eca-de335cbdcdfb,
16650,4,0,33,2025-10-11 06:09:00.000,,,2025-10-11 06:15:01.442,2025-10-11 06:15:01.442,33,1.5555556,25.9,0.98,UTC-0500,6+THe69Q8P,com.sec.android.app.shealth,2025-10-11 06:10:00.000,d48edc35-bba5-4d2b-9e45-693f38327bc7,
18742,4,0,32,2025-10-11 06:11:00.000,,,2025-10-11 06:15:01.458,2025-10-11 06:15:01.458,32,1.3055556,24.47,0.98,UTC-0500,6+THe69Q8P,com.sec.android.app.shealth,2025-10-11 06:12:00.000,987868da-3f76-4575-94be-bdeccd43b3f4,
8544,4,0,14,2025-10-11 06:57:00.000,,,2025-10-11 06:57:17.782,2025-10-11 06:57:15.858,14,1.2416654,10.610001,0.36,UTC-0500,6+THe69Q8P,com.sec.android.app.shealth,2025-10-11 06:58:00.000,bbc6d6d5-bf36-47ba-871f-c0ef007ffab5,
1339,4,0,6,2025-10-11 06:58:00.000,,,2025-10-11 06:58:42.739,2025-10-11 06:58:42.739,6,3.6944442,4.95,0.17,UTC-0500,6+THe69Q8P,com.sec.android.app.shealth,2025-10-11 06:59:00.000,89db7e58-b997-43a4-ae0c-a3cadb30d05c,
3841,4,0,7,2025-10-11 06:59:00.000,,,2025-10-11 06:59:01.767,2025-10-11 06:59:00.734,7,1.3927684,5.3500004,0.22,UTC-0500,6+THe69Q8P,com.sec.android.app.shealth,2025-10-11 07:00:00.000,9f9bfadf-7cf8-4adf-a317-29c4d3f93abe,
4684,4,0,12,2025-10-11 07:01:00.000,,,2025-10-11 07:01:31.759,2025-10-11 07:01:31.759,12,2.111111,9.89,0.3,UTC-0500,6+THe69Q8P,com.sec.android.app.shealth,2025-10-11 07:02:00.000,018af450-a5d2-49be-8c5d-142fe0207388,
13096,4,0,23,2025-10-11 07:14:00.000,,,2025-10-11 07:14:54.751,2025-10-11 07:14:35.559,23,1.3598906,17.81,0.6499999,UTC-0500,6+THe69Q8P,com.sec.android.app.shealth,2025-10-11 07:15:00.000,de2d22d7-dac0-42d5-aaba-833cc5df0d96,
5266,4,0,13,2025-10-11 07:15:00.000,,,2025-10-11 07:15:47.674,2025-10-11 07:15:05.000,13,1.9309573,10.17,0.4,UTC-0500,6+THe69Q8P,com.sec.android.app.shealth,2025-10-11 07:16:00.000,551e0630-739e-4428-ad27-2d7a279483b1,
13148,4,0,25,2025-10-11 07:29:00.000,,,2025-10-11 07:29:52.141,2025-10-11 07:29:42.828,25,1.4944669,19.650002,0.6899998,UTC-0500,6+THe69Q8P,com.sec.android.app.shealth,2025-10-11 07:30:00.000,e174558b-f469-411a-a94e-ddd063f835a0,
4611,4,0,8,2025-10-11 07:30:00.000,,,2025-10-11 07:30:07.295,2025-10-11 07:30:06.122,8,1.3055556,6.02,0.26,UTC-0500,6+THe69Q8P,com.sec.android.app.shealth,2025-10-11 07:31:00.000,a2c4368b-30c8-41a2-9f7d-6eb8cd4caed4,
14506,4,0,23,2025-10-11 14:53:00.000,,,2025-10-11 14:55:01.381,2025-10-11 14:53:30.957,23,1.6406419,23.8,1.1999999,UTC-0500,6+THe69Q8P,com.sec.android.app.shealth,2025-10-11 14:54:00.000,3290fa93-5567-45ba-817c-238d29495f39,
7329,4,0,13,2025-10-11 15:26:00.000,,,2025-10-11 15:26:24.007,2025-10-11 15:26:23.460,13,1.3888888,10.18,0.33,UTC-0500,6+THe69Q8P,com.sec.android.app.shealth,2025-10-11 15:27:00.000,8751a22d-2074-43be-bb9d-4f819588bf45,
23223,4,0,33,2025-10-11 17:03:00.000,,,2025-10-11 17:03:59.597,2025-10-11 17:03:15.638,33,1.4799842,34.370007,1.6599998,UTC-0500,6+THe69Q8P,com.sec.android.app.shealth,2025-10-11 17:04:00.000,eac5c71f-d7e9-4474-8386-33b839c57d54,
18493,4,0,33,2025-10-11 17:04:00.000,,,2025-10-11 17:04:33.188,2025-10-11 17:04:00.316,33,1.3550783,25.060001,1.0199997,UTC-0500,6+THe69Q8P,com.sec.android.app.shealth,2025-10-11 17:05:00.000,fcf651ed-71d0-49a9-997d-ca2e80fc588d,
8279,4,0,15,2025-10-11 17:09:00.000,,,2025-10-11 17:09:59.400,2025-10-11 17:09:57.567,15,1.3925359,11.530001,0.39000002,UTC-0500,6+THe69Q8P,com.sec.android.app.shealth,2025-10-11 17:10:00.000,18ebf13b-eaaf-4d54-9978-557c0d6fad69,
16673,4,0,27,2025-10-11 17:10:00.000,,,2025-10-11 17:10:45.561,2025-10-11 17:10:32.642,27,1.2007115,20.019999,0.8299997,UTC-0500,6+THe69Q8P,com.sec.android.app.shealth,2025-10-11 17:11:00.000,665ef483-5c35-45e5-81e0-8800c9396c13,
4715,4,0,7,2025-10-11 17:13:00.000,,,2025-10-11 17:13:53.440,2025-10-11 17:13:52.610,7,1.0750806,5.0699997,0.23,UTC-0500,6+THe69Q8P,com.sec.android.app.shealth,2025-10-11 17:14:00.000,ae2b2dd5-95a6-4244-a720-03daffb8f728,
16131,4,0,27,2025-10-11 17:15:00.000,,,2025-10-11 17:15:23.611,2025-10-11 17:15:10.620,27,1.249737,20.159998,0.83999974,UTC-0500,6+THe69Q8P,com.sec.android.app.shealth,2025-10-11 17:16:00.000,08a7ab66-7c47-4f9e-aab7-31f121092db5,
17256,4,2,28,2025-10-11 17:16:00.000,,,2025-10-11 17:16:44.839,2025-10-11 17:16:14.461,30,1.6121149,27.820005,1.3699998,UTC-0500,6+THe69Q8P,com.sec.android.app.shealth,2025-10-11 17:17:00.000,33a62a33-fa2c-4b9a-b88c-c8ac5a871848,
15938,4,0,29,2025-10-11 17:17:00.000,,,2025-10-11 17:17:56.601,2025-10-11 17:17:43.969,29,1.4141521,22.539995,0.8099997,UTC-0500,6+THe69Q8P,com.sec.android.app.shealth,2025-10-11 17:18:00.000,b1b199ff-2016-449c-bf72-eff7425e0712,
8741,4,0,15,2025-10-11 18:37:00.000,,,2025-10-11 18:55:01.763,2025-10-11 18:55:01.763,15,1.2777778,11.17,0.49,UTC-0500,6+THe69Q8P,com.sec.android.app.shealth,2025-10-11 18:38:00.000,34a66cb3-b15e-40ce-b147-74c004cfefd7,
12979,4,0,18,2025-10-11 18:43:00.000,,,2025-10-11 18:55:01.810,2025-10-11 18:55:01.810,18,1.0277778,13.34,0.58,UTC-0500,6+THe69Q8P,com.sec.android.app.shealth,2025-10-11 18:44:00.000,dffa7259-cd7a-4794-a17a-e8382240155b,
60000,4,0,106,2025-10-11 21:04:00.000,,,2025-10-11 21:15:02.095,2025-10-11 21:15:02.095,106,1.3305001,79.83,3.22,UTC-0500,6+THe69Q8P,com.sec.android.app.shealth,2025-10-11 21:05:00.000,3710b55d-a7e6-44a7-8c4a-e5355cefa425,
14299,4,0,23,2025-10-11 21:05:00.000,,,2025-10-11 21:15:02.126,2025-10-11 21:15:02.126,23,1.1944444,17.08,0.69,UTC-0500,6+THe69Q8P,com.sec.android.app.shealth,2025-10-11 21:06:00.000,c8ad74d6-8e01-4aa8-a42f-5560c9936b82,
18098,4,0,27,2025-10-11 21:12:00.000,,,2025-10-11 21:15:02.132,2025-10-11 21:15:02.132,27,1.2222222,22.12,1.0,UTC-0500,6+THe69Q8P,com.sec.android.app.shealth,2025-10-11 21:13:00.000,83a77e7e-0ae1-4147-87ae-8f9d1982cc23,
16548,4,2,22,2025-10-11 21:13:00.000,,,2025-10-11 21:15:02.144,2025-10-11 21:15:02.144,24,1.6944444,28.04,1.45,UTC-0500,6+THe69Q8P,com.sec.android.app.shealth,2025-10-11 21:14:00.000,50b7baec-ec5d-47f7-9912-f2a20e7f867c,
14275,4,1,20,2025-10-11 21:14:00.000,,,2025-10-11 21:15:02.162,2025-10-11 21:15:02.162,21,1.3611112,19.43,1.0,UTC-0500,6+THe69Q8P,com.sec.android.app.shealth,2025-10-11 21:15:00.000,70bef7e0-b745-4a97-be79-f2d67aa0b3a4,
56070,4,0,99,2025-10-11 21:15:00.000,,,2025-10-11 21:35:02.038,2025-10-11 21:35:02.038,99,1.3333334,74.76,2.97,UTC-0500,6+THe69Q8P,com.sec.android.app.shealth,2025-10-11 21:16:00.000,8f76faa4-addf-4b15-a8cc-83be4e76ba14,
29079,4,0,42,2025-10-11 21:16:00.000,,,2025-10-11 21:35:02.054,2025-10-11 21:35:02.054,42,1.3611112,39.58,1.94,UTC-0500,6+THe69Q8P,com.sec.android.app.shealth,2025-10-11 21:17:00.000,e2d885d3-9c1d-440c-b77f-a4976b38a0cb,
25829,4,0,37,2025-10-11 21:17:00.000,,,2025-10-11 21:35:02.073,2025-10-11 21:35:02.073,37,1.3333334,34.44,1.68,UTC-0500,6+THe69Q8P,com.sec.android.app.shealth,2025-10-11 21:18:00.000,62f11743-199d-4f27-8b65-23f6b03b4122,
25320,4,0,44,2025-10-11 21:18:00.000,,,2025-10-11 21:35:02.090,2025-10-11 21:35:02.090,44,1.4166666,35.87,1.59,UTC-0500,6+THe69Q8P,com.sec.android.app.shealth,2025-10-11 21:19:00.000,7ba18baa-a4c8-4170-b4ea-ee3584a97486,
39264,4,0,57,2025-10-11 21:19:00.000,,,2025-10-11 21:35:02.105,2025-10-11 21:35:02.105,57,1.2222222,47.99,2.27,UTC-0500,6+THe69Q8P,com.sec.android.app.shealth,2025-10-11 21:20:00.000,f3400a68-c932-49dc-bfb5-94735a82a597,
21218,4,0,39,2025-10-11 21:20:00.000,,,2025-10-11 21:35:02.120,2025-10-11 21:35:02.120,39,1.4166666,30.06,1.22,UTC-0500,6+THe69Q8P,com.sec.android.app.shealth,2025-10-11 21:21:00.000,6ddd1134-d70a-4c85-a2d3-e81260fd2d74,
20348,4,0,33,2025-10-11 21:21:00.000,,,2025-10-11 21:35:02.134,2025-10-11 21:35:02.134,33,1.2222222,24.87,1.02,UTC-0500,6+THe69Q8P,com.sec.android.app.shealth,2025-10-11 21:22:00.000,67f014ac-3ae2-4ba5-9227-1eab4f66a5d6,
17789,4,0,28,2025-10-11 21:22:00.000,,,2025-10-11 21:35:02.149,2025-10-11 21:35:02.149,28,1.1388888,20.26,0.9,UTC-0500,6+THe69Q8P,com.sec.android.app.shealth,2025-10-11 21:23:00.000,f7795ece-3eaf-4089-95f1-7b0d5dbe5326,
7174,4,0,13,2025-10-11 23:27:00.000,,,2025-10-11 23:27:15.309,2025-10-11 23:27:14.549,13,1.3589336,9.75,0.33,UTC-0500,6+THe69Q8P,com.sec.android.app.shealth,2025-10-11 23:28:00.000,bda8a644-cc32-4c7a-8587-dab14beb130a,
6364,4,0,12,2025-10-11 23:28:00.000,,,2025-10-11 23:28:34.473,2025-10-11 23:28:28.490,12,1.4501984,9.23,0.37,UTC-0500,6+THe69Q8P,com.sec.android.app.shealth,2025-10-11 23:29:00.000,d1dda48d-f9e6-4f97-bf42-3df21e0a6faa,
50446,4,0,86,2025-10-11 23:48:00.000,,,2025-10-11 23:48:59.831,2025-10-11 23:48:16.114,86,1.2813613,64.63995,2.519998,UTC-0500,6+THe69Q8P,com.sec.android.app.shealth,2025-10-11 23:49:00.000,a0944a28-d3db-4b6f-a880-6cec3a3653d3,
57311,4,0,99,2025-10-11 23:49:00.000,,,2025-10-11 23:49:59.966,2025-10-11 23:49:00.489,99,1.2973058,74.34998,2.9699976,UTC-0500,6+THe69Q8P,com.sec.android.app.shealth,2025-10-11 23:50:00.000,fa21e75f-cffb-4c78-96d4-5bf7f164721c,
7722,4,0,12,2025-10-11 23:50:00.000,,,2025-10-11 23:50:08.352,2025-10-11 23:50:00.624,12,1.1318105,8.74,0.35999998,UTC-0500,6+THe69Q8P,com.sec.android.app.shealth,2025-10-11 23:51:00.000,857101c9-b8dd-4242-aa13-bae6579ed0a1,
42347,4,0,77,2025-10-11 23:55:00.000,,,2025-10-11 23:55:59.773,2025-10-11 23:55:19.202,77,1.3837982,58.59995,2.3199983,UTC-0500,6+THe69Q8P,com.sec.android.app.shealth,2025-10-11 23:56:00.000,f6f175f0-b6cc-438b-8038-f08bb0b2d8da,
57620,4,0,105,2025-10-11 23:56:00.000,,,2025-10-11 23:56:59.750,2025-10-11 23:56:00.334,105,1.3852621,79.819984,3.1499975,UTC-0500,6+THe69Q8P,com.sec.android.app.shealth,2025-10-11 23:57:00.000,41e092e3-cf24-4a50-99e8-34896e6418a5,
18106,4,0,34,2025-10-11 23:57:00.000,,,2025-10-12 00:11:14.754,2025-10-11 23:57:00.435,34,1.4619191,26.470001,1.03,UTC-0500,6+THe69Q8P,com.sec.android.app.shealth,2025-10-11 23:58:00.000,1887c654-f674-4af7-a769-a39eae58adbd,
13357,4,0,24,2025-10-11 23:58:00.000,,,2025-10-12 00:11:14.827,2025-10-12 00:11:14.827,24,1.3333334,17.81,0.76,UTC-0500,6+THe69Q8P,com.sec.android.app.shealth,2025-10-11 23:59:00.000,ebacad7a-e58c-403a-9d8b-449cb87df35f,
38781,4,0,58,2025-10-11 23:59:00.000,,,2025-10-12 00:11:14.853,2025-10-12 00:11:14.853,58,1.2222222,47.4,2.05,UTC-0500,6+THe69Q8P,com.sec.android.app.shealth,2025-10-12 00:00:00.000,ff7f697d-4b4f-407b-87bf-1da1aefd2d97,
55050,4,0,97,2025-10-12 00:00:00.000,,,2025-10-12 00:11:14.885,2025-10-12 00:11:14.885,97,1.3333334,73.4,2.93,UTC-0500,6+THe69Q8P,com.sec.android.app.shealth,2025-10-12 00:01:00.000,3b7a28b4-20fd-4617-82e2-fb1faeef7d52,
38572,4,0,68,2025-10-12 00:01:00.000,,,2025-10-12 00:11:14.918,2025-10-12 00:11:14.918,68,1.3333334,51.43,2.06,UTC-0500,6+THe69Q8P,com.sec.android.app.shealth,2025-10-12 00:02:00.000,12b88969-8bb6-40d6-b047-ee3c1a45f4ac,
31027,4,0,55,2025-10-12 00:02:00.000,,,2025-10-12 00:11:14.964,2025-10-12 00:11:14.964,55,1.3333334,41.37,1.7,UTC-0500,6+THe69Q8P,com.sec.android.app.shealth,2025-10-12 00:03:00.000,04f2876f-6c83-4f2d-84d7-62f14da461a7,
46129,4,0,75,2025-10-12 00:03:00.000,,,2025-10-12 00:11:15.005,2025-10-12 00:11:15.005,75,1.2222222,56.38,2.29,UTC-0500,6+THe69Q8P,com.sec.android.app.shealth,2025-10-12 00:04:00.000,77ed1e2d-3126-479d-aada-0e794ddaa5fd,
40336,4,0,66,2025-10-12 00:04:00.000,,,2025-10-12 00:11:15.038,2025-10-12 00:11:15.038,66,1.2222222,49.3,2.0,UTC-0500,6+THe69Q8P,com.sec.android.app.shealth,2025-10-12 00:05:00.000,35842ee4-801c-4bf1-94be-5bdf96cc753c,
15745,4,0,23,2025-10-12 00:05:00.000,,,2025-10-12 00:11:15.065,2025-10-12 00:11:15.065,23,1.0555556,16.62,0.74,UTC-0500,6+THe69Q8P,com.sec.android.app.shealth,2025-10-12 00:06:00.000,c6f1240a-a9be-4cf9-8c65-edae484ba831,
14660,4,0,25,2025-10-12 00:06:00.000,,,2025-10-12 00:11:15.104,2025-10-12 00:11:15.104,25,1.3055556,19.14,0.78,UTC-0500,6+THe69Q8P,com.sec.android.app.shealth,2025-10-12 00:07:00.000,42b424bf-c999-4e00-a467-1004bf7ad7de,
22651,4,0,41,2025-10-12 00:07:00.000,,,2025-10-12 00:11:15.128,2025-10-12 00:11:15.128,41,1.3888888,31.46,1.24,UTC-0500,6+THe69Q8P,com.sec.android.app.shealth,2025-10-12 00:08:00.000,d1d37145-e8e8-4878-a245-7bab27e0fa2c,
56386,4,0,96,2025-10-12 00:08:00.000,,,2025-10-12 00:11:15.158,2025-10-12 00:11:15.158,96,1.2777778,72.05,2.9,UTC-0500,6+THe69Q8P,com.sec.android.app.shealth,2025-10-12 00:09:00.000,8c06d516-42ed-4987-a19f-3e982b46bf61,
57845,4,0,100,2025-10-12 00:09:00.000,,,2025-10-12 00:11:15.191,2025-10-12 00:11:15.191,100,1.3055556,75.52,3.01,UTC-0500,6+THe69Q8P,com.sec.android.app.shealth,2025-10-12 00:10:00.000,2cd8f03f-251d-4daa-b842-f54189deeb2c,
17028,4,0,31,2025-10-12 00:10:00.000,,,2025-10-12 00:11:15.237,2025-10-12 00:11:15.237,31,1.3888888,23.65,0.95,UTC-0500,6+THe69Q8P,com.sec.android.app.shealth,2025-10-12 00:11:00.000,656f0fde-b6d6-48ae-907d-71e29a42b35a,
5450,4,0,9,2025-10-12 00:14:00.000,,,2025-10-12 00:14:56.372,2025-10-12 00:14:53.349,9,1.6566527,9.030001,0.5,UTC-0500,6+THe69Q8P,com.sec.android.app.shealth,2025-10-12 00:15:00.000,6f616715-df2c-4a3a-8a84-588aebba22df,
8770,4,0,15,2025-10-12 02:49:00.000,,,2025-10-12 02:49:52.145,2025-10-12 02:49:50.920,15,1.291835,11.330001,0.39000002,UTC-0600,6+THe69Q8P,com.sec.android.app.shealth,2025-10-12 02:50:00.000,2aa89d5d-0e67-4a53-aa49-5aa9dac7d8d1,
54536,4,0,98,2025-10-12 04:21:00.000,,,2025-10-12 04:35:00.592,2025-10-12 04:35:00.592,98,1.3611112,74.23,2.99,UTC-0600,6+THe69Q8P,com.sec.android.app.shealth,2025-10-12 04:22:00.000,7e4d55ac-9f50-4713-964b-9a95ffc596c9,
45728,4,0,72,2025-10-12 04:22:00.000,,,2025-10-12 04:35:00.607,2025-10-12 04:35:00.607,72,1.2222222,55.89,2.43,UTC-0600,6+THe69Q8P,com.sec.android.app.shealth,2025-10-12 04:23:00.000,0429431e-1573-4d2b-b131-26bc0054820e,
35033,4,0,50,2025-10-12 04:23:00.000,,,2025-10-12 04:35:00.627,2025-10-12 04:35:00.627,50,1.0555556,36.98,1.56,UTC-0600,6+THe69Q8P,com.sec.android.app.shealth,2025-10-12 04:24:00.000,186f2914-9108-4417-82d7-6d4d140b37d0,
60000,4,0,105,2025-10-12 04:29:00.000,,,2025-10-12 04:35:00.644,2025-10-12 04:35:00.644,105,1.2966666,77.8,3.19,UTC-0600,6+THe69Q8P,com.sec.android.app.shealth,2025-10-12 04:30:00.000,3eef3f0a-8af0-4533-a902-4ab26f2b9f94,
54308,4,0,86,2025-10-12 04:30:00.000,,,2025-10-12 04:35:00.662,2025-10-12 04:35:00.662,86,1.1666666,63.36,2.59,UTC-0600,6+THe69Q8P,com.sec.android.app.shealth,2025-10-12 04:31:00.000,fa9c6c6b-e19d-4759-a701-a1f6005c828b,
14549,4,0,23,2025-10-12 08:39:00.000,,,2025-10-12 08:55:01.059,2025-10-12 08:55:01.059,23,1.4722222,21.42,1.12,UTC-0700,6+THe69Q8P,com.sec.android.app.shealth,2025-10-12 08:40:00.000,a300761f-1cdd-4ba5-951e-9ee3fb50a3dc,
10087,4,0,18,2025-10-12 08:40:00.000,,,2025-10-12 08:55:01.068,2025-10-12 08:55:01.068,18,1.3611112,13.73,0.58,UTC-0700,6+THe69Q8P,com.sec.android.app.shealth,2025-10-12 08:41:00.000,819c54c3-8c59-416f-8005-80692a35534e,
13193,4,0,21,2025-10-12 19:54:00.000,,,2025-10-12 19:54:59.734,2025-10-12 19:54:54.202,21,1.224813,16.159998,0.56999993,UTC-0700,6+THe69Q8P,com.sec.android.app.shealth,2025-10-12 19:55:00.000,89f3e750-911c-4bd9-bc4a-9233ad934d12,
57577,4,0,101,2025-10-12 19:55:00.000,,,2025-10-12 19:55:59.740,2025-10-12 19:55:00.384,101,1.3225669,76.15002,3.0299976,UTC-0700,6+THe69Q8P,com.sec.android.app.shealth,2025-10-12 19:56:00.000,b337b03d-82a9-4e22-bdce-1ef0722b8590,
42418,4,0,73,2025-10-12 19:56:00.000,,,2025-10-12 19:56:49.249,2025-10-12 19:56:00.314,73,1.2940149,54.890003,2.2299988,UTC-0700,6+THe69Q8P,com.sec.android.app.shealth,2025-10-12 19:57:00.000,42d616df-368a-4dbc-b075-855d6c2db2f6,
6646,4,0,14,2025-10-12 19:57:00.000,,,2025-10-12 19:57:23.932,2025-10-12 19:57:18.264,14,1.670033,11.1,0.42000002,UTC-0700,6+THe69Q8P,com.sec.android.app.shealth,2025-10-12 19:58:00.000,9bcf2ea2-19f6-4740-bc6a-5639ca8d7d23,
22388,4,0,33,2025-10-12 19:58:00.000,,,2025-10-12 20:15:02.116,2025-10-12 20:15:02.116,33,1.1666666,26.12,1.23,UTC-0700,6+THe69Q8P,com.sec.android.app.shealth,2025-10-12 19:59:00.000,3d8cbadf-d936-4f49-bf76-2fec0aa4be86,
31478,4,0,49,2025-10-12 19:59:00.000,,,2025-10-12 20:15:02.130,2025-10-12 20:15:02.130,49,1.1388888,35.85,1.5,UTC-0700,6+THe69Q8P,com.sec.android.app.shealth,2025-10-12 20:00:00.000,6008f9c1-b1a7-4f76-a378-b20c3f9397c2,
4923,4,0,7,2025-10-12 20:01:00.000,,,2025-10-12 20:15:02.144,2025-10-12 20:15:02.144,7,1.0277778,5.06,0.24,UTC-0700,6+THe69Q8P,com.sec.android.app.shealth,2025-10-12 20:02:00.000,3a7d5901-2f2c-49ac-a3b7-17954b0b2d4f,
13579,4,0,22,2025-10-12 20:04:00.000,,,2025-10-12 20:15:02.155,2025-10-12 20:15:02.155,22,1.1944444,16.22,0.7,UTC-0700,6+THe69Q8P,com.sec.android.app.shealth,2025-10-12 20:05:00.000,bd259b94-8ccb-4ce4-8896-6b3971e022bb,
47796,4,2,84,2025-10-12 20:05:00.000,,,2025-10-12 20:15:02.166,2025-10-12 20:15:02.166,86,1.4444444,69.04,2.97,UTC-0700,6+THe69Q8P,com.sec.android.app.shealth,2025-10-12 20:06:00.000,2b87be7c-ea77-4bd8-9b53-d006aa9a4e70,
60000,4,0,119,2025-10-12 20:06:00.000,,,2025-10-12 20:15:02.180,2025-10-12 20:15:02.180,119,1.5458333,92.75,3.59,UTC-0700,6+THe69Q8P,com.sec.android.app.shealth,2025-10-12 20:07:00.000,a2eaed28-2d07-4633-bcff-3c56966a5db9,
8168,4,0,16,2025-10-12 20:07:00.000,,,2025-10-12 20:15:33.965,2025-10-12 20:15:33.965,16,1.5277778,12.48,0.48,UTC-0700,6+THe69Q8P,com.sec.android.app.shealth,2025-10-12 20:08:00.000,7be974c6-a954-49a1-a7e0-d77f49e52f1f,
6520,4,0,12,2025-10-12 20:25:00.000,,,2025-10-12 20:25:29.098,2025-10-12 20:25:29.098,12,1.4722222,9.6,0.3,UTC-0700,6+THe69Q8P,com.sec.android.app.shealth,2025-10-12 20:26:00.000,07b4b60e-589e-4dc0-bb54-99c5f7befeee,
9832,4,0,16,2025-10-12 20:54:00.000,,,2025-10-12 20:54:39.433,2025-10-12 20:54:36.627,16,1.2204168,11.999999,0.42000002,UTC-0700,6+THe69Q8P,com.sec.android.app.shealth,2025-10-12 20:55:00.000,b7956e55-d520-4d06-8cf9-f9b671031ea3,
12041,4,0,21,2025-10-12 20:55:00.000,,,2025-10-12 20:55:11.186,2025-10-12 20:55:05.613,21,1.3120779,15.8,0.56999993,UTC-0700,6+THe69Q8P,com.sec.android.app.shealth,2025-10-12 20:56:00.000,6b9dd732-2de7-41a3-8357-403f73c50282,
21231,4,3,31,2025-10-12 20:56:00.000,,,2025-10-12 20:56:58.955,2025-10-12 20:56:22.882,34,1.8430202,39.130005,2.1899998,UTC-0700,6+THe69Q8P,com.sec.android.app.shealth,2025-10-12 20:57:00.000,9465c721-5b58-4b4d-8103-f71c0f85af99,
10305,4,4,16,2025-10-12 20:57:00.000,,,2025-10-12 20:57:11.362,2025-10-12 20:57:00.235,20,1.5836746,16.320002,0.7199998,UTC-0700,6+THe69Q8P,com.sec.android.app.shealth,2025-10-12 20:58:00.000,dd91b7f1-30e3-4c40-845b-f2de0b611822,
3263,4,0,7,2025-10-12 20:58:00.000,,,2025-10-12 20:58:27.480,2025-10-12 20:58:26.162,7,1.7465705,5.7,0.21000001,UTC-0700,6+THe69Q8P,com.sec.android.app.shealth,2025-10-12 20:59:00.000,2c5c07f3-2151-4dc3-a6ea-3d4b8bdf8113,
49626,4,0,88,2025-10-12 20:59:00.000,,,2025-10-12 20:59:59.757,2025-10-12 20:59:05.052,88,1.3442508,66.70996,2.6999984,UTC-0700,6+THe69Q8P,com.sec.android.app.shealth,2025-10-12 21:00:00.000,b289ede7-0e0f-4cf7-bfff-90fed0002870,
45907,4,0,87,2025-10-12 21:00:00.000,,,2025-10-12 21:00:59.949,2025-10-12 21:00:00.613,87,1.4609834,67.070015,2.619998,UTC-0700,6+THe69Q8P,com.sec.android.app.shealth,2025-10-12 21:01:00.000,e4723be7-9004-4d81-84a7-ddfae24570a0,
46207,4,0,87,2025-10-12 21:01:00.000,,,2025-10-12 21:01:59.575,2025-10-12 21:01:00.470,87,1.4465334,66.84001,2.629998,UTC-0700,6+THe69Q8P,com.sec.android.app.shealth,2025-10-12 21:02:00.000,6a45e8c1-1c35-46bf-a2f4-dd78a45e4ba2,
20763,4,0,38,2025-10-12 21:02:00.000,,,2025-10-12 21:02:32.628,2025-10-12 21:02:00.205,38,1.3986185,29.039999,1.1599995,UTC-0700,6+THe69Q8P,com.sec.android.app.shealth,2025-10-12 21:03:00.000,eed80a2e-b827-47f8-b91f-5c1e9e66c056,
13111,4,0,19,2025-10-12 21:04:00.000,,,2025-10-12 21:15:02.190,2025-10-12 21:15:02.190,19,1.0555556,13.84,0.61,UTC-0700,6+THe69Q8P,com.sec.android.app.shealth,2025-10-12 21:05:00.000,9a4fe0ab-5e16-4ef1-9cf7-044c2d017aa6,
7310,4,0,10,2025-10-12 21:05:00.000,,,2025-10-12 21:15:02.214,2025-10-12 21:15:02.214,10,1.0,7.31,0.32,UTC-0700,6+THe69Q8P,com.sec.android.app.shealth,2025-10-12 21:06:00.000,42e8a2ee-ace0-4ca2-85de-3cf530458249,
33840,4,0,56,2025-10-12 21:06:00.000,,,2025-10-12 21:15:02.246,2025-10-12 21:15:02.246,56,1.25,42.3,1.74,UTC-0700,6+THe69Q8P,com.sec.android.app.shealth,2025-10-12 21:07:00.000,c4abbbbf-263f-48c1-8a0e-e2a22f0a4588,
8854,4,0,14,2025-10-12 21:07:00.000,,,2025-10-12 21:15:29.942,2025-10-12 21:15:29.942,14,1.1666666,10.33,0.42,UTC-0700,6+THe69Q8P,com.sec.android.app.shealth,2025-10-12 21:08:00.000,31215ac4-069d-47b0-9e96-a6f3684e551e,
21628,4,0,40,2025-10-12 21:12:00.000,,,2025-10-12 21:15:29.962,2025-10-12 21:15:29.962,40,1.3888888,30.04,1.25,UTC-0700,6+THe69Q8P,com.sec.android.app.shealth,2025-10-12 21:13:00.000,a9b2a657-4f8b-4919-bd28-78eb76aa85be,
26611,4,1,42,2025-10-12 21:13:00.000,,,2025-10-12 21:15:29.998,2025-10-12 21:15:29.998,43,1.4166666,37.7,1.75,UTC-0700,6+THe69Q8P,com.sec.android.app.shealth,2025-10-12 21:14:00.000,c8d3d53a-195a-4db3-9c90-b19bc5ca074c,
13680,4,0,24,2025-10-12 21:14:00.000,,,2025-10-12 21:15:30.030,2025-10-12 21:15:30.030,24,1.3055556,17.86,0.75,UTC-0700,6+THe69Q8P,com.sec.android.app.shealth,2025-10-12 21:15:00.000,5fdb21e7-f2a1-45a1-bbe0-0436b5e1191a,
17594,4,0,27,2025-10-12 21:19:00.000,,,2025-10-12 21:20:59.634,2025-10-12 21:20:59.634,27,1.3333334,23.46,1.15,UTC-0700,6+THe69Q8P,com.sec.android.app.shealth,2025-10-12 21:20:00.000,89d0ce43-79ca-4608-95c9-8ba30a620b79,
19612,4,0,34,2025-10-12 21:20:00.000,,,2025-10-12 21:20:59.651,2025-10-12 21:20:59.651,34,1.3333334,26.15,1.04,UTC-0700,6+THe69Q8P,com.sec.android.app.shealth,2025-10-12 21:21:00.000,3dd0d786-6b12-4386-a651-410beed44340,
6038,4,0,10,2025-10-12 21:23:00.000,,,2025-10-12 21:30:05.867,2025-10-12 21:30:05.867,10,1.2222222,7.38,0.32,UTC-0700,6+THe69Q8P,com.sec.android.app.shealth,2025-10-12 21:24:00.000,2212dee1-4b24-4e98-81ac-99ef634ea589,
6529,4,0,12,2025-10-12 21:24:00.000,,,2025-10-12 21:30:05.907,2025-10-12 21:30:05.907,12,1.4166666,9.25,0.38,UTC-0700,6+THe69Q8P,com.sec.android.app.shealth,2025-10-12 21:25:00.000,6a18c784-0cf5-4306-b1e7-baa23e3be51b,
53888,4,1,96,2025-10-12 21:25:00.000,,,2025-10-12 21:30:05.928,2025-10-12 21:30:05.928,97,1.5277778,82.33,3.48,UTC-0700,6+THe69Q8P,com.sec.android.app.shealth,2025-10-12 21:26:00.000,b73717e5-0683-4287-9d68-6feb5e8c0e0b,
11399,4,0,20,2025-10-12 21:26:00.000,,,2025-10-12 21:30:05.952,2025-10-12 21:30:05.952,20,1.3333334,15.2,0.6,UTC-0700,6+THe69Q8P,com.sec.android.app.shealth,2025-10-12 21:27:00.000,53dc8af8-9918-4a0c-bf43-72eded044175,
50379,4,4,78,2025-10-12 21:27:00.000,,,2025-10-12 21:30:05.980,2025-10-12 21:30:05.980,82,1.4444444,72.77,3.28,UTC-0700,6+THe69Q8P,com.sec.android.app.shealth,2025-10-12 21:28:00.000,9225d4b9-0a17-47e3-a92a-1a1055d8feff,
54781,4,0,95,2025-10-12 21:28:00.000,,,2025-10-12 21:30:06.003,2025-10-12 21:30:06.003,95,1.3055556,71.52,2.88,UTC-0700,6+THe69Q8P,com.sec.android.app.shealth,2025-10-12 21:29:00.000,aac37c34-4ee3-4a38-94eb-1a374dc44b5e,
1760,4,0,3,2025-10-12 21:29:00.000,,,2025-10-12 21:30:06.028,2025-10-12 21:30:06.028,3,1.2777778,2.25,0.09,UTC-0700,6+THe69Q8P,com.sec.android.app.shealth,2025-10-12 21:30:00.000,0c97d73a-6bc6-44ea-85da-7e6c97e11660,
24828,4,0,34,2025-10-12 21:30:00.000,,,2025-10-12 21:31:24.481,2025-10-12 21:30:13.489,34,0.9787302,24.3,1.0799999,UTC-0700,6+THe69Q8P,com.sec.android.app.shealth,2025-10-12 21:31:00.000,dd50cc92-511f-4456-a4e7-bdb5391686ba,
20094,4,0,26,2025-10-12 21:31:00.000,,,2025-10-12 21:31:24.528,2025-10-12 21:31:24.528,26,0.91666675,18.42,0.82,UTC-0700,6+THe69Q8P,com.sec.android.app.shealth,2025-10-12 21:32:00.000,c7c830c0-67af-42cd-a9e7-d9598d59f6e6,
23809,4,0,41,2025-10-12 21:40:00.000,,,2025-10-12 21:40:59.546,2025-10-12 21:40:38.746,41,1.373427,32.700005,1.3899994,UTC-0700,6+THe69Q8P,com.sec.android.app.shealth,2025-10-12 21:41:00.000,f79afd2f-a904-4b93-8b2f-470ce3f89b2a,
37251,4,0,67,2025-10-12 21:41:00.000,,,2025-10-12 21:41:59.772,2025-10-12 21:41:00.263,67,1.367998,50.95999,2.039999,UTC-0700,6+THe69Q8P,com.sec.android.app.shealth,2025-10-12 21:42:00.000,01b72fd2-ddfb-48c2-81b9-4f1615614aba,
5246,4,0,9,2025-10-12 21:42:00.000,,,2025-10-12 21:42:05.109,2025-10-12 21:42:00.524,9,1.2864999,6.75,0.26999998,UTC-0700,6+THe69Q8P,com.sec.android.app.shealth,2025-10-12 21:43:00.000,3dfe86ef-7341-4ec4-9459-1545d3cdcddb,
16837,4,4,23,2025-10-12 21:46:00.000,,,2025-10-12 21:55:00.173,2025-10-12 21:55:00.173,27,1.6944445,28.53,1.51,UTC-0700,6+THe69Q8P,com.sec.android.app.shealth,2025-10-12 21:47:00.000,ab27f45b-b203-4ced-9bbb-d3f9890eb30a,
57837,4,0,110,2025-10-12 21:47:00.000,,,2025-10-12 21:55:00.188,2025-10-12 21:55:00.188,110,1.4722222,85.15,3.3,UTC-0700,6+THe69Q8P,com.sec.android.app.shealth,2025-10-12 21:48:00.000,4e60c52a-6982-4dd3-b2dd-4dcfb5e4dbb6,
2799,4,0,5,2025-10-12 21:48:00.000,,,2025-10-12 21:55:00.201,2025-10-12 21:55:00.201,5,1.3611112,3.81,0.15,UTC-0700,6+THe69Q8P,com.sec.android.app.shealth,2025-10-12 21:49:00.000,dad40e56-b8f4-4afe-9f8e-510329b72e9d,
8678,4,0,15,2025-10-12 22:05:00.000,,,2025-10-12 22:10:40.154,2025-10-12 22:10:40.154,15,1.3055556,11.33,0.49,UTC-0700,6+THe69Q8P,com.sec.android.app.shealth,2025-10-12 22:06:00.000,89b7a378-c8e1-4a0c-935c-919bf5d65ce1,
57558,4,0,108,2025-10-12 22:06:00.000,,,2025-10-12 22:10:40.184,2025-10-12 22:10:40.184,108,1.4444444,83.14,3.24,UTC-0700,6+THe69Q8P,com.sec.android.app.shealth,2025-10-12 22:07:00.000,e0ac0420-677b-4aa9-b42f-fdfb8968229a,
7783,4,0,13,2025-10-12 22:07:00.000,,,2025-10-12 22:10:40.203,2025-10-12 22:10:40.203,13,1.25,9.73,0.39,UTC-0700,6+THe69Q8P,com.sec.android.app.shealth,2025-10-12 22:08:00.000,b18023c7-e856-49cc-a9db-043f0b5f083d,
9555,4,0,13,2025-10-12 22:22:00.000,,,2025-10-12 22:35:00.317,2025-10-12 22:35:00.317,13,0.9722222,9.29,0.42,UTC-0700,6+THe69Q8P,com.sec.android.app.shealth,2025-10-12 22:23:00.000,8cc55560-f788-4d2d-8ad8-d8ada14993ea,
48360,4,0,81,2025-10-12 22:23:00.000,,,2025-10-12 22:35:00.331,2025-10-12 22:35:00.331,81,1.25,60.45,2.45,UTC-0700,6+THe69Q8P,com.sec.android.app.shealth,2025-10-12 22:24:00.000,7a0f5229-37de-4d31-aa9d-1d49c9fcdadc,
24589,4,0,42,2025-10-12 22:24:00.000,,,2025-10-12 22:35:00.347,2025-10-12 22:35:00.347,42,1.2777778,31.42,1.28,UTC-0700,6+THe69Q8P,com.sec.android.app.shealth,2025-10-12 22:25:00.000,4b620935-3fa2-4bd6-9166-23049af813e9,
10289,4,2,11,2025-10-12 22:29:00.000,,,2025-10-12 22:35:00.364,2025-10-12 22:35:00.364,13,1.8611109,19.15,1.1,UTC-0700,6+THe69Q8P,com.sec.android.app.shealth,2025-10-12 22:30:00.000,7c097e85-78bd-48e7-8e91-f038364426da,
57903,4,0,107,2025-10-12 22:30:00.000,,,2025-10-12 22:35:00.378,2025-10-12 22:35:00.378,107,1.4166666,82.03,3.21,UTC-0700,6+THe69Q8P,com.sec.android.app.shealth,2025-10-12 22:31:00.000,82080dd9-1429-4c4d-b3d6-b3e0b604bc5c,
7426,4,0,12,2025-10-12 22:31:00.000,,,2025-10-12 22:35:00.431,2025-10-12 22:35:00.431,12,1.1944444,8.87,0.38,UTC-0700,6+THe69Q8P,com.sec.android.app.shealth,2025-10-12 22:32:00.000,4fd83ab0-2f29-4325-8150-2a32e1dc296e,
11196,4,0,21,2025-10-12 23:08:00.000,,,2025-10-12 23:08:59.436,2025-10-12 23:08:52.893,21,1.4548606,16.290003,0.56999993,UTC-0700,6+THe69Q8P,com.sec.android.app.shealth,2025-10-12 23:09:00.000,8e2ba9dc-01e3-487f-bbc1-af88f74f3a0a,
56779,4,0,105,2025-10-12 23:09:00.000,,,2025-10-12 23:09:59.995,2025-10-12 23:09:00.166,105,1.4149541,80.34002,3.1499975,UTC-0700,6+THe69Q8P,com.sec.android.app.shealth,2025-10-12 23:10:00.000,62fa0dee-c6f5-469d-bfb5-82047ae918b5,
56117,4,0,99,2025-10-12 23:10:00.000,,,2025-10-12 23:10:59.704,2025-10-12 23:10:00.501,99,1.3316716,74.73001,2.9699976,UTC-0700,6+THe69Q8P,com.sec.android.app.shealth,2025-10-12 23:11:00.000,dc3c73f1-f656-4c1a-83c4-c0b0f866999f,
2309,4,0,6,2025-10-12 23:11:00.000,,,2025-10-12 23:11:21.579,2025-10-12 23:11:21.579,6,6.9444437,16.04,0.99,UTC-0700,6+THe69Q8P,com.sec.android.app.shealth,2025-10-12 23:12:00.000,5acdff32-9369-4b8d-9463-01804ccaef99,
3639,4,0,6,2025-10-12 23:12:00.000,,,2025-10-12 23:12:09.281,2025-10-12 23:12:09.281,6,1.2777778,4.65,0.19,UTC-0700,6+THe69Q8P,com.sec.android.app.shealth,2025-10-12 23:13:00.000,0c4e3cd0-99c7-4002-b762-29bd1ae84e03,
10799,4,0,18,2025-10-12 23:16:00.000,,,2025-10-12 23:16:51.825,2025-10-12 23:16:47.045,18,1.2528028,13.529999,0.48000002,UTC-0700,6+THe69Q8P,com.sec.android.app.shealth,2025-10-12 23:17:00.000,c548d568-137e-4fc5-aec9-fb050139660c,
5682,4,0,8,2025-10-12 23:21:00.000,,,2025-10-12 23:35:00.319,2025-10-12 23:35:00.319,8,1.0277778,5.84,0.26,UTC-0700,6+THe69Q8P,com.sec.android.app.shealth,2025-10-12 23:22:00.000,6481d80b-1118-42d6-8b46-5271d40e94eb,
21230,4,0,30,2025-10-12 23:33:00.000,,,2025-10-12 23:35:00.334,2025-10-12 23:35:00.334,30,1.0555555,22.41,0.93,UTC-0700,6+THe69Q8P,com.sec.android.app.shealth,2025-10-12 23:34:00.000,255b465e-c610-404b-9302-2740d7fa8395,
21402,4,7,33,2025-10-12 23:37:00.000,,,2025-10-12 23:47:23.494,2025-10-12 23:47:23.494,40,1.9722222,42.21,2.16,UTC-0700,6+THe69Q8P,com.sec.android.app.shealth,2025-10-12 23:38:00.000,a8c1ee0c-77f2-4a94-bbda-8a7869b6943f,
58147,4,0,106,2025-10-12 23:38:00.000,,,2025-10-12 23:47:23.525,2025-10-12 23:47:23.525,106,1.3888888,80.76,3.18,UTC-0700,6+THe69Q8P,com.sec.android.app.shealth,2025-10-12 23:39:00.000,ef83a6c5-8e0b-41a8-8df8-6cde53b6be6f,
49409,4,0,87,2025-10-12 23:39:00.000,,,2025-10-12 23:47:23.559,2025-10-12 23:47:23.559,87,1.3333334,65.88,2.61,UTC-0700,6+THe69Q8P,com.sec.android.app.shealth,2025-10-12 23:40:00.000,8c5452ad-ce2a-4d41-a23a-a70b176fdd95,
41414,4,0,76,2025-10-12 23:51:00.000,,,2025-10-12 23:53:18.448,2025-10-12 23:53:18.448,76,1.3888888,57.52,2.35,UTC-0700,6+THe69Q8P,com.sec.android.app.shealth,2025-10-12 23:52:00.000,7306679f-2711-4383-8a42-d4d537582461,
3684,4,0,8,2025-10-12 23:53:00.000,,,2025-10-12 23:53:18.471,2025-10-12 23:53:18.471,8,1.7777778,6.55,0.24,UTC-0700,6+THe69Q8P,com.sec.android.app.shealth,2025-10-12 23:54:00.000,af023ce1-14cb-4eb4-8ccc-92078734a881,
21030,4,0,37,2025-10-12 23:57:00.000,,,2025-10-13 00:15:00.385,2025-10-13 00:15:00.385,37,1.3333334,28.04,1.13,UTC-0700,6+THe69Q8P,com.sec.android.app.shealth,2025-10-12 23:58:00.000,ca027167-6d76-49f2-8bb8-82f6172752ae,
23301,4,0,43,2025-10-12 23:58:00.000,,,2025-10-13 00:15:00.407,2025-10-13 00:15:00.407,43,1.4166666,33.01,1.29,UTC-0700,6+THe69Q8P,com.sec.android.app.shealth,2025-10-12 23:59:00.000,9f3176b3-cb7d-44e3-84c4-479ac2a9997c,
41580,4,0,75,2025-10-13 01:48:00.000,,,2025-10-13 01:48:57.734,2025-10-13 01:48:57.734,75,1.3888888,57.75,2.28,UTC-0700,6+THe69Q8P,com.sec.android.app.shealth,2025-10-13 01:49:00.000,26e68809-b453-4f29-ab78-31f0cc8059bf,
13860,4,0,20,2025-10-13 01:51:00.000,,,2025-10-13 01:51:58.666,2025-10-13 01:51:58.666,20,1.1111112,15.4,0.63,UTC-0700,6+THe69Q8P,com.sec.android.app.shealth,2025-10-13 01:52:00.000,ae92edf8-4307-4d54-9b32-d42a6cc1713f,
26193,4,0,48,2025-10-13 01:52:00.000,,,2025-10-13 01:55:00.651,2025-10-13 01:55:00.651,48,1.3888888,36.38,1.47,UTC-0700,6+THe69Q8P,com.sec.android.app.shealth,2025-10-13 01:53:00.000,3af22a31-9b27-4337-81eb-a6499b99caf7,
9421,4,0,18,2025-10-13 01:53:00.000,,,2025-10-13 01:55:00.668,2025-10-13 01:55:00.668,18,1.4722222,13.87,0.54,UTC-0700,6+THe69Q8P,com.sec.android.app.shealth,2025-10-13 01:54:00.000,00cc2978-fb1a-4e71-96a6-9fc345782657,
13012,4,0,22,2025-10-13 02:15:00.000,,,2025-10-13 02:15:59.718,2025-10-13 02:15:28.504,22,1.247292,16.23,0.61999995,UTC-0700,6+THe69Q8P,com.sec.android.app.shealth,2025-10-13 02:16:00.000,2f356fe1-fea4-4bec-8be5-abb912d5030e,
32228,4,0,58,2025-10-13 02:16:00.000,,,2025-10-13 02:16:36.075,2025-10-13 02:16:00.245,58,1.3584311,43.780003,1.759999,UTC-0700,6+THe69Q8P,com.sec.android.app.shealth,2025-10-13 02:17:00.000,ccadb953-8b8c-4b8a-ab79-a0f2b0911fc6,
4959,4,0,10,2025-10-13 02:17:00.000,,,2025-10-13 02:17:06.294,2025-10-13 02:17:03.762,10,1.6088781,7.9799995,0.3,UTC-0700,6+THe69Q8P,com.sec.android.app.shealth,2025-10-13 02:18:00.000,3cac6a5d-5819-4a60-a7cb-34d0d4f307b2,
20066,4,0,29,2025-10-13 02:19:00.000,,,2025-10-13 02:19:48.740,2025-10-13 02:19:33.260,29,1.2702861,25.489994,1.2199993,UTC-0700,6+THe69Q8P,com.sec.android.app.shealth,2025-10-13 02:20:00.000,f2f0686e-c713-404e-aca1-cb85b5e4c80c,
5741,4,0,8,2025-10-13 02:20:00.000,,,2025-10-13 02:20:17.845,2025-10-13 02:20:15.695,8,0.99272615,5.7,0.26,UTC-0700,6+THe69Q8P,com.sec.android.app.shealth,2025-10-13 02:21:00.000,3a1002a7-7eac-4d4f-a9a8-1a37b718e0cc,
45559,4,0,79,2025-10-13 02:21:00.000,,,2025-10-13 02:35:00.747,2025-10-13 02:35:00.747,79,1.3055556,59.48,2.39,UTC-0700,6+THe69Q8P,com.sec.android.app.shealth,2025-10-13 02:22:00.000,7d967c73-739c-46ed-8574-1a8afa4d8046,
14576,4,0,27,2025-10-13 02:22:00.000,,,2025-10-13 02:35:00.765,2025-10-13 02:35:00.765,27,1.4166666,20.65,0.83,UTC-0700,6+THe69Q8P,com.sec.android.app.shealth,2025-10-13 02:23:00.000,090e211e-1b7c-4418-abe2-8d13cec577b5,
31844,4,0,56,2025-10-13 02:26:00.000,,,2025-10-13 02:35:00.781,2025-10-13 02:35:00.781,56,1.3333334,42.46,1.72,UTC-0700,6+THe69Q8P,com.sec.android.app.shealth,2025-10-13 02:27:00.000,217bc879-b945-4ed7-946b-f761abf4891c,
6224,4,0,9,2025-10-13 02:27:00.000,,,2025-10-13 02:35:00.798,2025-10-13 02:35:00.798,9,1.0555556,6.57,0.29,UTC-0700,6+THe69Q8P,com.sec.android.app.shealth,2025-10-13 02:28:00.000,e076eb1a-ea8c-4f2e-81bf-9db3c5425e49,
11600,4,0,19,2025-10-13 02:34:00.000,,,2025-10-13 02:35:00.814,2025-10-13 02:35:00.814,19,1.25,14.5,0.6,UTC-0700,6+THe69Q8P,com.sec.android.app.shealth,2025-10-13 02:35:00.000,939827ab-c7d8-41bd-9825-bb308bf11dc2,
5224,4,0,8,2025-10-13 02:42:00.000,,,2025-10-13 02:55:00.717,2025-10-13 02:55:00.717,8,1.1944444,6.24,0.25,UTC-0700,6+THe69Q8P,com.sec.android.app.shealth,2025-10-13 02:43:00.000,08feb5a3-0d70-40fa-8585-d018c8232d5b,
12351,4,0,25,2025-10-13 03:42:00.000,,,2025-10-13 03:54:08.575,2025-10-13 03:54:08.575,25,1.6111112,19.9,0.75,UTC-0700,6+THe69Q8P,com.sec.android.app.shealth,2025-10-13 03:43:00.000,c124bc8c-109e-4b18-b9a0-9187dd92ef91,
21354,4,0,37,2025-10-13 03:43:00.000,,,2025-10-13 03:54:08.699,2025-10-13 03:54:08.699,37,1.3055556,27.88,1.11,UTC-0700,6+THe69Q8P,com.sec.android.app.shealth,2025-10-13 03:44:00.000,acc5bc67-a566-4248-bbe0-4ba0112d782f,
6802,4,0,12,2025-10-13 03:46:00.000,,,2025-10-13 03:54:08.710,2025-10-13 03:54:08.710,12,1.3333334,9.07,0.38,UTC-0700,6+THe69Q8P,com.sec.android.app.shealth,2025-10-13 03:47:00.000,54ebbbe9-0113-4751-ad79-3896e6d618a8,
9387,4,0,14,2025-10-13 03:47:00.000,,,2025-10-13 03:54:08.735,2025-10-13 03:54:08.735,14,1.0833334,10.17,0.47,UTC-0700,6+THe69Q8P,com.sec.android.app.shealth,2025-10-13 03:48:00.000,930aa5f9-9b7f-48b8-a1ef-82fe7aefbf58,
11529,4,0,17,2025-10-13 03:53:00.000,,,2025-10-13 03:54:08.785,2025-10-13 03:54:08.785,17,1.0833334,12.49,0.53,UTC-0700,6+THe69Q8P,com.sec.android.app.shealth,2025-10-13 03:54:00.000,3dfb3244-65fd-45b3-8aea-02d6784849f3,
12374,4,0,23,2025-10-13 03:56:00.000,,,2025-10-13 04:15:00.836,2025-10-13 04:15:00.836,23,1.4166666,17.53,0.73,UTC-0700,6+THe69Q8P,com.sec.android.app.shealth,2025-10-13 03:57:00.000,a53e184f-b406-444b-bec7-d03306842e97,
10098,4,0,19,2025-10-13 03:57:00.000,,,2025-10-13 04:15:00.866,2025-10-13 04:15:00.866,19,1.6388888,16.55,0.79,UTC-0700,6+THe69Q8P,com.sec.android.app.shealth,2025-10-13 03:58:00.000,3464d6ba-87ec-46dc-915b-3e804784ef20,
4728,4,0,8,2025-10-13 03:58:00.000,,,2025-10-13 04:15:00.895,2025-10-13 04:15:00.895,8,1.25,5.91,0.26,UTC-0700,6+THe69Q8P,com.sec.android.app.shealth,2025-10-13 03:59:00.000,4421bc90-576c-4a3a-aa9a-a2bc93e63cca,
21489,4,0,41,2025-10-13 15:56:00.000,,,2025-10-13 15:59:52.163,2025-10-13 15:59:52.163,41,1.4444444,31.04,1.28,UTC-0700,6+THe69Q8P,com.sec.android.app.shealth,2025-10-13 15:57:00.000,442202cc-d900-4bf0-a3db-02d8bd13df7c,
56751,4,0,113,2025-10-13 15:57:00.000,,,2025-10-13 15:59:52.186,2025-10-13 15:59:52.186,113,1.5555556,88.28,3.39,UTC-0700,6+THe69Q8P,com.sec.android.app.shealth,2025-10-13 15:58:00.000,ca90cb3e-2cf2-4fee-acd9-d6bacbcf73d8,
42652,4,0,75,2025-10-13 15:58:00.000,,,2025-10-13 15:59:52.200,2025-10-13 15:59:52.200,75,1.3333334,56.87,2.25,UTC-0700,6+THe69Q8P,com.sec.android.app.shealth,2025-10-13 15:59:00.000,e04a2c02-b76d-4dce-b1a4-292483c85373,
36386,4,0,62,2025-10-13 16:15:00.000,,,2025-10-13 16:15:59.685,2025-10-13 16:15:08.124,62,1.2971832,47.200005,1.8299992,UTC-0700,6+THe69Q8P,com.sec.android.app.shealth,2025-10-13 16:16:00.000,987eca04-73f0-4f0c-b250-eec905449cab,
59814,4,0,105,2025-10-13 16:16:00.000,,,2025-10-13 16:17:44.278,2025-10-13 16:16:00.373,105,1.3252734,79.270004,3.1499987,UTC-0700,6+THe69Q8P,com.sec.android.app.shealth,2025-10-13 16:17:00.000,e670f559-eb88-481c-ac47-8d0804c41de5,
37380,4,0,66,2025-10-13 16:17:00.000,,,2025-10-13 16:17:44.319,2025-10-13 16:17:44.319,66,1.3333334,49.84,1.98,UTC-0700,6+THe69Q8P,com.sec.android.app.shealth,2025-10-13 16:18:00.000,a4c01984-1afa-4baf-911f-036d438f7484,
17039,4,0,30,2025-10-13 21:32:00.000,,,2025-10-13 21:55:00.097,2025-10-13 21:55:00.097,30,1.3333334,22.72,0.94,UTC-0700,6+THe69Q8P,com.sec.android.app.shealth,2025-10-13 21:33:00.000,33645251-cdb0-441e-aa2b-144ea039bd8e,
42046,4,0,69,2025-10-13 21:33:00.000,,,2025-10-13 21:55:00.122,2025-10-13 21:55:00.122,69,1.2222222,51.39,2.08,UTC-0700,6+THe69Q8P,com.sec.android.app.shealth,2025-10-13 21:34:00.000,b7bd9ba4-86b5-4326-af27-8212ce7ae805,
35801,4,0,50,2025-10-13 21:34:00.000,,,2025-10-13 21:55:00.128,2025-10-13 21:55:00.128,50,1.0555556,37.79,1.69,UTC-0700,6+THe69Q8P,com.sec.android.app.shealth,2025-10-13 21:35:00.000,664a6cac-53c0-4095-b86d-c92ab759c0ba,
39463,4,0,56,2025-10-13 21:35:00.000,,,2025-10-13 21:55:00.136,2025-10-13 21:55:00.136,56,1.0277778,40.56,1.77,UTC-0700,6+THe69Q8P,com.sec.android.app.shealth,2025-10-13 21:36:00.000,9a9518e1-6a2d-476c-9e2e-ca8a71cb7e71,
11245,4,0,18,2025-10-13 21:36:00.000,,,2025-10-13 21:55:00.151,2025-10-13 21:55:00.151,18,1.1666666,13.12,0.57,UTC-0700,6+THe69Q8P,com.sec.android.app.shealth,2025-10-13 21:37:00.000,41785fb9-4275-4224-9f14-527f9be13ffc,
50306,4,0,86,2025-10-13 21:37:00.000,,,2025-10-13 21:55:00.162,2025-10-13 21:55:00.162,86,1.2777778,64.28,2.65,UTC-0700,6+THe69Q8P,com.sec.android.app.shealth,2025-10-13 21:38:00.000,39a6067a-c96a-47ee-b081-81b069ac82cf,
26331,4,0,42,2025-10-13 21:38:00.000,,,2025-10-13 21:55:00.176,2025-10-13 21:55:00.176,42,1.1666666,30.72,1.32,UTC-0700,6+THe69Q8P,com.sec.android.app.shealth,2025-10-13 21:39:00.000,8c129fe7-b8a2-412b-89ed-1d785f6227f1,
32727,4,0,54,2025-10-13 21:39:00.000,,,2025-10-13 21:55:00.188,2025-10-13 21:55:00.188,54,1.2222222,40.0,1.65,UTC-0700,6+THe69Q8P,com.sec.android.app.shealth,2025-10-13 21:40:00.000,ab34777a-568c-425c-961f-9626faaec8f1,
12195,4,0,21,2025-10-13 21:40:00.000,,,2025-10-13 21:55:00.202,2025-10-13 21:55:00.202,21,1.3333334,16.26,0.63,UTC-0700,6+THe69Q8P,com.sec.android.app.shealth,2025-10-13 21:41:00.000,64419d32-b917-460c-953b-230be94b16b3,
59822,4,0,102,2025-10-13 21:41:00.000,,,2025-10-13 21:55:00.217,2025-10-13 21:55:00.217,102,1.2777778,76.44,3.09,UTC-0700,6+THe69Q8P,com.sec.android.app.shealth,2025-10-13 21:42:00.000,28cda8fa-802e-4582-9797-604771c6002b,
52246,4,0,89,2025-10-13 21:42:00.000,,,2025-10-13 21:55:00.230,2025-10-13 21:55:00.230,89,1.2777778,66.76,2.69,UTC-0700,6+THe69Q8P,com.sec.android.app.shealth,2025-10-13 21:43:00.000,d24e0070-c8c5-4783-9d85-fd70b39b5122,
10030,4,0,14,2025-10-13 21:43:00.000,,,2025-10-13 21:55:00.246,2025-10-13 21:55:00.246,14,1.0,10.03,0.42,UTC-0700,6+THe69Q8P,com.sec.android.app.shealth,2025-10-13 21:44:00.000,5f1812f3-2cfa-4f93-bdd1-f6dd746d14e2,
11372,4,0,17,2025-10-13 21:46:00.000,,,2025-10-13 21:55:00.260,2025-10-13 21:55:00.260,17,1.0833333,12.32,0.53,UTC-0700,6+THe69Q8P,com.sec.android.app.shealth,2025-10-13 21:47:00.000,3f632e9d-66ac-450e-8962-11d2287ae0c9,
6480,4,0,8,2025-10-13 21:47:00.000,,,2025-10-13 21:55:00.273,2025-10-13 21:55:00.273,8,0.8888889,5.76,0.26,UTC-0700,6+THe69Q8P,com.sec.android.app.shealth,2025-10-13 21:48:00.000,84c8bb8c-2312-44e7-883b-463b5b0d3277,
28872,4,0,48,2025-10-13 21:53:00.000,,,2025-10-13 21:55:00.292,2025-10-13 21:55:00.292,48,1.25,36.09,1.48,UTC-0700,6+THe69Q8P,com.sec.android.app.shealth,2025-10-13 21:54:00.000,4fc1c4f9-81df-4066-8ee9-c8aca8abcd92,
30189,4,0,46,2025-10-13 21:55:00.000,,,2025-10-13 22:01:45.742,2025-10-13 22:01:45.742,46,1.1944444,36.06,1.57,UTC-0700,6+THe69Q8P,com.sec.android.app.shealth,2025-10-13 21:56:00.000,38993d6b-09d6-4c92-9e0e-22a702295f8f,
58813,4,0,100,2025-10-13 21:56:00.000,,,2025-10-13 22:01:45.779,2025-10-13 22:01:45.779,100,1.2777778,75.15,3.0,UTC-0700,6+THe69Q8P,com.sec.android.app.shealth,2025-10-13 21:57:00.000,9a5f87ad-3957-41f9-aefa-e89af88cb801,
9391,4,0,16,2025-10-13 21:57:00.000,,,2025-10-13 22:01:45.808,2025-10-13 22:01:45.808,16,1.2777778,12.0,0.48,UTC-0700,6+THe69Q8P,com.sec.android.app.shealth,2025-10-13 21:58:00.000,ef97a0cf-c9d5-444a-9924-80cdfae58ebb,
26809,4,0,52,2025-10-14 12:58:00.000,,,2025-10-14 13:01:07.577,2025-10-14 13:01:07.577,52,1.4722222,39.47,1.63,UTC-0700,6+THe69Q8P,com.sec.android.app.shealth,2025-10-14 12:59:00.000,07ae0aeb-b1e9-423a-bf6d-70d43ba6f76f,
11577,4,0,21,2025-10-14 12:59:00.000,,,2025-10-14 13:01:07.589,2025-10-14 13:01:07.589,21,1.3888888,16.08,0.63,UTC-0700,6+THe69Q8P,com.sec.android.app.shealth,2025-10-14 13:00:00.000,9c5be661-9c68-4b47-9fcc-9e379b691c4d,
8261,4,0,12,2025-10-14 13:07:00.000,,,2025-10-14 13:11:32.731,2025-10-14 13:11:32.731,12,1.0555556,8.72,0.38,UTC-0700,6+THe69Q8P,com.sec.android.app.shealth,2025-10-14 13:08:00.000,88653858-c580-4c3d-a11a-f4b33074d751,
11804,4,0,19,2025-10-14 13:08:00.000,,,2025-10-14 13:11:32.840,2025-10-14 13:11:32.840,19,1.1944444,14.1,0.59,UTC-0700,6+THe69Q8P,com.sec.android.app.shealth,2025-10-14 13:09:00.000,1f586f34-6353-4d7b-8afc-895b27fca1a4,
10256,4,0,18,2025-10-14 13:09:00.000,,,2025-10-14 13:11:32.852,2025-10-14 13:11:32.852,18,1.3055556,13.39,0.58,UTC-0700,6+THe69Q8P,com.sec.android.app.shealth,2025-10-14 13:10:00.000,e9e79470-0e10-41da-b290-4742013c9006,
16320,4,0,29,2025-10-14 13:13:00.000,,,2025-10-14 13:15:01.136,2025-10-14 13:15:01.136,29,1.3333334,21.76,0.89,UTC-0700,6+THe69Q8P,com.sec.android.app.shealth,2025-10-14 13:14:00.000,a946ada4-ff1b-4e8e-92d8-608fdbb89ea6,
12010,4,10,14,2025-10-14 13:14:00.000,,,2025-10-14 13:15:01.150,2025-10-14 13:15:01.150,24,3.1388888,37.7,2.39,UTC-0700,6+THe69Q8P,com.sec.android.app.shealth,2025-10-14 13:15:00.000,28ca9ce7-75f6-47ba-b303-24aaef3023b4,
55840,4,0,96,2025-10-14 13:22:00.000,,,2025-10-14 13:30:47.833,2025-10-14 13:30:47.833,96,1.4722222,82.21,3.58,UTC-0700,6+THe69Q8P,com.sec.android.app.shealth,2025-10-14 13:23:00.000,61d8764e-708b-45ce-a06f-f41f3585aeca,
8324,4,0,23,2025-10-14 13:31:00.000,,,2025-10-14 13:31:07.741,2025-10-14 13:31:01.053,23,2.2475815,18.710001,0.6299999,UTC-0700,6+THe69Q8P,com.sec.android.app.shealth,2025-10-14 13:32:00.000,f2ff994d-b19c-403d-860a-bb7d35ef6f34,
13307,4,0,27,2025-10-14 13:36:00.000,,,2025-10-14 13:36:58.645,2025-10-14 13:36:44.744,27,1.6073303,21.39,0.7699999,UTC-0700,6+THe69Q8P,com.sec.android.app.shealth,2025-10-14 13:37:00.000,c285e07b-7535-4233-863b-e6b12bfcd434,
1339,4,0,6,2025-10-14 13:37:00.000,,,2025-10-14 13:37:09.702,2025-10-14 13:37:09.702,6,3.6944442,4.95,0.17,UTC-0700,6+THe69Q8P,com.sec.android.app.shealth,2025-10-14 13:38:00.000,f4efa566-917d-4e6e-b4c3-2b7ab7101104,
10288,4,0,19,2025-10-14 13:56:00.000,,,2025-10-14 13:56:55.387,2025-10-14 13:56:48.983,19,1.422037,14.630001,0.52,UTC-0700,6+THe69Q8P,com.sec.android.app.shealth,2025-10-14 13:57:00.000,58f32ebb-f552-4244-9b3c-f7dc491f1ad8,
22540,4,0,37,2025-10-14 14:34:00.000,,,2025-10-14 14:35:01.301,2025-10-14 14:35:01.301,37,1.2222222,27.55,1.15,UTC-0700,6+THe69Q8P,com.sec.android.app.shealth,2025-10-14 14:35:00.000,1495defa-3498-40be-98af-8cfbafc24252,
19624,4,0,33,2025-10-14 14:35:00.000,,,2025-10-14 14:46:41.154,2025-10-14 14:46:41.154,33,1.25,24.53,1.02,UTC-0700,6+THe69Q8P,com.sec.android.app.shealth,2025-10-14 14:36:00.000,2474b26f-e665-4b14-9c69-4010a47509e4,
10824,4,0,23,2025-10-14 14:36:00.000,,,2025-10-14 14:46:41.178,2025-10-14 14:46:41.178,23,1.6388888,17.74,0.73,UTC-0700,6+THe69Q8P,com.sec.android.app.shealth,2025-10-14 14:37:00.000,a80cdd57-1c2c-4439-a32f-c97df2c32b30,
6616,4,1,15,2025-10-14 14:37:00.000,,,2025-10-14 14:46:41.218,2025-10-14 14:46:41.218,16,4.111111,27.2,1.57,UTC-0700,6+THe69Q8P,com.sec.android.app.shealth,2025-10-14 14:38:00.000,644ba322-1ef6-49fb-9556-04fbd2d9829d,
5949,4,0,9,2025-10-14 14:38:00.000,,,2025-10-14 14:46:41.238,2025-10-14 14:46:41.238,9,1.1111112,6.61,0.29,UTC-0700,6+THe69Q8P,com.sec.android.app.shealth,2025-10-14 14:39:00.000,895a8a4d-2793-462d-83a6-ad0aa6d61f42,
14171,4,0,22,2025-10-14 14:39:00.000,,,2025-10-14 14:46:41.253,2025-10-14 14:46:41.253,22,1.1388888,16.14,0.72,UTC-0700,6+THe69Q8P,com.sec.android.app.shealth,2025-10-14 14:40:00.000,5f308b0b-da86-495c-84cd-4fa3039bc252,
11368,4,0,19,2025-10-14 14:40:00.000,,,2025-10-14 14:46:41.279,2025-10-14 14:46:41.279,19,1.25,14.21,0.59,UTC-0700,6+THe69Q8P,com.sec.android.app.shealth,2025-10-14 14:41:00.000,5d9e8e0e-27ed-4493-af2c-a45ac56e4df0,
14212,4,0,15,2025-10-14 14:41:00.000,,,2025-10-14 14:46:41.306,2025-10-14 14:46:41.306,15,1.9722222,28.03,1.68,UTC-0700,6+THe69Q8P,com.sec.android.app.shealth,2025-10-14 14:42:00.000,160b0bb1-9c96-44fb-a99d-81ea3c88240f,
14130,4,0,27,2025-10-14 14:43:00.000,,,2025-10-14 14:46:41.338,2025-10-14 14:46:41.338,27,1.4444444,20.41,0.85,UTC-0700,6+THe69Q8P,com.sec.android.app.shealth,2025-10-14 14:44:00.000,ba264b3e-7013-48ae-9439-2a66e9623c9b,
36881,4,0,66,2025-10-14 14:44:00.000,,,2025-10-14 14:46:41.370,2025-10-14 14:46:41.370,66,1.3611112,50.2,2.02,UTC-0700,6+THe69Q8P,com.sec.android.app.shealth,2025-10-14 14:45:00.000,ba9d1ae0-0f06-4ec7-a0d8-876b991504e8,
17472,4,0,30,2025-10-14 14:46:00.000,,,2025-10-14 14:52:27.152,2025-10-14 14:46:41.388,30,1.2968612,22.66,0.93999994,UTC-0700,6+THe69Q8P,com.sec.android.app.shealth,2025-10-14 14:47:00.000,8ad4931a-c554-49d3-a0ae-e2dd82e28184,
27674,4,0,48,2025-10-14 14:47:00.000,,,2025-10-14 14:52:27.188,2025-10-14 14:52:27.188,48,1.3055556,36.13,1.46,UTC-0700,6+THe69Q8P,com.sec.android.app.shealth,2025-10-14 14:48:00.000,979e8b6c-4e51-4770-9aa6-fab574e135a4,
13246,4,0,24,2025-10-14 14:50:00.000,,,2025-10-14 14:52:27.223,2025-10-14 14:52:27.223,24,1.3611112,18.03,0.76,UTC-0700,6+THe69Q8P,com.sec.android.app.shealth,2025-10-14 14:51:00.000,71ea2083-a1a0-4780-b7cb-3c572117bb2c,
22536,4,0,41,2025-10-14 14:51:00.000,,,2025-10-14 14:52:27.245,2025-10-14 14:52:27.245,41,1.3888888,31.3,1.26,UTC-0700,6+THe69Q8P,com.sec.android.app.shealth,2025-10-14 14:52:00.000,a1b0ca37-4a97-495d-9b56-32c61ef2d2a2,
47955,4,0,89,2025-10-14 15:33:00.000,,,2025-10-14 15:33:55.940,2025-10-14 15:33:12.295,89,1.4256865,68.37002,2.6199985,UTC-0700,6+THe69Q8P,com.sec.android.app.shealth,2025-10-14 15:34:00.000,6ed1c07f-245f-4abb-b3d0-7ff680aa7292,
18154,4,0,32,2025-10-14 15:35:00.000,,,2025-10-14 15:35:59.035,2025-10-14 15:35:42.499,32,1.3242122,24.040003,0.99999964,UTC-0700,6+THe69Q8P,com.sec.android.app.shealth,2025-10-14 15:36:00.000,29ec1d8e-09e2-4398-89f4-70d1501db477,
27131,4,0,51,2025-10-14 15:36:00.000,,,2025-10-14 15:36:28.689,2025-10-14 15:36:00.140,51,1.4429572,39.15001,1.5299993,UTC-0700,6+THe69Q8P,com.sec.android.app.shealth,2025-10-14 15:37:00.000,5976aa29-f436-44e0-8eba-51ee4c4c179c,
11999,4,0,23,2025-10-14 15:40:00.000,,,2025-10-14 15:40:54.132,2025-10-14 15:40:47.910,23,1.5200658,18.24,0.6299999,UTC-0700,6+THe69Q8P,com.sec.android.app.shealth,2025-10-14 15:41:00.000,d41a9958-3e03-4466-8e09-4e8accd48750,
31062,4,0,57,2025-10-14 15:41:00.000,,,2025-10-14 15:45:56.169,2025-10-14 15:41:04.240,57,1.4300419,44.42001,1.7299995,UTC-0700,6+THe69Q8P,com.sec.android.app.shealth,2025-10-14 15:42:00.000,273c874a-f79f-4fa7-97e2-ef4ee1549b51,
11400,4,0,19,2025-10-14 15:42:00.000,,,2025-10-14 15:45:56.188,2025-10-14 15:45:56.188,19,1.25,14.25,0.6,UTC-0700,6+THe69Q8P,com.sec.android.app.shealth,2025-10-14 15:43:00.000,675a87d8-d697-4572-a18c-f996354f05e6,
14440,4,1,23,2025-10-14 15:43:00.000,,,2025-10-14 15:45:56.216,2025-10-14 15:45:56.216,24,1.5,21.66,1.1,UTC-0700,6+THe69Q8P,com.sec.android.app.shealth,2025-10-14 15:44:00.000,10b9af65-c338-4cda-a356-b412163a350b,
44494,4,0,77,2025-10-14 15:44:00.000,,,2025-10-14 15:45:56.262,2025-10-14 15:45:56.262,77,1.3055556,58.09,2.37,UTC-0700,6+THe69Q8P,com.sec.android.app.shealth,2025-10-14 15:45:00.000,dfea72a0-b216-4a55-803c-e772d190bdf5,
38567,4,0,58,2025-10-14 15:45:00.000,,,2025-10-14 15:45:58.654,2025-10-14 15:45:56.296,58,1.30471,50.32,2.23,UTC-0700,6+THe69Q8P,com.sec.android.app.shealth,2025-10-14 15:46:00.000,47b0f40b-b4ee-4b11-8710-8f9e98260792,
13389,4,0,24,2025-10-14 15:47:00.000,,,2025-10-14 15:47:56.419,2025-10-14 15:47:41.968,24,1.3742586,18.399998,0.7199998,UTC-0700,6+THe69Q8P,com.sec.android.app.shealth,2025-10-14 15:48:00.000,a3e10fa7-57e0-445f-957c-1b438200268e,
3766,4,0,6,2025-10-14 15:48:00.000,,,2025-10-14 15:48:51.884,2025-10-14 15:48:51.884,6,1.1388888,4.29,0.2,UTC-0700,6+THe69Q8P,com.sec.android.app.shealth,2025-10-14 15:49:00.000,ab884746-4acb-4498-bcde-d122a5a857c8,
14295,4,0,23,2025-10-14 15:49:00.000,,,2025-10-14 15:49:10.969,2025-10-14 15:49:00.087,23,1.1828994,16.909998,0.7199998,UTC-0700,6+THe69Q8P,com.sec.android.app.shealth,2025-10-14 15:50:00.000,ac46a3ef-9609-4249-8925-fccd642c5be7,
26073,4,0,51,2025-10-14 15:50:00.000,,,2025-10-14 15:50:56.205,2025-10-14 15:50:20.629,51,1.6434106,42.85,1.7099994,UTC-0700,6+THe69Q8P,com.sec.android.app.shealth,2025-10-14 15:51:00.000,a214c2d1-9f59-43af-b0d6-c35172d1869f,
25724,4,0,48,2025-10-14 15:51:00.000,,,2025-10-14 15:51:46.317,2025-10-14 15:51:12.074,48,1.4301738,36.789997,1.4699993,UTC-0700,6+THe69Q8P,com.sec.android.app.shealth,2025-10-14 15:52:00.000,db315ee2-a336-42e8-8dc4-092f35c8d8fb,
9245,4,0,17,2025-10-14 15:52:00.000,,,2025-10-14 15:52:59.744,2025-10-14 15:52:53.425,17,1.3887575,12.840002,0.53,UTC-0700,6+THe69Q8P,com.sec.android.app.shealth,2025-10-14 15:53:00.000,9fcfec93-f51e-4e06-96a4-5a1747fe9d00,
12594,4,0,23,2025-10-14 15:53:00.000,,,2025-10-14 15:53:57.964,2025-10-14 15:53:00.265,23,1.3823724,17.410002,0.7099998,UTC-0700,6+THe69Q8P,com.sec.android.app.shealth,2025-10-14 15:54:00.000,2e08ceda-8741-46a1-b060-cd662d556509,
24717,4,4,42,2025-10-14 15:54:00.000,,,2025-10-14 15:54:57.567,2025-10-14 15:54:33.707,46,1.6724776,41.339996,1.939999,UTC-0700,6+THe69Q8P,com.sec.android.app.shealth,2025-10-14 15:55:00.000,04fa9961-eea7-4ec6-9442-dd6f670be731,
37796,4,0,70,2025-10-14 16:02:00.000,,,2025-10-14 16:12:17.909,2025-10-14 16:02:28.198,70,1.4122981,53.380005,2.1399999,UTC-0700,6+THe69Q8P,com.sec.android.app.shealth,2025-10-14 16:03:00.000,80be5e54-68b0-4de7-83e6-f9ca1711c881,
7394,4,0,13,2025-10-14 16:03:00.000,,,2025-10-14 16:12:17.938,2025-10-14 16:12:17.938,13,1.3333334,9.86,0.39,UTC-0700,6+THe69Q8P,com.sec.android.app.shealth,2025-10-14 16:04:00.000,d3a4a6eb-458a-45f3-b4af-24c21027a6b2,
45070,4,0,84,2025-10-14 16:05:00.000,,,2025-10-14 16:12:17.973,2025-10-14 16:12:17.973,84,1.4166666,63.85,2.57,UTC-0700,6+THe69Q8P,com.sec.android.app.shealth,2025-10-14 16:06:00.000,5c90ae70-52c0-4250-be7d-0c67bd4751b8,
3752,4,0,7,2025-10-14 16:06:00.000,,,2025-10-14 16:12:17.999,2025-10-14 16:12:17.999,7,1.4444444,5.42,0.23,UTC-0700,6+THe69Q8P,com.sec.android.app.shealth,2025-10-14 16:07:00.000,09709cd2-f346-424a-a792-943a3c1772a5,
10954,4,0,14,2025-10-14 16:27:00.000,,,2025-10-14 16:27:58.290,2025-10-14 16:27:57.340,14,0.8982569,9.84,0.46,UTC-0700,6+THe69Q8P,com.sec.android.app.shealth,2025-10-14 16:28:00.000,34daf374-7634-4eea-a792-a5d66fd5890e,
8198,4,0,13,2025-10-14 16:28:00.000,,,2025-10-14 16:28:26.923,2025-10-14 16:28:21.152,13,1.197732,9.82,0.4,UTC-0700,6+THe69Q8P,com.sec.android.app.shealth,2025-10-14 16:29:00.000,b5d0e0e2-cd36-4619-ad6b-76371dc3d4bc,
21895,4,0,36,2025-10-14 16:29:00.000,,,2025-10-14 16:29:59.813,2025-10-14 16:29:17.938,36,1.2130246,26.56,1.0599998,UTC-0700,6+THe69Q8P,com.sec.android.app.shealth,2025-10-14 16:30:00.000,e70b13c3-4b69-44b5-8ae7-e96887c3f643,
42785,4,0,66,2025-10-14 16:30:00.000,,,2025-10-14 16:30:49.863,2025-10-14 16:30:15.665,66,1.1267751,48.21,2.0299988,UTC-0700,6+THe69Q8P,com.sec.android.app.shealth,2025-10-14 16:31:00.000,9e9cb55c-1d88-4069-8bfd-8a8539f44cf8,
42475,4,0,73,2025-10-14 16:37:00.000,,,2025-10-14 16:38:37.034,2025-10-14 16:37:25.748,73,1.3005089,55.239998,2.1399999,UTC-0700,6+THe69Q8P,com.sec.android.app.shealth,2025-10-14 16:38:00.000,9de2eb26-eef4-47de-8068-a3d07a9bc46c,
49852,4,0,90,2025-10-14 16:38:00.000,,,2025-10-14 16:38:54.352,2025-10-14 16:38:37.070,90,1.373243,68.46,2.6999993,UTC-0700,6+THe69Q8P,com.sec.android.app.shealth,2025-10-14 16:39:00.000,a009a1ad-85fe-4020-9186-16a1f7325fb6,
21507,4,0,29,2025-10-14 16:39:00.000,,,2025-10-14 16:42:55.302,2025-10-14 16:42:55.302,29,0.9722222,20.91,0.95,UTC-0700,6+THe69Q8P,com.sec.android.app.shealth,2025-10-14 16:40:00.000,67c7c8d6-e91b-4b24-8a49-995bf288a37f,
29241,4,0,44,2025-10-14 16:40:00.000,,,2025-10-14 16:42:55.375,2025-10-14 16:42:55.375,44,1.1111112,32.49,1.36,UTC-0700,6+THe69Q8P,com.sec.android.app.shealth,2025-10-14 16:41:00.000,5d964b69-6ff1-468a-b27b-5addd4d4fdb2,
4793,4,0,7,2025-10-14 16:41:00.000,,,2025-10-14 16:42:55.403,2025-10-14 16:42:55.403,7,1.0555556,5.06,0.21,UTC-0700,6+THe69Q8P,com.sec.android.app.shealth,2025-10-14 16:42:00.000,83740f14-89ec-4b26-a6b2-b59973af9201,
25594,4,0,40,2025-10-14 16:42:00.000,,,2025-10-14 16:42:55.427,2025-10-14 16:42:55.427,40,1.1666666,29.86,1.21,UTC-0700,6+THe69Q8P,com.sec.android.app.shealth,2025-10-14 16:43:00.000,808dfa1e-a9a1-4fbe-af94-2509564a028d,
6878,4,0,12,2025-10-14 16:50:00.000,,,2025-10-14 16:55:01.516,2025-10-14 16:55:01.516,12,1.3055556,8.98,0.38,UTC-0700,6+THe69Q8P,com.sec.android.app.shealth,2025-10-14 16:51:00.000,ccb8757f-f46f-4432-a8f8-20b36446587f,
58538,4,0,108,2025-10-14 16:51:00.000,,,2025-10-14 16:55:01.533,2025-10-14 16:55:01.533,108,1.4166666,82.93,3.24,UTC-0700,6+THe69Q8P,com.sec.android.app.shealth,2025-10-14 16:52:00.000,38872a3a-d598-4df5-be36-f8875a3bed20,
32083,4,0,58,2025-10-14 16:52:00.000,,,2025-10-14 16:55:01.553,2025-10-14 16:55:01.553,58,1.3888888,44.56,1.75,UTC-0700,6+THe69Q8P,com.sec.android.app.shealth,2025-10-14 16:53:00.000,a6662fe6-4939-4863-9866-a0efbe801426,
4884,4,0,7,2025-10-14 16:53:00.000,,,2025-10-14 16:55:01.570,2025-10-14 16:55:01.570,7,1.0277778,5.02,0.24,UTC-0700,6+THe69Q8P,com.sec.android.app.shealth,2025-10-14 16:54:00.000,102b1f79-8bc7-4c21-b72c-da57f5973aee,
15557,4,0,38,2025-10-14 18:15:00.000,,,2025-10-14 18:15:50.233,2025-10-14 18:15:00.332,38,1.9353888,30.11,1.05,UTC-0700,6+THe69Q8P,com.sec.android.app.shealth,2025-10-14 18:16:00.000,52134033-78b8-4bfe-a187-3529a5b5e2b4,
6972,4,0,14,2025-10-14 18:21:00.000,,,2025-10-14 18:21:18.951,2025-10-14 18:21:18.003,14,1.5833333,11.04,0.36,UTC-0700,6+THe69Q8P,com.sec.android.app.shealth,2025-10-14 18:22:00.000,9073a1c5-c838-496f-8494-a1e1971d19cf,
40486,4,0,66,2025-10-14 18:41:00.000,,,2025-10-14 18:41:36.141,2025-10-14 18:41:01.043,66,1.206579,48.85,2.0199997,UTC-0700,6+THe69Q8P,com.sec.android.app.shealth,2025-10-14 18:42:00.000,23341a55-3518-4213-bcaa-aa942e8ef84c,
9064,4,0,15,2025-10-14 18:42:00.000,,,2025-10-14 18:43:47.679,2025-10-14 18:43:47.679,15,1.3888888,12.59,0.61,UTC-0700,6+THe69Q8P,com.sec.android.app.shealth,2025-10-14 18:43:00.000,088ddf34-c4e8-4bfe-a819-0cc4896841ba,
31348,4,0,57,2025-10-14 18:43:00.000,,,2025-10-14 18:43:47.709,2025-10-14 18:43:47.709,57,1.3888888,43.54,1.71,UTC-0700,6+THe69Q8P,com.sec.android.app.shealth,2025-10-14 18:44:00.000,4a0bb090-f652-499b-80ea-c00b6957ee7f,
56470,4,0,94,2025-10-14 21:39:00.000,,,2025-10-14 21:39:59.534,2025-10-14 21:39:04.126,94,1.2426001,70.17001,2.7999983,UTC-0700,6+THe69Q8P,com.sec.android.app.shealth,2025-10-14 21:40:00.000,c208b638-5c09-42f1-909f-94919302af5c,
58197,4,0,100,2025-10-14 21:40:00.000,,,2025-10-14 21:40:59.868,2025-10-14 21:40:00.174,100,1.288709,75.0,2.9999976,UTC-0700,6+THe69Q8P,com.sec.android.app.shealth,2025-10-14 21:41:00.000,3d85f48b-5e0d-4de9-91d4-13dbcc5d33f7,
53180,4,0,87,2025-10-14 21:41:00.000,,,2025-10-14 21:52:48.474,2025-10-14 21:41:00.496,87,1.2124842,64.48005,2.6199985,UTC-0700,6+THe69Q8P,com.sec.android.app.shealth,2025-10-14 21:42:00.000,dc33a648-022b-49ff-b5bc-dec13b1a9d21,
21404,4,0,37,2025-10-14 21:43:00.000,,,2025-10-14 21:52:48.501,2025-10-14 21:52:48.501,37,1.2777778,27.35,1.16,UTC-0700,6+THe69Q8P,com.sec.android.app.shealth,2025-10-14 21:44:00.000,46212ea0-80b2-4ba4-b506-6f66928c12ad,
18640,4,0,29,2025-10-14 21:44:00.000,,,2025-10-14 21:52:48.541,2025-10-14 21:52:48.541,29,1.1388888,21.23,0.87,UTC-0700,6+THe69Q8P,com.sec.android.app.shealth,2025-10-14 21:45:00.000,03d1a37e-5c61-47fc-a9cd-889daad1c22d,
12969,4,0,19,2025-10-14 21:46:00.000,,,2025-10-14 21:52:48.572,2025-10-14 21:52:48.572,19,1.0833334,14.05,0.61,UTC-0700,6+THe69Q8P,com.sec.android.app.shealth,2025-10-14 21:47:00.000,2cf9c35a-27b1-466b-8fef-7281d4239af3,
39204,4,4,55,2025-10-14 21:49:00.000,,,2025-10-14 21:52:48.603,2025-10-14 21:52:48.603,59,1.3888888,54.45,2.61,UTC-0700,6+THe69Q8P,com.sec.android.app.shealth,2025-10-14 21:50:00.000,473e4db2-f44a-426d-9f7b-99e9df6ddd7a,
57847,4,0,102,2025-10-14 21:50:00.000,,,2025-10-14 21:52:48.646,2025-10-14 21:52:48.646,102,1.3333334,77.13,3.08,UTC-0700,6+THe69Q8P,com.sec.android.app.shealth,2025-10-14 21:51:00.000,d6105fe7-6ce5-4cf0-a99c-c1b7d2275f82,
57804,4,0,107,2025-10-14 21:51:00.000,,,2025-10-14 21:52:48.705,2025-10-14 21:52:48.705,107,1.4166666,81.89,3.21,UTC-0700,6+THe69Q8P,com.sec.android.app.shealth,2025-10-14 21:52:00.000,72ebc76d-28d0-44d4-b45f-2eed5548d78b,
7609,4,0,14,2025-10-14 21:52:00.000,,,2025-10-14 21:52:48.732,2025-10-14 21:52:48.732,14,1.4166666,10.78,0.42,UTC-0700,6+THe69Q8P,com.sec.android.app.shealth,2025-10-14 21:53:00.000,5125179d-1dd2-48fa-a1ca-b07152cb0129,
27667,4,0,55,2025-10-15 02:17:00.000,,,2025-10-15 02:18:01.682,2025-10-15 02:18:01.682,55,1.5277778,42.27,1.7,UTC-0700,6+THe69Q8P,com.sec.android.app.shealth,2025-10-15 02:18:00.000,040d2d06-7844-4875-aac6-119df4c8f28e,
57011,4,0,98,2025-10-15 02:18:00.000,,,2025-10-15 02:19:58.707,2025-10-15 02:18:01.706,98,1.2930777,73.72,2.9399998,UTC-0700,6+THe69Q8P,com.sec.android.app.shealth,2025-10-15 02:19:00.000,a07cfc78-08f9-40e5-9072-31149296e639,
57448,4,0,96,2025-10-15 02:19:00.000,,,2025-10-15 02:19:59.408,2025-10-15 02:19:58.731,96,1.25,71.81,2.8799999,UTC-0700,6+THe69Q8P,com.sec.android.app.shealth,2025-10-15 02:20:00.000,5f03e9da-3a86-46cf-9483-7848a4ef0673,
52726,4,0,87,2025-10-15 02:20:00.000,,,2025-10-15 02:20:55.169,2025-10-15 02:20:00.208,87,1.2230946,64.49004,2.609998,UTC-0700,6+THe69Q8P,com.sec.android.app.shealth,2025-10-15 02:21:00.000,97f6b5ec-f54b-4545-8e0a-3e9e6b988569,
22267,4,5,31,2025-10-15 02:26:00.000,,,2025-10-15 02:26:59.728,2025-10-15 02:26:44.331,36,2.0635552,45.950016,2.4799998,UTC-0700,6+THe69Q8P,com.sec.android.app.shealth,2025-10-15 02:27:00.000,95476390-6baa-4cb1-bdf2-dc2f121d52e1,
16603,4,0,21,2025-10-15 02:27:00.000,,,2025-10-15 02:27:50.082,2025-10-15 02:27:00.256,21,0.91544795,15.199998,0.63999987,UTC-0700,6+THe69Q8P,com.sec.android.app.shealth,2025-10-15 02:28:00.000,53cd38b3-fce1-4318-b8e2-faa109596ef0,
59503,4,5,103,2025-10-15 02:29:00.000,,,2025-10-15 02:29:59.927,2025-10-15 02:29:05.706,108,1.6723444,99.509834,4.540002,UTC-0700,6+THe69Q8P,com.sec.android.app.shealth,2025-10-15 02:30:00.000,65e27766-e647-47a8-8bef-95b950bf6301,
57694,4,0,110,2025-10-15 02:30:00.000,,,2025-10-15 02:35:00.287,2025-10-15 02:30:00.604,110,1.4701692,84.82001,3.3,UTC-0700,6+THe69Q8P,com.sec.android.app.shealth,2025-10-15 02:31:00.000,1f1a52dc-aa87-4e0a-bf70-30f484e156ee,
27761,4,0,52,2025-10-15 02:31:00.000,,,2025-10-15 02:35:00.308,2025-10-15 02:35:00.308,52,1.4444444,40.1,1.56,UTC-0700,6+THe69Q8P,com.sec.android.app.shealth,2025-10-15 02:32:00.000,f7cf5fea-288c-4f3c-8f12-0c94e35e46e4,
8575,4,0,13,2025-10-15 03:55:00.000,,,2025-10-15 03:55:52.524,2025-10-15 03:55:51.028,13,1.106692,9.490001,0.43,UTC-0700,6+THe69Q8P,com.sec.android.app.shealth,2025-10-15 03:56:00.000,06c66d0f-3a22-4775-b1c9-176d910c1c23,
8024,4,0,21,2025-10-15 03:56:00.000,,,2025-10-15 03:56:37.314,2025-10-15 03:56:03.712,21,2.103608,16.880001,0.62,UTC-0700,6+THe69Q8P,com.sec.android.app.shealth,2025-10-15 03:57:00.000,5539439f-9c68-4e84-aa24-d19d95e6bdf1,
12579,4,0,22,2025-10-15 04:25:00.000,,,2025-10-15 04:25:56.085,2025-10-15 04:25:42.916,22,1.3449969,16.92,0.61999995,UTC-0700,6+THe69Q8P,com.sec.android.app.shealth,2025-10-15 04:26:00.000,cf4c507a-99d9-4098-8610-2119d0083090,
4548,4,0,13,2025-10-15 04:35:00.000,,,2025-10-15 04:35:20.828,2025-10-15 04:35:20.357,13,2.3545158,10.71,0.33,UTC-0700,6+THe69Q8P,com.sec.android.app.shealth,2025-10-15 04:36:00.000,52e25bff-4bb7-4a35-91a0-59e458fc4e18,
29517,4,0,52,2025-10-15 10:06:00.000,,,2025-10-15 10:08:34.880,2025-10-15 10:06:36.610,52,1.3422344,39.619995,1.5099998,UTC-0600,6+THe69Q8P,com.sec.android.app.shealth,2025-10-15 10:07:00.000,90410ea6-6584-485b-91f6-5c7f0ec9d038,
35844,4,0,66,2025-10-15 10:07:00.000,,,2025-10-15 10:08:34.919,2025-10-15 10:08:34.919,66,1.4166666,50.78,2.02,UTC-0600,6+THe69Q8P,com.sec.android.app.shealth,2025-10-15 10:08:00.000,86548af4-0230-4ab8-82ad-c2d81a5c4c00,
23329,4,0,36,2025-10-15 10:28:00.000,,,2025-10-15 10:30:27.035,2025-10-15 10:30:27.035,36,1.1388888,26.57,1.14,UTC-0600,6+THe69Q8P,com.sec.android.app.shealth,2025-10-15 10:29:00.000,c1f41ce6-537b-48df-a0b4-30f261342b61,
47864,4,0,80,2025-10-15 10:29:00.000,,,2025-10-15 10:30:27.061,2025-10-15 10:30:27.061,80,1.25,59.83,2.42,UTC-0600,6+THe69Q8P,com.sec.android.app.shealth,2025-10-15 10:30:00.000,2f4065ae-add9-443d-9aab-8c76103627c5,
17926,4,0,32,2025-10-15 11:06:00.000,,,2025-10-15 11:06:49.954,2025-10-15 11:06:34.681,32,1.364472,24.460005,0.8999996,UTC-0600,6+THe69Q8P,com.sec.android.app.shealth,2025-10-15 11:07:00.000,182633e6-5753-4be9-88fd-d78becf4136e,
6156,4,0,13,2025-10-15 11:07:00.000,,,2025-10-15 11:07:15.210,2025-10-15 11:07:13.889,13,1.655149,10.19,0.33,UTC-0600,6+THe69Q8P,com.sec.android.app.shealth,2025-10-15 11:08:00.000,2ec7cf3a-cb87-4d59-818f-9d36e5f2010c,
6185,4,0,12,2025-10-15 15:05:00.000,,,2025-10-15 15:05:59.324,2025-10-15 15:05:59.324,12,1.5277778,9.45,0.3,UTC-0500,6+THe69Q8P,com.sec.android.app.shealth,2025-10-15 15:06:00.000,d9696812-7f56-4163-b5db-dbca08516da5,
11879,4,0,34,2025-10-15 15:06:00.000,,,2025-10-15 15:06:54.397,2025-10-15 15:06:01.102,34,2.292109,27.23,0.9999999,UTC-0500,6+THe69Q8P,com.sec.android.app.shealth,2025-10-15 15:07:00.000,fa450d83-c846-4a67-bb6f-0ff68e49ccab,
6693,4,0,13,2025-10-15 15:07:00.000,,,2025-10-15 15:07:20.493,2025-10-15 15:07:00.491,13,1.5088617,10.1,0.41,UTC-0500,6+THe69Q8P,com.sec.android.app.shealth,2025-10-15 15:08:00.000,9f57cdfb-1cdc-49ce-94b0-3040ac1b3fac,
35875,4,0,62,2025-10-15 15:09:00.000,,,2025-10-15 15:09:59.591,2025-10-15 15:09:03.529,62,1.3117735,47.059998,1.8099998,UTC-0500,6+THe69Q8P,com.sec.android.app.shealth,2025-10-15 15:10:00.000,16245926-34ae-43c0-ae83-2adc99f6f167,
3830,4,0,5,2025-10-15 15:10:00.000,,,2025-10-15 15:10:03.972,2025-10-15 15:10:00.528,5,0.9216003,3.53,0.14999999,UTC-0500,6+THe69Q8P,com.sec.android.app.shealth,2025-10-15 15:11:00.000,c038c4bd-ba6f-406c-b0c1-f411c360625e,
8833,4,0,13,2025-10-15 15:15:00.000,,,2025-10-15 15:15:48.558,2025-10-15 15:15:47.810,13,1.0833334,9.570001,0.43,UTC-0500,6+THe69Q8P,com.sec.android.app.shealth,2025-10-15 15:16:00.000,2cc41e9b-0e69-47cd-ae79-a823b850cc62,
9651,4,0,15,2025-10-15 21:08:00.000,,,2025-10-15 21:15:01.834,2025-10-15 21:15:01.834,15,1.1666666,11.26,0.49,UTC-0500,6+THe69Q8P,com.sec.android.app.shealth,2025-10-15 21:09:00.000,0588dd51-e466-4469-b71e-b6852e2945fc,
20902,4,0,37,2025-10-15 21:44:00.000,,,2025-10-15 21:55:01.906,2025-10-15 21:55:01.906,37,1.3333334,27.87,1.15,UTC-0500,6+THe69Q8P,com.sec.android.app.shealth,2025-10-15 21:45:00.000,d14ecdf5-1440-46a4-8a0a-3d5171889f20,
29109,4,0,47,2025-10-15 21:47:00.000,,,2025-10-15 21:55:01.938,2025-10-15 21:55:01.938,47,1.1944444,34.77,1.46,UTC-0500,6+THe69Q8P,com.sec.android.app.shealth,2025-10-15 21:48:00.000,62bf1693-21a3-4751-a1fc-eee2eedbbda7,
9720,4,2,12,2025-10-15 21:50:00.000,,,2025-10-15 21:55:01.942,2025-10-15 21:55:01.942,14,2.0833333,20.25,1.14,UTC-0500,6+THe69Q8P,com.sec.android.app.shealth,2025-10-15 21:51:00.000,cdb5d41b-a844-47c8-842e-d50b67b5b120,
22100,4,1,32,2025-10-15 22:01:00.000,,,2025-10-15 22:15:01.874,2025-10-15 22:15:01.874,33,1.2777778,28.24,1.45,UTC-0500,6+THe69Q8P,com.sec.android.app.shealth,2025-10-15 22:02:00.000,f75990ba-3011-42b1-a3b1-6c71851e8ee3,
9166,4,0,14,2025-10-15 22:03:00.000,,,2025-10-15 22:15:01.891,2025-10-15 22:15:01.891,14,1.1388888,10.44,0.46,UTC-0500,6+THe69Q8P,com.sec.android.app.shealth,2025-10-15 22:04:00.000,fda74e46-6804-4923-90aa-b3b5a4518696,
11618,4,0,15,2025-10-15 22:05:00.000,,,2025-10-15 22:15:01.906,2025-10-15 22:15:01.906,15,0.9166667,10.65,0.51,UTC-0500,6+THe69Q8P,com.sec.android.app.shealth,2025-10-15 22:06:00.000,6e657c0a-5881-4103-ab88-95d368ad6a10,
18508,4,0,24,2025-10-15 22:06:00.000,,,2025-10-15 22:15:01.922,2025-10-15 22:15:01.922,24,0.9444444,17.48,0.77,UTC-0500,6+THe69Q8P,com.sec.android.app.shealth,2025-10-15 22:07:00.000,72690545-5d41-4d31-a9e8-b2037c1d6bd6,
13163,4,0,20,2025-10-15 22:10:00.000,,,2025-10-15 22:15:01.938,2025-10-15 22:15:01.938,20,1.0833334,14.26,0.66,UTC-0500,6+THe69Q8P,com.sec.android.app.shealth,2025-10-15 22:11:00.000,ae2b417d-1420-4fb5-91eb-2007e2702b39,
1561,4,0,7,2025-10-15 22:12:00.000,,,2025-10-15 22:15:01.957,2025-10-15 22:15:01.957,7,3.6944444,5.77,0.2,UTC-0500,6+THe69Q8P,com.sec.android.app.shealth,2025-10-15 22:13:00.000,76b9809b-ac2e-411a-8d9a-40f9d1c947da,
11337,4,0,22,2025-10-15 22:28:00.000,,,2025-10-15 22:28:23.408,2025-10-15 22:28:15.896,22,1.5046827,17.06,0.5999999,UTC-0500,6+THe69Q8P,com.sec.android.app.shealth,2025-10-15 22:29:00.000,e34e7443-267e-483b-b6eb-b6a50b348294,
2679,4,0,12,2025-10-15 22:30:00.000,,,2025-10-15 22:30:15.782,2025-10-15 22:30:05.514,12,3.6944442,9.9,0.34,UTC-0500,6+THe69Q8P,com.sec.android.app.shealth,2025-10-15 22:31:00.000,97b0efab-d836-46ab-8b21-1dc9ed840105,
25986,4,0,42,2025-10-16 00:03:00.000,,,2025-10-16 00:15:02.097,2025-10-16 00:15:02.097,42,1.1944444,31.04,1.36,UTC-0500,6+THe69Q8P,com.sec.android.app.shealth,2025-10-16 00:04:00.000,6f0c1347-bb56-4a43-9858-899a2ae5c01e,
11655,4,0,18,2025-10-16 00:04:00.000,,,2025-10-16 00:15:02.114,2025-10-16 00:15:02.114,18,1.1111112,12.95,0.58,UTC-0500,6+THe69Q8P,com.sec.android.app.shealth,2025-10-16 00:05:00.000,b7fdf236-30ac-4229-a121-ef06a3f6a90a,
30898,4,0,54,2025-10-16 00:05:00.000,,,2025-10-16 00:15:02.127,2025-10-16 00:15:02.127,54,1.3055556,40.34,1.7,UTC-0500,6+THe69Q8P,com.sec.android.app.shealth,2025-10-16 00:06:00.000,8ec6d512-d6a3-455a-aae9-4a2ae8ef42d9,
29203,4,0,45,2025-10-16 00:06:00.000,,,2025-10-16 00:15:02.141,2025-10-16 00:15:02.141,45,1.1388888,33.26,1.41,UTC-0500,6+THe69Q8P,com.sec.android.app.shealth,2025-10-16 00:07:00.000,231fe020-848a-4c8c-95fe-57077c1bb6f1,
9457,4,0,17,2025-10-16 00:07:00.000,,,2025-10-16 00:15:02.155,2025-10-16 00:15:02.155,17,1.3333334,12.61,0.56,UTC-0500,6+THe69Q8P,com.sec.android.app.shealth,2025-10-16 00:08:00.000,c6bbbdb2-7a51-4362-946f-239f4459ecfe,
17145,4,2,28,2025-10-16 00:08:00.000,,,2025-10-16 00:15:02.169,2025-10-16 00:15:02.169,30,1.6388891,28.1,1.39,UTC-0500,6+THe69Q8P,com.sec.android.app.shealth,2025-10-16 00:09:00.000,6d711f37-eb1a-436c-b1aa-d02df08527c4,
4535,4,3,7,2025-10-16 00:09:00.000,,,2025-10-16 00:15:02.183,2025-10-16 00:15:02.183,10,2.8333333,12.85,0.82,UTC-0500,6+THe69Q8P,com.sec.android.app.shealth,2025-10-16 00:10:00.000,07a8fbf0-a2e6-4574-8f08-a853b56e3579,
14830,4,0,22,2025-10-16 00:10:00.000,,,2025-10-16 00:15:02.200,2025-10-16 00:15:02.200,22,1.2777778,18.95,0.97,UTC-0500,6+THe69Q8P,com.sec.android.app.shealth,2025-10-16 00:11:00.000,2237926d-cb52-488b-9308-c1b060036407,
9536,4,0,17,2025-10-16 00:12:00.000,,,2025-10-16 00:15:02.217,2025-10-16 00:15:02.217,17,1.3611112,12.98,0.55,UTC-0500,6+THe69Q8P,com.sec.android.app.shealth,2025-10-16 00:13:00.000,2cde9ecb-aa32-4236-9d60-4b9f13f88325,
8425,4,0,15,2025-10-16 00:13:00.000,,,2025-10-16 00:15:02.231,2025-10-16 00:15:02.231,15,1.3055556,11.0,0.5,UTC-0500,6+THe69Q8P,com.sec.android.app.shealth,2025-10-16 00:14:00.000,cbd770f3-02a8-4e73-8687-01c3e5513776,
9781,4,0,17,2025-10-16 00:18:00.000,,,2025-10-16 00:29:13.869,2025-10-16 00:29:13.869,17,1.4722222,14.4,0.64,UTC-0500,6+THe69Q8P,com.sec.android.app.shealth,2025-10-16 00:19:00.000,59fd3536-6fa6-4776-b3a8-bc10d755f770,
13914,4,0,24,2025-10-16 00:23:00.000,,,2025-10-16 00:29:13.895,2025-10-16 00:29:13.895,24,1.2777778,17.78,0.77,UTC-0500,6+THe69Q8P,com.sec.android.app.shealth,2025-10-16 00:24:00.000,a64ac999-8bfd-4697-a5b7-75e7b1924f5e,
4422,4,0,7,2025-10-16 00:24:00.000,,,2025-10-16 00:29:13.919,2025-10-16 00:29:13.919,7,1.1666666,5.16,0.21,UTC-0500,6+THe69Q8P,com.sec.android.app.shealth,2025-10-16 00:25:00.000,a6d24335-9d54-4dbb-b5d2-36629718fefb,
16047,4,0,23,2025-10-16 00:29:00.000,,,2025-10-16 00:32:15.855,2025-10-16 00:29:14.590,23,1.0724738,17.210001,0.6399999,UTC-0500,6+THe69Q8P,com.sec.android.app.shealth,2025-10-16 00:30:00.000,ef847d65-cf6f-48fe-bc85-ca88b55be726,
