com.samsung.shealth.activity.day_summary,6305105,6
movement_type,create_sh_ver,energy_type,exercise_time,step_count,exercise_calorie_target,active_time,target,others_time,modify_sh_ver,update_time,floors_target,create_time,floor_count,dynamic_active_time_target,exercise_time_target,goal,longest_active_time,score,move_hourly_count,duration_type,move_hourly_target,distance,dynamic_active_time,calorie,extra_data,deviceuuid,run_time,pkg_name,walk_time,longest_idle_time,datauuid,day_time
,,,,9763,,8634716,,2179840,,2020-03-26 04:55:10.223,,2020-03-25 20:24:28.248,,,,60,913870,238,,,,7085.1733,,688.7945,8d34091d-4760-45c7-8936-f86ccbfaaeba.extra_data.json,jBfEgmLJSx,2800,com.sec.android.app.shealth,6452076,15720000,8d34091d-4760-45c7-8936-f86ccbfaaeba,2020-03-25 00:00:00.000,
,,,,1760,,1154916,,0,,2020-03-25 20:25:19.086,,2020-03-25 20:24:28.404,,,,60,60000,31,,,,1312.9922,,65.45,fd242ac8-3cb4-4f3d-8b39-fac3487b5480.extra_data.json,jBfEgmLJSx,2400,com.sec.android.app.shealth,1152516,49560000,fd242ac8-3cb4-4f3d-8b39-fac3487b5480,2020-02-27 00:00:00.000,
,,,,1846,,2473649,,1324960,,2020-03-25 20:25:19.174,,2020-03-25 20:24:28.550,,,,60,1324960,66,,,,1384.4833,,275.41006,0dc7ab86-bf47-4703-a007-e3e7cde99ae6.extra_data.json,jBfEgmLJSx,12260,com.sec.android.app.shealth,1136429,32880000,0dc7ab86-bf47-4703-a007-e3e7cde99ae6,2020-02-28 00:00:00.000,
,,,,2673,,1821816,,0,,2020-03-25 20:25:19.253,,2020-03-25 20:24:28.606,,,,60,771710,50,,,,2067.6118,,94.09782,e7cd6b14-7162-45b9-b8a2-b612680b4af3.extra_data.json,jBfEgmLJSx,3915,com.sec.android.app.shealth,1817901,27420000,e7cd6b14-7162-45b9-b8a2-b612680b4af3,2020-02-29 00:00:00.000,
,,,,1951,,1253482,,0,,2020-03-25 20:25:19.317,,2020-03-25 20:24:28.702,,,,60,120000,33,,,,1473.2798,,68.11001,5855bc08-21aa-4c1c-a842-b386e2a84aa1.extra_data.json,jBfEgmLJSx,2400,com.sec.android.app.shealth,1251082,26760000,5855bc08-21aa-4c1c-a842-b386e2a84aa1,2020-03-01 00:00:00.000,
,,,,0,,0,,0,,2020-03-25 20:25:19.368,,2020-03-25 20:24:28.753,,,,60,0,0,,,,0.0,,0.0,8703c8e6-6932-4729-aea2-f2addc2a39c8.extra_data.json,jBfEgmLJSx,0,com.sec.android.app.shealth,0,-1,8703c8e6-6932-4729-aea2-f2addc2a39c8,2020-03-02 00:00:00.000,
,,,,3170,,2056457,,0,,2020-03-25 20:25:19.429,,2020-03-25 20:24:28.827,,,,60,120000,56,,,,2360.519,,113.96999,36240b81-e337-4e02-ba45-46e124e20412.extra_data.json,jBfEgmLJSx,8400,com.sec.android.app.shealth,2048057,19140000,36240b81-e337-4e02-ba45-46e124e20412,2020-03-03 00:00:00.000,
,,,,3234,,2138444,,0,,2020-03-25 20:25:19.492,,2020-03-25 20:24:28.961,,,,60,60000,58,,,,2386.198,,117.52098,d8742a81-2878-4cd0-9513-7879899adbf1.extra_data.json,jBfEgmLJSx,2800,com.sec.android.app.shealth,2135644,23699999,d8742a81-2878-4cd0-9513-7879899adbf1,2020-03-04 00:00:00.000,
,,,,2222,,1467469,,0,,2020-03-25 20:25:19.566,,2020-03-25 20:24:29.013,,,,60,120000,40,,,,1679.3369,,81.770004,c3ad28f3-91cb-4e3f-8d29-86f4a3b92131.extra_data.json,jBfEgmLJSx,8800,com.sec.android.app.shealth,1458669,21240000,c3ad28f3-91cb-4e3f-8d29-86f4a3b92131,2020-03-05 00:00:00.000,
,,,,3604,,2354166,,0,,2020-03-25 20:25:19.809,,2020-03-25 20:24:29.058,,,,60,240000,65,,,,2705.0708,,127.22102,f1bef141-7e6a-4367-b1be-06b9cfc9336f.extra_data.json,jBfEgmLJSx,1200,com.sec.android.app.shealth,2352966,23400000,f1bef141-7e6a-4367-b1be-06b9cfc9336f,2020-03-06 00:00:00.000,
,,,,777,,1089858,,600000,,2020-03-25 20:25:20.054,,2020-03-25 20:24:29.127,,,,60,600000,30,,,,579.85,,113.2,65cef984-232e-4fc4-a4a7-73ed271e4d65.extra_data.json,jBfEgmLJSx,400,com.sec.android.app.shealth,489458,31439999,65cef984-232e-4fc4-a4a7-73ed271e4d65,2020-03-07 00:00:00.000,
,,,,0,,0,,0,,2020-03-25 20:25:20.354,,2020-03-25 20:24:29.233,,,,60,0,0,,,,0.0,,0.0,c7c64111-e583-4e13-91fe-70e7f264a60b.extra_data.json,jBfEgmLJSx,0,com.sec.android.app.shealth,0,-1,c7c64111-e583-4e13-91fe-70e7f264a60b,2020-03-08 00:00:00.000,
,,,,0,,0,,0,,2020-03-25 20:25:20.631,,2020-03-25 20:24:29.288,,,,60,0,0,,,,0.0,,0.0,ce57b361-2498-488b-8055-fed38f80028f.extra_data.json,jBfEgmLJSx,0,com.sec.android.app.shealth,0,-1,ce57b361-2498-488b-8055-fed38f80028f,2020-03-09 00:00:00.000,
,,,,2873,,1876116,,0,,2020-03-25 20:25:20.881,,2020-03-25 20:24:29.324,,,,60,120000,51,,,,2164.6243,,102.88,08f8589a-7d00-48e2-aa1e-47af4f7ace3d.extra_data.json,jBfEgmLJSx,10000,com.sec.android.app.shealth,1866116,14940000,08f8589a-7d00-48e2-aa1e-47af4f7ace3d,2020-03-10 00:00:00.000,
,,,,1596,,1029001,,0,,2020-03-25 20:25:21.120,,2020-03-25 20:24:29.366,,,,60,120000,28,,,,1194.287,,55.409992,52c9827d-62b6-4596-98f0-4d67a98ebcdd.extra_data.json,jBfEgmLJSx,0,com.sec.android.app.shealth,1029001,49560000,52c9827d-62b6-4596-98f0-4d67a98ebcdd,2020-03-11 00:00:00.000,
,,,,4656,,3033273,,0,,2020-03-25 20:25:21.219,,2020-03-25 20:24:29.404,,,,60,120000,83,,,,3497.324,,166.76999,a435e685-9ac6-4603-b6cb-548a09e3d263.extra_data.json,jBfEgmLJSx,6000,com.sec.android.app.shealth,3027273,15420000,a435e685-9ac6-4603-b6cb-548a09e3d263,2020-03-12 00:00:00.000,
,,,,2611,,1689564,,0,,2020-03-25 20:25:21.437,,2020-03-25 20:24:29.467,,,,60,120000,46,,,,1959.44,,91.969986,297ba2f7-1616-4812-b5fa-4b9f1c0c0c6b.extra_data.json,jBfEgmLJSx,7600,com.sec.android.app.shealth,1681964,23580000,297ba2f7-1616-4812-b5fa-4b9f1c0c0c6b,2020-03-13 00:00:00.000,
,,,,991,,645460,,0,,2020-03-25 20:25:21.591,,2020-03-25 20:24:29.526,,,,60,60000,16,,,,747.286,,36.34,061deb3f-24b7-435b-bb6a-8d25ea5e3e68.extra_data.json,jBfEgmLJSx,5200,com.sec.android.app.shealth,640260,65699999,061deb3f-24b7-435b-bb6a-8d25ea5e3e68,2020-03-14 00:00:00.000,
,,,,0,,0,,0,,2020-03-25 20:25:21.705,,2020-03-25 20:24:29.560,,,,60,0,0,,,,0.0,,0.0,3aef9d40-a63b-4434-9de7-48d27c8e6f15.extra_data.json,jBfEgmLJSx,0,com.sec.android.app.shealth,0,-1,3aef9d40-a63b-4434-9de7-48d27c8e6f15,2020-03-15 00:00:00.000,
,,,,4780,,3187492,,0,,2020-03-25 20:25:21.869,,2020-03-25 20:24:29.611,,,,60,1499980,86,,,,3668.7253,,173.76059,987e5b2b-9684-401c-b160-df7f418175bd.extra_data.json,jBfEgmLJSx,12400,com.sec.android.app.shealth,3175092,29820000,987e5b2b-9684-401c-b160-df7f418175bd,2020-03-16 00:00:00.000,
,,,,2869,,1856177,,0,,2020-03-25 20:25:22.012,,2020-03-25 20:24:29.656,,,,60,60000,50,,,,2225.8796,,108.32,d619a819-46d8-4794-b68d-b1adb0b43416.extra_data.json,jBfEgmLJSx,14800,com.sec.android.app.shealth,1841377,32580000,d619a819-46d8-4794-b68d-b1adb0b43416,2020-03-17 00:00:00.000,
,,,,4989,,3327865,,0,,2020-03-25 20:25:22.105,,2020-03-25 20:24:29.690,,,,60,1201170,91,,,,3827.518,,173.1892,9caacd81-98d5-4828-8e04-3de6a69e3272.extra_data.json,jBfEgmLJSx,1600,com.sec.android.app.shealth,3326265,33120000,9caacd81-98d5-4828-8e04-3de6a69e3272,2020-03-18 00:00:00.000,
,,,,1051,,656655,,0,,2020-03-25 20:25:22.294,,2020-03-25 20:24:29.725,,,,60,60000,16,,,,967.3411,,50.15,9d5395fd-eae9-4ba9-9650-dcc7561abc5e.extra_data.json,jBfEgmLJSx,26400,com.sec.android.app.shealth,630255,16620000,9d5395fd-eae9-4ba9-9650-dcc7561abc5e,2020-03-19 00:00:00.000,
,,,,1435,,918812,,0,,2020-03-25 20:25:22.384,,2020-03-25 20:24:29.772,,,,60,120000,25,,,,1100.059,,50.750004,986926ab-9b61-4074-8522-53adca3416d4.extra_data.json,jBfEgmLJSx,1200,com.sec.android.app.shealth,917612,38399999,986926ab-9b61-4074-8522-53adca3416d4,2020-03-20 00:00:00.000,
,,,,1034,,689144,,0,,2020-03-25 20:25:22.607,,2020-03-25 20:24:29.823,,,,60,60000,18,,,,780.1099,,36.640003,7de692b0-1e63-4fcc-b01d-34b532bda3f2.extra_data.json,jBfEgmLJSx,800,com.sec.android.app.shealth,688344,27720000,7de692b0-1e63-4fcc-b01d-34b532bda3f2,2020-03-21 00:00:00.000,
,,,,0,,0,,0,,2020-03-25 20:25:22.789,,2020-03-25 20:24:29.857,,,,60,0,0,,,,0.0,,0.0,3addc34c-c9a8-4cab-919c-0b49497b8915.extra_data.json,jBfEgmLJSx,0,com.sec.android.app.shealth,0,-1,3addc34c-c9a8-4cab-919c-0b49497b8915,2020-03-22 00:00:00.000,
,,,,706,,451499,,0,,2020-03-25 20:25:22.935,,2020-03-25 20:24:29.893,,,,60,180000,11,,,,524.66003,,24.810001,ad683e9f-ff15-465c-90de-4a787a9383d9.extra_data.json,jBfEgmLJSx,0,com.sec.android.app.shealth,451499,76440000,ad683e9f-ff15-465c-90de-4a787a9383d9,2020-03-23 00:00:00.000,
,,,,2337,,1527974,,0,,2020-03-25 20:25:23.014,,2020-03-25 20:24:29.940,,,,60,60000,41,,,,1754.7095,,83.24001,b2140bb7-1fac-42d0-abc2-e9bcf7c43c72.extra_data.json,jBfEgmLJSx,6000,com.sec.android.app.shealth,1521974,16620000,b2140bb7-1fac-42d0-abc2-e9bcf7c43c72,2020-03-24 00:00:00.000,
,,,,15259,,9983817,,0,,2019-11-02 09:16:38.185,,2019-11-02 07:00:02.109,,,,60,240000,275,,,,10779.206,,792.21265,4a242047-d891-4b18-a35d-7f0774eb83cf.extra_data.json,rkSVQ0chfP,45600,com.sec.android.app.shealth,9938217,11220000,4a242047-d891-4b18-a35d-7f0774eb83cf,2019-11-01 00:00:00.000,
,,,,4424,,2786121,,0,,2019-10-12 05:55:26.738,,2019-10-11 04:00:00.459,,,,60,180000,76,,,,3559.7676,,267.7446,c988da0d-229a-4bfb-873f-ed532c591948.extra_data.json,rkSVQ0chfP,82498,com.sec.android.app.shealth,2703623,13140000,c988da0d-229a-4bfb-873f-ed532c591948,2019-10-11 00:00:00.000,
,,,,6982,,4906753,,616220,,2019-10-19 08:35:11.479,,2019-10-18 06:00:00.445,,,,60,685680,135,,,,4954.1694,,444.19647,387d0b80-9d71-4e38-b44c-3d3fd4e59c9f.extra_data.json,rkSVQ0chfP,56800,com.sec.android.app.shealth,4233733,9120000,387d0b80-9d71-4e38-b44c-3d3fd4e59c9f,2019-10-18 00:00:00.000,
,,,,0,,0,,0,,2019-10-10 02:46:23.589,,2019-10-10 02:46:23.589,,,,-1,0,0,,,,0.0,,0.0,15c55cfe-e37b-449d-a323-ec54af1982a9.extra_data.json,rkSVQ0chfP,0,com.sec.android.app.shealth,0,-1,15c55cfe-e37b-449d-a323-ec54af1982a9,2019-09-26 00:00:00.000,
,,,,0,,0,,0,,2019-10-10 02:46:22.733,,2019-10-10 02:46:22.733,,,,-1,0,0,,,,0.0,,0.0,a8e60e82-4f2f-4249-b9c1-63c162f2f17c.extra_data.json,rkSVQ0chfP,0,com.sec.android.app.shealth,0,-1,a8e60e82-4f2f-4249-b9c1-63c162f2f17c,2019-09-17 00:00:00.000,
,,,,0,,0,,0,,2019-10-10 02:46:22.070,,2019-10-10 02:46:22.070,,,,-1,0,0,,,,0.0,,0.0,f68ef561-3bac-4a3d-af00-3cafb71f2220.extra_data.json,rkSVQ0chfP,0,com.sec.android.app.shealth,0,-1,f68ef561-3bac-4a3d-af00-3cafb71f2220,2019-09-12 00:00:00.000,
,,,,6632,,4385826,,0,,2019-11-01 07:15:46.500,,2019-10-31 07:00:01.116,,,,60,180000,120,,,,4603.483,,342.88504,e4fba3c5-3159-4d69-89a1-3a26e863b466.extra_data.json,rkSVQ0chfP,18400,com.sec.android.app.shealth,4367426,34200000,e4fba3c5-3159-4d69-89a1-3a26e863b466,2019-10-31 00:00:00.000,
,,,,0,,0,,0,,2019-10-10 02:46:23.857,,2019-10-10 02:46:23.857,,,,-1,0,0,,,,0.0,,0.0,ef7bb7bc-33fd-4989-bc0a-2e6021437fbf.extra_data.json,rkSVQ0chfP,0,com.sec.android.app.shealth,0,-1,ef7bb7bc-33fd-4989-bc0a-2e6021437fbf,2019-09-29 00:00:00.000,
,,,,0,,0,,0,,2019-10-10 02:46:22.827,,2019-10-10 02:46:22.827,,,,-1,0,0,,,,0.0,,0.0,ea7d08be-23cc-4380-93cc-b95a93e7ac60.extra_data.json,rkSVQ0chfP,0,com.sec.android.app.shealth,0,-1,ea7d08be-23cc-4380-93cc-b95a93e7ac60,2019-09-18 00:00:00.000,
,,,,4663,,3078291,,0,,2019-11-05 06:55:21.084,,2019-11-04 08:05:59.375,,,,60,120000,85,,,,3323.0955,,245.63171,5ea54e44-5cdc-4ae1-9cee-68db69084d6c.extra_data.json,rkSVQ0chfP,1600,com.sec.android.app.shealth,3076691,17460000,5ea54e44-5cdc-4ae1-9cee-68db69084d6c,2019-11-04 00:00:00.000,
,,,,6942,,4502311,,0,,2019-10-24 04:35:26.910,,2019-10-23 04:00:00.580,,,,60,180000,123,,,,5360.5146,,393.67346,17f80a59-8c6c-47f6-aa77-1f87bb259d44.extra_data.json,rkSVQ0chfP,77653,com.sec.android.app.shealth,4424658,10200000,17f80a59-8c6c-47f6-aa77-1f87bb259d44,2019-10-23 00:00:00.000,
,,,,2030,,1287646,,0,,2019-10-11 00:35:28.988,,2019-10-10 04:00:00.290,,,,60,120000,33,,,,1533.3381,,103.9641,60b2526f-be89-46a5-bce4-9b592039e6b8.extra_data.json,rkSVQ0chfP,35200,com.sec.android.app.shealth,1252446,18720000,60b2526f-be89-46a5-bce4-9b592039e6b8,2019-10-10 00:00:00.000,
,,,,0,,0,,0,,2019-10-10 02:46:24.901,,2019-10-10 02:46:24.901,,,,-1,0,0,,,,0.0,,0.0,f599b678-5011-452b-bdf4-94d1cf8c7ed8.extra_data.json,rkSVQ0chfP,0,com.sec.android.app.shealth,0,-1,f599b678-5011-452b-bdf4-94d1cf8c7ed8,2019-10-07 00:00:00.000,
,,,,0,,0,,0,,2019-10-10 02:46:23.402,,2019-10-10 02:46:23.402,,,,-1,0,0,,,,0.0,,0.0,0ebc6c70-de96-4087-9264-23a7b0e3a38c.extra_data.json,rkSVQ0chfP,0,com.sec.android.app.shealth,0,-1,0ebc6c70-de96-4087-9264-23a7b0e3a38c,2019-09-24 00:00:00.000,
,,,,8497,,5483352,,0,,2019-10-25 04:22:04.503,,2019-10-24 04:00:00.858,,,,60,60000,150,,,,7160.941,,550.9828,0dbe0211-f6f8-4433-b9f9-ffb1db7162aa.extra_data.json,rkSVQ0chfP,223600,com.sec.android.app.shealth,5259752,7860000,0dbe0211-f6f8-4433-b9f9-ffb1db7162aa,2019-10-24 00:00:00.000,
,,,,4898,,3171830,,0,,2019-10-23 06:35:19.209,,2019-10-22 04:00:00.133,,,,60,180000,86,,,,3651.2607,,271.7543,870c6015-6ade-40ef-bb9a-4f773d91ff57.extra_data.json,rkSVQ0chfP,37200,com.sec.android.app.shealth,3134630,28560000,870c6015-6ade-40ef-bb9a-4f773d91ff57,2019-10-22 00:00:00.000,
,,,,3638,,2342830,,0,,2019-10-20 03:15:00.736,,2019-10-19 07:00:00.662,,,,60,180000,63,,,,2657.6045,,201.21272,c26e40be-bbbc-440d-a290-d302a9f87241.extra_data.json,rkSVQ0chfP,22000,com.sec.android.app.shealth,2320830,13620000,c26e40be-bbbc-440d-a290-d302a9f87241,2019-10-19 00:00:00.000,
,,,,0,,0,,0,,2019-10-10 02:46:23.346,,2019-10-10 02:46:23.346,,,,-1,0,0,,,,0.0,,0.0,d08f63f7-3dc4-4839-9a53-9f7776859602.extra_data.json,rkSVQ0chfP,0,com.sec.android.app.shealth,0,-1,d08f63f7-3dc4-4839-9a53-9f7776859602,2019-09-23 00:00:00.000,
,,,,4809,,3186087,,0,,2019-10-29 07:55:39.534,,2019-10-28 07:00:00.414,,,,60,60000,86,,,,3296.719,,249.53975,46990f37-c28a-450a-adc3-2471be5661ef.extra_data.json,rkSVQ0chfP,17200,com.sec.android.app.shealth,3168887,10080000,46990f37-c28a-450a-adc3-2471be5661ef,2019-10-28 00:00:00.000,
,,,,3277,,2184795,,0,,2019-11-03 06:15:21.926,,2019-11-02 07:00:01.738,,,,60,120000,60,,,,2245.0723,,168.94226,def2ef35-06a1-4a13-a17a-d50e51d6b592.extra_data.json,rkSVQ0chfP,400,com.sec.android.app.shealth,2184395,15480000,def2ef35-06a1-4a13-a17a-d50e51d6b592,2019-11-02 00:00:00.000,
,,,,3639,,2370397,,0,,2019-10-16 06:35:29.918,,2019-10-15 04:39:13.890,,,,60,120000,65,,,,2904.9187,,224.39421,918b92be-8022-499f-9f69-8c5cd65e5ddd.extra_data.json,rkSVQ0chfP,62000,com.sec.android.app.shealth,2308397,15300000,918b92be-8022-499f-9f69-8c5cd65e5ddd,2019-10-15 00:00:00.000,
,,,,6923,,4654158,,0,,2019-11-08 08:55:12.834,,2019-11-07 07:00:00.889,,,,60,851840,128,,,,4940.1196,,363.82568,5eee8f9f-ca42-4c85-b150-d01805614ea8.extra_data.json,rkSVQ0chfP,17200,com.sec.android.app.shealth,4636958,24480000,5eee8f9f-ca42-4c85-b150-d01805614ea8,2019-11-07 00:00:00.000,
,,,,0,,0,,0,,2019-10-10 02:46:23.498,,2019-10-10 02:46:23.498,,,,-1,0,0,,,,0.0,,0.0,10a270ee-1165-4ae1-a225-d3333c417b12.extra_data.json,rkSVQ0chfP,0,com.sec.android.app.shealth,0,-1,10a270ee-1165-4ae1-a225-d3333c417b12,2019-09-25 00:00:00.000,
,,,,2566,,1682393,,0,,2019-11-04 08:37:24.153,,2019-11-03 07:00:00.574,,,,60,60000,45,,,,1745.0303,,131.26822,ced38304-4438-4757-a6c4-df6e2e11e99b.extra_data.json,rkSVQ0chfP,2400,com.sec.android.app.shealth,1679993,19800000,ced38304-4438-4757-a6c4-df6e2e11e99b,2019-11-03 00:00:00.000,
,,,,0,,0,,0,,2019-10-10 02:46:23.080,,2019-10-10 02:46:23.080,,,,-1,0,0,,,,0.0,,0.0,fc6b102a-15ef-40ff-af86-35df0e0747b5.extra_data.json,rkSVQ0chfP,0,com.sec.android.app.shealth,0,-1,fc6b102a-15ef-40ff-af86-35df0e0747b5,2019-09-20 00:00:00.000,
,,,,0,,0,,0,,2019-10-10 02:46:22.163,,2019-10-10 02:46:22.163,,,,-1,0,0,,,,0.0,,0.0,d3f6d535-8ad5-4b9e-9e92-3f860b48fdfe.extra_data.json,rkSVQ0chfP,0,com.sec.android.app.shealth,0,-1,d3f6d535-8ad5-4b9e-9e92-3f860b48fdfe,2019-09-13 00:00:00.000,
,,,,0,,0,,0,,2019-10-10 02:46:24.649,,2019-10-10 02:46:24.649,,,,-1,0,0,,,,0.0,,0.0,97857eea-747c-4a0c-ae1b-e206406e6301.extra_data.json,rkSVQ0chfP,0,com.sec.android.app.shealth,0,-1,97857eea-747c-4a0c-ae1b-e206406e6301,2019-10-06 00:00:00.000,
,,,,0,,0,,0,,2019-10-10 02:46:22.527,,2019-10-10 02:46:22.527,,,,-1,0,0,,,,0.0,,0.0,0ab51663-39b5-45d3-a560-839c4a04fdc3.extra_data.json,rkSVQ0chfP,0,com.sec.android.app.shealth,0,-1,0ab51663-39b5-45d3-a560-839c4a04fdc3,2019-09-16 00:00:00.000,
,,,,0,,0,,0,,2019-10-10 02:46:24.541,,2019-10-10 02:46:24.541,,,,-1,0,0,,,,0.0,,0.0,651ee9d5-341a-443b-8d35-d9dc46b6162d.extra_data.json,rkSVQ0chfP,0,com.sec.android.app.shealth,0,-1,651ee9d5-341a-443b-8d35-d9dc46b6162d,2019-10-05 00:00:00.000,
,,,,5211,,3348476,,0,,2019-10-28 08:35:21.129,,2019-10-27 05:00:00.927,,,,60,60000,91,,,,4071.6096,,316.12067,b004bfda-4e15-4c5a-9917-b6ea526bc903.extra_data.json,rkSVQ0chfP,75200,com.sec.android.app.shealth,3273276,6600000,b004bfda-4e15-4c5a-9917-b6ea526bc903,2019-10-27 00:00:00.000,
,,,,44,,29348,,0,,2019-11-08 08:57:21.733,,2019-11-08 07:00:01.945,,,,60,12006,0,,,,32.066425,,2.2455554,5508b85f-4257-4c55-a87a-6d30e2f004c9.extra_data.json,rkSVQ0chfP,0,com.sec.android.app.shealth,29348,3300000,5508b85f-4257-4c55-a87a-6d30e2f004c9,2019-11-08 00:00:00.000,
,,,,0,,0,,0,,2019-10-10 02:46:23.664,,2019-10-10 02:46:23.664,,,,-1,0,0,,,,0.0,,0.0,ad20525f-8bf0-444f-a8f8-bd1e055b0c95.extra_data.json,rkSVQ0chfP,0,com.sec.android.app.shealth,0,-1,ad20525f-8bf0-444f-a8f8-bd1e055b0c95,2019-09-27 00:00:00.000,
,,,,12222,,7733268,,0,,2019-10-21 05:35:19.365,,2019-10-20 06:00:00.594,,,,60,180000,213,,,,10221.208,,742.7602,5b062cef-3dd5-4edf-9202-66d76565338c.extra_data.json,rkSVQ0chfP,272043,com.sec.android.app.shealth,7461225,9120000,5b062cef-3dd5-4edf-9202-66d76565338c,2019-10-20 00:00:00.000,
,,,,0,,0,,0,,2019-10-10 02:46:24.045,,2019-10-10 02:46:24.045,,,,-1,0,0,,,,0.0,,0.0,8559fdbd-66d3-4f19-bc51-4f68cecd3509.extra_data.json,rkSVQ0chfP,0,com.sec.android.app.shealth,0,-1,8559fdbd-66d3-4f19-bc51-4f68cecd3509,2019-10-01 00:00:00.000,
,,,,7740,,5119736,,0,,2019-10-30 08:35:37.796,,2019-10-29 07:00:03.796,,,,60,120000,141,,,,5409.037,,402.07895,49cb61e0-118b-4564-95ac-3ffb9bfc0f1a.extra_data.json,rkSVQ0chfP,12000,com.sec.android.app.shealth,5107736,7860000,49cb61e0-118b-4564-95ac-3ffb9bfc0f1a,2019-10-29 00:00:00.000,
,,,,0,,0,,0,,2019-10-10 02:46:24.227,,2019-10-10 02:46:24.227,,,,-1,0,0,,,,0.0,,0.0,99d14bc1-73cf-4125-9402-ff7f46154fc6.extra_data.json,rkSVQ0chfP,0,com.sec.android.app.shealth,0,-1,99d14bc1-73cf-4125-9402-ff7f46154fc6,2019-10-03 00:00:00.000,
,,,,6031,,4013141,,0,,2019-11-06 08:55:16.725,,2019-11-05 07:00:01.406,,,,60,120000,110,,,,4320.0146,,314.76096,fbb4b81b-e4d1-46be-8c8c-7080aa49e05d.extra_data.json,rkSVQ0chfP,9200,com.sec.android.app.shealth,4003941,11940000,fbb4b81b-e4d1-46be-8c8c-7080aa49e05d,2019-11-05 00:00:00.000,
,,,,3029,,1972104,,0,,2019-10-27 06:15:26.344,,2019-10-26 05:00:00.713,,,,60,180000,53,,,,2237.7253,,167.62215,035a3cfe-0001-45b7-88d3-1de0262021ed.extra_data.json,rkSVQ0chfP,10781,com.sec.android.app.shealth,1961323,25440000,035a3cfe-0001-45b7-88d3-1de0262021ed,2019-10-26 00:00:00.000,
,,,,4307,,2833601,,0,,2019-10-15 05:55:11.725,,2019-10-14 04:00:00.615,,,,60,120000,78,,,,3415.9343,,265.01978,8747165c-7c43-4db7-ac4d-a1d61dfc0f76.extra_data.json,rkSVQ0chfP,10400,com.sec.android.app.shealth,2823201,19860000,8747165c-7c43-4db7-ac4d-a1d61dfc0f76,2019-10-14 00:00:00.000,
,,,,764,,508253,,0,,2019-11-07 07:00:01.142,,2019-11-06 07:00:00.581,,,,60,51359,13,,,,645.2196,,47.08764,25a71cc6-a3af-48d6-9169-0738635465a3.extra_data.json,rkSVQ0chfP,2000,com.sec.android.app.shealth,506253,41220000,25a71cc6-a3af-48d6-9169-0738635465a3,2019-11-06 00:00:00.000,
,,,,5467,,3446336,,0,,2019-10-17 03:15:26.436,,2019-10-16 05:00:00.408,,,,60,300000,95,,,,4092.8008,,302.28757,0c149d32-e942-4640-820a-30fa4b294eb0.extra_data.json,rkSVQ0chfP,64058,com.sec.android.app.shealth,3382278,11640000,0c149d32-e942-4640-820a-30fa4b294eb0,2019-10-16 00:00:00.000,
,,,,7925,,4941538,,0,,2019-10-14 04:15:10.269,,2019-10-13 04:00:00.894,,,,60,240000,135,,,,7519.0366,,623.10504,9f9203a5-cd62-47c1-b53e-b57716c9354b.extra_data.json,rkSVQ0chfP,343926,com.sec.android.app.shealth,4597612,7440000,9f9203a5-cd62-47c1-b53e-b57716c9354b,2019-10-13 00:00:00.000,
,,,,6887,,4496512,,0,,2019-10-13 04:55:15.484,,2019-10-12 04:00:00.631,,,,60,120000,123,,,,5355.2134,,393.9335,7fe92705-5d34-4704-b148-76aa29f8508f.extra_data.json,rkSVQ0chfP,84385,com.sec.android.app.shealth,4412127,5220000,7fe92705-5d34-4704-b148-76aa29f8508f,2019-10-12 00:00:00.000,
,,,,6837,,4407898,,0,,2019-10-18 06:35:10.367,,2019-10-17 05:11:42.685,,,,60,480000,120,,,,5676.5234,,424.32657,7a5953dd-6343-47a9-844b-8f4aa16fa9f9.extra_data.json,rkSVQ0chfP,96800,com.sec.android.app.shealth,4311098,5820000,7a5953dd-6343-47a9-844b-8f4aa16fa9f9,2019-10-17 00:00:00.000,
,,,,0,,0,,0,,2019-10-10 02:46:23.935,,2019-10-10 02:46:23.935,,,,-1,0,0,,,,0.0,,0.0,e29269cd-b7c4-4be0-a7fd-c3219260e421.extra_data.json,rkSVQ0chfP,0,com.sec.android.app.shealth,0,-1,e29269cd-b7c4-4be0-a7fd-c3219260e421,2019-09-30 00:00:00.000,
,,,,0,,0,,0,,2019-10-10 02:46:24.111,,2019-10-10 02:46:24.111,,,,-1,0,0,,,,0.0,,0.0,fc09dd1f-76e6-403b-952d-77837b359896.extra_data.json,rkSVQ0chfP,0,com.sec.android.app.shealth,0,-1,fc09dd1f-76e6-403b-952d-77837b359896,2019-10-02 00:00:00.000,
,,,,0,,0,,0,,2019-10-10 02:46:22.932,,2019-10-10 02:46:22.932,,,,-1,0,0,,,,0.0,,0.0,8d63453b-aa1e-48c1-80ef-a773d67ae741.extra_data.json,rkSVQ0chfP,0,com.sec.android.app.shealth,0,-1,8d63453b-aa1e-48c1-80ef-a773d67ae741,2019-09-19 00:00:00.000,
,,,,0,,0,,0,,2019-10-10 02:46:23.163,,2019-10-10 02:46:23.163,,,,-1,0,0,,,,0.0,,0.0,b55de498-8d5b-48a9-8fcd-f4124c564aa0.extra_data.json,rkSVQ0chfP,0,com.sec.android.app.shealth,0,-1,b55de498-8d5b-48a9-8fcd-f4124c564aa0,2019-09-21 00:00:00.000,
,,,,4397,,2908262,,0,,2019-10-31 07:16:58.194,,2019-10-30 07:00:01.110,,,,60,120000,80,,,,2979.2168,,226.08162,609ddf67-ef02-40c2-bb71-b2fbcef5dcbc.extra_data.json,rkSVQ0chfP,11382,com.sec.android.app.shealth,2896880,16440000,609ddf67-ef02-40c2-bb71-b2fbcef5dcbc,2019-10-30 00:00:00.000,
,,,,0,,0,,0,,2019-10-10 02:46:22.393,,2019-10-10 02:46:22.393,,,,-1,0,0,,,,0.0,,0.0,e0914d3b-f226-4929-8532-7ab894d9f9d7.extra_data.json,rkSVQ0chfP,0,com.sec.android.app.shealth,0,-1,e0914d3b-f226-4929-8532-7ab894d9f9d7,2019-09-15 00:00:00.000,
,,,,0,,0,,0,,2019-10-10 02:46:22.289,,2019-10-10 02:46:22.289,,,,-1,0,0,,,,0.0,,0.0,7ddbea8d-939e-4705-9b7d-ef6f7e58b34d.extra_data.json,rkSVQ0chfP,0,com.sec.android.app.shealth,0,-1,7ddbea8d-939e-4705-9b7d-ef6f7e58b34d,2019-09-14 00:00:00.000,
,,,,0,,0,,0,,2019-10-10 02:46:24.385,,2019-10-10 02:46:24.385,,,,-1,0,0,,,,0.0,,0.0,70f7840b-473e-497c-86c2-46567a657ef4.extra_data.json,rkSVQ0chfP,0,com.sec.android.app.shealth,0,-1,70f7840b-473e-497c-86c2-46567a657ef4,2019-10-04 00:00:00.000,
,,,,0,,0,,0,,2019-10-10 02:46:25.178,,2019-10-10 02:46:25.178,,,,-1,0,0,,,,0.0,,0.0,7ab913c3-aec0-45f0-a2b4-6943ec1185cc.extra_data.json,rkSVQ0chfP,0,com.sec.android.app.shealth,0,-1,7ab913c3-aec0-45f0-a2b4-6943ec1185cc,2019-10-08 00:00:00.000,
,,,,0,,0,,0,,2019-10-10 02:46:23.231,,2019-10-10 02:46:23.231,,,,-1,0,0,,,,0.0,,0.0,b9ecb525-3166-4f56-9855-02c4431e138d.extra_data.json,rkSVQ0chfP,0,com.sec.android.app.shealth,0,-1,b9ecb525-3166-4f56-9855-02c4431e138d,2019-09-22 00:00:00.000,
,,,,7465,,4815736,,0,,2019-10-26 04:15:19.540,,2019-10-25 05:00:01.158,,,,60,120000,131,,,,5987.2554,,438.25867,4943b434-2f78-4a6d-9951-3c3553038a09.extra_data.json,rkSVQ0chfP,90661,com.sec.android.app.shealth,4725075,17280000,4943b434-2f78-4a6d-9951-3c3553038a09,2019-10-25 00:00:00.000,
,,,,0,,0,,0,,2019-10-10 02:46:23.757,,2019-10-10 02:46:23.757,,,,-1,0,0,,,,0.0,,0.0,0d4fb40d-2876-4cd2-8f21-b201ca1edb9e.extra_data.json,rkSVQ0chfP,0,com.sec.android.app.shealth,0,-1,0d4fb40d-2876-4cd2-8f21-b201ca1edb9e,2019-09-28 00:00:00.000,
,,,,8558,,5520426,,0,,2019-10-22 18:00:36.061,,2019-10-21 05:00:00.569,,,,60,180000,151,,,,6425.918,,468.6555,df63428d-cc0d-44d8-8fb6-145371247ca8.extra_data.json,rkSVQ0chfP,75247,com.sec.android.app.shealth,5445179,29220000,df63428d-cc0d-44d8-8fb6-145371247ca8,2019-10-21 00:00:00.000,
,,,,1831,,1192416,,0,,2019-10-10 03:44:50.067,,2019-10-10 02:46:21.801,,,,60,180000,31,,,,1169.7104,,57.711372,8786e3fa-3d1d-4727-8832-c04f92c7bb1b.extra_data.json,rkSVQ0chfP,798,com.sec.android.app.shealth,1191618,63840000,8786e3fa-3d1d-4727-8832-c04f92c7bb1b,2019-10-09 00:00:00.000,
,,,,4756,,3152148,,0,,2020-03-27 07:58:26.010,,2020-03-26 07:00:00.436,,,,60,678710,86,,,,3586.1648,,175.51425,4285526c-6b84-43f0-9b02-4d5fb22ade86.extra_data.json,jBfEgmLJSx,10400,com.sec.android.app.shealth,3141748,28560000,4285526c-6b84-43f0-9b02-4d5fb22ade86,2020-03-26 00:00:00.000,
,,,,10043,,6651906,,0,,2020-03-28 07:15:14.202,,2020-03-27 07:00:00.421,,,,60,1121460,183,,,,7501.1665,,366.59048,a55bd5ac-3357-4446-9355-feef7a6c5762.extra_data.json,jBfEgmLJSx,44679,com.sec.android.app.shealth,6607227,30000000,a55bd5ac-3357-4446-9355-feef7a6c5762,2020-03-27 00:00:00.000,
,,,,5853,,4107398,,0,,2020-03-29 02:35:06.029,,2020-03-28 07:00:00.432,,,,60,1674660,113,,,,4370.696,,209.94249,796bb072-2f54-4221-87e1-a5ab2607a359.extra_data.json,jBfEgmLJSx,2000,com.sec.android.app.shealth,4105398,40440000,796bb072-2f54-4221-87e1-a5ab2607a359,2020-03-28 00:00:00.000,
,,,,9716,,6685976,,0,,2020-03-30 02:55:10.115,,2020-03-29 07:00:00.403,,,,60,3252600,185,,,,7335.799,,357.36316,df4bb6a9-8024-41ad-a74d-0ee731aee1de.extra_data.json,jBfEgmLJSx,4800,com.sec.android.app.shealth,6681176,26040000,df4bb6a9-8024-41ad-a74d-0ee731aee1de,2020-03-29 00:00:00.000,
,,,,3821,,2495624,,0,,2020-03-31 14:35:41.547,,2020-03-30 07:00:00.585,,,,60,900000,68,,,,2772.5,,150.80002,4f963d24-6356-40cc-bbd8-ccd5f3ad8b22.extra_data.json,jBfEgmLJSx,400,com.sec.android.app.shealth,2495224,25680000,4f963d24-6356-40cc-bbd8-ccd5f3ad8b22,2020-03-30 00:00:00.000,
,,,,6721,,4418913,,0,,2020-04-01 07:02:58.048,,2020-03-31 07:00:01.960,,,,60,300000,121,,,,4955.3413,,249.29001,dada7f62-3272-4506-8c90-cd19ff46c7cb.extra_data.json,jBfEgmLJSx,4400,com.sec.android.app.shealth,4414513,27420000,dada7f62-3272-4506-8c90-cd19ff46c7cb,2020-03-31 00:00:00.000,
,,,,14060,,9490174,,0,,2020-04-02 08:15:10.538,,2020-04-01 07:00:00.770,,,,60,1015860,263,,,,10272.82,,508.4352,04dfa8bd-ccea-4ce8-91e7-a0fec2b78180.extra_data.json,jBfEgmLJSx,7200,com.sec.android.app.shealth,9482974,10020000,04dfa8bd-ccea-4ce8-91e7-a0fec2b78180,2020-04-01 00:00:00.000,
,,,,13708,,9050089,,0,,2020-04-03 17:40:36.850,,2020-04-02 07:00:00.290,,,,60,180000,250,,,,10159.885,,508.86008,9819b07d-aee4-4e1f-b03c-bc60323b9166.extra_data.json,jBfEgmLJSx,4654,com.sec.android.app.shealth,9045435,26580000,9819b07d-aee4-4e1f-b03c-bc60323b9166,2020-04-02 00:00:00.000,
,,,,7683,,5040691,,0,,2020-04-04 09:55:05.240,,2020-04-03 07:00:00.410,,,,60,300000,138,,,,5722.289,,278.15997,19d74ddb-8903-4210-96ce-e66e9d24cb2a.extra_data.json,jBfEgmLJSx,3200,com.sec.android.app.shealth,5037491,23520000,19d74ddb-8903-4210-96ce-e66e9d24cb2a,2020-04-03 00:00:00.000,
,,,,13489,,8905141,,0,,2020-04-06 18:49:39.877,,2020-04-04 07:39:44.101,,,,60,240000,245,,,,10160.824,,495.8795,dd1495c2-86f1-4903-a3c4-aa3b59b253eb.extra_data.json,jBfEgmLJSx,32400,com.sec.android.app.shealth,8872741,25260000,dd1495c2-86f1-4903-a3c4-aa3b59b253eb,2020-04-04 00:00:00.000,
,,,,3378,,2253126,,0,,2020-04-06 06:14:24.953,,2020-04-05 19:15:39.022,,,,60,60000,61,,,,2445.7493,,130.14,5b442b8c-5704-429f-a0d5-a2d1c48fe4b5.extra_data.json,jBfEgmLJSx,0,com.sec.android.app.shealth,2253126,44220000,5b442b8c-5704-429f-a0d5-a2d1c48fe4b5,2020-04-05 00:00:00.000,
,,,,8556,,5565312,,0,,2020-04-07 06:15:07.084,,2020-04-06 07:00:01.286,,,,60,180000,153,,,,6491.6074,,316.12003,21546a22-c7db-4217-911f-ddf3a7c7ce90.extra_data.json,jBfEgmLJSx,22331,com.sec.android.app.shealth,5542981,22020000,21546a22-c7db-4217-911f-ddf3a7c7ce90,2020-04-06 00:00:00.000,
,,,,4549,,3033219,,0,,2020-04-08 03:15:16.623,,2020-04-07 07:07:27.477,,,,60,60000,83,,,,3373.629,,168.51004,ec5d7bea-36e1-48aa-801a-bfbd1f077a61.extra_data.json,jBfEgmLJSx,400,com.sec.android.app.shealth,3032819,18960000,ec5d7bea-36e1-48aa-801a-bfbd1f077a61,2020-04-07 00:00:00.000,
,,,,5103,,3364034,,0,,2020-04-09 06:35:57.547,,2020-04-08 07:04:39.707,,,,60,120000,93,,,,3771.1208,,190.95001,c54dae0b-bf7b-4346-a19c-22ca4fd02f90.extra_data.json,jBfEgmLJSx,1200,com.sec.android.app.shealth,3362834,28560000,c54dae0b-bf7b-4346-a19c-22ca4fd02f90,2020-04-08 00:00:00.000,
,,,,4945,,3263805,,0,,2020-04-11 02:17:11.646,,2020-04-09 07:39:47.443,,,,60,120000,90,,,,3665.8691,,183.88,c8df33bb-de7c-4401-8f3b-bdb67dce41be.extra_data.json,jBfEgmLJSx,5600,com.sec.android.app.shealth,3258205,11280000,c8df33bb-de7c-4401-8f3b-bdb67dce41be,2020-04-09 00:00:00.000,
,,,,918,,610245,,0,,2020-04-11 04:18:46.593,,2020-04-10 07:00:01.456,,,,60,120000,16,,,,671.36005,,35.670006,4a53a0a2-f11a-417a-a6b7-be3153464c80.extra_data.json,jBfEgmLJSx,0,com.sec.android.app.shealth,610245,29820000,4a53a0a2-f11a-417a-a6b7-be3153464c80,2020-04-10 00:00:00.000,
,,,,2993,,1957087,,0,,2020-04-12 07:17:37.020,,2020-04-11 07:46:40.842,,,,60,120000,53,,,,2258.7502,,110.91,9ea8a107-0955-455e-8cd3-95740e657554.extra_data.json,jBfEgmLJSx,22382,com.sec.android.app.shealth,1934705,36300000,9ea8a107-0955-455e-8cd3-95740e657554,2020-04-11 00:00:00.000,
,,,,3413,,2248469,,0,,2020-04-13 09:35:07.079,,2020-04-12 07:00:01.579,,,,60,120000,61,,,,2547.92,,125.489975,1905b6ae-59d7-4485-a464-ddff050624b6.extra_data.json,jBfEgmLJSx,2800,com.sec.android.app.shealth,2245669,24780000,1905b6ae-59d7-4485-a464-ddff050624b6,2020-04-12 00:00:00.000,
,,,,6586,,4285447,,0,,2020-04-14 08:15:05.771,,2020-04-13 07:00:01.737,,,,60,240000,118,,,,4968.591,,246.2,a9da51cf-e600-44fe-9c8e-419035d27e2f.extra_data.json,jBfEgmLJSx,16400,com.sec.android.app.shealth,4269047,24600000,a9da51cf-e600-44fe-9c8e-419035d27e2f,2020-04-13 00:00:00.000,
,,,,9300,,6144279,,0,,2020-04-15 07:35:36.301,,2020-04-14 07:35:19.971,,,,60,180000,170,,,,6959.4893,,338.32,b3e06099-c05d-433d-9544-5ae4c7f75390.extra_data.json,jBfEgmLJSx,3600,com.sec.android.app.shealth,6140679,23580000,b3e06099-c05d-433d-9544-5ae4c7f75390,2020-04-14 00:00:00.000,
,,,,4012,,3340940,,734174,,2020-04-16 08:35:09.300,,2020-04-15 07:00:00.380,,,,60,734174,91,,,,2951.4895,,248.81999,3f624849-3c7f-4805-8afa-5577bfff8c29.extra_data.json,jBfEgmLJSx,400,com.sec.android.app.shealth,2606366,33960000,3f624849-3c7f-4805-8afa-5577bfff8c29,2020-04-15 00:00:00.000,
,,,,8617,,5615371,,0,,2020-04-17 06:15:08.684,,2020-04-16 07:00:01.385,,,,60,240000,155,,,,6415.1797,,319.18982,a4703870-176d-4f8f-9c63-07db9c4cb1d4.extra_data.json,jBfEgmLJSx,11200,com.sec.android.app.shealth,5604171,23940000,a4703870-176d-4f8f-9c63-07db9c4cb1d4,2020-04-16 00:00:00.000,
,,,,3564,,2318750,,0,,2020-04-18 09:35:08.637,,2020-04-17 07:00:11.028,,,,60,120000,63,,,,2682.392,,135.89995,0fb44ac7-8559-4e55-95da-cdce10b06dec.extra_data.json,jBfEgmLJSx,13947,com.sec.android.app.shealth,2304803,25860000,0fb44ac7-8559-4e55-95da-cdce10b06dec,2020-04-17 00:00:00.000,
,,,,3434,,2270977,,0,,2020-04-19 09:36:07.258,,2020-04-18 07:00:02.033,,,,60,60000,61,,,,2582.0508,,130.86,c63bbd7e-e7cd-4fd5-af15-fac53c057cba.extra_data.json,jBfEgmLJSx,16000,com.sec.android.app.shealth,2254977,15720000,c63bbd7e-e7cd-4fd5-af15-fac53c057cba,2020-04-18 00:00:00.000,
,,,,2801,,1783122,,0,,2020-04-20 04:42:40.603,,2020-04-19 07:00:01.225,,,,60,120000,48,,,,2127.2783,,105.599976,fcdd6872-e8c1-45ba-8095-28eb51c27694.extra_data.json,jBfEgmLJSx,14575,com.sec.android.app.shealth,1768547,22320000,fcdd6872-e8c1-45ba-8095-28eb51c27694,2020-04-19 00:00:00.000,
,,,,3886,,2517103,,0,,2020-04-21 05:15:20.745,,2020-04-20 05:00:00.668,,,,60,180000,68,,,,2987.5195,,146.24002,103bc8fd-8948-4409-86ad-54a552b1c179.extra_data.json,jBfEgmLJSx,36800,com.sec.android.app.shealth,2480303,20460000,103bc8fd-8948-4409-86ad-54a552b1c179,2020-04-20 00:00:00.000,
,,,,3941,,2690280,,0,,2020-04-22 00:35:45.966,,2020-04-21 05:00:00.490,,,,60,810770,73,,,,2994.341,,137.70213,f6596c2a-e525-4b96-b762-7f1f283af338.extra_data.json,jBfEgmLJSx,400,com.sec.android.app.shealth,2689880,31920000,f6596c2a-e525-4b96-b762-7f1f283af338,2020-04-21 00:00:00.000,
,,,,4035,,2574165,,0,,2020-04-23 02:07:41.768,,2020-04-22 05:00:02.227,,,,60,120000,70,,,,3067.1707,,152.14001,542c841c-0de4-4592-8a25-301832f815bf.extra_data.json,jBfEgmLJSx,10000,com.sec.android.app.shealth,2564165,29520000,542c841c-0de4-4592-8a25-301832f815bf,2020-04-22 00:00:00.000,
,,,,4631,,3043893,,0,,2020-04-24 06:54:11.421,,2020-04-23 05:00:00.306,,,,60,120000,83,,,,3541.9473,,174.22997,e1c010fc-32e2-4054-8291-c2f739638bb7.extra_data.json,jBfEgmLJSx,23200,com.sec.android.app.shealth,3020693,19920000,e1c010fc-32e2-4054-8291-c2f739638bb7,2020-04-23 00:00:00.000,
,,,,3548,,2338644,,0,,2020-04-25 11:13:30.920,,2020-04-24 05:00:01.565,,,,60,120000,63,,,,2726.0793,,131.50002,4eac1dae-45ed-4695-8c46-6d9c97209b6d.extra_data.json,jBfEgmLJSx,9600,com.sec.android.app.shealth,2329044,17460000,4eac1dae-45ed-4695-8c46-6d9c97209b6d,2020-04-24 00:00:00.000,
,,,,8344,,5459161,,0,,2020-04-26 19:54:04.645,,2020-04-25 08:52:30.065,,,,60,240000,150,,,,6297.3613,,306.92004,706820b9-61a5-4633-8d75-d3d779553702.extra_data.json,jBfEgmLJSx,41600,com.sec.android.app.shealth,5417561,10980000,706820b9-61a5-4633-8d75-d3d779553702,2020-04-25 00:00:00.000,
,,,,3825,,4602020,,2027360,,2020-04-27 12:55:19.981,,2020-04-26 06:00:02.267,,,,60,1427360,126,,,,2891.22,,447.0229,fb1e1081-5c79-403c-ab6b-6fb4e2bf75da.extra_data.json,jBfEgmLJSx,21200,com.sec.android.app.shealth,2553460,27660000,fb1e1081-5c79-403c-ab6b-6fb4e2bf75da,2020-04-26 00:00:00.000,
,,,,3952,,2647518,,0,,2020-04-28 05:35:21.410,,2020-04-27 05:00:01.546,,,,60,976960,71,,,,3023.8567,,140.59258,3d0f484f-eba6-4354-b8f9-d453c2c3c5bc.extra_data.json,jBfEgmLJSx,14800,com.sec.android.app.shealth,2632718,13560000,3d0f484f-eba6-4354-b8f9-d453c2c3c5bc,2020-04-27 00:00:00.000,
,,,,3851,,2529419,,0,,2020-04-29 06:38:02.867,,2020-04-28 05:00:01.731,,,,60,180000,68,,,,2914.1794,,139.21,8f468e90-4cc6-497c-bb9c-5d56bd754b23.extra_data.json,jBfEgmLJSx,10400,com.sec.android.app.shealth,2519019,14519999,8f468e90-4cc6-497c-bb9c-5d56bd754b23,2020-04-28 00:00:00.000,
,,,,4776,,3129924,,0,,2020-04-30 14:04:49.798,,2020-04-29 06:00:02.455,,,,60,180000,85,,,,3536.0781,,185.04999,86906603-b53b-4723-a57d-18775a89dfa5.extra_data.json,jBfEgmLJSx,14773,com.sec.android.app.shealth,3115151,18359999,86906603-b53b-4723-a57d-18775a89dfa5,2020-04-29 00:00:00.000,
,,,,3482,,2265556,,0,,2020-05-01 04:15:29.633,,2020-04-30 07:00:00.648,,,,60,180000,61,,,,2643.5798,,127.820015,7f867e23-b25d-4ca8-a0c5-6c285d8777fe.extra_data.json,jBfEgmLJSx,6000,com.sec.android.app.shealth,2259556,25440000,7f867e23-b25d-4ca8-a0c5-6c285d8777fe,2020-04-30 00:00:00.000,
,,,,6701,,4283326,,0,,2020-05-02 06:15:03.030,,2020-05-01 05:00:15.317,,,,60,1330930,118,,,,5231.2344,,264.41727,d679ff9a-4cd3-436c-a634-e6a548f03846.extra_data.json,jBfEgmLJSx,74800,com.sec.android.app.shealth,4208526,5760000,d679ff9a-4cd3-436c-a634-e6a548f03846,2020-05-01 00:00:00.000,
,,,,7317,,5723854,,966560,,2020-05-03 09:35:24.884,,2020-05-02 05:00:02.022,,,,60,966560,158,,,,5707.309,,445.12003,72dea01f-99fe-4539-b214-93aa39569631.extra_data.json,jBfEgmLJSx,55116,com.sec.android.app.shealth,4702178,14760000,72dea01f-99fe-4539-b214-93aa39569631,2020-05-02 00:00:00.000,
,,,,4360,,3343643,,600000,,2020-05-04 18:49:18.475,,2020-05-03 05:00:00.487,,,,60,600000,91,,,,3377.6877,,250.86002,74412cd1-f809-4f97-96f9-35137cf78951.extra_data.json,jBfEgmLJSx,10000,com.sec.android.app.shealth,2733643,17219999,74412cd1-f809-4f97-96f9-35137cf78951,2020-05-03 00:00:00.000,
,,,,2260,,1468579,,0,,2020-05-06 03:29:46.194,,2020-05-04 06:00:00.523,,,,60,180000,40,,,,1703.5897,,86.19999,f5a9b4a5-ec06-4d77-9381-2444930026e8.extra_data.json,jBfEgmLJSx,10000,com.sec.android.app.shealth,1458579,30600000,f5a9b4a5-ec06-4d77-9381-2444930026e8,2020-05-04 00:00:00.000,
,,,,3134,,2038617,,0,,2020-05-06 21:04:07.172,,2020-05-05 08:25:19.413,,,,60,60000,55,,,,2407.519,,118.64998,bd5128b4-407a-4438-8c2f-ceed70648a62.extra_data.json,jBfEgmLJSx,30400,com.sec.android.app.shealth,2008217,13200000,bd5128b4-407a-4438-8c2f-ceed70648a62,2020-05-05 00:00:00.000,
,,,,3498,,5362143,,3096320,,2020-05-07 05:52:47.531,,2020-05-06 06:00:00.486,,,,60,1847200,146,,,,2600.75,,607.2299,d3649ccd-6f23-40bc-8142-d5c10a785c7a.extra_data.json,jBfEgmLJSx,5600,com.sec.android.app.shealth,2260223,9300000,d3649ccd-6f23-40bc-8142-d5c10a785c7a,2020-05-06 00:00:00.000,
,,,,4575,,2975006,,0,,2020-05-08 20:39:45.993,,2020-05-07 05:00:00.573,,,,60,120000,80,,,,3492.2405,,172.66003,347b4c89-bc04-4ad5-b1af-63125e1dd0ae.extra_data.json,jBfEgmLJSx,46268,com.sec.android.app.shealth,2928738,12540000,347b4c89-bc04-4ad5-b1af-63125e1dd0ae,2020-05-07 00:00:00.000,
,,,,5545,,3649109,,0,,2020-05-09 18:22:13.299,,2020-05-08 04:00:01.152,,,,60,180000,100,,,,4149.02,,205.51,f6bef3d2-1c2b-4676-b27f-00b2b718b753.extra_data.json,jBfEgmLJSx,2800,com.sec.android.app.shealth,3646309,11280000,f6bef3d2-1c2b-4676-b27f-00b2b718b753,2020-05-08 00:00:00.000,
,,,,10919,,6943685,,0,,2020-05-10 03:55:14.031,,2020-05-09 04:00:00.507,,,,60,2009080,191,,,,7999.703,,389.65372,3e5485ec-8fc8-45d3-8ec7-12e6cf2635bb.extra_data.json,jBfEgmLJSx,3675,com.sec.android.app.shealth,6940010,11580000,3e5485ec-8fc8-45d3-8ec7-12e6cf2635bb,2020-05-09 00:00:00.000,
,,,,1305,,863735,,0,,2020-05-11 04:52:50.232,,2020-05-10 04:00:00.450,,,,60,60000,23,,,,963.28125,,47.410007,75102766-abd1-4b57-8420-96a0079b3c3e.extra_data.json,jBfEgmLJSx,0,com.sec.android.app.shealth,863735,17820000,75102766-abd1-4b57-8420-96a0079b3c3e,2020-05-10 00:00:00.000,
,,,,3937,,2723891,,0,,2020-05-13 02:04:50.478,,2020-05-11 04:00:00.394,,,,60,1805280,75,,,,2931.0095,,141.263,ca73ae5d-6d94-4dc5-8334-dc55e044f496.extra_data.json,jBfEgmLJSx,2400,com.sec.android.app.shealth,2721491,26700000,ca73ae5d-6d94-4dc5-8334-dc55e044f496,2020-05-11 00:00:00.000,
,,,,6108,,4001487,,0,,2020-05-13 18:29:28.498,,2020-05-12 04:00:00.631,,,,60,180000,110,,,,4520.07,,225.68004,243fd9ee-525d-4b5e-a5df-8f71a788575b.extra_data.json,jBfEgmLJSx,12400,com.sec.android.app.shealth,3989087,22260000,243fd9ee-525d-4b5e-a5df-8f71a788575b,2020-05-12 00:00:00.000,
,,,,5393,,3777530,,1237310,,2020-05-14 02:35:16.060,,2020-05-13 04:00:00.293,,,,60,1237310,103,,,,2918.431,,257.55072,83d3f277-3844-4d22-b5ab-b43141d58371.extra_data.json,jBfEgmLJSx,5600,com.sec.android.app.shealth,2534620,17160000,83d3f277-3844-4d22-b5ab-b43141d58371,2020-05-13 00:00:00.000,
,,,,4081,,2744935,,0,,2020-05-15 05:55:11.676,,2020-05-14 04:00:01.076,,,,60,845100,75,,,,3026.8333,,142.4891,4e51325b-693f-4f00-8dfb-a6c93cb46572.extra_data.json,jBfEgmLJSx,3190,com.sec.android.app.shealth,2741745,21120000,4e51325b-693f-4f00-8dfb-a6c93cb46572,2020-05-14 00:00:00.000,
,,,,4506,,2929251,,0,,2020-05-16 06:55:08.200,,2020-05-15 05:00:01.664,,,,60,180000,80,,,,3450.3208,,167.62997,e0ab43d9-6b3e-4b5d-b4c9-f223bbb6919e.extra_data.json,jBfEgmLJSx,32800,com.sec.android.app.shealth,2896451,12780000,e0ab43d9-6b3e-4b5d-b4c9-f223bbb6919e,2020-05-15 00:00:00.000,
,,,,3421,,2374181,,1117720,,2020-05-17 12:47:43.117,,2020-05-16 04:00:00.442,,,,60,1117720,63,,,,1475.6421,,178.04646,fda6e992-7256-4032-a3ad-7974ca158272.extra_data.json,jBfEgmLJSx,12000,com.sec.android.app.shealth,1244461,35160000,fda6e992-7256-4032-a3ad-7974ca158272,2020-05-16 00:00:00.000,
,,,,1946,,1297255,,0,,2020-05-17 23:43:54.740,,2020-05-17 04:00:01.164,,,,60,60000,35,,,,1428.9199,,73.90999,41cc1e0a-bb65-42f2-bd67-42e9ed12e1c9.extra_data.json,jBfEgmLJSx,0,com.sec.android.app.shealth,1297255,31320000,41cc1e0a-bb65-42f2-bd67-42e9ed12e1c9,2020-05-17 00:00:00.000,
,,,,4924,,3602904,,958630,,2020-05-19 06:55:14.180,,2020-05-18 04:00:00.379,,,,60,958630,100,,,,3028.4355,,241.46375,0e3caae4-f5ec-4556-a7cb-04f65238a79d.extra_data.json,jBfEgmLJSx,2000,com.sec.android.app.shealth,2642274,22980000,0e3caae4-f5ec-4556-a7cb-04f65238a79d,2020-05-18 00:00:00.000,
,,,,3907,,2520723,,0,,2020-05-20 06:22:58.482,,2020-05-19 05:00:00.612,,,,60,240000,68,,,,2921.2593,,140.44002,8ae069d9-5e66-47ba-8944-47bef150079e.extra_data.json,jBfEgmLJSx,1766,com.sec.android.app.shealth,2518957,15960000,8ae069d9-5e66-47ba-8944-47bef150079e,2020-05-19 00:00:00.000,
,,,,7295,,4702766,,0,,2020-05-21 09:10:58.394,,2020-05-20 06:00:00.452,,,,60,420000,128,,,,5523.289,,277.04993,13d94092-4f3d-4df6-8987-5b9da63853fc.extra_data.json,jBfEgmLJSx,42400,com.sec.android.app.shealth,4660366,8400000,13d94092-4f3d-4df6-8987-5b9da63853fc,2020-05-20 00:00:00.000,
,,,,4677,,3575839,,600000,,2020-05-22 02:47:20.483,,2020-05-21 06:00:01.363,,,,60,600000,98,,,,3371.8096,,256.66537,05cdc10b-cad5-44c6-b63b-0093b97fe0af.extra_data.json,jBfEgmLJSx,7600,com.sec.android.app.shealth,2968239,22080000,05cdc10b-cad5-44c6-b63b-0093b97fe0af,2020-05-21 00:00:00.000,
,,,,6541,,4304548,,0,,2020-05-31 20:52:14.889,,2020-05-22 05:00:01.637,,,,60,120000,118,,,,4718.381,,253.59,d7407dc5-c522-437f-a27e-358977fe708d.extra_data.json,jBfEgmLJSx,0,com.sec.android.app.shealth,4304548,22680000,d7407dc5-c522-437f-a27e-358977fe708d,2020-05-22 00:00:00.000,
,,,,3775,,2481736,,0,,2020-05-24 04:55:18.128,,2020-05-23 05:00:01.831,,,,60,688240,68,,,,2830.2031,,133.84673,2f17de42-1cd3-4fef-a990-b3c7572d8897.extra_data.json,jBfEgmLJSx,14000,com.sec.android.app.shealth,2467736,19140000,2f17de42-1cd3-4fef-a990-b3c7572d8897,2020-05-23 00:00:00.000,
,,,,5531,,3616818,,0,,2020-05-25 06:07:53.298,,2020-05-24 05:00:00.923,,,,60,650210,98,,,,4165.226,,200.87401,43513037-da1a-45bd-adee-27b3ddd36f91.extra_data.json,jBfEgmLJSx,28000,com.sec.android.app.shealth,3588818,17880000,43513037-da1a-45bd-adee-27b3ddd36f91,2020-05-24 00:00:00.000,
,,,,1359,,856188,,0,,2020-05-26 06:11:20.703,,2020-05-25 07:00:00.241,,,,60,180000,23,,,,999.8703,,53.269978,de91038b-bf8c-4f9e-bb92-92acb9139577.extra_data.json,jBfEgmLJSx,0,com.sec.android.app.shealth,856188,42060000,de91038b-bf8c-4f9e-bb92-92acb9139577,2020-05-25 00:00:00.000,
,,,,3455,,2242837,,0,,2020-05-27 06:55:31.493,,2020-05-26 07:00:00.361,,,,60,120000,61,,,,2587.3894,,123.989975,7c6e23bb-04e3-49a8-85a6-d167d730de10.extra_data.json,jBfEgmLJSx,1200,com.sec.android.app.shealth,2241637,12180000,7c6e23bb-04e3-49a8-85a6-d167d730de10,2020-05-26 00:00:00.000,
,,,,4087,,2741076,,0,,2020-05-28 05:35:32.281,,2020-05-27 06:00:00.478,,,,60,863740,75,,,,3092.6458,,145.4608,1090645f-00c8-4da8-b671-25e7dd7e8b28.extra_data.json,jBfEgmLJSx,18000,com.sec.android.app.shealth,2723076,18840000,1090645f-00c8-4da8-b671-25e7dd7e8b28,2020-05-27 00:00:00.000,
,,,,2915,,1872442,,0,,2020-05-28 20:35:08.197,,2020-05-28 05:00:00.367,,,,60,819100,51,,,,2198.9678,,102.70237,5f410e85-4925-4b9d-bada-753a8ba7c398.extra_data.json,jBfEgmLJSx,3600,com.sec.android.app.shealth,1868842,34620000,5f410e85-4925-4b9d-bada-753a8ba7c398,2020-05-28 00:00:00.000,
,,,,4795,,3163533,,0,,2020-05-30 04:42:12.209,,2020-05-29 05:00:00.354,,,,60,120000,86,,,,3631.3887,,175.46999,0d90a216-2f0b-4920-a23b-f352db440ffc.extra_data.json,jBfEgmLJSx,2800,com.sec.android.app.shealth,3160733,11400000,0d90a216-2f0b-4920-a23b-f352db440ffc,2020-05-29 00:00:00.000,
,,,,3371,,2227421,,0,,2020-06-01 09:24:17.221,,2020-05-30 05:00:00.457,,,,60,120000,61,,,,2548.7073,,122.44999,10a572ac-5c86-4478-a8f4-2be663adb824.extra_data.json,jBfEgmLJSx,4400,com.sec.android.app.shealth,2223021,26159999,10a572ac-5c86-4478-a8f4-2be663adb824,2020-05-30 00:00:00.000,
,,,,916,,609444,,0,,2020-06-01 05:44:04.588,,2020-05-31 07:00:02.308,,,,60,60000,16,,,,687.3599,,35.109997,4a4e15d8-9ec8-4a73-9f03-67d0210f8101.extra_data.json,jBfEgmLJSx,1200,com.sec.android.app.shealth,608244,19740000,4a4e15d8-9ec8-4a73-9f03-67d0210f8101,2020-05-31 00:00:00.000,
,,,,4130,,2608824,,0,,2020-06-02 05:15:15.738,,2020-06-01 07:00:00.565,,,,60,240000,71,,,,3091.3303,,148.53,38d59322-686f-4769-82a5-3e73dd4047cf.extra_data.json,jBfEgmLJSx,0,com.sec.android.app.shealth,2608824,23760000,38d59322-686f-4769-82a5-3e73dd4047cf,2020-06-01 00:00:00.000,
,,,,5595,,3656118,,0,,2020-06-10 12:48:59.806,,2020-06-02 07:00:00.502,,,,60,180000,100,,,,4187.6094,,205.79005,289e7690-56cd-454a-8ae4-aa1924c0dd7c.extra_data.json,jBfEgmLJSx,5200,com.sec.android.app.shealth,3650918,25320000,289e7690-56cd-454a-8ae4-aa1924c0dd7c,2020-06-02 00:00:00.000,
,,,,2104,,1365836,,0,,2020-06-10 12:48:59.884,,2020-06-03 06:00:01.408,,,,60,120000,36,,,,1558.3401,,80.139984,daafc1d7-1408-4b9f-9373-56ae14cb6f49.extra_data.json,jBfEgmLJSx,0,com.sec.android.app.shealth,1365836,31019999,daafc1d7-1408-4b9f-9373-56ae14cb6f49,2020-06-03 00:00:00.000,
,,,,1358,,896388,,0,,2020-06-05 04:00:02.186,,2020-06-04 05:00:00.455,,,,60,60000,23,,,,1007.94995,,51.609997,dcaef52f-f6e0-4385-a512-4dd8bdf8ffe1.extra_data.json,jBfEgmLJSx,0,com.sec.android.app.shealth,896388,17459999,dcaef52f-f6e0-4385-a512-4dd8bdf8ffe1,2020-06-04 00:00:00.000,
,,,,1673,,1110525,,0,,2020-06-06 03:49:47.143,,2020-06-05 04:00:01.928,,,,60,60000,30,,,,1243.2101,,63.24999,d47273e6-3d17-4390-b4c3-807d04563876.extra_data.json,jBfEgmLJSx,0,com.sec.android.app.shealth,1110525,31560000,d47273e6-3d17-4390-b4c3-807d04563876,2020-06-05 00:00:00.000,
,,,,723,,473539,,0,,2020-06-07 04:34:11.586,,2020-06-06 04:00:00.381,,,,60,60000,11,,,,538.11005,,29.859999,6753eca9-4700-430f-a072-8fdce57f6ab8.extra_data.json,jBfEgmLJSx,2000,com.sec.android.app.shealth,471539,51060000,6753eca9-4700-430f-a072-8fdce57f6ab8,2020-06-06 00:00:00.000,
,,,,461,,307487,,0,,2020-06-08 05:00:00.388,,2020-06-07 05:00:00.481,,,,60,36685,8,,,,336.09,,16.86,de9197fd-03b6-49ee-8a74-c031be12f92a.extra_data.json,jBfEgmLJSx,0,com.sec.android.app.shealth,307487,42059999,de9197fd-03b6-49ee-8a74-c031be12f92a,2020-06-07 00:00:00.000,
,,,,5554,,3478188,,0,,2020-06-09 00:55:25.233,,2020-06-08 05:00:00.290,,,,60,300000,95,,,,4139.8706,,215.95999,ed0fb324-0409-4e66-8d3a-4548736cc255.extra_data.json,jBfEgmLJSx,1200,com.sec.android.app.shealth,3476988,15120000,ed0fb324-0409-4e66-8d3a-4548736cc255,2020-06-08 00:00:00.000,
,,,,3612,,2354210,,0,,2020-06-10 02:15:06.478,,2020-06-09 05:00:01.385,,,,60,120000,65,,,,2662.2898,,138.69,8da366d2-8fde-453b-b919-693101b4c6a3.extra_data.json,jBfEgmLJSx,0,com.sec.android.app.shealth,2354210,27960000,8da366d2-8fde-453b-b919-693101b4c6a3,2020-06-09 00:00:00.000,
,,,,6257,,4081871,,0,,2020-06-11 05:16:28.834,,2020-06-10 04:00:00.458,,,,60,180000,111,,,,4698.0884,,233.73006,529b94ff-3044-4824-b45a-11e375002b93.extra_data.json,jBfEgmLJSx,4800,com.sec.android.app.shealth,4077071,12960000,529b94ff-3044-4824-b45a-11e375002b93,2020-06-10 00:00:00.000,
,,,,6548,,4820158,,600000,,2020-06-12 06:24:20.537,,2020-06-11 05:00:01.775,,,,60,600000,133,,,,4956.97,,338.33002,3094edf4-4784-434e-986d-36e444304ff8.extra_data.json,jBfEgmLJSx,9200,com.sec.android.app.shealth,4210958,16740000,3094edf4-4784-434e-986d-36e444304ff8,2020-06-11 00:00:00.000,
,,,,4116,,2687175,,0,,2020-06-13 01:34:13.585,,2020-06-12 06:00:00.569,,,,60,120000,73,,,,3105.3503,,159.50996,0280be25-0690-4ce2-bff1-86a03d8fe128.extra_data.json,jBfEgmLJSx,2800,com.sec.android.app.shealth,2684375,38280000,0280be25-0690-4ce2-bff1-86a03d8fe128,2020-06-12 00:00:00.000,
,,,,1683,,1082421,,0,,2020-06-14 05:00:02.706,,2020-06-13 05:00:02.100,,,,60,180000,30,,,,1231.4298,,65.04998,1622061d-a2fa-436c-b2e7-b362d30e590e.extra_data.json,jBfEgmLJSx,0,com.sec.android.app.shealth,1082421,34619999,1622061d-a2fa-436c-b2e7-b362d30e590e,2020-06-13 00:00:00.000,
,,,,1063,,664879,,0,,2020-06-15 11:43:55.917,,2020-06-14 05:00:02.481,,,,60,120000,18,,,,794.61993,,40.039997,0ba67bea-22e5-4210-ab14-bbc2062ed405.extra_data.json,jBfEgmLJSx,0,com.sec.android.app.shealth,664879,77460000,0ba67bea-22e5-4210-ab14-bbc2062ed405,2020-06-14 00:00:00.000,
,,,,3617,,2342001,,0,,2020-06-16 10:27:49.383,,2020-06-15 05:00:00.607,,,,60,180000,63,,,,2715.3406,,135.61,2cffa5c3-b3b6-428f-980e-81f72c580943.extra_data.json,jBfEgmLJSx,19200,com.sec.android.app.shealth,2322801,7680000,2cffa5c3-b3b6-428f-980e-81f72c580943,2020-06-15 00:00:00.000,
,,,,3540,,2311554,,0,,2020-06-17 08:15:43.669,,2020-06-16 06:00:01.425,,,,60,120000,63,,,,2641.6191,,131.36996,38fa2029-620e-4172-8279-e44bcc59f360.extra_data.json,jBfEgmLJSx,29200,com.sec.android.app.shealth,2282354,10200000,38fa2029-620e-4172-8279-e44bcc59f360,2020-06-16 00:00:00.000,
,,,,1136,,708622,,0,,2020-06-18 03:10:26.332,,2020-06-17 07:00:01.355,,,,60,120000,18,,,,869.3989,,44.13,017b25d2-2bbd-41a3-8ebe-1a1151d7a7d4.extra_data.json,jBfEgmLJSx,24400,com.sec.android.app.shealth,684222,16260000,017b25d2-2bbd-41a3-8ebe-1a1151d7a7d4,2020-06-17 00:00:00.000,
,,,,762,,489488,,0,,2020-06-19 04:52:10.394,,2020-06-18 06:00:00.607,,,,60,120000,13,,,,573.72015,,29.959995,c430e74b-8722-43b7-844e-06c6a537c987.extra_data.json,jBfEgmLJSx,0,com.sec.android.app.shealth,489488,37020000,c430e74b-8722-43b7-844e-06c6a537c987,2020-06-18 00:00:00.000,
,,,,3456,,2294390,,0,,2020-06-20 00:39:12.150,,2020-06-19 05:00:00.429,,,,60,120000,63,,,,2513.7104,,133.77998,48a00f18-f01e-40ae-b674-1a7b4ee02fb9.extra_data.json,jBfEgmLJSx,0,com.sec.android.app.shealth,2294390,29040000,48a00f18-f01e-40ae-b674-1a7b4ee02fb9,2020-06-19 00:00:00.000,
,,,,1517,,971402,,0,,2020-06-21 02:04:02.189,,2020-06-20 04:00:01.336,,,,60,120000,26,,,,1108.1,,59.149986,58bda338-50f0-4015-881f-19384db91a32.extra_data.json,jBfEgmLJSx,400,com.sec.android.app.shealth,971002,35700000,58bda338-50f0-4015-881f-19384db91a32,2020-06-20 00:00:00.000,
,,,,5448,,3587508,,0,,2020-06-22 06:00:11.223,,2020-06-21 05:00:01.033,,,,60,1871390,98,,,,4074.4897,,191.0037,6accc2c1-91e4-4128-91d5-93af9dba357d.extra_data.json,jBfEgmLJSx,7600,com.sec.android.app.shealth,3579908,21120000,6accc2c1-91e4-4128-91d5-93af9dba357d,2020-06-21 00:00:00.000,
,,,,13705,,8932160,,0,,2020-06-23 09:24:09.810,,2020-06-22 05:00:01.173,,,,60,1189720,246,,,,10169.788,,484.88162,8e188a66-f612-4002-9311-77bc1271fb99.extra_data.json,jBfEgmLJSx,2400,com.sec.android.app.shealth,8929760,28619999,8e188a66-f612-4002-9311-77bc1271fb99,2020-06-22 00:00:00.000,
,,,,3520,,2266751,,0,,2020-06-24 05:55:10.963,,2020-06-23 05:00:00.432,,,,60,120000,61,,,,2683.6597,,132.29,9e98665b-cfe1-498c-8431-2b6b9f50f0f0.extra_data.json,jBfEgmLJSx,17200,com.sec.android.app.shealth,2249551,17820000,9e98665b-cfe1-498c-8431-2b6b9f50f0f0,2020-06-23 00:00:00.000,
,,,,2943,,1886033,,0,,2020-06-25 07:55:20.177,,2020-06-24 05:00:01.311,,,,60,120000,51,,,,2209.3804,,107.12001,e6c76a87-f515-4fd8-a904-d6926f21a4ab.extra_data.json,jBfEgmLJSx,6000,com.sec.android.app.shealth,1880033,17940000,e6c76a87-f515-4fd8-a904-d6926f21a4ab,2020-06-24 00:00:00.000,
,,,,2508,,1653988,,0,,2020-06-26 08:55:40.369,,2020-06-25 05:00:01.507,,,,60,120000,45,,,,1925.6401,,94.33002,0de1fc0e-514d-4ecf-a028-be5fa662b34d.extra_data.json,jBfEgmLJSx,17200,com.sec.android.app.shealth,1636788,8040000,0de1fc0e-514d-4ecf-a028-be5fa662b34d,2020-06-25 00:00:00.000,
,,,,2419,,1543655,,0,,2020-06-27 06:37:53.631,,2020-06-26 06:00:00.723,,,,60,120000,41,,,,1836.9988,,88.27002,d1d99fef-b1c9-4edf-b833-ee3a91817c52.extra_data.json,jBfEgmLJSx,6400,com.sec.android.app.shealth,1537255,22500000,d1d99fef-b1c9-4edf-b833-ee3a91817c52,2020-06-26 00:00:00.000,
,,,,4684,,3047804,,0,,2020-06-28 05:00:00.521,,2020-06-27 06:00:01.886,,,,60,120000,83,,,,3578.0115,,170.92998,56c19773-6e93-4df9-95cd-378bfc40bb97.extra_data.json,jBfEgmLJSx,29316,com.sec.android.app.shealth,3018488,11039999,56c19773-6e93-4df9-95cd-378bfc40bb97,2020-06-27 00:00:00.000,
,,,,1705,,1107706,,0,,2020-06-28 22:11:16.537,,2020-06-28 05:00:00.391,,,,60,60000,30,,,,1271.6201,,66.079994,5fa04c2d-c7d0-45e5-afab-0dd67cdfe0c4.extra_data.json,jBfEgmLJSx,2000,com.sec.android.app.shealth,1105706,36780000,5fa04c2d-c7d0-45e5-afab-0dd67cdfe0c4,2020-06-28 00:00:00.000,
,,,,1990,,1310134,,0,,2020-06-30 02:15:29.544,,2020-06-29 05:00:00.412,,,,60,120000,35,,,,1494.0007,,74.0,6909f4b2-0c3a-4353-b030-6985aa7925a1.extra_data.json,jBfEgmLJSx,1600,com.sec.android.app.shealth,1308534,26760000,6909f4b2-0c3a-4353-b030-6985aa7925a1,2020-06-29 00:00:00.000,
,,,,5051,,3281766,,0,,2020-07-01 05:00:00.624,,2020-06-30 05:00:01.506,,,,60,120000,90,,,,3845.6992,,183.48,3a7b0d79-e0fa-4ad9-88d1-6fb75e2b0118.extra_data.json,jBfEgmLJSx,8400,com.sec.android.app.shealth,3273366,16080000,3a7b0d79-e0fa-4ad9-88d1-6fb75e2b0118,2020-06-30 00:00:00.000,
,,,,6368,,4129626,,0,,2020-07-02 06:55:08.819,,2020-07-01 05:00:00.473,,,,60,180000,113,,,,4780.141,,231.23006,f86ff82c-6adc-4334-ac59-11933dcb88b1.extra_data.json,jBfEgmLJSx,13723,com.sec.android.app.shealth,4115903,7440000,f86ff82c-6adc-4334-ac59-11933dcb88b1,2020-07-01 00:00:00.000,
,,,,7402,,4859831,,0,,2020-07-03 08:47:42.825,,2020-07-02 07:23:36.350,,,,60,300000,133,,,,5526.3403,,268.47992,6da5c078-b5ca-4eb8-9ee4-576eee3aeb69.extra_data.json,jBfEgmLJSx,2400,com.sec.android.app.shealth,4857431,20759999,6da5c078-b5ca-4eb8-9ee4-576eee3aeb69,2020-07-02 00:00:00.000,
,,,,5165,,3434588,,0,,2020-07-04 08:08:08.228,,2020-07-03 08:47:42.678,,,,60,60000,95,,,,3823.2913,,187.69,b629b326-fd6f-467a-b55f-8e497d86d597.extra_data.json,jBfEgmLJSx,3600,com.sec.android.app.shealth,3430988,25920000,b629b326-fd6f-467a-b55f-8e497d86d597,2020-07-03 00:00:00.000,
,,,,2822,,1877041,,0,,2020-07-05 07:00:18.116,,2020-07-04 07:00:00.493,,,,60,60000,51,,,,2096.3303,,102.39,27606c39-32c1-4c25-8588-f38cfed74118.extra_data.json,jBfEgmLJSx,800,com.sec.android.app.shealth,1876241,14819999,27606c39-32c1-4c25-8588-f38cfed74118,2020-07-04 00:00:00.000,
,,,,2314,,1536041,,0,,2020-07-06 03:02:30.494,,2020-07-05 07:00:17.969,,,,60,60000,41,,,,1694.3102,,88.40001,bf0f9a0e-b41e-4c9a-a974-5beef01370a6.extra_data.json,jBfEgmLJSx,0,com.sec.android.app.shealth,1536041,17100000,bf0f9a0e-b41e-4c9a-a974-5beef01370a6,2020-07-05 00:00:00.000,
,,,,1333,,885746,,0,,2020-07-07 06:59:09.705,,2020-07-06 07:00:00.495,,,,60,120000,23,,,,969.95996,,50.770004,8288ec0f-2dee-4474-895c-d5aa68e5ae7d.extra_data.json,jBfEgmLJSx,0,com.sec.android.app.shealth,885746,35280000,8288ec0f-2dee-4474-895c-d5aa68e5ae7d,2020-07-06 00:00:00.000,
,,,,1337,,890415,,0,,2020-07-08 04:55:01.482,,2020-07-07 07:00:01.455,,,,60,60000,23,,,,979.0101,,51.159992,c6888b4e-cfa4-49ec-960f-0fbdd810e93b.extra_data.json,jBfEgmLJSx,0,com.sec.android.app.shealth,890415,35760000,c6888b4e-cfa4-49ec-960f-0fbdd810e93b,2020-07-07 00:00:00.000,
,,,,2169,,1418499,,0,,2020-07-09 02:15:08.947,,2020-07-08 07:35:44.905,,,,60,240000,38,,,,1585.1099,,84.37,2495fd83-8462-4adb-aa29-62ab6075f972.extra_data.json,jBfEgmLJSx,0,com.sec.android.app.shealth,1418499,36660000,2495fd83-8462-4adb-aa29-62ab6075f972,2020-07-08 00:00:00.000,
,,,,3098,,2009459,,0,,2020-07-10 04:35:37.990,,2020-07-09 05:00:01.221,,,,60,180000,55,,,,2309.56,,114.079994,d575344f-caf5-4ccc-91b8-9d5dcdebeab8.extra_data.json,jBfEgmLJSx,4000,com.sec.android.app.shealth,2005459,12600000,d575344f-caf5-4ccc-91b8-9d5dcdebeab8,2020-07-09 00:00:00.000,
,,,,4875,,3164377,,0,,2020-07-11 07:15:12.015,,2020-07-10 04:00:01.501,,,,60,120000,86,,,,3649.3286,,176.75993,ed058823-aaa4-466b-9a65-41488af7ef01.extra_data.json,jBfEgmLJSx,2400,com.sec.android.app.shealth,3161977,11400000,ed058823-aaa4-466b-9a65-41488af7ef01,2020-07-10 00:00:00.000,
,,,,3900,,2510925,,0,,2020-07-13 00:51:02.255,,2020-07-11 05:00:00.505,,,,60,120000,68,,,,2908.9414,,143.58997,0596250f-1ab4-46af-ae2d-1c35d4e40014.extra_data.json,jBfEgmLJSx,0,com.sec.android.app.shealth,2510925,15360000,0596250f-1ab4-46af-ae2d-1c35d4e40014,2020-07-11 00:00:00.000,
,,,,4628,,3415173,,0,,2020-07-13 14:32:47.348,,2020-07-12 05:00:00.543,,,,60,1751490,93,,,,3543.3967,,177.6637,c4f5a318-b4e3-4262-ae56-08c6567e6cd9.extra_data.json,jBfEgmLJSx,4000,com.sec.android.app.shealth,3411173,45420000,c4f5a318-b4e3-4262-ae56-08c6567e6cd9,2020-07-12 00:00:00.000,
,,,,7563,,4871991,,0,,2020-07-14 11:26:45.659,,2020-07-13 06:00:01.131,,,,60,696310,133,,,,5746.0815,,272.01334,a66821d1-f8fd-4787-b2b3-68d97ca3f75d.extra_data.json,jBfEgmLJSx,17200,com.sec.android.app.shealth,4854791,10740000,a66821d1-f8fd-4787-b2b3-68d97ca3f75d,2020-07-13 00:00:00.000,
,,,,2080,,1371957,,0,,2020-07-14 23:27:19.856,,2020-07-14 06:00:01.168,,,,60,60000,36,,,,1538.6998,,79.24,37415ffc-f467-4425-81c2-9dab961e1848.extra_data.json,jBfEgmLJSx,4000,com.sec.android.app.shealth,1367957,23160000,37415ffc-f467-4425-81c2-9dab961e1848,2020-07-14 00:00:00.000,
,,,,1405,,913003,,0,,2020-07-16 01:54:29.771,,2020-07-15 04:00:01.646,,,,60,60000,25,,,,1036.9299,,53.469997,3b1d5538-b6b2-45c8-81d3-af3190cd8107.extra_data.json,jBfEgmLJSx,0,com.sec.android.app.shealth,913003,43020000,3b1d5538-b6b2-45c8-81d3-af3190cd8107,2020-07-15 00:00:00.000,
,,,,1739,,1116614,,0,,2020-07-17 00:55:02.572,,2020-07-16 04:00:00.550,,,,60,120000,30,,,,1285.82,,67.789986,211104b5-71a3-4327-ade3-9cd4a4f00621.extra_data.json,jBfEgmLJSx,1600,com.sec.android.app.shealth,1115014,21420000,211104b5-71a3-4327-ade3-9cd4a4f00621,2020-07-16 00:00:00.000,
,,,,4912,,3116838,,0,,2020-07-18 05:00:00.685,,2020-07-17 05:00:01.541,,,,60,240000,85,,,,3602.3801,,192.14998,cfa1b090-a907-40b7-b304-c6e244243c3e.extra_data.json,jBfEgmLJSx,0,com.sec.android.app.shealth,3116838,28380000,cfa1b090-a907-40b7-b304-c6e244243c3e,2020-07-17 00:00:00.000,
,,,,1642,,1062381,,0,,2020-07-19 03:10:43.195,,2020-07-18 05:00:00.491,,,,60,180000,28,,,,1220.34,,61.339996,a699104c-6f6f-4460-a501-65d564588c7a.extra_data.json,jBfEgmLJSx,0,com.sec.android.app.shealth,1062381,22440000,a699104c-6f6f-4460-a501-65d564588c7a,2020-07-18 00:00:00.000,
,,,,573,,356785,,0,,2020-07-20 03:59:31.119,,2020-07-19 05:00:00.465,,,,60,120000,8,,,,422.43,,22.35,00b39c41-63a3-44f5-bc78-912c70971488.extra_data.json,jBfEgmLJSx,0,com.sec.android.app.shealth,356785,43080000,00b39c41-63a3-44f5-bc78-912c70971488,2020-07-19 00:00:00.000,
,,,,2673,,1744752,,0,,2020-07-21 04:00:01.701,,2020-07-20 05:00:00.439,,,,60,120000,48,,,,1952.5796,,104.179985,c9952e12-de80-4ae7-9fbe-762c57ba7b28.extra_data.json,jBfEgmLJSx,0,com.sec.android.app.shealth,1744752,55199999,c9952e12-de80-4ae7-9fbe-762c57ba7b28,2020-07-20 00:00:00.000,
,,,,1974,,1305199,,0,,2020-07-22 02:58:49.954,,2020-07-21 04:00:01.495,,,,60,60000,35,,,,1462.58,,76.479996,a08c0f7e-8674-4e15-a645-4be7b20ff8c4.extra_data.json,jBfEgmLJSx,0,com.sec.android.app.shealth,1305199,25440000,a08c0f7e-8674-4e15-a645-4be7b20ff8c4,2020-07-21 00:00:00.000,
,,,,1218,,798339,,0,,2020-07-23 04:34:24.509,,2020-07-22 04:00:00.376,,,,60,120000,21,,,,904.39,,46.91,b6e736db-bef0-4575-ad7a-dd91022b759b.extra_data.json,jBfEgmLJSx,0,com.sec.android.app.shealth,798339,20580000,b6e736db-bef0-4575-ad7a-dd91022b759b,2020-07-22 00:00:00.000,
,,,,2203,,1435751,,0,,2020-07-24 00:33:20.217,,2020-07-23 05:00:00.420,,,,60,240000,38,,,,1607.5798,,85.51999,7bd15d92-28ff-4d20-8c4e-fc49dbd7963d.extra_data.json,jBfEgmLJSx,0,com.sec.android.app.shealth,1435751,31260000,7bd15d92-28ff-4d20-8c4e-fc49dbd7963d,2020-07-23 00:00:00.000,
,,,,2642,,1699793,,0,,2020-07-25 01:55:43.014,,2020-07-24 06:00:00.497,,,,60,240000,46,,,,1954.2299,,101.89001,1333e1fc-db8a-41a2-875f-3abce1ea35b9.extra_data.json,jBfEgmLJSx,0,com.sec.android.app.shealth,1699793,39240000,1333e1fc-db8a-41a2-875f-3abce1ea35b9,2020-07-24 00:00:00.000,
,,,,1572,,1045929,,0,,2020-07-26 02:57:23.881,,2020-07-25 05:00:00.556,,,,60,120000,28,,,,1144.3197,,61.63,26a72cbd-eec3-4fac-960e-0c67ca33fac5.extra_data.json,jBfEgmLJSx,800,com.sec.android.app.shealth,1045129,28620000,26a72cbd-eec3-4fac-960e-0c67ca33fac5,2020-07-25 00:00:00.000,
,,,,120,,80040,,0,,2020-07-26 22:15:27.475,,2020-07-26 04:00:01.522,,,,60,32683,1,,,,84.59,,4.55,58303526-809e-4308-96bc-420bdc877f71.extra_data.json,jBfEgmLJSx,0,com.sec.android.app.shealth,80040,64680000,58303526-809e-4308-96bc-420bdc877f71,2020-07-26 00:00:00.000,
,,,,2060,,1302173,,0,,2020-07-28 04:05:07.852,,2020-07-27 04:00:00.526,,,,60,120000,35,,,,1519.5,,81.310005,4d01a570-dcd1-4473-9a19-c69af4ae7706.extra_data.json,jBfEgmLJSx,2400,com.sec.android.app.shealth,1299773,30060000,4d01a570-dcd1-4473-9a19-c69af4ae7706,2020-07-27 00:00:00.000,
,,,,1616,,1051709,,0,,2020-07-29 02:16:36.725,,2020-07-28 04:00:00.501,,,,60,120000,28,,,,1191.27,,62.759995,491c03d8-b82c-4aa6-b895-cbbca536b12e.extra_data.json,jBfEgmLJSx,0,com.sec.android.app.shealth,1051709,20520000,491c03d8-b82c-4aa6-b895-cbbca536b12e,2020-07-28 00:00:00.000,
,,,,447,,294784,,0,,2020-07-30 06:55:05.015,,2020-07-29 05:00:00.637,,,,60,60000,6,,,,328.84,,15.539997,c9456ad9-4324-44b0-8edf-ea01345d506f.extra_data.json,jBfEgmLJSx,0,com.sec.android.app.shealth,294784,36840000,c9456ad9-4324-44b0-8edf-ea01345d506f,2020-07-29 00:00:00.000,
,,,,3183,,2087285,,0,,2020-07-31 07:37:13.428,,2020-07-30 06:00:00.491,,,,60,180000,56,,,,2392.2896,,116.25001,7e8cbc4b-998b-4236-bea9-92973278503f.extra_data.json,jBfEgmLJSx,16400,com.sec.android.app.shealth,2070885,12120000,7e8cbc4b-998b-4236-bea9-92973278503f,2020-07-30 00:00:00.000,
,,,,3976,,2580540,,0,,2020-08-01 06:35:11.203,,2020-07-31 06:00:00.544,,,,60,120000,70,,,,3016.9106,,146.38002,ad82bac3-054f-42a6-ba1a-45137bcc33c7.extra_data.json,jBfEgmLJSx,12800,com.sec.android.app.shealth,2567740,4800000,ad82bac3-054f-42a6-ba1a-45137bcc33c7,2020-07-31 00:00:00.000,
,,,,2418,,1576933,,0,,2020-08-02 04:15:08.519,,2020-08-01 05:00:01.066,,,,60,60000,43,,,,1836.0398,,89.43,cfd5f192-43a6-4777-8f48-9c8e17cacef5.extra_data.json,jBfEgmLJSx,3600,com.sec.android.app.shealth,1573333,22560000,cfd5f192-43a6-4777-8f48-9c8e17cacef5,2020-08-01 00:00:00.000,
,,,,3419,,2220869,,0,,2020-08-05 02:20:45.862,,2020-08-02 04:00:00.804,,,,60,120000,60,,,,2551.971,,124.84003,09f872e7-ac99-4db6-b73b-a34b82cd59d9.extra_data.json,jBfEgmLJSx,2000,com.sec.android.app.shealth,2218869,17939999,09f872e7-ac99-4db6-b73b-a34b82cd59d9,2020-08-02 00:00:00.000,
,,,,2048,,1355520,,0,,2020-08-04 03:36:30.872,,2020-08-03 05:00:01.737,,,,60,120000,36,,,,1511.7701,,78.819984,aaa37a2f-4a9b-4861-bb2f-6289981aa80f.extra_data.json,jBfEgmLJSx,1600,com.sec.android.app.shealth,1353920,19080000,aaa37a2f-4a9b-4861-bb2f-6289981aa80f,2020-08-03 00:00:00.000,
,,,,1928,,1242172,,0,,2020-08-05 07:15:08.851,,2020-08-04 05:00:00.500,,,,60,180000,33,,,,1446.36,,71.79,b4167825-0dda-4d29-a2d0-493f51b1c505.extra_data.json,jBfEgmLJSx,4400,com.sec.android.app.shealth,1237772,26280000,b4167825-0dda-4d29-a2d0-493f51b1c505,2020-08-04 00:00:00.000,
,,,,3018,,1979845,,0,,2020-08-06 08:31:45.167,,2020-08-05 07:00:00.464,,,,60,180000,53,,,,2263.23,,109.180016,d079893b-d6ee-4e9d-9bed-23573bf537d1.extra_data.json,jBfEgmLJSx,2793,com.sec.android.app.shealth,1977052,13260000,d079893b-d6ee-4e9d-9bed-23573bf537d1,2020-08-05 00:00:00.000,
,,,,9595,,6750924,,875710,,2020-08-07 06:39:55.161,,2020-08-06 05:42:36.972,,,,60,875710,185,,,,6862.442,,424.65378,ed05b1d1-82d0-4f13-a7c4-5a4d9d7a34a0.extra_data.json,jBfEgmLJSx,3600,com.sec.android.app.shealth,5871614,7980000,ed05b1d1-82d0-4f13-a7c4-5a4d9d7a34a0,2020-08-06 00:00:00.000,
,,,,1072,,713259,,0,,2020-08-08 04:55:08.378,,2020-08-07 05:00:01.585,,,,60,60000,18,,,,803.77014,,39.389996,127339e6-f6f2-42e7-8044-64b328690a85.extra_data.json,jBfEgmLJSx,1600,com.sec.android.app.shealth,711659,29040000,127339e6-f6f2-42e7-8044-64b328690a85,2020-08-07 00:00:00.000,
,,,,1834,,1206614,,0,,2020-08-09 05:15:04.124,,2020-08-08 05:00:00.601,,,,60,120000,33,,,,1382.39,,68.3,0372bbd4-07a3-492e-a556-ac126b8508b6.extra_data.json,jBfEgmLJSx,4800,com.sec.android.app.shealth,1201814,27000000,0372bbd4-07a3-492e-a556-ac126b8508b6,2020-08-08 00:00:00.000,
,,,,5971,,3819669,,0,,2020-08-10 05:00:01.750,,2020-08-09 05:00:00.880,,,,60,360000,105,,,,4490.2104,,220.23999,d899ca19-1b7e-4dad-9058-58fff100b4a8.extra_data.json,jBfEgmLJSx,20400,com.sec.android.app.shealth,3799269,34499999,d899ca19-1b7e-4dad-9058-58fff100b4a8,2020-08-09 00:00:00.000,
,,,,2266,,1446453,,0,,2020-08-11 03:34:06.724,,2020-08-10 05:00:01.425,,,,60,180000,40,,,,1681.3102,,87.35998,bae806db-e9d3-4370-bfcd-03eb030deb78.extra_data.json,jBfEgmLJSx,0,com.sec.android.app.shealth,1446453,31380000,bae806db-e9d3-4370-bfcd-03eb030deb78,2020-08-10 00:00:00.000,
,,,,1623,,1066443,,0,,2020-08-12 05:30:47.299,,2020-08-11 05:00:00.532,,,,60,300000,28,,,,1191.9398,,62.68999,513389b0-a22f-4c5a-93c4-89fc8e1e04d8.extra_data.json,jBfEgmLJSx,0,com.sec.android.app.shealth,1066443,25380000,513389b0-a22f-4c5a-93c4-89fc8e1e04d8,2020-08-11 00:00:00.000,
,,,,0,,0,,0,,2020-08-12 06:00:00.206,,2020-08-12 06:00:00.206,,,,60,0,0,,,,0.0,,0.0,ac5e4d0e-ed88-448e-abae-9e3c96fc4940.extra_data.json,jBfEgmLJSx,0,com.sec.android.app.shealth,0,-1,ac5e4d0e-ed88-448e-abae-9e3c96fc4940,2020-08-12 00:00:00.000,
,,,,3693,,2356814,,0,,2020-08-14 06:00:01.952,,2020-08-13 06:00:00.460,,,,60,300000,65,,,,2740.4597,,139.34,0edc964a-f68a-4299-bda4-dcd033550136.extra_data.json,jBfEgmLJSx,8000,com.sec.android.app.shealth,2348814,16860000,0edc964a-f68a-4299-bda4-dcd033550136,2020-08-13 00:00:00.000,
,,,,1377,,888324,,0,,2020-08-14 22:55:08.334,,2020-08-14 06:00:01.834,,,,60,120000,23,,,,1004.6501,,53.81998,b0f970c2-b4de-4583-b6a9-140746d72e3f.extra_data.json,jBfEgmLJSx,0,com.sec.android.app.shealth,888324,34200000,b0f970c2-b4de-4583-b6a9-140746d72e3f,2020-08-14 00:00:00.000,
,,,,1127,,736305,,0,,2020-08-16 07:52:17.196,,2020-08-15 06:00:00.523,,,,60,120000,20,,,,835.44995,,39.54,f8bdf0a9-b637-47a2-8a0a-c6541830bd87.extra_data.json,jBfEgmLJSx,6000,com.sec.android.app.shealth,730305,66360000,f8bdf0a9-b637-47a2-8a0a-c6541830bd87,2020-08-15 00:00:00.000,
,,,,1804,,1154337,,0,,2020-08-17 05:29:03.615,,2020-08-16 07:00:01.376,,,,60,180000,31,,,,1333.4099,,68.03,f21e72e6-dd93-4c0e-8bc6-2b15c8816182.extra_data.json,jBfEgmLJSx,0,com.sec.android.app.shealth,1154337,34560000,f21e72e6-dd93-4c0e-8bc6-2b15c8816182,2020-08-16 00:00:00.000,
,,,,4061,,2653025,,0,,2020-08-18 08:24:33.337,,2020-08-17 07:00:00.550,,,,60,240000,73,,,,2999.5896,,154.28003,7d5ad303-a431-4ca0-9903-d7a206201622.extra_data.json,jBfEgmLJSx,2000,com.sec.android.app.shealth,2651025,57360000,7d5ad303-a431-4ca0-9903-d7a206201622,2020-08-17 00:00:00.000,
,,,,3493,,2263290,,0,,2020-08-19 05:53:43.613,,2020-08-18 07:00:01.579,,,,60,120000,61,,,,2605.0996,,129.87,aaaafaa9-6fbe-43bf-a815-005de5198559.extra_data.json,jBfEgmLJSx,2400,com.sec.android.app.shealth,2260890,26220000,aaaafaa9-6fbe-43bf-a815-005de5198559,2020-08-18 00:00:00.000,
,,,,1202,,794367,,0,,2020-08-20 07:55:28.642,,2020-08-19 06:00:01.156,,,,60,60000,21,,,,887.09,,45.269993,d961a05f-c13a-4973-a224-4fd216b22721.extra_data.json,jBfEgmLJSx,0,com.sec.android.app.shealth,794367,28380000,d961a05f-c13a-4973-a224-4fd216b22721,2020-08-19 00:00:00.000,
,,,,3257,,2060964,,0,,2020-08-21 04:00:00.790,,2020-08-20 05:00:00.534,,,,60,120000,56,,,,2448.7107,,122.76002,66505727-4197-4bf6-aec9-068447573e5d.extra_data.json,jBfEgmLJSx,5600,com.sec.android.app.shealth,2055364,17399999,66505727-4197-4bf6-aec9-068447573e5d,2020-08-20 00:00:00.000,
,,,,1189,,768721,,0,,2020-08-22 06:35:13.117,,2020-08-21 04:00:00.545,,,,60,120000,20,,,,1012.0901,,51.66999,088baf07-6c90-4c8d-b679-32ef5d2a8fa3.extra_data.json,jBfEgmLJSx,6400,com.sec.android.app.shealth,762321,24840000,088baf07-6c90-4c8d-b679-32ef5d2a8fa3,2020-08-21 00:00:00.000,
,,,,1637,,1066413,,0,,2020-08-23 00:07:10.769,,2020-08-22 06:00:00.433,,,,60,180000,28,,,,1191.92,,63.53,90d662e0-a18e-48ac-94d9-7bc8d48e60ca.extra_data.json,jBfEgmLJSx,0,com.sec.android.app.shealth,1066413,55020000,90d662e0-a18e-48ac-94d9-7bc8d48e60ca,2020-08-22 00:00:00.000,
,,,,815,,512106,,0,,2020-08-24 06:00:01.505,,2020-08-23 06:00:00.428,,,,60,180000,13,,,,599.91,,32.19,ed2df632-3a43-4166-beb1-45a5528dcf1f.extra_data.json,jBfEgmLJSx,0,com.sec.android.app.shealth,512106,45719999,ed2df632-3a43-4166-beb1-45a5528dcf1f,2020-08-23 00:00:00.000,
,,,,789,,525729,,0,,2020-08-25 05:55:11.252,,2020-08-24 06:00:01.301,,,,60,46023,13,,,,670.9,,33.209995,9bea7969-6b1f-48d1-b741-93d0e6c5da9d.extra_data.json,jBfEgmLJSx,800,com.sec.android.app.shealth,524929,44340000,9bea7969-6b1f-48d1-b741-93d0e6c5da9d,2020-08-24 00:00:00.000,
,,,,1603,,1067703,,0,,2020-08-25 23:52:27.232,,2020-08-25 05:00:00.474,,,,60,60000,28,,,,1202.1602,,62.45,353cb9cc-3617-4865-909f-0ec156003405.extra_data.json,jBfEgmLJSx,1200,com.sec.android.app.shealth,1066503,33120000,353cb9cc-3617-4865-909f-0ec156003405,2020-08-25 00:00:00.000,
,,,,2025,,1341944,,0,,2020-08-27 02:58:08.286,,2020-08-26 05:00:00.579,,,,60,60000,36,,,,1492.7902,,76.91999,3a71f560-a107-4659-94ab-96410408b561.extra_data.json,jBfEgmLJSx,0,com.sec.android.app.shealth,1341944,35700000,3a71f560-a107-4659-94ab-96410408b561,2020-08-26 00:00:00.000,
,,,,651,,432615,,0,,2020-08-28 01:28:00.958,,2020-08-27 05:00:00.948,,,,60,60000,11,,,,522.29,,26.84999,b16453fe-8813-4717-a1ce-f5a6653dcc2c.extra_data.json,jBfEgmLJSx,2400,com.sec.android.app.shealth,430215,26340000,b16453fe-8813-4717-a1ce-f5a6653dcc2c,2020-08-27 00:00:00.000,
,,,,1146,,760320,,0,,2020-08-29 02:57:22.940,,2020-08-28 04:00:00.425,,,,60,60000,20,,,,844.32996,,44.13,9a74bac8-54e1-42c6-b628-5426f09573b7.extra_data.json,jBfEgmLJSx,0,com.sec.android.app.shealth,760320,37560000,9a74bac8-54e1-42c6-b628-5426f09573b7,2020-08-28 00:00:00.000,
,,,,2995,,1939216,,0,,2020-08-29 22:16:52.675,,2020-08-29 04:00:00.474,,,,60,240000,53,,,,2193.9597,,117.12,df1f23ed-2836-4108-94fe-b978f605f734.extra_data.json,jBfEgmLJSx,0,com.sec.android.app.shealth,1939216,27780000,df1f23ed-2836-4108-94fe-b978f605f734,2020-08-29 00:00:00.000,
,,,,1570,,1009628,,0,,2020-08-31 04:00:00.838,,2020-08-30 04:00:00.752,,,,60,120000,26,,,,1152.47,,61.670006,73171140-1841-48cf-b2f5-9d1c3fa45f5a.extra_data.json,jBfEgmLJSx,0,com.sec.android.app.shealth,1009628,23159999,73171140-1841-48cf-b2f5-9d1c3fa45f5a,2020-08-30 00:00:00.000,
,,,,393,,246063,,0,,2020-09-01 03:08:38.375,,2020-08-31 04:00:00.624,,,,60,60000,6,,,,293.43997,,15.130001,0053ff30-277a-421e-90e0-e2a4c0d05700.extra_data.json,jBfEgmLJSx,0,com.sec.android.app.shealth,246063,82800000,0053ff30-277a-421e-90e0-e2a4c0d05700,2020-08-31 00:00:00.000,
,,,,2035,,1352319,,0,,2020-09-02 02:35:07.052,,2020-09-01 04:00:00.476,,,,60,120000,36,,,,1500.5502,,77.81999,a6c05a62-25cf-4d80-aad7-fc550099421c.extra_data.json,jBfEgmLJSx,400,com.sec.android.app.shealth,1351919,19320000,a6c05a62-25cf-4d80-aad7-fc550099421c,2020-09-01 00:00:00.000,
,,,,427,,276775,,0,,2020-09-03 06:00:00.414,,2020-09-02 05:00:00.432,,,,60,60000,6,,,,316.93,,16.349998,dc1792ed-c213-484c-8c4b-d0298265aac1.extra_data.json,jBfEgmLJSx,0,com.sec.android.app.shealth,276775,18359999,dc1792ed-c213-484c-8c4b-d0298265aac1,2020-09-02 00:00:00.000,
,,,,2137,,1389818,,0,,2020-09-04 01:04:12.090,,2020-09-03 06:00:00.345,,,,60,180000,38,,,,1560.0303,,84.169975,e658232b-369c-42a8-8a17-b78b4edd7e36.extra_data.json,jBfEgmLJSx,0,com.sec.android.app.shealth,1389818,44340000,e658232b-369c-42a8-8a17-b78b4edd7e36,2020-09-03 00:00:00.000,
,,,,956,,626920,,0,,2020-09-05 04:57:50.492,,2020-09-04 07:00:01.657,,,,60,60000,16,,,,709.57,,36.339996,3232a1fa-dca0-41aa-b286-c8243252b3aa.extra_data.json,jBfEgmLJSx,0,com.sec.android.app.shealth,626920,29520000,3232a1fa-dca0-41aa-b286-c8243252b3aa,2020-09-04 00:00:00.000,
,,,,1065,,698289,,0,,2020-09-06 03:25:14.051,,2020-09-05 05:00:00.408,,,,60,120000,18,,,,782.82996,,41.320004,bdcc8a33-99c8-4ca6-9b1a-c6761e0b2945.extra_data.json,jBfEgmLJSx,0,com.sec.android.app.shealth,698289,32580000,bdcc8a33-99c8-4ca6-9b1a-c6761e0b2945,2020-09-05 00:00:00.000,
,,,,1396,,911001,,0,,2020-09-07 00:04:07.603,,2020-09-06 05:00:00.433,,,,60,120000,25,,,,1028.6699,,53.45999,431f5fa5-9790-4424-97a1-2006d3c7758f.extra_data.json,jBfEgmLJSx,2000,com.sec.android.app.shealth,909001,24120000,431f5fa5-9790-4424-97a1-2006d3c7758f,2020-09-06 00:00:00.000,
,,,,717,,478239,,0,,2020-09-08 06:23:08.883,,2020-09-07 05:00:02.173,,,,60,60000,11,,,,525.85004,,27.589996,7cf44196-60ae-47bd-9080-55bcd0533451.extra_data.json,jBfEgmLJSx,0,com.sec.android.app.shealth,478239,46739999,7cf44196-60ae-47bd-9080-55bcd0533451,2020-09-07 00:00:00.000,
,,,,0,,0,,0,,2020-09-08 06:23:08.706,,2020-09-08 06:23:08.706,,,,60,0,0,,,,0.0,,0.0,039479c5-4a3a-42a7-9395-2e1511e6b4d3.extra_data.json,jBfEgmLJSx,0,com.sec.android.app.shealth,0,-1,039479c5-4a3a-42a7-9395-2e1511e6b4d3,2020-09-08 00:00:00.000,
,,,,752,,501584,,0,,2020-09-10 03:19:16.920,,2020-09-09 06:00:01.293,,,,60,60000,13,,,,557.61,,28.869999,f8374bcb-7b2b-47c9-84e2-9d872169e6c8.extra_data.json,jBfEgmLJSx,0,com.sec.android.app.shealth,501584,31620000,f8374bcb-7b2b-47c9-84e2-9d872169e6c8,2020-09-09 00:00:00.000,
,,,,37,,24679,,0,,2020-09-11 06:00:01.961,,2020-09-10 07:00:01.413,,,,60,8671,0,,,,27.28,,1.24,e972ee4b-6d99-40c6-bc9e-dcff50ae95c2.extra_data.json,jBfEgmLJSx,0,com.sec.android.app.shealth,24679,40499999,e972ee4b-6d99-40c6-bc9e-dcff50ae95c2,2020-09-10 00:00:00.000,
,,,,868,,547457,,0,,2020-09-12 05:00:02.012,,2020-09-11 06:00:01.780,,,,60,120000,15,,,,636.0401,,34.26999,72e0c6e9-79aa-4b9e-9996-994004fc61aa.extra_data.json,jBfEgmLJSx,0,com.sec.android.app.shealth,547457,34139999,72e0c6e9-79aa-4b9e-9996-994004fc61aa,2020-09-11 00:00:00.000,
,,,,303,,202101,,0,,2020-09-13 01:36:00.814,,2020-09-12 05:00:01.871,,,,60,38019,5,,,,228.6,,11.100001,d33d9d77-95a9-4e23-b48a-4e242396f25b.extra_data.json,jBfEgmLJSx,0,com.sec.android.app.shealth,202101,44160000,d33d9d77-95a9-4e23-b48a-4e242396f25b,2020-09-12 00:00:00.000,
,,,,1650,,1033149,,0,,2020-09-13 19:51:36.594,,2020-09-13 04:43:17.809,,,,60,240000,28,,,,1215.9302,,65.13997,4b0baf88-3ab4-4cf2-a5ee-644ea2382ca8.extra_data.json,jBfEgmLJSx,1600,com.sec.android.app.shealth,1031549,36120000,4b0baf88-3ab4-4cf2-a5ee-644ea2382ca8,2020-09-13 00:00:00.000,
,,,,788,,525596,,0,,2020-09-15 04:44:03.399,,2020-09-14 05:00:01.185,,,,60,60000,13,,,,593.56006,,27.479996,5318a683-5322-44e2-bdbb-40196a06e6e2.extra_data.json,jBfEgmLJSx,0,com.sec.android.app.shealth,525596,23760000,5318a683-5322-44e2-bdbb-40196a06e6e2,2020-09-14 00:00:00.000,
,,,,650,,431414,,0,,2020-09-16 04:00:00.837,,2020-09-15 05:00:00.531,,,,60,45356,11,,,,502.04004,,24.729994,f4de10f7-3b98-429e-9612-7fe6deffc5da.extra_data.json,jBfEgmLJSx,3200,com.sec.android.app.shealth,428214,37439999,f4de10f7-3b98-429e-9612-7fe6deffc5da,2020-09-15 00:00:00.000,
,,,,920,,597512,,0,,2020-09-17 01:15:01.173,,2020-09-16 04:00:00.616,,,,60,60000,15,,,,689.79004,,35.229992,ec02cdec-a5e8-4c48-8db8-82f39cd63178.extra_data.json,jBfEgmLJSx,0,com.sec.android.app.shealth,597512,26400000,ec02cdec-a5e8-4c48-8db8-82f39cd63178,2020-09-16 00:00:00.000,
,,,,12484,,7655106,,0,,2020-09-18 03:07:09.172,,2020-09-17 04:00:00.782,,,,60,1815433,211,,,,9240.335,,494.30673,b3a64c54-ffd9-4004-a3e7-2a2a4fbfe13e.extra_data.json,jBfEgmLJSx,0,com.sec.android.app.shealth,7655106,17040000,b3a64c54-ffd9-4004-a3e7-2a2a4fbfe13e,2020-09-17 00:00:00.000,
,,,,4548,,2973186,,0,,2020-09-19 02:48:11.539,,2020-09-18 04:00:00.503,,,,60,180000,81,,,,3318.0103,,177.06998,5da19c02-9719-4320-81dd-889732c35a51.extra_data.json,jBfEgmLJSx,0,com.sec.android.app.shealth,2973186,27900000,5da19c02-9719-4320-81dd-889732c35a51,2020-09-18 00:00:00.000,
,,,,8009,,5297741,,0,,2020-09-20 02:35:53.015,,2020-09-19 04:07:14.912,,,,60,180000,146,,,,5926.713,,289.61005,a3c0ecbf-ff05-49ba-9047-872179a73699.extra_data.json,jBfEgmLJSx,0,com.sec.android.app.shealth,5297741,30180000,a3c0ecbf-ff05-49ba-9047-872179a73699,2020-09-19 00:00:00.000,
,,,,4850,,3125215,,0,,2020-09-20 19:55:04.708,,2020-09-20 04:00:01.928,,,,60,480000,86,,,,3593.8008,,178.24004,b66e185f-e2b7-41c8-af14-53738eafa4b8.extra_data.json,jBfEgmLJSx,800,com.sec.android.app.shealth,3124415,37620000,b66e185f-e2b7-41c8-af14-53738eafa4b8,2020-09-20 00:00:00.000,
,,,,4597,,3046793,,0,,2020-09-22 06:53:51.412,,2020-09-21 04:30:11.525,,,,60,60000,83,,,,3409.1482,,170.15009,c0eb92cf-7194-4e6b-9a47-6942109c2894.extra_data.json,jBfEgmLJSx,6000,com.sec.android.app.shealth,3040793,17939999,c0eb92cf-7194-4e6b-9a47-6942109c2894,2020-09-21 00:00:00.000,
,,,,4088,,2720927,,0,,2020-09-23 01:02:13.154,,2020-09-22 06:53:51.179,,,,60,60000,75,,,,3014.4683,,151.52003,86ca7be6-b097-4510-bc1d-b8f94f0060fb.extra_data.json,jBfEgmLJSx,5600,com.sec.android.app.shealth,2715327,20640000,86ca7be6-b097-4510-bc1d-b8f94f0060fb,2020-09-22 00:00:00.000,
,,,,7153,,4749260,,0,,2020-09-24 05:35:17.854,,2020-09-23 04:00:01.619,,,,60,120000,131,,,,5266.727,,263.18002,7deee31d-d868-4b1b-a0e2-adfca54aa8fa.extra_data.json,jBfEgmLJSx,400,com.sec.android.app.shealth,4748860,28800000,7deee31d-d868-4b1b-a0e2-adfca54aa8fa,2020-09-23 00:00:00.000,
,,,,1163,,775721,,0,,2020-09-25 03:19:45.760,,2020-09-24 04:00:01.819,,,,60,60000,20,,,,841.1699,,45.05999,df78b3c3-7658-43e0-878c-699a71fa1375.extra_data.json,jBfEgmLJSx,0,com.sec.android.app.shealth,775721,19440000,df78b3c3-7658-43e0-878c-699a71fa1375,2020-09-24 00:00:00.000,
,,,,2794,,1859699,,0,,2020-09-26 03:42:20.400,,2020-09-25 04:00:00.501,,,,60,60000,50,,,,2066.4885,,105.38,96578206-ed3d-4748-b90a-569e20a78632.extra_data.json,jBfEgmLJSx,800,com.sec.android.app.shealth,1858899,37620000,96578206-ed3d-4748-b90a-569e20a78632,2020-09-25 00:00:00.000,
,,,,6306,,4134801,,0,,2020-09-27 03:27:02.979,,2020-09-26 04:00:01.175,,,,60,120000,113,,,,4655.7104,,241.97998,55037a5c-4907-4aa1-b4c7-c1765ee64e9d.extra_data.json,jBfEgmLJSx,4400,com.sec.android.app.shealth,4130401,23220000,55037a5c-4907-4aa1-b4c7-c1765ee64e9d,2020-09-26 00:00:00.000,
,,,,7110,,4556254,,0,,2020-09-28 03:51:00.646,,2020-09-27 04:00:00.503,,,,60,180000,125,,,,5254.98,,277.0599,f64c09ab-26c4-44fc-936b-6902bb895837.extra_data.json,jBfEgmLJSx,0,com.sec.android.app.shealth,4556254,21120000,f64c09ab-26c4-44fc-936b-6902bb895837,2020-09-27 00:00:00.000,
,,,,1493,,984462,,0,,2020-09-29 03:35:06.938,,2020-09-28 05:00:00.286,,,,60,60000,26,,,,1105.47,,55.809982,70059d38-8c13-4522-9d46-e333cbbe45e8.extra_data.json,jBfEgmLJSx,0,com.sec.android.app.shealth,984462,40920000,70059d38-8c13-4522-9d46-e333cbbe45e8,2020-09-28 00:00:00.000,
,,,,1623,,1059076,,0,,2020-09-30 03:21:18.540,,2020-09-29 05:00:01.237,,,,60,120000,28,,,,1215.4099,,60.040005,8ee67ee3-ab08-4b54-a4c5-ddeba38d5a5a.extra_data.json,jBfEgmLJSx,0,com.sec.android.app.shealth,1059076,27660000,8ee67ee3-ab08-4b54-a4c5-ddeba38d5a5a,2020-09-29 00:00:00.000,
,,,,754,,484182,,0,,2020-10-01 03:08:41.056,,2020-09-30 04:00:00.250,,,,60,60000,13,,,,563.3901,,28.380001,89eff0a9-b01b-4208-8dd9-ec56b1b6c162.extra_data.json,jBfEgmLJSx,0,com.sec.android.app.shealth,484182,19620000,89eff0a9-b01b-4208-8dd9-ec56b1b6c162,2020-09-30 00:00:00.000,
,,,,510,,340170,,0,,2020-10-02 05:00:00.657,,2020-10-01 04:00:01.240,,,,60,33350,8,,,,384.85,,17.84,cf36d572-d210-4a64-a14d-6a9bec1cbbe3.extra_data.json,jBfEgmLJSx,0,com.sec.android.app.shealth,340170,26220000,cf36d572-d210-4a64-a14d-6a9bec1cbbe3,2020-10-01 00:00:00.000,
,,,,1203,,783635,,0,,2020-10-03 05:36:01.070,,2020-10-02 05:00:00.508,,,,60,60000,21,,,,890.64014,,47.399982,dde11ed6-8dd5-42b6-8b4f-d17d19908582.extra_data.json,jBfEgmLJSx,0,com.sec.android.app.shealth,783635,26700000,dde11ed6-8dd5-42b6-8b4f-d17d19908582,2020-10-02 00:00:00.000,
,,,,3246,,2138282,,0,,2020-10-04 07:00:00.771,,2020-10-03 06:00:00.474,,,,60,120000,58,,,,2399.9304,,123.36,90357cd5-362d-4c8e-a383-d3332d2b5be4.extra_data.json,jBfEgmLJSx,0,com.sec.android.app.shealth,2138282,17460000,90357cd5-362d-4c8e-a383-d3332d2b5be4,2020-10-03 00:00:00.000,
,,,,166,,110722,,0,,2020-10-05 04:35:38.742,,2020-10-04 07:00:00.550,,,,60,23345,1,,,,135.4,,6.4399996,7682bbf0-331d-4eed-8f8e-c13c4af7954c.extra_data.json,jBfEgmLJSx,0,com.sec.android.app.shealth,110722,40920000,7682bbf0-331d-4eed-8f8e-c13c4af7954c,2020-10-04 00:00:00.000,
,,,,1566,,1037822,,0,,2020-10-06 04:59:15.961,,2020-10-05 05:09:03.163,,,,60,60000,28,,,,1157.2301,,60.729984,1acb4c63-2ae6-4756-ab1c-b0894cc52198.extra_data.json,jBfEgmLJSx,0,com.sec.android.app.shealth,1037822,35040000,1acb4c63-2ae6-4756-ab1c-b0894cc52198,2020-10-05 00:00:00.000,
,,,,1076,,676218,,0,,2020-10-07 03:11:31.496,,2020-10-06 05:00:00.562,,,,60,60000,18,,,,801.06006,,40.84999,e78df627-8b93-4f8e-9df0-c709d0b9b45b.extra_data.json,jBfEgmLJSx,0,com.sec.android.app.shealth,676218,25440000,e78df627-8b93-4f8e-9df0-c709d0b9b45b,2020-10-06 00:00:00.000,
,,,,1946,,1257594,,0,,2020-10-08 01:47:19.689,,2020-10-07 05:00:01.545,,,,60,120000,33,,,,1472.8099,,75.20999,384786dd-f283-42c4-ba25-28f3d7cbcf97.extra_data.json,jBfEgmLJSx,22400,com.sec.android.app.shealth,1235194,24480000,384786dd-f283-42c4-ba25-28f3d7cbcf97,2020-10-07 00:00:00.000,
,,,,2055,,1264392,,0,,2020-10-09 02:52:22.433,,2020-10-08 04:00:00.693,,,,60,120000,35,,,,1541.3999,,76.919975,4c8544d4-27bb-44b9-92d2-1f5b78356458.extra_data.json,jBfEgmLJSx,0,com.sec.android.app.shealth,1264392,24300000,4c8544d4-27bb-44b9-92d2-1f5b78356458,2020-10-08 00:00:00.000,
,,,,2606,,1703561,,0,,2020-10-10 04:00:00.504,,2020-10-09 04:00:00.536,,,,60,60000,46,,,,1932.6498,,98.54998,6acc5211-3f64-4f51-b1d2-4decb714cec9.extra_data.json,jBfEgmLJSx,800,com.sec.android.app.shealth,1702761,22080000,6acc5211-3f64-4f51-b1d2-4decb714cec9,2020-10-09 00:00:00.000,
,,,,2429,,1505696,,0,,2020-10-11 03:52:49.813,,2020-10-10 04:00:00.408,,,,60,180000,41,,,,1791.2197,,93.35999,9d1ae87b-ef5a-4f62-a333-ad208a85dcf8.extra_data.json,jBfEgmLJSx,0,com.sec.android.app.shealth,1505696,32700000,9d1ae87b-ef5a-4f62-a333-ad208a85dcf8,2020-10-10 00:00:00.000,
,,,,1554,,1013023,,0,,2020-10-12 01:15:01.373,,2020-10-11 05:00:00.494,,,,60,120000,26,,,,1142.6699,,59.219994,9b3b5b3c-8bc3-43d6-ba5e-866432965699.extra_data.json,jBfEgmLJSx,0,com.sec.android.app.shealth,1013023,21900000,9b3b5b3c-8bc3-43d6-ba5e-866432965699,2020-10-11 00:00:00.000,
,,,,2403,,1569270,,0,,2020-10-13 05:20:04.003,,2020-10-12 06:00:00.628,,,,60,120000,43,,,,1783.9203,,91.820015,d2ceab27-92b0-493b-af4d-9d717f3f063c.extra_data.json,jBfEgmLJSx,2000,com.sec.android.app.shealth,1567270,17220000,d2ceab27-92b0-493b-af4d-9d717f3f063c,2020-10-12 00:00:00.000,
,,,,5704,,3774343,,0,,2020-10-14 03:35:40.111,,2020-10-13 07:28:11.243,,,,60,120000,103,,,,4147.67,,221.31004,f874cfd8-f598-4845-b865-aeaa6aa2bfb5.extra_data.json,jBfEgmLJSx,0,com.sec.android.app.shealth,3774343,15000000,f874cfd8-f598-4845-b865-aeaa6aa2bfb5,2020-10-13 00:00:00.000,
,,,,1010,,673670,,0,,2020-10-15 07:00:00.622,,2020-10-14 07:00:01.254,,,,60,46690,18,,,,733.03,,37.64999,669cd6c0-6cc2-41f6-9551-743292898082.extra_data.json,jBfEgmLJSx,0,com.sec.android.app.shealth,673670,26280000,669cd6c0-6cc2-41f6-9551-743292898082,2020-10-14 00:00:00.000,
,,,,4044,,2695984,,0,,2020-10-16 06:18:20.074,,2020-10-15 07:00:00.425,,,,60,120000,73,,,,2931.6804,,154.91998,facb0f71-9e75-4753-acf1-5926a71ad045.extra_data.json,jBfEgmLJSx,0,com.sec.android.app.shealth,2695984,20580000,facb0f71-9e75-4753-acf1-5926a71ad045,2020-10-15 00:00:00.000,
,,,,3143,,2082684,,0,,2020-10-17 04:24:07.997,,2020-10-16 07:00:01.661,,,,60,300000,56,,,,2305.0403,,121.23001,c4b9ab6b-5ef1-4f59-a719-c1058589510b.extra_data.json,jBfEgmLJSx,400,com.sec.android.app.shealth,2082284,23280000,c4b9ab6b-5ef1-4f59-a719-c1058589510b,2020-10-16 00:00:00.000,
,,,,5207,,3454273,,0,,2020-10-18 02:35:21.791,,2020-10-17 07:00:00.756,,,,60,240000,95,,,,3809.3296,,200.20995,b58a76a4-5624-4ad4-847c-3593bcb7a1e2.extra_data.json,jBfEgmLJSx,0,com.sec.android.app.shealth,3454273,43980000,b58a76a4-5624-4ad4-847c-3593bcb7a1e2,2020-10-17 00:00:00.000,
,,,,1967,,1304622,,0,,2020-10-19 05:11:08.751,,2020-10-18 07:00:02.144,,,,60,60000,35,,,,1437.64,,76.07001,1a36dedc-2bda-4a33-a87e-6cfd4da67b6c.extra_data.json,jBfEgmLJSx,0,com.sec.android.app.shealth,1304622,42060000,1a36dedc-2bda-4a33-a87e-6cfd4da67b6c,2020-10-18 00:00:00.000,
,,,,1699,,1132966,,0,,2020-10-20 11:01:25.732,,2020-10-19 07:27:37.580,,,,60,60000,30,,,,1216.9398,,65.539986,cf8b0845-45fd-4364-beab-84dcaddbb95f.extra_data.json,jBfEgmLJSx,400,com.sec.android.app.shealth,1132566,31620000,cf8b0845-45fd-4364-beab-84dcaddbb95f,2020-10-19 00:00:00.000,
,,,,1167,,778389,,0,,2020-10-21 06:55:12.331,,2020-10-20 07:00:00.758,,,,60,60000,20,,,,851.52997,,44.52,65fc47be-0cf0-4670-baeb-e6d40e2a575a.extra_data.json,jBfEgmLJSx,0,com.sec.android.app.shealth,778389,29220000,65fc47be-0cf0-4670-baeb-e6d40e2a575a,2020-10-20 00:00:00.000,
,,,,2757,,1838919,,0,,2020-10-22 05:52:10.243,,2020-10-21 07:00:00.501,,,,60,60000,50,,,,2016.8196,,105.119995,14e03e18-0b5b-4801-9bdd-9033c593c06f.extra_data.json,jBfEgmLJSx,0,com.sec.android.app.shealth,1838919,34320000,14e03e18-0b5b-4801-9bdd-9033c593c06f,2020-10-21 00:00:00.000,
,,,,83,,55361,,0,,2020-10-23 07:00:02.157,,2020-10-22 07:00:01.832,,,,60,13340,0,,,,62.390003,,2.97,898d5718-83e1-46ea-801a-e4d5c7fcb22a.extra_data.json,jBfEgmLJSx,0,com.sec.android.app.shealth,55361,72239999,898d5718-83e1-46ea-801a-e4d5c7fcb22a,2020-10-22 00:00:00.000,
,,,,1247,,805646,,0,,2020-10-24 05:14:04.533,,2020-10-23 07:00:02.013,,,,60,180000,21,,,,916.6301,,47.530003,65637b90-0cd3-4a5f-bc28-558d7d25e364.extra_data.json,jBfEgmLJSx,0,com.sec.android.app.shealth,805646,41220000,65637b90-0cd3-4a5f-bc28-558d7d25e364,2020-10-23 00:00:00.000,
,,,,3207,,2135704,,0,,2020-10-25 07:06:05.306,,2020-10-24 07:17:48.909,,,,60,60000,58,,,,2329.0796,,123.56999,2257dc0d-9ffc-4a5f-821e-5f7adf8ebacd.extra_data.json,jBfEgmLJSx,0,com.sec.android.app.shealth,2135704,48900000,2257dc0d-9ffc-4a5f-821e-5f7adf8ebacd,2020-10-24 00:00:00.000,
,,,,1141,,761047,,0,,2020-10-26 03:35:02.605,,2020-10-25 07:00:01.462,,,,60,60000,20,,,,819.4201,,43.92,49882f43-9f30-418f-a991-1f37ad3aecad.extra_data.json,jBfEgmLJSx,0,com.sec.android.app.shealth,761047,43320000,49882f43-9f30-418f-a991-1f37ad3aecad,2020-10-25 00:00:00.000,
,,,,370,,240757,,0,,2020-10-27 07:16:09.924,,2020-10-26 07:00:00.497,,,,60,60000,6,,,,270.98,,13.940001,06c615f5-17df-42f4-a7a9-b4179acabf69.extra_data.json,jBfEgmLJSx,0,com.sec.android.app.shealth,240757,24780000,06c615f5-17df-42f4-a7a9-b4179acabf69,2020-10-26 00:00:00.000,
,,,,3707,,2453209,,0,,2020-10-28 05:29:15.852,,2020-10-27 07:00:01.822,,,,60,60000,66,,,,2702.8699,,143.76001,8d2a73fc-7e42-4d75-873f-b70416d9a418.extra_data.json,jBfEgmLJSx,800,com.sec.android.app.shealth,2452409,21660000,8d2a73fc-7e42-4d75-873f-b70416d9a418,2020-10-27 00:00:00.000,
,,,,2960,,1924425,,0,,2020-10-28 21:44:33.526,,2020-10-28 07:00:00.539,,,,60,180000,53,,,,2153.8699,,115.30998,61f20434-5159-4d3c-8ca9-da2094623114.extra_data.json,jBfEgmLJSx,400,com.sec.android.app.shealth,1924025,32100000,61f20434-5159-4d3c-8ca9-da2094623114,2020-10-28 00:00:00.000,
,,,,2344,,1517792,,0,,2020-10-30 06:00:00.502,,2020-10-29 06:50:26.501,,,,60,120000,41,,,,1721.24,,91.309975,da10d595-ae46-452a-a64e-9f0db8af63ff.extra_data.json,jBfEgmLJSx,0,com.sec.android.app.shealth,1517792,33299999,da10d595-ae46-452a-a64e-9f0db8af63ff,2020-10-29 00:00:00.000,
,,,,2388,,1522461,,0,,2020-10-31 05:13:17.325,,2020-10-30 06:00:00.414,,,,60,180000,41,,,,1770.3398,,92.37998,4eacb0f6-3047-46ea-8c95-79261bdf6677.extra_data.json,jBfEgmLJSx,0,com.sec.android.app.shealth,1522461,46260000,4eacb0f6-3047-46ea-8c95-79261bdf6677,2020-10-30 00:00:00.000,
,,,,1256,,790185,,0,,2020-11-01 03:41:52.521,,2020-10-31 06:00:01.081,,,,60,240000,21,,,,921.11,,49.42,ac28e5ec-d0e9-47ea-9be0-b03348f5990e.extra_data.json,jBfEgmLJSx,0,com.sec.android.app.shealth,790185,63900000,ac28e5ec-d0e9-47ea-9be0-b03348f5990e,2020-10-31 00:00:00.000,
,,,,918,,586173,,0,,2020-11-02 05:10:00.225,,2020-11-01 06:00:00.558,,,,60,120000,15,,,,673.97,,36.369995,c2c7b562-84cc-45f3-ae5c-8f07701e95b6.extra_data.json,jBfEgmLJSx,0,com.sec.android.app.shealth,586173,74820000,c2c7b562-84cc-45f3-ae5c-8f07701e95b6,2020-11-01 00:00:00.000,
,,,,6632,,4282296,,0,,2020-11-03 06:22:57.886,,2020-11-02 07:00:01.357,,,,60,240000,118,,,,4934.2896,,253.06995,9845d270-8070-4c06-9c0d-25eed27793e8.extra_data.json,jBfEgmLJSx,2000,com.sec.android.app.shealth,4280296,21180000,9845d270-8070-4c06-9c0d-25eed27793e8,2020-11-02 00:00:00.000,
,,,,3561,,2241824,,0,,2020-11-04 02:55:08.434,,2020-11-03 08:00:01.297,,,,60,540000,61,,,,2636.73,,139.94998,fad0f80f-0a51-4965-a5e0-6c6784c956bb.extra_data.json,jBfEgmLJSx,0,com.sec.android.app.shealth,2241824,56880000,fad0f80f-0a51-4965-a5e0-6c6784c956bb,2020-11-03 00:00:00.000,
,,,,2333,,1475681,,0,,2020-11-05 05:43:15.361,,2020-11-04 08:00:00.631,,,,60,180000,40,,,,1707.5798,,92.17997,c71aa6b5-442a-4dc1-aaf6-6058a1dd3942.extra_data.json,jBfEgmLJSx,0,com.sec.android.app.shealth,1475681,38820000,c71aa6b5-442a-4dc1-aaf6-6058a1dd3942,2020-11-04 00:00:00.000,
,,,,4301,,2849570,,0,,2020-11-06 07:55:39.619,,2020-11-05 08:00:02.293,,,,60,180000,78,,,,3186.15,,162.97,ab1c0879-4f53-43b4-a50f-94c4cd7f9452.extra_data.json,jBfEgmLJSx,1600,com.sec.android.app.shealth,2847970,21900000,ab1c0879-4f53-43b4-a50f-94c4cd7f9452,2020-11-05 00:00:00.000,
,,,,2148,,1402610,,0,,2020-11-07 02:15:16.102,,2020-11-06 08:00:00.480,,,,60,60000,38,,,,1593.83,,82.10001,46f89eb1-9989-426c-83d0-d71da928b302.extra_data.json,jBfEgmLJSx,2000,com.sec.android.app.shealth,1400610,37200000,46f89eb1-9989-426c-83d0-d71da928b302,2020-11-06 00:00:00.000,
,,,,1177,,785059,,0,,2020-11-08 05:24:42.619,,2020-11-07 07:00:02.514,,,,60,120000,21,,,,866.98016,,44.299995,dd98add7-6952-48dc-99fc-ac668be62bca.extra_data.json,jBfEgmLJSx,0,com.sec.android.app.shealth,785059,34740000,dd98add7-6952-48dc-99fc-ac668be62bca,2020-11-07 00:00:00.000,
,,,,1967,,1239106,,0,,2020-11-09 06:36:52.226,,2020-11-08 06:00:00.405,,,,60,120000,33,,,,1478.4503,,74.78001,5ee1b104-7d6c-422c-ab1d-4db39a5f5bd4.extra_data.json,jBfEgmLJSx,10187,com.sec.android.app.shealth,1228919,34980000,5ee1b104-7d6c-422c-ab1d-4db39a5f5bd4,2020-11-08 00:00:00.000,
,,,,260,,173420,,0,,2020-11-10 07:43:03.464,,2020-11-09 07:00:00.843,,,,60,22011,3,,,,198.51,,8.86,3003a71d-46c8-46fb-bec2-f78bc246301b.extra_data.json,jBfEgmLJSx,0,com.sec.android.app.shealth,173420,33840000,3003a71d-46c8-46fb-bec2-f78bc246301b,2020-11-09 00:00:00.000,
,,,,605,,403535,,0,,2020-11-11 06:55:25.795,,2020-11-10 08:00:01.139,,,,60,50025,10,,,,449.61993,,22.999996,c64af3e9-b511-4921-bf32-b4ea7bf1c6d7.extra_data.json,jBfEgmLJSx,0,com.sec.android.app.shealth,403535,46020000,c64af3e9-b511-4921-bf32-b4ea7bf1c6d7,2020-11-10 00:00:00.000,
,,,,1864,,1237225,,0,,2020-11-12 06:00:01.362,,2020-11-11 07:00:00.499,,,,60,60000,33,,,,1378.0999,,71.09001,7987e7eb-71a7-478b-ae61-f520244a201d.extra_data.json,jBfEgmLJSx,0,com.sec.android.app.shealth,1237225,25200000,7987e7eb-71a7-478b-ae61-f520244a201d,2020-11-11 00:00:00.000,
,,,,1265,,802251,,0,,2020-11-13 04:15:48.500,,2020-11-12 06:00:01.168,,,,60,60000,21,,,,931.52997,,49.139984,ed03edfa-3874-42bf-984b-1811487db667.extra_data.json,jBfEgmLJSx,0,com.sec.android.app.shealth,802251,53400000,ed03edfa-3874-42bf-984b-1811487db667,2020-11-12 00:00:00.000,
,,,,5351,,3483751,,0,,2020-11-14 08:15:05.908,,2020-11-13 06:00:00.533,,,,60,180000,96,,,,3956.9304,,202.14005,5e39982d-6d85-46aa-b006-f78327d04a0e.extra_data.json,jBfEgmLJSx,400,com.sec.android.app.shealth,3483351,38820000,5e39982d-6d85-46aa-b006-f78327d04a0e,2020-11-13 00:00:00.000,
,,,,1175,,756198,,0,,2020-11-15 07:28:00.502,,2020-11-14 06:00:01.957,,,,60,300000,20,,,,860.05,,46.379993,c3589ddf-7acc-4139-a638-1c02d2b70e8b.extra_data.json,jBfEgmLJSx,0,com.sec.android.app.shealth,756198,34080000,c3589ddf-7acc-4139-a638-1c02d2b70e8b,2020-11-14 00:00:00.000,
,,,,398,,261434,,0,,2020-11-16 02:46:39.269,,2020-11-15 08:00:00.514,,,,60,60000,6,,,,296.99997,,15.049997,29b5c262-ac92-4c32-bd6f-4e57444e9211.extra_data.json,jBfEgmLJSx,0,com.sec.android.app.shealth,261434,60660000,29b5c262-ac92-4c32-bd6f-4e57444e9211,2020-11-15 00:00:00.000,
,,,,479,,318129,,0,,2020-11-17 08:00:01.646,,2020-11-16 08:00:01.574,,,,60,60000,8,,,,359.91998,,18.169998,2c00fe26-45ad-4245-b1fb-e07e67f90c3e.extra_data.json,jBfEgmLJSx,0,com.sec.android.app.shealth,318129,32940000,2c00fe26-45ad-4245-b1fb-e07e67f90c3e,2020-11-16 00:00:00.000,
,,,,300,,192891,,0,,2020-11-18 02:19:10.265,,2020-11-17 08:00:01.487,,,,60,40020,5,,,,239.46999,,11.869999,a54c8ab5-da7a-40a5-9f2b-2096259293bd.extra_data.json,jBfEgmLJSx,10800,com.sec.android.app.shealth,182091,26940000,a54c8ab5-da7a-40a5-9f2b-2096259293bd,2020-11-17 00:00:00.000,
,,,,526,,330772,,0,,2020-11-18 23:28:16.434,,2020-11-18 07:00:01.648,,,,60,120000,8,,,,387.59,,20.039997,368178bb-ecb5-4976-9e85-55e0c35a67d7.extra_data.json,jBfEgmLJSx,0,com.sec.android.app.shealth,330772,36840000,368178bb-ecb5-4976-9e85-55e0c35a67d7,2020-11-18 00:00:00.000,
,,,,881,,572893,,0,,2020-11-20 05:00:02.407,,2020-11-19 06:00:01.887,,,,60,120000,15,,,,649.07996,,33.97,bf5c3165-cb0b-4ce4-8b0f-4f396d67514e.extra_data.json,jBfEgmLJSx,0,com.sec.android.app.shealth,572893,27779999,bf5c3165-cb0b-4ce4-8b0f-4f396d67514e,2020-11-19 00:00:00.000,
,,,,507,,338169,,0,,2020-11-20 23:35:31.609,,2020-11-20 05:00:02.206,,,,60,44022,8,,,,373.08,,19.439999,20b1cf7e-6a0b-41fc-913b-77449c449fd1.extra_data.json,jBfEgmLJSx,0,com.sec.android.app.shealth,338169,39480000,20b1cf7e-6a0b-41fc-913b-77449c449fd1,2020-11-20 00:00:00.000,
,,,,2415,,1586866,,0,,2020-11-22 03:07:04.611,,2020-11-21 06:00:01.421,,,,60,60000,43,,,,1818.32,,89.77,018e83d5-c701-4c8e-b6dd-1841a642fa5a.extra_data.json,jBfEgmLJSx,800,com.sec.android.app.shealth,1586066,17100000,018e83d5-c701-4c8e-b6dd-1841a642fa5a,2020-11-21 00:00:00.000,
,,,,1319,,875044,,0,,2020-11-23 08:00:01.900,,2020-11-22 07:00:01.532,,,,60,60000,23,,,,964.24005,,50.239998,00dc30bc-ed6b-472b-92c7-ca76297ab911.extra_data.json,jBfEgmLJSx,0,com.sec.android.app.shealth,875044,22259999,00dc30bc-ed6b-472b-92c7-ca76297ab911,2020-11-22 00:00:00.000,
,,,,3842,,2546442,,0,,2020-11-24 05:26:47.001,,2020-11-23 08:00:01.737,,,,60,60000,70,,,,2791.4102,,148.63002,87918019-0e95-49d4-b8f9-d0124a02c797.extra_data.json,jBfEgmLJSx,1200,com.sec.android.app.shealth,2545242,29880000,87918019-0e95-49d4-b8f9-d0124a02c797,2020-11-23 00:00:00.000,
,,,,2616,,1741477,,0,,2020-11-25 01:13:41.839,,2020-11-24 08:17:45.965,,,,60,60000,48,,,,1872.9601,,101.65002,fead82c1-2d51-416c-acda-b11b6b73bc51.extra_data.json,jBfEgmLJSx,0,com.sec.android.app.shealth,1741477,31320000,fead82c1-2d51-416c-acda-b11b6b73bc51,2020-11-24 00:00:00.000,
,,,,1930,,1283305,,0,,2020-11-26 06:55:01.651,,2020-11-25 08:13:58.157,,,,60,60000,35,,,,1499.1298,,75.639984,c5be2c0a-f63f-4b29-92e7-2d828d2546b1.extra_data.json,jBfEgmLJSx,6000,com.sec.android.app.shealth,1277305,31320000,c5be2c0a-f63f-4b29-92e7-2d828d2546b1,2020-11-25 00:00:00.000,
,,,,382,,254794,,0,,2020-11-27 03:35:01.485,,2020-11-26 07:00:01.254,,,,60,23345,6,,,,288.05,,13.669998,c1986434-5718-46d9-847c-f6829512803e.extra_data.json,jBfEgmLJSx,0,com.sec.android.app.shealth,254794,20520000,c1986434-5718-46d9-847c-f6829512803e,2020-11-26 00:00:00.000,
,,,,2477,,1625625,,0,,2020-11-28 00:00:12.333,,2020-11-27 06:00:01.659,,,,60,120000,45,,,,1855.7002,,92.84997,8bd400b1-f1b5-49f5-b492-225026e2e7ce.extra_data.json,jBfEgmLJSx,1600,com.sec.android.app.shealth,1624025,18240000,8bd400b1-f1b5-49f5-b492-225026e2e7ce,2020-11-27 00:00:00.000,
,,,,841,,524869,,0,,2020-11-29 03:03:03.383,,2020-11-28 06:00:00.405,,,,60,60000,13,,,,629.26996,,29.959993,67c70aef-2261-4f17-b71b-ddeaa688dc5d.extra_data.json,jBfEgmLJSx,0,com.sec.android.app.shealth,524869,23820000,67c70aef-2261-4f17-b71b-ddeaa688dc5d,2020-11-28 00:00:00.000,
,,,,1571,,1019959,,0,,2020-11-30 05:55:01.084,,2020-11-29 07:00:01.379,,,,60,120000,26,,,,1136.44,,62.23999,18ed408c-7b87-4c5a-8e87-70e0b637d65f.extra_data.json,jBfEgmLJSx,1600,com.sec.android.app.shealth,1018359,39960000,18ed408c-7b87-4c5a-8e87-70e0b637d65f,2020-11-29 00:00:00.000,
,,,,3016,,1982144,,0,,2020-12-01 07:00:00.880,,2020-11-30 07:00:00.395,,,,60,180000,55,,,,2152.88,,119.96997,dbce0123-a133-4237-977f-c2ffae458a6a.extra_data.json,jBfEgmLJSx,0,com.sec.android.app.shealth,1982144,37920000,dbce0123-a133-4237-977f-c2ffae458a6a,2020-11-30 00:00:00.000,
,,,,2823,,1832202,,0,,2020-12-02 07:00:00.781,,2020-12-01 07:00:00.606,,,,60,120000,50,,,,2058.4001,,111.2,45c2b121-b0b5-4d57-af2c-c613e0f0fd7c.extra_data.json,jBfEgmLJSx,800,com.sec.android.app.shealth,1831402,32700000,45c2b121-b0b5-4d57-af2c-c613e0f0fd7c,2020-12-01 00:00:00.000,
,,,,1989,,1262451,,0,,2020-12-03 07:00:00.543,,2020-12-02 07:00:00.593,,,,60,120000,35,,,,1439.5002,,77.749985,6f4e7ccd-8b55-40d0-9432-f47dc8eea94b.extra_data.json,jBfEgmLJSx,0,com.sec.android.app.shealth,1262451,35579999,6f4e7ccd-8b55-40d0-9432-f47dc8eea94b,2020-12-02 00:00:00.000,
,,,,620,,377402,,0,,2020-12-04 01:30:58.871,,2020-12-03 07:00:00.468,,,,60,120000,10,,,,458.96,,24.359999,8d37222e-80ec-4b00-a9fd-7c5a1957cae0.extra_data.json,jBfEgmLJSx,0,com.sec.android.app.shealth,377402,61680000,8d37222e-80ec-4b00-a9fd-7c5a1957cae0,2020-12-03 00:00:00.000,
,,,,3060,,2004743,,0,,2020-12-05 04:21:59.332,,2020-12-04 07:00:00.650,,,,60,120000,55,,,,2371.6902,,117.66995,d8ccb68d-727c-489b-96bd-8c7fee513498.extra_data.json,jBfEgmLJSx,11200,com.sec.android.app.shealth,1993543,49380000,d8ccb68d-727c-489b-96bd-8c7fee513498,2020-12-04 00:00:00.000,
,,,,253,,168751,,0,,2020-12-06 02:54:43.219,,2020-12-05 07:00:00.503,,,,60,60000,3,,,,185.01999,,9.87,cb4fd689-7129-4e6d-ab64-81c6ae8266ca.extra_data.json,jBfEgmLJSx,0,com.sec.android.app.shealth,168751,73800000,cb4fd689-7129-4e6d-ab64-81c6ae8266ca,2020-12-05 00:00:00.000,
,,,,809,,539336,,0,,2020-12-07 01:18:02.598,,2020-12-06 05:20:55.140,,,,60,48024,13,,,,634.44995,,30.699999,67d2c437-c056-4422-bfb0-6e04892fac30.extra_data.json,jBfEgmLJSx,400,com.sec.android.app.shealth,538936,23940000,67d2c437-c056-4422-bfb0-6e04892fac30,2020-12-06 00:00:00.000,
,,,,898,,580200,,0,,2020-12-08 02:28:03.083,,2020-12-07 06:00:00.354,,,,60,120000,15,,,,672.07996,,34.239998,3fb1ecf9-3ea6-4f33-ba66-a3e420e45e86.extra_data.json,jBfEgmLJSx,0,com.sec.android.app.shealth,580200,61560000,3fb1ecf9-3ea6-4f33-ba66-a3e420e45e86,2020-12-07 00:00:00.000,
,,,,424,,282808,,0,,2020-12-09 03:55:17.375,,2020-12-08 07:00:00.354,,,,60,46690,6,,,,320.17,,15.69,11d3f2fe-6f46-45ef-9d50-05a4a5161f58.extra_data.json,jBfEgmLJSx,0,com.sec.android.app.shealth,282808,28800000,11d3f2fe-6f46-45ef-9d50-05a4a5161f58,2020-12-08 00:00:00.000,
,,,,705,,470235,,0,,2020-12-10 06:00:00.912,,2020-12-09 05:00:01.377,,,,60,60000,11,,,,518.92,,26.229998,24ffdb92-8920-4bba-ab05-0b84fc508fb4.extra_data.json,jBfEgmLJSx,0,com.sec.android.app.shealth,470235,24660000,24ffdb92-8920-4bba-ab05-0b84fc508fb4,2020-12-09 00:00:00.000,
,,,,1729,,1126413,,0,,2020-12-11 04:16:49.369,,2020-12-10 06:00:00.729,,,,60,120000,30,,,,1278.7998,,65.95,8d7ddaff-9c76-4f8e-b68d-d28ece3c7e05.extra_data.json,jBfEgmLJSx,0,com.sec.android.app.shealth,1126413,16200000,8d7ddaff-9c76-4f8e-b68d-d28ece3c7e05,2020-12-10 00:00:00.000,
,,,,1822,,1213910,,0,,2020-12-12 03:35:01.806,,2020-12-11 08:18:49.043,,,,60,60000,33,,,,1319.8497,,70.090004,092cf3aa-08b8-416e-8281-50f6f29cc64e.extra_data.json,jBfEgmLJSx,0,com.sec.android.app.shealth,1213910,25440000,092cf3aa-08b8-416e-8281-50f6f29cc64e,2020-12-11 00:00:00.000,
,,,,5318,,3495859,,0,,2020-12-13 08:52:25.809,,2020-12-12 07:00:01.630,,,,60,240000,96,,,,3926.5798,,199.72998,d6fa5a40-dd65-456b-8c36-9f1ff0574a9f.extra_data.json,jBfEgmLJSx,9600,com.sec.android.app.shealth,3486259,19740000,d6fa5a40-dd65-456b-8c36-9f1ff0574a9f,2020-12-12 00:00:00.000,
,,,,5336,,3555050,,0,,2020-12-14 06:16:24.063,,2020-12-13 07:00:02.258,,,,60,60000,98,,,,3797.6602,,207.47993,dfcadcc9-cef3-4d19-bd41-f448b9401120.extra_data.json,jBfEgmLJSx,0,com.sec.android.app.shealth,3555050,28740000,dfcadcc9-cef3-4d19-bd41-f448b9401120,2020-12-13 00:00:00.000,
,,,,969,,646323,,0,,2020-12-15 03:52:24.530,,2020-12-14 07:00:00.844,,,,60,60000,16,,,,700.36005,,37.079994,24628644-a133-4ac7-8361-0d63c4c8c47f.extra_data.json,jBfEgmLJSx,0,com.sec.android.app.shealth,646323,25980000,24628644-a133-4ac7-8361-0d63c4c8c47f,2020-12-14 00:00:00.000,
,,,,2251,,1489898,,0,,2020-12-16 06:55:24.519,,2020-12-15 08:29:33.503,,,,60,120000,40,,,,1628.5999,,87.969986,f243d20a-d9b8-43ff-985d-a53207150836.extra_data.json,jBfEgmLJSx,0,com.sec.android.app.shealth,1489898,15960000,f243d20a-d9b8-43ff-985d-a53207150836,2020-12-15 00:00:00.000,
,,,,837,,550882,,0,,2020-12-17 00:36:19.209,,2020-12-16 07:00:01.851,,,,60,120000,15,,,,603.54004,,32.539997,9d7c7eb1-8216-49fb-ac0d-9f172555ce35.extra_data.json,jBfEgmLJSx,0,com.sec.android.app.shealth,550882,23820000,9d7c7eb1-8216-49fb-ac0d-9f172555ce35,2020-12-16 00:00:00.000,
,,,,2911,,1938272,,0,,2020-12-18 06:16:21.162,,2020-12-17 07:39:40.934,,,,60,120000,53,,,,2112.8499,,112.049995,578d97e1-a878-4b7b-9cc8-df4a3e992d7f.extra_data.json,jBfEgmLJSx,0,com.sec.android.app.shealth,1938272,28380000,578d97e1-a878-4b7b-9cc8-df4a3e992d7f,2020-12-17 00:00:00.000,
,,,,1553,,1009628,,0,,2020-12-19 05:33:32.689,,2020-12-18 07:00:01.164,,,,60,120000,26,,,,1134.4501,,59.929996,1291a308-4cd5-43c4-9535-31d007ed6697.extra_data.json,jBfEgmLJSx,0,com.sec.android.app.shealth,1009628,35220000,1291a308-4cd5-43c4-9535-31d007ed6697,2020-12-18 00:00:00.000,
,,,,3143,,1990605,,0,,2020-12-20 04:06:34.448,,2020-12-19 07:00:00.389,,,,60,180000,55,,,,2308.2095,,122.799995,a7e90b7c-aef3-4741-a15b-e63d190234ca.extra_data.json,jBfEgmLJSx,0,com.sec.android.app.shealth,1990605,17940000,a7e90b7c-aef3-4741-a15b-e63d190234ca,2020-12-19 00:00:00.000,
,,,,1483,,977895,,0,,2020-12-21 04:08:42.554,,2020-12-20 06:00:01.717,,,,60,60000,26,,,,1113.67,,56.249996,52c516a1-b5bc-4b17-8c79-0b01978a1f86.extra_data.json,jBfEgmLJSx,800,com.sec.android.app.shealth,977095,37440000,52c516a1-b5bc-4b17-8c79-0b01978a1f86,2020-12-20 00:00:00.000,
,,,,814,,542938,,0,,2020-12-22 04:01:41.161,,2020-12-21 05:00:00.526,,,,60,48691,15,,,,603.18005,,30.129993,0fac9fab-4ff7-4bdb-8f8a-8e54b3543e81.extra_data.json,jBfEgmLJSx,0,com.sec.android.app.shealth,542938,47940000,0fac9fab-4ff7-4bdb-8f8a-8e54b3543e81,2020-12-21 00:00:00.000,
,,,,814,,535437,,0,,2020-12-23 00:49:51.098,,2020-12-22 05:00:00.772,,,,60,60000,13,,,,613.18005,,29.729996,dd928291-2dfa-40f1-bd62-78c56d8f3aac.extra_data.json,jBfEgmLJSx,1200,com.sec.android.app.shealth,534237,24900000,dd928291-2dfa-40f1-bd62-78c56d8f3aac,2020-12-22 00:00:00.000,
,,,,1998,,1252386,,0,,2020-12-24 06:00:01.926,,2020-12-23 05:00:00.710,,,,60,180000,33,,,,1485.66,,74.530014,db37ce17-88c1-4208-90e4-9b87a7bc573d.extra_data.json,jBfEgmLJSx,798,com.sec.android.app.shealth,1251588,35459999,db37ce17-88c1-4208-90e4-9b87a7bc573d,2020-12-23 00:00:00.000,
,,,,617,,403208,,0,,2020-12-25 02:39:23.474,,2020-12-24 06:00:01.680,,,,60,60000,10,,,,459.7,,23.88,b5e22961-4840-42c3-a1c0-d4a6c56ae209.extra_data.json,jBfEgmLJSx,400,com.sec.android.app.shealth,402808,24540000,b5e22961-4840-42c3-a1c0-d4a6c56ae209,2020-12-24 00:00:00.000,
,,,,1602,,1018269,,0,,2020-12-26 04:35:02.580,,2020-12-25 08:00:00.696,,,,60,180000,26,,,,1169.3499,,62.99,754e1920-b4af-4e61-8055-b176b7ec76db.extra_data.json,jBfEgmLJSx,0,com.sec.android.app.shealth,1018269,33180000,754e1920-b4af-4e61-8055-b176b7ec76db,2020-12-25 00:00:00.000,
,,,,684,,449528,,0,,2020-12-27 03:24:44.688,,2020-12-26 08:00:00.369,,,,60,60000,11,,,,523.3799,,26.639994,24756fc9-3a33-402b-9f9a-9dbd4114cace.extra_data.json,jBfEgmLJSx,0,com.sec.android.app.shealth,449528,37140000,24756fc9-3a33-402b-9f9a-9dbd4114cace,2020-12-26 00:00:00.000,
,,,,1618,,1039096,,0,,2020-12-28 06:00:00.477,,2020-12-27 07:00:00.833,,,,60,60000,28,,,,1213.58,,60.529995,c93326f5-4050-4aff-ba14-138799900e2a.extra_data.json,jBfEgmLJSx,6355,com.sec.android.app.shealth,1032741,35580000,c93326f5-4050-4aff-ba14-138799900e2a,2020-12-27 00:00:00.000,
,,,,1406,,937802,,0,,2020-12-29 02:28:26.742,,2020-12-28 06:00:00.358,,,,60,60000,25,,,,1039.9801,,53.109997,e6cfcb22-7d78-4886-8585-d192c63f3536.extra_data.json,jBfEgmLJSx,0,com.sec.android.app.shealth,937802,20460000,e6cfcb22-7d78-4886-8585-d192c63f3536,2020-12-28 00:00:00.000,
,,,,70,,46690,,0,,2020-12-30 06:00:00.679,,2020-12-29 06:00:00.695,,,,60,27347,0,,,,53.570007,,2.3899999,709bd381-fe00-4ec1-af73-0b30c12f3c10.extra_data.json,jBfEgmLJSx,0,com.sec.android.app.shealth,46690,41219999,709bd381-fe00-4ec1-af73-0b30c12f3c10,2020-12-29 00:00:00.000,
,,,,559,,335174,,0,,2020-12-31 04:34:32.713,,2020-12-30 06:00:00.519,,,,60,60000,8,,,,423.9,,21.950005,7f05b3a8-26db-4133-a88d-20d586ec85c4.extra_data.json,jBfEgmLJSx,400,com.sec.android.app.shealth,334774,40740000,7f05b3a8-26db-4133-a88d-20d586ec85c4,2020-12-30 00:00:00.000,
,,,,1684,,1103689,,0,,2021-01-01 04:55:44.576,,2020-12-31 08:00:01.601,,,,60,120000,30,,,,1262.7301,,63.76999,ef69ecf5-604f-42dc-ae97-e9d97296b2d9.extra_data.json,jBfEgmLJSx,5200,com.sec.android.app.shealth,1098489,43020000,ef69ecf5-604f-42dc-ae97-e9d97296b2d9,2020-12-31 00:00:00.000,
,,,,767,,499523,,0,,2021-01-02 04:49:34.676,,2021-01-01 07:00:00.596,,,,60,60000,13,,,,567.68,,29.349998,1e9038e5-f244-44f0-be29-d2ac9e69e596.extra_data.json,jBfEgmLJSx,0,com.sec.android.app.shealth,499523,37920000,1e9038e5-f244-44f0-be29-d2ac9e69e596,2021-01-01 00:00:00.000,
,,,,238,,158479,,0,,2021-01-03 05:00:00.827,,2021-01-02 06:00:00.594,,,,60,22011,3,,,,183.02002,,8.4800005,523ccd59-b6f5-4ab2-9f27-6bf0f378cd5e.extra_data.json,jBfEgmLJSx,400,com.sec.android.app.shealth,158079,34679999,523ccd59-b6f5-4ab2-9f27-6bf0f378cd5e,2021-01-02 00:00:00.000,
,,,,1935,,1212646,,0,,2021-01-04 04:59:32.468,,2021-01-03 05:00:00.618,,,,60,180000,33,,,,1429.2401,,76.29,2a0604a7-bb0f-49fb-9be7-01b8f77f44e9.extra_data.json,jBfEgmLJSx,400,com.sec.android.app.shealth,1212246,49320000,2a0604a7-bb0f-49fb-9be7-01b8f77f44e9,2021-01-03 00:00:00.000,
,,,,2164,,1344402,,0,,2021-01-05 04:55:02.332,,2021-01-04 05:00:01.730,,,,60,240000,36,,,,1606.9102,,83.84,31d52bc5-86f7-435c-8983-eec0c95a1488.extra_data.json,jBfEgmLJSx,0,com.sec.android.app.shealth,1344402,51420000,31d52bc5-86f7-435c-8983-eec0c95a1488,2021-01-04 00:00:00.000,
,,,,2882,,1799903,,0,,2021-01-06 03:32:20.158,,2021-01-05 05:00:02.434,,,,60,240000,48,,,,2141.5696,,110.639984,d535b5c6-5993-4499-94d9-a1d05c4022b0.extra_data.json,jBfEgmLJSx,0,com.sec.android.app.shealth,1799903,23640000,d535b5c6-5993-4499-94d9-a1d05c4022b0,2021-01-05 00:00:00.000,
,,,,938,,579503,,0,,2021-01-07 06:00:01.229,,2021-01-06 06:00:00.614,,,,60,120000,15,,,,703.81006,,35.64,1d3efa27-566e-4c57-8081-e06de447144d.extra_data.json,jBfEgmLJSx,0,com.sec.android.app.shealth,579503,17220000,1d3efa27-566e-4c57-8081-e06de447144d,2021-01-06 00:00:00.000,
,,,,2800,,1847602,,0,,2021-01-08 04:05:28.609,,2021-01-07 06:00:01.030,,,,60,120000,50,,,,2084.3997,,107.09,e854e603-731a-4015-9011-eb18eefd3efd.extra_data.json,jBfEgmLJSx,8026,com.sec.android.app.shealth,1839576,18360000,e854e603-731a-4015-9011-eb18eefd3efd,2021-01-07 00:00:00.000,
,,,,1778,,1167190,,0,,2021-01-09 07:13:48.181,,2021-01-08 06:00:01.349,,,,60,60000,31,,,,1310.2601,,67.049995,279d825a-320a-4336-a8fc-8a1ad2988867.extra_data.json,jBfEgmLJSx,0,com.sec.android.app.shealth,1167190,32760000,279d825a-320a-4336-a8fc-8a1ad2988867,2021-01-08 00:00:00.000,
,,,,4820,,3175849,,0,,2021-01-10 04:31:22.048,,2021-01-09 07:00:01.421,,,,60,300000,86,,,,3439.6604,,189.98001,90871d7e-a61f-4abe-9ea2-da7d35df2f18.extra_data.json,jBfEgmLJSx,3200,com.sec.android.app.shealth,3172649,13860000,90871d7e-a61f-4abe-9ea2-da7d35df2f18,2021-01-09 00:00:00.000,
,,,,1481,,971669,,0,,2021-01-11 04:23:11.307,,2021-01-10 07:00:00.666,,,,60,240000,26,,,,1035.6299,,58.90998,c1f9db50-f022-4163-b2a8-2b8376d7cef0.extra_data.json,jBfEgmLJSx,0,com.sec.android.app.shealth,971669,31740000,c1f9db50-f022-4163-b2a8-2b8376d7cef0,2021-01-10 00:00:00.000,
,,,,4067,,2666219,,0,,2021-01-12 06:54:45.707,,2021-01-11 07:00:01.958,,,,60,180000,73,,,,3001.1697,,155.23997,a9c6c4f6-6b64-4307-9b4e-d6e7ef06d578.extra_data.json,jBfEgmLJSx,400,com.sec.android.app.shealth,2665819,26220000,a9c6c4f6-6b64-4307-9b4e-d6e7ef06d578,2021-01-11 00:00:00.000,
,,,,1560,,1034219,,0,,2021-01-13 03:55:44.452,,2021-01-12 07:00:01.979,,,,60,60000,28,,,,1147.63,,59.95,090d2bcb-3a92-4822-8070-2715f31d21f0.extra_data.json,jBfEgmLJSx,2400,com.sec.android.app.shealth,1031819,28680000,090d2bcb-3a92-4822-8070-2715f31d21f0,2021-01-12 00:00:00.000,
,,,,536,,357512,,0,,2021-01-14 04:00:45.690,,2021-01-13 07:00:01.604,,,,60,42021,8,,,,391.0,,20.26,e59a4de8-af78-411d-ba76-21e6d27138e2.extra_data.json,jBfEgmLJSx,0,com.sec.android.app.shealth,357512,19440000,e59a4de8-af78-411d-ba76-21e6d27138e2,2021-01-13 00:00:00.000,
,,,,3407,,2267073,,0,,2021-01-15 05:53:29.641,,2021-01-14 07:47:09.138,,,,60,60000,61,,,,2449.3694,,132.38,46f122c0-3b9e-4f6a-9b48-8f6e588bfa9c.extra_data.json,jBfEgmLJSx,0,com.sec.android.app.shealth,2267073,29460000,46f122c0-3b9e-4f6a-9b48-8f6e588bfa9c,2021-01-14 00:00:00.000,
,,,,94,,62698,,0,,2021-01-15 23:25:40.649,,2021-01-15 07:00:00.838,,,,60,16008,1,,,,68.47,,3.43,0a069bc5-d5c7-4c06-aee4-aa99d0257c90.extra_data.json,jBfEgmLJSx,0,com.sec.android.app.shealth,62698,29100000,0a069bc5-d5c7-4c06-aee4-aa99d0257c90,2021-01-15 00:00:00.000,
,,,,836,,557612,,0,,2021-01-17 06:15:59.693,,2021-01-16 07:00:02.301,,,,60,60000,15,,,,599.49,,32.019997,ba97c600-d4ae-4180-b3ab-964a9d6f8754.extra_data.json,jBfEgmLJSx,0,com.sec.android.app.shealth,557612,20520000,ba97c600-d4ae-4180-b3ab-964a9d6f8754,2021-01-16 00:00:00.000,
,,,,1949,,1293193,,0,,2021-01-18 07:00:00.755,,2021-01-17 07:00:00.400,,,,60,60000,35,,,,1429.9602,,75.47999,8c0db21e-52dd-41a6-963f-9d67d18e8d94.extra_data.json,jBfEgmLJSx,0,com.sec.android.app.shealth,1293193,30299999,8c0db21e-52dd-41a6-963f-9d67d18e8d94,2021-01-17 00:00:00.000,
,,,,992,,659366,,0,,2021-01-19 06:58:04.906,,2021-01-18 07:00:00.543,,,,60,60000,16,,,,715.74005,,38.819996,17d5a195-eb88-4ea1-aead-6e351e6091ea.extra_data.json,jBfEgmLJSx,400,com.sec.android.app.shealth,658966,44160000,17d5a195-eb88-4ea1-aead-6e351e6091ea,2021-01-18 00:00:00.000,
,,,,3281,,2185062,,0,,2021-01-20 04:45:01.222,,2021-01-19 07:00:00.476,,,,60,60000,60,,,,2345.26,,127.090004,1b2f1b6b-630c-42be-bacd-a81b908b9533.extra_data.json,jBfEgmLJSx,0,com.sec.android.app.shealth,2185062,30060000,1b2f1b6b-630c-42be-bacd-a81b908b9533,2021-01-19 00:00:00.000,
,,,,98,,65366,,0,,2021-01-21 02:57:00.935,,2021-01-20 07:00:01.897,,,,60,22678,1,,,,72.91999,,3.5900002,81daf137-bbb8-4c7a-8452-c82e14069279.extra_data.json,jBfEgmLJSx,0,com.sec.android.app.shealth,65366,30420000,81daf137-bbb8-4c7a-8452-c82e14069279,2021-01-20 00:00:00.000,
,,,,617,,411539,,0,,2021-01-22 04:48:17.758,,2021-01-21 07:00:01.988,,,,60,45356,10,,,,444.90002,,23.599998,046f36e5-79b4-4797-a211-36467541acab.extra_data.json,jBfEgmLJSx,0,com.sec.android.app.shealth,411539,28380000,046f36e5-79b4-4797-a211-36467541acab,2021-01-21 00:00:00.000,
,,,,3404,,2261070,,0,,2021-01-23 02:57:02.538,,2021-01-22 07:00:01.137,,,,60,60000,61,,,,2431.61,,132.85997,13ce8671-99ba-4d04-a9c6-f81f9cbb0d21.extra_data.json,jBfEgmLJSx,0,com.sec.android.app.shealth,2261070,27780000,13ce8671-99ba-4d04-a9c6-f81f9cbb0d21,2021-01-22 00:00:00.000,
,,,,2009,,1340003,,0,,2021-01-24 05:00:11.495,,2021-01-23 07:00:02.218,,,,60,51359,36,,,,1439.3904,,77.25,6c59fea3-afc5-4322-944f-ebce9e56d370.extra_data.json,jBfEgmLJSx,0,com.sec.android.app.shealth,1340003,27060000,6c59fea3-afc5-4322-944f-ebce9e56d370,2021-01-23 00:00:00.000,
,,,,697,,464899,,0,,2021-01-25 05:50:56.203,,2021-01-24 07:51:39.598,,,,60,48024,11,,,,509.44,,27.01,2906c3a1-4bd4-4096-aa2a-e818fbae3383.extra_data.json,jBfEgmLJSx,0,com.sec.android.app.shealth,464899,25560000,2906c3a1-4bd4-4096-aa2a-e818fbae3383,2021-01-24 00:00:00.000,
,,,,14,,9338,,0,,2021-01-26 03:31:30.811,,2021-01-25 07:00:01.727,,,,60,5336,0,,,,10.27,,0.51,36457b0e-c20b-4795-b360-3e69dc1dd28d.extra_data.json,jBfEgmLJSx,0,com.sec.android.app.shealth,9338,46380000,36457b0e-c20b-4795-b360-3e69dc1dd28d,2021-01-25 00:00:00.000,
,,,,1705,,1137235,,0,,2021-01-27 06:57:34.644,,2021-01-26 07:22:32.737,,,,60,60000,30,,,,1228.31,,65.84998,a4be65bb-1fbb-4228-98f4-b4b8aaa499cb.extra_data.json,jBfEgmLJSx,0,com.sec.android.app.shealth,1137235,26700000,a4be65bb-1fbb-4228-98f4-b4b8aaa499cb,2021-01-26 00:00:00.000,
,,,,1018,,679006,,0,,2021-01-28 08:15:31.655,,2021-01-27 07:00:00.448,,,,60,53360,18,,,,752.12006,,37.619995,3ab7c9aa-acf0-4649-896a-85f928a6c089.extra_data.json,jBfEgmLJSx,0,com.sec.android.app.shealth,679006,33840000,3ab7c9aa-acf0-4649-896a-85f928a6c089,2021-01-27 00:00:00.000,
,,,,4133,,2729002,,0,,2021-01-29 09:55:15.621,,2021-01-28 07:00:01.626,,,,60,60000,75,,,,3099.1401,,153.35002,e56a261b-fcc3-437b-9df1-2d334d2fd536.extra_data.json,jBfEgmLJSx,10400,com.sec.android.app.shealth,2718602,23760000,e56a261b-fcc3-437b-9df1-2d334d2fd536,2021-01-28 00:00:00.000,
,,,,2972,,1980293,,0,,2021-01-30 23:46:38.441,,2021-01-29 07:00:00.466,,,,60,120000,55,,,,2188.8699,,109.310005,06f4fb47-9ce4-420b-ba85-16aa1b109508.extra_data.json,jBfEgmLJSx,0,com.sec.android.app.shealth,1980293,25200000,06f4fb47-9ce4-420b-ba85-16aa1b109508,2021-01-29 00:00:00.000,
,,,,1907,,1245463,,0,,2021-01-31 09:55:02.260,,2021-01-30 07:00:00.713,,,,60,60000,33,,,,1422.8301,,71.049995,adae4713-f079-41c1-9395-3cf0b4e27058.extra_data.json,jBfEgmLJSx,5600,com.sec.android.app.shealth,1239863,27780000,adae4713-f079-41c1-9395-3cf0b4e27058,2021-01-30 00:00:00.000,
,,,,1467,,978489,,0,,2021-02-01 02:29:29.228,,2021-01-31 07:00:00.716,,,,60,52693,26,,,,1067.3201,,56.4,019249db-ee2e-4c15-916f-f61bbe90f703.extra_data.json,jBfEgmLJSx,0,com.sec.android.app.shealth,978489,24300000,019249db-ee2e-4c15-916f-f61bbe90f703,2021-01-31 00:00:00.000,
,,,,2343,,1561550,,0,,2021-02-02 06:35:03.443,,2021-02-01 07:00:02.094,,,,60,60000,43,,,,1735.7397,,88.649994,a15922f9-2fe7-4c4a-96e9-1afa97cd5a51.extra_data.json,jBfEgmLJSx,800,com.sec.android.app.shealth,1560750,25740000,a15922f9-2fe7-4c4a-96e9-1afa97cd5a51,2021-02-01 00:00:00.000,
,,,,717,,478239,,0,,2021-02-03 02:47:28.575,,2021-02-02 07:21:13.287,,,,60,60000,11,,,,527.7501,,27.689991,111f3a85-34df-4504-bb97-8f62fab88e7b.extra_data.json,jBfEgmLJSx,0,com.sec.android.app.shealth,478239,27300000,111f3a85-34df-4504-bb97-8f62fab88e7b,2021-02-02 00:00:00.000,
,,,,876,,582928,,0,,2021-02-04 06:35:28.301,,2021-02-03 07:00:00.552,,,,60,60000,15,,,,637.76013,,33.67,7d1685e9-8e8f-4882-b453-ee81fb5278eb.extra_data.json,jBfEgmLJSx,0,com.sec.android.app.shealth,582928,55980000,7d1685e9-8e8f-4882-b453-ee81fb5278eb,2021-02-03 00:00:00.000,
,,,,952,,634984,,0,,2021-02-05 04:50:28.318,,2021-02-04 07:00:00.282,,,,60,50025,16,,,,693.88983,,36.019997,e245e5b5-d17c-482b-b496-8929f100999e.extra_data.json,jBfEgmLJSx,0,com.sec.android.app.shealth,634984,25140000,e245e5b5-d17c-482b-b496-8929f100999e,2021-02-04 00:00:00.000,
,,,,2409,,1605201,,0,,2021-02-06 04:23:03.251,,2021-02-05 07:00:00.663,,,,60,49358,43,,,,1768.9603,,91.44998,53617f35-41f0-4376-9582-9d99f1d2e9dd.extra_data.json,jBfEgmLJSx,2400,com.sec.android.app.shealth,1602801,19380000,53617f35-41f0-4376-9582-9d99f1d2e9dd,2021-02-05 00:00:00.000,
,,,,3276,,2166089,,0,,2021-02-07 07:00:00.683,,2021-02-06 08:08:25.288,,,,60,120000,60,,,,2399.59,,121.82001,a4438c5a-161b-4fb1-9326-ce9e785a5351.extra_data.json,jBfEgmLJSx,400,com.sec.android.app.shealth,2165689,17880000,a4438c5a-161b-4fb1-9326-ce9e785a5351,2021-02-06 00:00:00.000,
,,,,1689,,1125762,,0,,2021-02-08 04:59:28.733,,2021-02-07 07:00:00.549,,,,60,60000,30,,,,1234.1399,,63.87,c2c695e6-b70a-4f77-bb71-de5b6b6f43ed.extra_data.json,jBfEgmLJSx,1200,com.sec.android.app.shealth,1124562,24360000,c2c695e6-b70a-4f77-bb71-de5b6b6f43ed,2021-02-07 00:00:00.000,
,,,,192,,128064,,0,,2021-02-09 02:38:28.339,,2021-02-08 07:00:01.511,,,,60,21344,3,,,,142.79,,6.9599996,381ab034-562b-4c9e-895b-6bc0ad41980d.extra_data.json,jBfEgmLJSx,0,com.sec.android.app.shealth,128064,26160000,381ab034-562b-4c9e-895b-6bc0ad41980d,2021-02-08 00:00:00.000,
,,,,623,,415541,,0,,2021-02-10 03:40:36.954,,2021-02-09 07:13:14.603,,,,60,60000,10,,,,453.88998,,23.989998,c3685a2c-8638-410b-8a1d-3dbdc7165208.extra_data.json,jBfEgmLJSx,0,com.sec.android.app.shealth,415541,44880000,c3685a2c-8638-410b-8a1d-3dbdc7165208,2021-02-09 00:00:00.000,
,,,,542,,356148,,0,,2021-02-11 05:27:35.367,,2021-02-10 07:00:02.070,,,,60,60000,8,,,,393.47998,,21.149998,c295ec27-a4f6-41c7-bc0d-ed515dacd969.extra_data.json,jBfEgmLJSx,0,com.sec.android.app.shealth,356148,51600000,c295ec27-a4f6-41c7-bc0d-ed515dacd969,2021-02-10 00:00:00.000,
,,,,312,,208104,,0,,2021-02-12 04:15:06.913,,2021-02-11 07:00:01.981,,,,60,33350,5,,,,226.94002,,11.83,ad34af9d-b5e8-4d08-9f7c-886b6fb6b46d.extra_data.json,jBfEgmLJSx,0,com.sec.android.app.shealth,208104,30000000,ad34af9d-b5e8-4d08-9f7c-886b6fb6b46d,2021-02-11 00:00:00.000,
,,,,409,,272803,,0,,2021-02-13 06:58:08.461,,2021-02-12 07:00:01.663,,,,60,50025,6,,,,299.67,,15.349999,aa5ab8b4-554c-4b11-aee8-ad04e173daba.extra_data.json,jBfEgmLJSx,0,com.sec.android.app.shealth,272803,27960000,aa5ab8b4-554c-4b11-aee8-ad04e173daba,2021-02-12 00:00:00.000,
,,,,2766,,1839822,,0,,2021-02-14 04:36:04.616,,2021-02-13 07:00:00.663,,,,60,60000,50,,,,2025.1501,,105.91,832e8bcb-01e2-475f-96e0-25e08accdca8.extra_data.json,jBfEgmLJSx,1600,com.sec.android.app.shealth,1838222,29640000,832e8bcb-01e2-475f-96e0-25e08accdca8,2021-02-13 00:00:00.000,
,,,,1175,,783725,,0,,2021-02-15 08:15:06.736,,2021-02-14 07:00:00.579,,,,60,52693,21,,,,855.6699,,43.149998,3fd63a05-3daf-44c6-842f-947e39e3e044.extra_data.json,jBfEgmLJSx,0,com.sec.android.app.shealth,783725,28320000,3fd63a05-3daf-44c6-842f-947e39e3e044,2021-02-14 00:00:00.000,
,,,,444,,292382,,0,,2021-02-16 06:35:02.836,,2021-02-15 07:27:49.981,,,,60,60000,6,,,,337.72998,,17.349997,bb236962-e90a-4868-9987-0cc24e579863.extra_data.json,jBfEgmLJSx,1600,com.sec.android.app.shealth,290782,34980000,bb236962-e90a-4868-9987-0cc24e579863,2021-02-15 00:00:00.000,
,,,,2780,,1850360,,0,,2021-02-17 07:36:08.398,,2021-02-16 07:00:00.490,,,,60,60000,50,,,,2077.61,,102.12002,c4491959-a9c7-4827-8df6-43a95aaf9c00.extra_data.json,jBfEgmLJSx,2800,com.sec.android.app.shealth,1847560,23160000,c4491959-a9c7-4827-8df6-43a95aaf9c00,2021-02-16 00:00:00.000,
,,,,1808,,1204512,,0,,2021-02-18 06:23:13.124,,2021-02-17 07:00:01.608,,,,60,120000,33,,,,1324.3599,,67.200005,602f50ad-40cc-44ee-8599-957b9f29cd8a.extra_data.json,jBfEgmLJSx,0,com.sec.android.app.shealth,1204512,28500000,602f50ad-40cc-44ee-8599-957b9f29cd8a,2021-02-17 00:00:00.000,
,,,,623,,415511,,0,,2021-02-19 02:13:34.529,,2021-02-18 07:00:02.155,,,,60,60000,10,,,,451.79,,23.799994,af7bee47-3c01-458b-9c98-7f6658e2b132.extra_data.json,jBfEgmLJSx,0,com.sec.android.app.shealth,415511,24300000,af7bee47-3c01-458b-9c98-7f6658e2b132,2021-02-18 00:00:00.000,
,,,,2925,,1931217,,0,,2021-02-23 00:49:47.066,,2021-02-19 07:13:36.872,,,,60,52026,51,,,,2222.3992,,114.74998,618222a8-20cf-46ac-9a99-b4c7f5bb0962.extra_data.json,jBfEgmLJSx,29600,com.sec.android.app.shealth,1901617,29940000,618222a8-20cf-46ac-9a99-b4c7f5bb0962,2021-02-19 00:00:00.000,
,,,,1262,,841754,,0,,2021-02-21 04:53:47.392,,2021-02-20 07:00:00.859,,,,60,60000,23,,,,910.501,,48.03999,9142053d-cc18-42c3-9be1-4623be892f06.extra_data.json,jBfEgmLJSx,0,com.sec.android.app.shealth,841754,31560000,9142053d-cc18-42c3-9be1-4623be892f06,2021-02-20 00:00:00.000,
,,,,5883,,3910611,,0,,2021-02-23 00:49:47.276,,2021-02-21 08:58:45.091,,,,60,60000,106,,,,4351.661,,220.07991,25285cc3-a225-45e9-9251-4feb3abd1248.extra_data.json,jBfEgmLJSx,20000,com.sec.android.app.shealth,3890611,30960000,25285cc3-a225-45e9-9251-4feb3abd1248,2021-02-21 00:00:00.000,
,,,,1403,,929071,,0,,2021-02-23 02:55:13.512,,2021-02-22 07:00:00.486,,,,60,60000,25,,,,1024.98,,54.069984,e1c3cf89-b69c-4d41-a270-7183cc501433.extra_data.json,jBfEgmLJSx,0,com.sec.android.app.shealth,929071,29880000,e1c3cf89-b69c-4d41-a270-7183cc501433,2021-02-22 00:00:00.000,
,,,,370,,246790,,0,,2021-02-24 05:02:22.874,,2021-02-23 07:00:02.288,,,,60,43355,6,,,,266.24997,,14.200002,cf350ebd-473e-47ee-aab3-34b8bebfbe62.extra_data.json,jBfEgmLJSx,0,com.sec.android.app.shealth,246790,53520000,cf350ebd-473e-47ee-aab3-34b8bebfbe62,2021-02-23 00:00:00.000,
,,,,210,,140070,,0,,2021-02-25 04:08:34.547,,2021-02-24 07:00:00.853,,,,60,120000,3,,,,153.07999,,8.179999,94f16245-c9e0-4d2f-8108-e7cdacad5358.extra_data.json,jBfEgmLJSx,0,com.sec.android.app.shealth,140070,72000000,94f16245-c9e0-4d2f-8108-e7cdacad5358,2021-02-24 00:00:00.000,
,,,,5472,,3587980,,0,,2021-02-26 06:29:00.629,,2021-02-25 07:00:01.716,,,,60,660000,98,,,,3970.8804,,213.26003,3a8b7cde-7579-43de-a1b7-426589f71b3f.extra_data.json,jBfEgmLJSx,0,com.sec.android.app.shealth,3587980,19800000,3a8b7cde-7579-43de-a1b7-426589f71b3f,2021-02-25 00:00:00.000,
,,,,1919,,1273910,,0,,2021-02-27 06:36:05.892,,2021-02-26 07:00:01.778,,,,60,60000,35,,,,1406.79,,74.07001,d49758e9-e049-4d58-aee6-9ef541d0fa78.extra_data.json,jBfEgmLJSx,0,com.sec.android.app.shealth,1273910,29880000,d49758e9-e049-4d58-aee6-9ef541d0fa78,2021-02-26 00:00:00.000,
,,,,2913,,1932179,,0,,2021-02-28 09:40:04.085,,2021-02-27 07:00:00.921,,,,60,60000,53,,,,2128.3296,,111.28001,f4c27241-9d6d-4e41-ab36-fe9d478747b1.extra_data.json,jBfEgmLJSx,0,com.sec.android.app.shealth,1932179,24479999,f4c27241-9d6d-4e41-ab36-fe9d478747b1,2021-02-27 00:00:00.000,
,,,,1414,,943138,,0,,2021-03-01 04:25:53.080,,2021-02-28 09:40:03.941,,,,60,48691,25,,,,1012.98987,,54.550003,45564058-4591-49ef-a7ee-95fe8df2c7b6.extra_data.json,jBfEgmLJSx,0,com.sec.android.app.shealth,943138,57180000,45564058-4591-49ef-a7ee-95fe8df2c7b6,2021-02-28 00:00:00.000,
,,,,4856,,3140393,,0,,2021-03-02 04:45:11.142,,2021-03-01 07:00:01.569,,,,60,420000,86,,,,3520.06,,190.88004,2efc51f6-8375-4cf7-9064-0878d93f383b.extra_data.json,jBfEgmLJSx,0,com.sec.android.app.shealth,3140393,23640000,2efc51f6-8375-4cf7-9064-0878d93f383b,2021-03-01 00:00:00.000,
,,,,11659,,7070057,,0,,2021-03-03 04:35:08.387,,2021-03-02 05:00:00.843,,,,60,1403799,195,,,,8932.779,,456.70145,bcc7ec93-415f-4eb1-8e6c-57cdd86a6ea7.extra_data.json,jBfEgmLJSx,10800,com.sec.android.app.shealth,7059257,14520000,bcc7ec93-415f-4eb1-8e6c-57cdd86a6ea7,2021-03-02 00:00:00.000,
,,,,362,,222718,,0,,2021-03-04 03:29:15.503,,2021-03-03 05:00:00.663,,,,60,60000,5,,,,270.7,,14.109998,04fded87-0111-4d27-a382-3b0b21d6a3ca.extra_data.json,jBfEgmLJSx,0,com.sec.android.app.shealth,222718,49860000,04fded87-0111-4d27-a382-3b0b21d6a3ca,2021-03-03 00:00:00.000,
,,,,3009,,1958398,,0,,2021-03-05 04:47:32.197,,2021-03-04 05:00:00.794,,,,60,120000,53,,,,2214.9102,,115.31999,e19cf5ea-1e4c-417d-9f09-0cb8c261ad79.extra_data.json,jBfEgmLJSx,1600,com.sec.android.app.shealth,1956798,40920000,e19cf5ea-1e4c-417d-9f09-0cb8c261ad79,2021-03-04 00:00:00.000,
,,,,1360,,881714,,0,,2021-03-06 05:43:50.548,,2021-03-05 05:00:01.289,,,,60,60000,23,,,,1011.41986,,51.259995,f8684916-8e0f-49b7-b492-6d3dfbdda24c.extra_data.json,jBfEgmLJSx,0,com.sec.android.app.shealth,881714,46920000,f8684916-8e0f-49b7-b492-6d3dfbdda24c,2021-03-05 00:00:00.000,
,,,,2290,,1480500,,0,,2021-03-07 05:38:33.991,,2021-03-06 06:00:00.515,,,,60,180000,40,,,,1693.4601,,88.35,bf29b603-fb31-45f3-b081-5da9da28e288.extra_data.json,jBfEgmLJSx,0,com.sec.android.app.shealth,1480500,31080000,bf29b603-fb31-45f3-b081-5da9da28e288,2021-03-06 00:00:00.000,
,,,,503,,335501,,0,,2021-03-08 02:03:21.642,,2021-03-07 07:00:01.671,,,,60,48024,8,,,,371.95996,,18.730001,9bd364e9-2c4c-4f50-89f5-e1147ad27410.extra_data.json,jBfEgmLJSx,0,com.sec.android.app.shealth,335501,38400000,9bd364e9-2c4c-4f50-89f5-e1147ad27410,2021-03-07 00:00:00.000,
,,,,5637,,3674173,,0,,2021-03-09 04:39:40.057,,2021-03-08 07:00:01.885,,,,60,360000,101,,,,4178.9307,,214.85,8756b29a-f76b-4716-891e-d7389e3d30c9.extra_data.json,jBfEgmLJSx,0,com.sec.android.app.shealth,3674173,31680000,8756b29a-f76b-4716-891e-d7389e3d30c9,2021-03-08 00:00:00.000,
,,,,3072,,1933850,,0,,2021-03-10 05:14:04.739,,2021-03-09 08:00:00.792,,,,60,360000,53,,,,2224.8596,,122.91999,a4e45b91-8859-4fcb-ab59-dc155a038a7e.extra_data.json,jBfEgmLJSx,0,com.sec.android.app.shealth,1933850,45540000,a4e45b91-8859-4fcb-ab59-dc155a038a7e,2021-03-09 00:00:00.000,
,,,,13,,8671,,0,,2021-03-10 23:48:58.230,,2021-03-10 08:06:48.348,,,,60,8671,0,,,,9.53,,0.44,8c493d40-f011-4011-b4f0-a5f8c5509e14.extra_data.json,jBfEgmLJSx,0,com.sec.android.app.shealth,8671,56880000,8c493d40-f011-4011-b4f0-a5f8c5509e14,2021-03-10 00:00:00.000,
,,,,2220,,1440273,,0,,2021-03-12 07:00:00.691,,2021-03-11 08:00:01.442,,,,60,60000,38,,,,1664.8198,,85.259995,fc00ea51-379a-4512-8fdb-154b6d7ce1b0.extra_data.json,jBfEgmLJSx,400,com.sec.android.app.shealth,1439873,35820000,fc00ea51-379a-4512-8fdb-154b6d7ce1b0,2021-03-11 00:00:00.000,
,,,,1548,,991168,,0,,2021-03-13 08:00:02.000,,2021-03-12 07:00:00.455,,,,60,180000,26,,,,1163.4299,,59.659992,7d3060d1-e0ba-4732-9ce2-9715d1dbedff.extra_data.json,jBfEgmLJSx,14800,com.sec.android.app.shealth,976368,44639999,7d3060d1-e0ba-4732-9ce2-9715d1dbedff,2021-03-12 00:00:00.000,
,,,,1827,,1211182,,0,,2021-03-14 05:24:22.274,,2021-03-13 08:00:01.848,,,,60,60000,33,,,,1346.6498,,68.46999,f9694d75-25c8-4af2-ba61-96abf331d6ee.extra_data.json,jBfEgmLJSx,0,com.sec.android.app.shealth,1211182,12720000,f9694d75-25c8-4af2-ba61-96abf331d6ee,2021-03-13 00:00:00.000,
,,,,2103,,1333123,,0,,2021-03-15 04:03:52.159,,2021-03-14 07:00:01.091,,,,60,120000,36,,,,1598.0499,,78.659996,35975dea-922a-43a0-b537-8767b206ac1a.extra_data.json,jBfEgmLJSx,0,com.sec.android.app.shealth,1333123,37380000,35975dea-922a-43a0-b537-8767b206ac1a,2021-03-14 00:00:00.000,
,,,,4100,,2625217,,0,,2021-03-16 04:36:23.277,,2021-03-15 05:00:00.628,,,,60,120000,71,,,,3073.0,,154.82997,cda51c4a-23c7-40e9-b256-67ad9989cc8b.extra_data.json,jBfEgmLJSx,3600,com.sec.android.app.shealth,2621617,24300000,cda51c4a-23c7-40e9-b256-67ad9989cc8b,2021-03-15 00:00:00.000,
,,,,964,,629588,,0,,2021-03-16 21:59:53.667,,2021-03-16 05:00:02.279,,,,60,120000,16,,,,727.2201,,34.98,80e92065-7e2c-47c3-80a4-0826b58c2f76.extra_data.json,jBfEgmLJSx,0,com.sec.android.app.shealth,629588,33540000,80e92065-7e2c-47c3-80a4-0826b58c2f76,2021-03-16 00:00:00.000,
,,,,2235,,1474677,,0,,2021-03-18 05:00:00.907,,2021-03-17 05:00:01.953,,,,60,60000,40,,,,1710.9296,,80.429985,54cf9685-4d34-4ea3-8e77-1d90dcb47e50.extra_data.json,jBfEgmLJSx,0,com.sec.android.app.shealth,1474677,30420000,54cf9685-4d34-4ea3-8e77-1d90dcb47e50,2021-03-17 00:00:00.000,
,,,,4585,,2956152,,0,,2021-03-19 03:54:20.049,,2021-03-18 05:00:00.789,,,,60,120000,81,,,,3432.7292,,171.93996,e8646c7b-ab1c-4f1f-992d-43d70adb6754.extra_data.json,jBfEgmLJSx,4400,com.sec.android.app.shealth,2951752,25500000,e8646c7b-ab1c-4f1f-992d-43d70adb6754,2021-03-18 00:00:00.000,
,,,,2543,,1534924,,0,,2021-03-20 00:39:21.314,,2021-03-19 05:00:00.383,,,,60,240000,41,,,,1869.7898,,98.07997,26532c15-4055-4fde-92ab-42cb531763ec.extra_data.json,jBfEgmLJSx,0,com.sec.android.app.shealth,1534924,39000000,26532c15-4055-4fde-92ab-42cb531763ec,2021-03-19 00:00:00.000,
,,,,2881,,1820640,,0,,2021-03-21 03:52:12.159,,2021-03-20 05:00:00.755,,,,60,180000,50,,,,2152.4604,,107.279976,3096c466-986b-41cc-9757-e430af6f1816.extra_data.json,jBfEgmLJSx,0,com.sec.android.app.shealth,1820640,33000000,3096c466-986b-41cc-9757-e430af6f1816,2021-03-20 00:00:00.000,
,,,,503,,309398,,0,,2021-03-21 22:00:34.332,,2021-03-21 05:00:00.837,,,,60,120000,8,,,,372.25003,,19.839989,fe081350-b217-4ab7-b370-f70f2dbf66af.extra_data.json,jBfEgmLJSx,0,com.sec.android.app.shealth,309398,58260000,fe081350-b217-4ab7-b370-f70f2dbf66af,2021-03-21 00:00:00.000,
,,,,2217,,1413830,,0,,2021-03-23 02:08:13.066,,2021-03-22 05:56:10.535,,,,60,120000,38,,,,1635.8002,,85.08998,f2b514af-7aaa-4a53-be02-443a8d337de1.extra_data.json,jBfEgmLJSx,0,com.sec.android.app.shealth,1413830,23820000,f2b514af-7aaa-4a53-be02-443a8d337de1,2021-03-22 00:00:00.000,
,,,,1140,,704899,,0,,2021-03-24 04:35:00.976,,2021-03-23 04:00:00.709,,,,60,180000,18,,,,851.1199,,42.859993,eacccb55-c321-440c-b973-aa650dd5a3b7.extra_data.json,jBfEgmLJSx,0,com.sec.android.app.shealth,704899,28080000,eacccb55-c321-440c-b973-aa650dd5a3b7,2021-03-23 00:00:00.000,
,,,,4295,,2728581,,0,,2021-03-25 04:37:29.491,,2021-03-24 04:00:00.454,,,,60,240000,75,,,,3178.1602,,168.42,dcd0030d-4d8d-49b9-b0a9-0ea4738be967.extra_data.json,jBfEgmLJSx,12400,com.sec.android.app.shealth,2716181,14520000,dcd0030d-4d8d-49b9-b0a9-0ea4738be967,2021-03-24 00:00:00.000,
,,,,1226,,787607,,0,,2021-03-26 01:16:00.646,,2021-03-25 05:00:00.878,,,,60,60000,21,,,,919.46985,,45.69998,47ca99df-3120-467e-b854-916dc91fcb60.extra_data.json,jBfEgmLJSx,0,com.sec.android.app.shealth,787607,43500000,47ca99df-3120-467e-b854-916dc91fcb60,2021-03-25 00:00:00.000,
,,,,3067,,1990815,,0,,2021-03-27 04:35:33.328,,2021-03-26 06:00:02.252,,,,60,60000,55,,,,2283.25,,116.15002,a57be036-a2c8-40b1-aebe-5b98ba9ae761.extra_data.json,jBfEgmLJSx,0,com.sec.android.app.shealth,1990815,12120000,a57be036-a2c8-40b1-aebe-5b98ba9ae761,2021-03-26 00:00:00.000,
,,,,4088,,2652239,,0,,2021-03-28 05:27:25.281,,2021-03-27 06:00:01.373,,,,60,240000,73,,,,3019.37,,158.64993,13335bf9-d0b8-4113-bf84-78d03bb40a6e.extra_data.json,jBfEgmLJSx,0,com.sec.android.app.shealth,2652239,28440000,13335bf9-d0b8-4113-bf84-78d03bb40a6e,2021-03-27 00:00:00.000,
,,,,1137,,753013,,0,,2021-03-29 03:06:25.257,,2021-03-28 07:00:00.855,,,,60,60000,20,,,,849.42017,,43.120003,b5625a02-548e-49f2-ad23-2bdaa578596f.extra_data.json,jBfEgmLJSx,0,com.sec.android.app.shealth,753013,29160000,b5625a02-548e-49f2-ad23-2bdaa578596f,2021-03-28 00:00:00.000,
,,,,2867,,1868724,,0,,2021-03-29 22:36:44.625,,2021-03-29 06:35:48.407,,,,60,120000,51,,,,2119.2002,,108.62999,e50a3123-fcc0-43e1-885e-1bb20c26eaeb.extra_data.json,jBfEgmLJSx,0,com.sec.android.app.shealth,1868724,30840000,e50a3123-fcc0-43e1-885e-1bb20c26eaeb,2021-03-29 00:00:00.000,
,,,,2125,,1359226,,0,,2021-03-31 06:00:01.009,,2021-03-30 06:00:01.932,,,,60,180000,36,,,,1569.5599,,81.62999,7fc2ba09-a624-4981-8f5b-472b7217d970.extra_data.json,jBfEgmLJSx,0,com.sec.android.app.shealth,1359226,31260000,7fc2ba09-a624-4981-8f5b-472b7217d970,2021-03-30 00:00:00.000,
,,,,1068,,674217,,0,,2021-04-01 05:30:14.751,,2021-03-31 06:00:00.748,,,,60,120000,18,,,,795.5201,,40.239998,0ec58564-9c75-4385-9089-a3f416ccece4.extra_data.json,jBfEgmLJSx,0,com.sec.android.app.shealth,674217,31320000,0ec58564-9c75-4385-9089-a3f416ccece4,2021-03-31 00:00:00.000,
,,,,2291,,1491572,,0,,2021-04-02 02:35:26.243,,2021-04-01 07:00:01.479,,,,60,480000,40,,,,1695.7201,,87.560005,1c8d77de-74d5-415e-ae91-9d464588e68e.extra_data.json,jBfEgmLJSx,400,com.sec.android.app.shealth,1491172,13860000,1c8d77de-74d5-415e-ae91-9d464588e68e,2021-04-01 00:00:00.000,
,,,,1711,,1140540,,0,,2021-04-03 01:37:19.526,,2021-04-02 06:00:01.625,,,,60,60000,31,,,,1286.2502,,62.18,242cd88c-96e2-4312-afdb-ef5182992532.extra_data.json,jBfEgmLJSx,0,com.sec.android.app.shealth,1140540,17820000,242cd88c-96e2-4312-afdb-ef5182992532,2021-04-02 00:00:00.000,
,,,,6063,,3967503,,0,,2021-04-15 08:45:13.436,,2021-04-03 05:00:00.682,,,,60,240000,110,,,,4463.44,,234.93996,5b843f4d-a4f9-4e07-8e82-3b25a23363c5.extra_data.json,jBfEgmLJSx,0,com.sec.android.app.shealth,3967503,23700000,5b843f4d-a4f9-4e07-8e82-3b25a23363c5,2021-04-03 00:00:00.000,
,,,,3728,,2462384,,0,,2021-04-15 08:45:13.509,,2021-04-04 06:00:02.062,,,,60,120000,68,,,,2712.9402,,145.27002,0847dc4c-e5a1-46bf-b764-e5472111781f.extra_data.json,jBfEgmLJSx,0,com.sec.android.app.shealth,2462384,32100000,0847dc4c-e5a1-46bf-b764-e5472111781f,2021-04-04 00:00:00.000,
,,,,1494,,967000,,0,,2021-04-15 08:45:13.570,,2021-04-05 06:00:00.680,,,,60,120000,26,,,,1089.3501,,58.5,de0df5c2-e02e-4b01-ba5c-9ae3d78a50b3.extra_data.json,jBfEgmLJSx,0,com.sec.android.app.shealth,967000,33120000,de0df5c2-e02e-4b01-ba5c-9ae3d78a50b3,2021-04-05 00:00:00.000,
,,,,833,,537542,,0,,2021-04-07 05:14:42.592,,2021-04-06 06:00:00.549,,,,60,60000,13,,,,619.52,,31.869999,9f242653-db8a-46b4-998c-ce47e2ae4910.extra_data.json,jBfEgmLJSx,0,com.sec.android.app.shealth,537542,62160000,9f242653-db8a-46b4-998c-ce47e2ae4910,2021-04-06 00:00:00.000,
,,,,2171,,1402551,,0,,2021-04-08 04:28:18.010,,2021-04-07 06:00:01.639,,,,60,120000,38,,,,1585.56,,83.51997,05cd6a91-d76e-447a-969c-be87b79d2fde.extra_data.json,jBfEgmLJSx,0,com.sec.android.app.shealth,1402551,24660000,05cd6a91-d76e-447a-969c-be87b79d2fde,2021-04-07 00:00:00.000,
,,,,2715,,1751939,,0,,2021-04-09 04:25:14.241,,2021-04-08 05:00:01.787,,,,60,120000,48,,,,2011.3899,,104.429985,cfc318fd-a2ac-4a3f-9838-02f95d94d805.extra_data.json,jBfEgmLJSx,0,com.sec.android.app.shealth,1751939,39060000,cfc318fd-a2ac-4a3f-9838-02f95d94d805,2021-04-08 00:00:00.000,
,,,,1954,,1285916,,0,,2021-04-10 03:15:01.520,,2021-04-09 05:00:00.425,,,,60,60000,35,,,,1451.0299,,73.34001,c32bf6e9-cfdb-475b-9b2f-c131fd51baf9.extra_data.json,jBfEgmLJSx,0,com.sec.android.app.shealth,1285916,27120000,c32bf6e9-cfdb-475b-9b2f-c131fd51baf9,2021-04-09 00:00:00.000,
,,,,3654,,2423788,,0,,2021-04-11 04:35:02.059,,2021-04-10 05:00:01.390,,,,60,120000,66,,,,2686.9495,,138.93001,a66a0592-723c-402e-b6d0-ef4dd1f1cfc1.extra_data.json,jBfEgmLJSx,0,com.sec.android.app.shealth,2423788,27420000,a66a0592-723c-402e-b6d0-ef4dd1f1cfc1,2021-04-10 00:00:00.000,
,,,,1007,,658299,,0,,2021-04-12 02:17:27.774,,2021-04-11 05:00:00.553,,,,60,60000,16,,,,743.3601,,37.759995,a766621c-7479-4113-9f35-2f2b61a06d5e.extra_data.json,jBfEgmLJSx,0,com.sec.android.app.shealth,658299,44520000,a766621c-7479-4113-9f35-2f2b61a06d5e,2021-04-11 00:00:00.000,
,,,,6541,,4243521,,0,,2021-04-13 04:35:02.059,,2021-04-12 05:00:01.625,,,,60,420000,116,,,,4804.162,,254.32,0aac0be2-a7dc-4dc5-af7d-e046251098e9.extra_data.json,jBfEgmLJSx,0,com.sec.android.app.shealth,4243521,15480000,0aac0be2-a7dc-4dc5-af7d-e046251098e9,2021-04-12 00:00:00.000,
,,,,1230,,804342,,0,,2021-04-14 01:34:00.206,,2021-04-13 05:00:02.001,,,,60,120000,21,,,,927.56006,,46.25999,af8c6015-2c7c-4bd4-9d0a-eca5cd0b4922.extra_data.json,jBfEgmLJSx,0,com.sec.android.app.shealth,804342,28620000,af8c6015-2c7c-4bd4-9d0a-eca5cd0b4922,2021-04-13 00:00:00.000,
,,,,1113,,716298,,0,,2021-04-15 08:42:37.664,,2021-04-14 05:00:02.247,,,,60,60000,18,,,,827.43994,,42.539993,e60f872a-6ab7-42e4-a768-1e8692088c0e.extra_data.json,jBfEgmLJSx,0,com.sec.android.app.shealth,716298,22199999,e60f872a-6ab7-42e4-a768-1e8692088c0e,2021-04-14 00:00:00.000,
,,,,1356,,902583,,0,,2021-04-16 07:00:00.967,,2021-04-15 08:42:37.492,,,,60,51359,23,,,,1021.5101,,51.64,4f531cff-0461-4f10-aa09-c305171c2c4d.extra_data.json,jBfEgmLJSx,2800,com.sec.android.app.shealth,899783,17999999,4f531cff-0461-4f10-aa09-c305171c2c4d,2021-04-15 00:00:00.000,
,,,,761,,470812,,0,,2021-04-17 00:35:01.113,,2021-04-16 07:00:00.879,,,,60,120000,11,,,,575.27997,,29.059998,41bb94cd-216c-4e1e-bca1-102d40886156.extra_data.json,jBfEgmLJSx,0,com.sec.android.app.shealth,470812,24060000,41bb94cd-216c-4e1e-bca1-102d40886156,2021-04-16 00:00:00.000,
,,,,622,,414874,,0,,2021-04-17 23:39:20.618,,2021-04-17 05:00:00.737,,,,60,50692,10,,,,475.12,,21.749998,4a2e84b8-c547-4e94-9257-7ee33fe04b55.extra_data.json,jBfEgmLJSx,0,com.sec.android.app.shealth,414874,30120000,4a2e84b8-c547-4e94-9257-7ee33fe04b55,2021-04-17 00:00:00.000,
,,,,1372,,915124,,0,,2021-04-19 04:00:00.888,,2021-04-18 04:00:01.406,,,,60,60000,25,,,,1011.35,,51.170002,900df146-ce90-46f7-a558-4148dda45726.extra_data.json,jBfEgmLJSx,0,com.sec.android.app.shealth,915124,29099999,900df146-ce90-46f7-a558-4148dda45726,2021-04-18 00:00:00.000,
,,,,6087,,3990448,,0,,2021-04-20 00:48:44.718,,2021-04-19 04:00:00.812,,,,60,240000,110,,,,4559.3887,,228.28998,bc2dfa25-1e0f-4ca1-ad5a-82266f007bb7.extra_data.json,jBfEgmLJSx,6000,com.sec.android.app.shealth,3984448,14580000,bc2dfa25-1e0f-4ca1-ad5a-82266f007bb7,2021-04-19 00:00:00.000,
,,,,1119,,706098,,0,,2021-04-21 01:33:29.374,,2021-04-20 05:30:41.371,,,,60,120000,18,,,,845.3601,,42.54,1dbe06aa-4aac-4067-9d08-20bfd9e5a37b.extra_data.json,jBfEgmLJSx,3200,com.sec.android.app.shealth,702898,22920000,1dbe06aa-4aac-4067-9d08-20bfd9e5a37b,2021-04-20 00:00:00.000,
,,,,481,,320026,,0,,2021-04-22 04:21:00.650,,2021-04-21 05:00:00.608,,,,60,52026,8,,,,364.49,,17.709997,96700e8d-53ee-4bf3-a8f2-1f2f6ce4b330.extra_data.json,jBfEgmLJSx,1200,com.sec.android.app.shealth,318826,31020000,96700e8d-53ee-4bf3-a8f2-1f2f6ce4b330,2021-04-21 00:00:00.000,
,,,,1310,,830842,,0,,2021-04-23 07:00:00.932,,2021-04-22 07:56:38.168,,,,60,180000,21,,,,961.1202,,51.369995,d6f75262-50c0-4f2a-8cb4-7df703678f3b.extra_data.json,jBfEgmLJSx,0,com.sec.android.app.shealth,830842,36479999,d6f75262-50c0-4f2a-8cb4-7df703678f3b,2021-04-22 00:00:00.000,
,,,,1853,,1173680,,0,,2021-04-24 05:58:31.392,,2021-04-23 07:00:00.835,,,,60,120000,31,,,,1368.32,,72.32,f6d440b7-e9ad-4399-910e-577d81200268.extra_data.json,jBfEgmLJSx,0,com.sec.android.app.shealth,1173680,43740000,f6d440b7-e9ad-4399-910e-577d81200268,2021-04-23 00:00:00.000,
,,,,2670,,1727290,,0,,2021-04-25 05:42:16.339,,2021-04-24 07:00:00.880,,,,60,120000,46,,,,1985.37,,99.65998,46888f29-5bdf-459f-bde5-c9f76af6069f.extra_data.json,jBfEgmLJSx,0,com.sec.android.app.shealth,1727290,28500000,46888f29-5bdf-459f-bde5-c9f76af6069f,2021-04-24 00:00:00.000,
,,,,1952,,1301984,,0,,2021-04-26 04:35:13.820,,2021-04-25 05:48:48.016,,,,60,50692,35,,,,1474.0801,,69.6,1ce17106-c84a-433e-a2ef-9bdcbd18150e.extra_data.json,jBfEgmLJSx,0,com.sec.android.app.shealth,1301984,14100000,1ce17106-c84a-433e-a2ef-9bdcbd18150e,2021-04-25 00:00:00.000,
,,,,1728,,1127080,,0,,2021-04-27 08:13:26.572,,2021-04-26 05:00:01.246,,,,60,180000,30,,,,1282.7,,66.40999,c0fd39d9-3b6b-4d3b-aac1-f87cab6d5d7d.extra_data.json,jBfEgmLJSx,0,com.sec.android.app.shealth,1127080,23579999,c0fd39d9-3b6b-4d3b-aac1-f87cab6d5d7d,2021-04-26 00:00:00.000,
,,,,1480,,987160,,0,,2021-04-28 04:00:00.779,,2021-04-27 08:13:26.509,,,,60,49358,26,,,,1116.12,,53.310005,6977d1d5-7752-414d-b2a8-1040a0323d7e.extra_data.json,jBfEgmLJSx,0,com.sec.android.app.shealth,987160,25379999,6977d1d5-7752-414d-b2a8-1040a0323d7e,2021-04-27 00:00:00.000,
,,,,2071,,1362561,,0,,2021-04-29 06:06:49.554,,2021-04-28 04:00:00.722,,,,60,120000,36,,,,1524.0702,,80.37998,b6e2227a-59d1-4b54-9db1-8bf791373c89.extra_data.json,jBfEgmLJSx,0,com.sec.android.app.shealth,1362561,28619999,b6e2227a-59d1-4b54-9db1-8bf791373c89,2021-04-28 00:00:00.000,
,,,,2969,,1922024,,0,,2021-04-30 04:36:42.208,,2021-04-29 06:06:49.516,,,,60,180000,53,,,,2226.6707,,110.479965,0c0914cc-ecb5-4fbd-a2b5-be45fb9d9eca.extra_data.json,jBfEgmLJSx,0,com.sec.android.app.shealth,1922024,20700000,0c0914cc-ecb5-4fbd-a2b5-be45fb9d9eca,2021-04-29 00:00:00.000,
,,,,1892,,1261964,,0,,2021-05-01 02:00:02.746,,2021-04-30 05:00:00.706,,,,60,47357,35,,,,1337.1598,,74.670006,ac88b800-aa5f-4dbe-b915-478b9cbc1491.extra_data.json,jBfEgmLJSx,0,com.sec.android.app.shealth,1261964,29580000,ac88b800-aa5f-4dbe-b915-478b9cbc1491,2021-04-30 00:00:00.000,
,,,,1580,,1043128,,0,,2021-05-02 03:24:00.819,,2021-05-01 05:00:02.016,,,,60,120000,28,,,,1175.97,,57.910004,86887dfd-2211-4f2c-9c05-dea5b6505dee.extra_data.json,jBfEgmLJSx,0,com.sec.android.app.shealth,1043128,46020000,86887dfd-2211-4f2c-9c05-dea5b6505dee,2021-05-01 00:00:00.000,
,,,,1238,,822351,,0,,2021-05-03 03:36:05.429,,2021-05-02 06:00:00.646,,,,60,60000,21,,,,934.5199,,45.549984,c018a4a9-14a6-45ef-8c4b-fc3d83e9df1e.extra_data.json,jBfEgmLJSx,0,com.sec.android.app.shealth,822351,22920000,c018a4a9-14a6-45ef-8c4b-fc3d83e9df1e,2021-05-02 00:00:00.000,
,,,,341,,227447,,0,,2021-05-04 05:15:00.552,,2021-05-03 07:00:00.926,,,,60,60000,5,,,,251.24998,,12.999999,c8a932af-01f7-4e77-a0e1-34cdfba60305.extra_data.json,jBfEgmLJSx,0,com.sec.android.app.shealth,227447,42600000,c8a932af-01f7-4e77-a0e1-34cdfba60305,2021-05-03 00:00:00.000,
,,,,2461,,1627360,,0,,2021-05-05 03:15:05.355,,2021-05-04 07:23:45.859,,,,60,60000,45,,,,1805.7001,,95.479996,0d6478fb-515e-495d-a02a-c6e14de99262.extra_data.json,jBfEgmLJSx,0,com.sec.android.app.shealth,1627360,19620000,0d6478fb-515e-495d-a02a-c6e14de99262,2021-05-04 00:00:00.000,
,,,,3087,,1997158,,0,,2021-05-06 07:00:01.053,,2021-05-05 07:24:49.013,,,,60,120000,55,,,,2296.0105,,117.05999,23dd386a-db40-4ecf-ab43-c431714f8bb9.extra_data.json,jBfEgmLJSx,400,com.sec.android.app.shealth,1996758,18419999,23dd386a-db40-4ecf-ab43-c431714f8bb9,2021-05-05 00:00:00.000,
,,,,3355,,2203617,,0,,2021-05-07 04:40:18.803,,2021-05-06 07:00:00.993,,,,60,120000,60,,,,2505.56,,124.81997,178f547b-1b26-4ed6-a7a1-8210b8cd4d74.extra_data.json,jBfEgmLJSx,2000,com.sec.android.app.shealth,2201617,23700000,178f547b-1b26-4ed6-a7a1-8210b8cd4d74,2021-05-06 00:00:00.000,
,,,,1356,,888384,,0,,2021-05-08 04:40:15.485,,2021-05-07 07:00:01.859,,,,60,60000,23,,,,994.68005,,52.230003,24598436-6c3d-4b38-8bfb-9d0be2f0f80b.extra_data.json,jBfEgmLJSx,0,com.sec.android.app.shealth,888384,21900000,24598436-6c3d-4b38-8bfb-9d0be2f0f80b,2021-05-07 00:00:00.000,
,,,,1345,,896581,,0,,2021-05-09 03:24:00.845,,2021-05-08 05:00:00.418,,,,60,60000,23,,,,997.43,,50.97,ccb3c867-d74b-41a5-82d9-c5e46183f986.extra_data.json,jBfEgmLJSx,800,com.sec.android.app.shealth,895781,43380000,ccb3c867-d74b-41a5-82d9-c5e46183f986,2021-05-08 00:00:00.000,
,,,,3859,,2504165,,0,,2021-05-10 02:35:02.015,,2021-05-09 04:00:00.530,,,,60,240000,68,,,,2837.0999,,149.76003,328dba30-7f00-4e28-bcc7-5e92c2c323cb.extra_data.json,jBfEgmLJSx,0,com.sec.android.app.shealth,2504165,28860000,328dba30-7f00-4e28-bcc7-5e92c2c323cb,2021-05-09 00:00:00.000,
,,,,1514,,1001077,,0,,2021-05-11 02:00:26.491,,2021-05-10 05:53:57.233,,,,60,120000,26,,,,1123.66,,57.89999,19b67fa8-761f-4575-950d-cce4c05ada13.extra_data.json,jBfEgmLJSx,0,com.sec.android.app.shealth,1001077,32040000,19b67fa8-761f-4575-950d-cce4c05ada13,2021-05-10 00:00:00.000,
,,,,1633,,1076478,,0,,2021-05-12 04:55:23.203,,2021-05-11 05:00:01.675,,,,60,120000,28,,,,1220.2,,61.53,053fd697-b67f-4a76-acaf-73651b7f7ddc.extra_data.json,jBfEgmLJSx,0,com.sec.android.app.shealth,1076478,26280000,053fd697-b67f-4a76-acaf-73651b7f7ddc,2021-05-11 00:00:00.000,
,,,,1250,,830385,,0,,2021-05-13 04:55:08.548,,2021-05-12 04:00:01.993,,,,60,60000,21,,,,931.80005,,46.840008,f1694e7a-50f8-4534-927f-8b4b20d6115e.extra_data.json,jBfEgmLJSx,0,com.sec.android.app.shealth,830385,20460000,f1694e7a-50f8-4534-927f-8b4b20d6115e,2021-05-12 00:00:00.000,
,,,,1659,,1092262,,0,,2021-05-14 06:00:02.339,,2021-05-13 06:00:01.134,,,,60,120000,30,,,,1218.71,,64.399994,ee36d898-ceb2-493c-bf0b-d9acdcc76018.extra_data.json,jBfEgmLJSx,1200,com.sec.android.app.shealth,1091062,24959999,ee36d898-ceb2-493c-bf0b-d9acdcc76018,2021-05-13 00:00:00.000,
,,,,2159,,1418499,,0,,2021-05-15 03:35:01.552,,2021-05-14 06:00:02.256,,,,60,120000,38,,,,1579.8696,,84.19999,f3441998-dffb-4832-82f1-333cc01bd4dc.extra_data.json,jBfEgmLJSx,0,com.sec.android.app.shealth,1418499,20160000,f3441998-dffb-4832-82f1-333cc01bd4dc,2021-05-14 00:00:00.000,
,,,,1331,,878956,,0,,2021-05-16 03:44:17.029,,2021-05-15 05:00:01.517,,,,60,180000,23,,,,968.33997,,51.739994,f5853739-e2ed-499a-a101-8e75f8ddb708.extra_data.json,jBfEgmLJSx,0,com.sec.android.app.shealth,878956,25020000,f5853739-e2ed-499a-a101-8e75f8ddb708,2021-05-15 00:00:00.000,
,,,,830,,553610,,0,,2021-05-17 08:31:55.324,,2021-05-16 06:00:00.527,,,,60,60000,15,,,,603.22,,31.97,15bec1da-ff7e-4105-9dd0-29e53f87de30.extra_data.json,jBfEgmLJSx,0,com.sec.android.app.shealth,553610,19619999,15bec1da-ff7e-4105-9dd0-29e53f87de30,2021-05-16 00:00:00.000,
,,,,2674,,1767430,,0,,2021-05-18 05:35:15.720,,2021-05-17 08:31:55.231,,,,60,120000,48,,,,1941.4498,,104.61999,603d6d0e-a7ea-487e-9ee8-01ca498b71fc.extra_data.json,jBfEgmLJSx,0,com.sec.android.app.shealth,1767430,26220000,603d6d0e-a7ea-487e-9ee8-01ca498b71fc,2021-05-17 00:00:00.000,
,,,,2236,,1453820,,0,,2021-05-26 12:43:01.730,,2021-05-18 07:00:01.984,,,,60,180000,40,,,,1636.1301,,87.83997,58b96469-a2a0-410b-a4ad-49ac53c67ac8.extra_data.json,jBfEgmLJSx,0,com.sec.android.app.shealth,1453820,28200000,58b96469-a2a0-410b-a4ad-49ac53c67ac8,2021-05-18 00:00:00.000,
,,,,1429,,908971,,0,,2021-05-20 05:00:01.786,,2021-05-19 06:00:01.163,,,,60,180000,25,,,,1058.29,,54.84,3ea3f92a-7b58-45de-8582-924639d6cb98.extra_data.json,jBfEgmLJSx,0,com.sec.android.app.shealth,908971,21779999,3ea3f92a-7b58-45de-8582-924639d6cb98,2021-05-19 00:00:00.000,
,,,,2381,,1559266,,0,,2021-05-21 04:55:02.143,,2021-05-20 05:00:01.701,,,,60,120000,41,,,,1776.1901,,90.54999,4789b4e6-1231-4026-9fcb-6de70df5e289.extra_data.json,jBfEgmLJSx,0,com.sec.android.app.shealth,1559266,19080000,4789b4e6-1231-4026-9fcb-6de70df5e289,2021-05-20 00:00:00.000,
,,,,1147,,754984,,0,,2021-05-22 01:07:14.831,,2021-05-21 05:00:01.732,,,,60,60000,20,,,,859.28,,41.759995,475b4c46-a5ce-4117-ab2e-3722f49953ce.extra_data.json,jBfEgmLJSx,0,com.sec.android.app.shealth,754984,19080000,475b4c46-a5ce-4117-ab2e-3722f49953ce,2021-05-21 00:00:00.000,
,,,,2556,,1704822,,0,,2021-05-23 03:22:46.894,,2021-05-22 05:00:00.540,,,,60,60000,46,,,,1916.35,,95.73999,6ff358a9-66fe-4262-a117-b327e85c2094.extra_data.json,jBfEgmLJSx,0,com.sec.android.app.shealth,1704822,17940000,6ff358a9-66fe-4262-a117-b327e85c2094,2021-05-22 00:00:00.000,
,,,,2585,,1663258,,0,,2021-05-24 01:35:00.979,,2021-05-23 04:00:01.558,,,,60,120000,45,,,,1935.0402,,97.70999,2efd63a0-7fdb-4e52-aa17-9cfeca8ee06d.extra_data.json,jBfEgmLJSx,0,com.sec.android.app.shealth,1663258,29820000,2efd63a0-7fdb-4e52-aa17-9cfeca8ee06d,2021-05-23 00:00:00.000,
,,,,1175,,747467,,0,,2021-05-25 03:52:50.526,,2021-05-24 05:00:00.836,,,,60,180000,20,,,,868.37006,,45.359997,736067be-e4e0-4ba6-95ba-68667a8fa096.extra_data.json,jBfEgmLJSx,0,com.sec.android.app.shealth,747467,61380000,736067be-e4e0-4ba6-95ba-68667a8fa096,2021-05-24 00:00:00.000,
,,,,2853,,1853323,,0,,2021-05-26 03:59:49.997,,2021-05-25 05:00:01.878,,,,60,180000,50,,,,2112.3604,,107.51997,c34e6a0d-7bd8-4c07-96a5-9498f14ce6b6.extra_data.json,jBfEgmLJSx,0,com.sec.android.app.shealth,1853323,32160000,c34e6a0d-7bd8-4c07-96a5-9498f14ce6b6,2021-05-25 00:00:00.000,
,,,,1952,,1241077,,0,,2021-05-27 03:55:24.467,,2021-05-26 05:00:00.882,,,,60,240000,33,,,,1449.0702,,75.52997,88968c2e-0375-46b4-a114-336fc3d8a829.extra_data.json,jBfEgmLJSx,0,com.sec.android.app.shealth,1241077,25560000,88968c2e-0375-46b4-a114-336fc3d8a829,2021-05-26 00:00:00.000,
,,,,3185,,2089604,,0,,2021-05-28 06:49:41.001,,2021-05-27 05:00:01.727,,,,60,120000,56,,,,2365.8,,122.319984,397ea915-1496-426d-bbe4-419c6c3f9e82.extra_data.json,jBfEgmLJSx,800,com.sec.android.app.shealth,2088804,16620000,397ea915-1496-426d-bbe4-419c6c3f9e82,2021-05-27 00:00:00.000,
,,,,2610,,1738142,,0,,2021-05-29 07:00:02.617,,2021-05-28 07:00:01.486,,,,60,120000,46,,,,1916.2601,,100.43,c3e52e96-6619-4fbe-8cbc-9765540adeaf.extra_data.json,jBfEgmLJSx,0,com.sec.android.app.shealth,1738142,21299999,c3e52e96-6619-4fbe-8cbc-9765540adeaf,2021-05-28 00:00:00.000,
,,,,1912,,1259206,,0,,2021-05-30 06:55:00.631,,2021-05-29 07:00:02.531,,,,60,120000,33,,,,1408.8801,,73.14001,d70ac909-dcf6-473e-9e65-38b5fba74e25.extra_data.json,jBfEgmLJSx,0,com.sec.android.app.shealth,1259206,21540000,d70ac909-dcf6-473e-9e65-38b5fba74e25,2021-05-29 00:00:00.000,
,,,,4478,,2978065,,0,,2021-05-31 07:00:00.881,,2021-05-30 07:00:01.923,,,,60,60000,81,,,,3270.3806,,171.17001,fd6acbd8-7d7a-4a8b-baee-664de2c70fea.extra_data.json,jBfEgmLJSx,0,com.sec.android.app.shealth,2978065,25200000,fd6acbd8-7d7a-4a8b-baee-664de2c70fea,2021-05-30 00:00:00.000,
,,,,3952,,2618522,,0,,2021-06-01 07:00:00.531,,2021-05-31 07:00:00.671,,,,60,60000,71,,,,2903.4895,,151.05997,c31c5b90-c9ed-46e9-a4be-36b398c8d902.extra_data.json,jBfEgmLJSx,0,com.sec.android.app.shealth,2618522,21300000,c31c5b90-c9ed-46e9-a4be-36b398c8d902,2021-05-31 00:00:00.000,
,,,,3803,,2536571,,0,,2021-06-02 06:55:01.724,,2021-06-01 07:00:00.464,,,,60,120000,70,,,,2784.1106,,143.56996,4c9821ed-e08c-4494-8858-3ad32c3b387a.extra_data.json,jBfEgmLJSx,0,com.sec.android.app.shealth,2536571,27960000,4c9821ed-e08c-4494-8858-3ad32c3b387a,2021-06-01 00:00:00.000,
,,,,3059,,2035624,,0,,2021-06-03 03:50:18.781,,2021-06-02 07:00:00.535,,,,60,60000,55,,,,2223.7495,,117.08,e33781db-7819-47e0-a649-828e030008ea.extra_data.json,jBfEgmLJSx,0,com.sec.android.app.shealth,2035624,17760000,e33781db-7819-47e0-a649-828e030008ea,2021-06-02 00:00:00.000,
,,,,5440,,3598655,,0,,2021-06-04 06:07:14.546,,2021-06-03 07:43:58.376,,,,60,180000,98,,,,4051.38,,200.18002,a78e3d5c-0e6e-48f9-a7ff-05b7201b1fba.extra_data.json,jBfEgmLJSx,400,com.sec.android.app.shealth,3598255,17520000,a78e3d5c-0e6e-48f9-a7ff-05b7201b1fba,2021-06-03 00:00:00.000,
,,,,3505,,2337805,,0,,2021-06-05 06:52:32.241,,2021-06-04 07:00:00.440,,,,60,120000,63,,,,2560.3796,,133.42998,26e0e5cd-99b0-4af3-ad1e-0ec7db661cff.extra_data.json,jBfEgmLJSx,0,com.sec.android.app.shealth,2337805,23640000,26e0e5cd-99b0-4af3-ad1e-0ec7db661cff,2021-06-04 00:00:00.000,
,,,,2977,,1960920,,0,,2021-06-06 06:55:24.754,,2021-06-05 07:00:00.618,,,,60,120000,53,,,,2187.9106,,112.72,2a0963ae-8f47-44a4-b3b5-a10d1cc69e21.extra_data.json,jBfEgmLJSx,0,com.sec.android.app.shealth,1960920,44460000,2a0963ae-8f47-44a4-b3b5-a10d1cc69e21,2021-06-05 00:00:00.000,
,,,,6264,,4112626,,0,,2021-06-07 06:51:58.495,,2021-06-06 07:00:00.547,,,,60,180000,113,,,,4642.3784,,234.47993,4c8cea4d-8ec8-4d04-ace9-990f8cfea838.extra_data.json,jBfEgmLJSx,5600,com.sec.android.app.shealth,4107026,22260000,4c8cea4d-8ec8-4d04-ace9-990f8cfea838,2021-06-06 00:00:00.000,
,,,,4024,,2622833,,0,,2021-06-08 06:58:06.821,,2021-06-07 07:00:00.521,,,,60,60000,71,,,,2981.4194,,149.71994,1262e378-7169-401c-94e9-93e3be1ba150.extra_data.json,jBfEgmLJSx,2400,com.sec.android.app.shealth,2620433,29460000,1262e378-7169-401c-94e9-93e3be1ba150,2021-06-07 00:00:00.000,
,,,,7032,,4627005,,0,,2021-06-09 14:04:00.933,,2021-06-08 07:00:00.485,,,,60,120000,128,,,,5182.6313,,263.93997,cdfb1fc8-bdb5-4ce8-b8ea-c1944e3951b2.extra_data.json,jBfEgmLJSx,1600,com.sec.android.app.shealth,4625405,21420000,cdfb1fc8-bdb5-4ce8-b8ea-c1944e3951b2,2021-06-08 00:00:00.000,
,,,,4875,,3226099,,0,,2021-06-10 05:26:37.004,,2021-06-09 07:00:00.550,,,,60,120000,88,,,,3593.9302,,188.15999,5b1d804c-33a2-4c1a-8393-3e4fcb874cc8.extra_data.json,jBfEgmLJSx,0,com.sec.android.app.shealth,3226099,25440000,5b1d804c-33a2-4c1a-8393-3e4fcb874cc8,2021-06-09 00:00:00.000,
,,,,6208,,4066946,,0,,2021-06-11 05:23:04.340,,2021-06-10 07:00:02.013,,,,60,120000,111,,,,4559.7188,,240.09998,19389d07-376a-4704-8f24-7c7915ab9879.extra_data.json,jBfEgmLJSx,4564,com.sec.android.app.shealth,4062382,24720000,19389d07-376a-4704-8f24-7c7915ab9879,2021-06-10 00:00:00.000,
,,,,6006,,3863938,,0,,2021-06-12 06:59:00.976,,2021-06-11 07:00:00.968,,,,60,360000,106,,,,4445.4507,,231.91003,f44ca7d3-c4b0-4945-bff1-c7559a86b31f.extra_data.json,jBfEgmLJSx,0,com.sec.android.app.shealth,3863938,20100000,f44ca7d3-c4b0-4945-bff1-c7559a86b31f,2021-06-11 00:00:00.000,
,,,,3186,,2112996,,0,,2021-06-13 04:52:24.461,,2021-06-12 07:00:00.532,,,,60,120000,58,,,,2412.1501,,115.29996,f929e7b0-e2b5-40db-8408-69896ea5053a.extra_data.json,jBfEgmLJSx,0,com.sec.android.app.shealth,2112996,9060000,f929e7b0-e2b5-40db-8408-69896ea5053a,2021-06-12 00:00:00.000,
,,,,1324,,864342,,0,,2021-06-14 03:55:28.936,,2021-06-13 05:00:00.554,,,,60,60000,23,,,,973.4498,,52.000004,fe94ce16-223b-4172-83d7-6547cd71674f.extra_data.json,jBfEgmLJSx,0,com.sec.android.app.shealth,864342,33780000,fe94ce16-223b-4172-83d7-6547cd71674f,2021-06-13 00:00:00.000,
,,,,967,,616885,,0,,2021-06-15 03:57:46.132,,2021-06-14 04:00:02.091,,,,60,60000,16,,,,723.88,,36.119995,7c4c998d-c075-4a50-a761-551bd1ec98b8.extra_data.json,jBfEgmLJSx,0,com.sec.android.app.shealth,616885,40020000,7c4c998d-c075-4a50-a761-551bd1ec98b8,2021-06-14 00:00:00.000,
,,,,4457,,2934692,,0,,2021-06-16 04:55:01.235,,2021-06-15 04:00:00.995,,,,60,180000,80,,,,3365.5608,,163.61995,8c3351b5-5f47-4670-9698-344246b5c18d.extra_data.json,jBfEgmLJSx,2800,com.sec.android.app.shealth,2931892,36600000,8c3351b5-5f47-4670-9698-344246b5c18d,2021-06-15 00:00:00.000,
,,,,1942,,1259843,,0,,2021-06-17 02:28:25.833,,2021-06-16 05:00:00.681,,,,60,120000,33,,,,1432.21,,74.46,8a488e1f-3cb8-4934-9e83-640d943d1833.extra_data.json,jBfEgmLJSx,0,com.sec.android.app.shealth,1259843,28260000,8a488e1f-3cb8-4934-9e83-640d943d1833,2021-06-16 00:00:00.000,
,,,,1589,,1009688,,0,,2021-06-17 22:22:28.485,,2021-06-17 04:28:09.965,,,,60,180000,26,,,,1166.79,,62.079975,b323bc64-748e-4ec6-a9bc-0d2d2347deb7.extra_data.json,jBfEgmLJSx,0,com.sec.android.app.shealth,1009688,34980000,b323bc64-748e-4ec6-a9bc-0d2d2347deb7,2021-06-17 00:00:00.000,
,,,,2466,,1614597,,0,,2021-06-18 23:55:17.247,,2021-06-18 05:00:01.847,,,,60,180000,43,,,,1799.7201,,95.31,0100fe82-efe9-4be1-b512-ad359041d7c7.extra_data.json,jBfEgmLJSx,0,com.sec.android.app.shealth,1614597,45420000,0100fe82-efe9-4be1-b512-ad359041d7c7,2021-06-18 00:00:00.000,
,,,,1243,,813946,,0,,2021-06-20 04:35:08.258,,2021-06-19 05:00:00.873,,,,60,60000,21,,,,938.77,,46.929996,7147fa95-146f-483c-b786-884c944ab083.extra_data.json,jBfEgmLJSx,1600,com.sec.android.app.shealth,812346,41880000,7147fa95-146f-483c-b786-884c944ab083,2021-06-19 00:00:00.000,
,,,,1489,,962331,,0,,2021-06-21 00:48:45.742,,2021-06-20 06:00:01.517,,,,60,240000,26,,,,1103.1699,,57.70999,3ca252f6-b33e-4872-85fc-54230b51583a.extra_data.json,jBfEgmLJSx,0,com.sec.android.app.shealth,962331,26460000,3ca252f6-b33e-4872-85fc-54230b51583a,2021-06-20 00:00:00.000,
,,,,2155,,1399246,,0,,2021-06-22 05:15:02.880,,2021-06-21 08:28:51.122,,,,60,60000,38,,,,1596.3898,,82.65,7d2de260-870a-44fc-8273-dd40e02353c9.extra_data.json,jBfEgmLJSx,0,com.sec.android.app.shealth,1399246,19860000,7d2de260-870a-44fc-8273-dd40e02353c9,2021-06-21 00:00:00.000,
,,,,1147,,757015,,0,,2021-06-23 04:55:02.094,,2021-06-22 06:00:01.778,,,,60,60000,20,,,,863.4401,,41.409992,30ee2822-cc00-44fa-aeb4-218b13aca38b.extra_data.json,jBfEgmLJSx,0,com.sec.android.app.shealth,757015,36720000,30ee2822-cc00-44fa-aeb4-218b13aca38b,2021-06-22 00:00:00.000,
,,,,1902,,1254537,,0,,2021-06-24 03:43:02.665,,2021-06-23 05:00:01.370,,,,60,120000,33,,,,1404.4299,,71.270004,7e786626-98ec-44c2-a348-5b7b6842a4ec.extra_data.json,jBfEgmLJSx,0,com.sec.android.app.shealth,1254537,27600000,7e786626-98ec-44c2-a348-5b7b6842a4ec,2021-06-23 00:00:00.000,
,,,,672,,437522,,0,,2021-06-25 04:00:01.963,,2021-06-24 04:00:00.490,,,,60,60000,11,,,,498.14008,,25.269999,fe8ea054-4190-4bd3-b019-237ddc271b37.extra_data.json,jBfEgmLJSx,0,com.sec.android.app.shealth,437522,49020000,fe8ea054-4190-4bd3-b019-237ddc271b37,2021-06-24 00:00:00.000,
,,,,3966,,2616461,,0,,2021-06-26 03:32:12.633,,2021-06-25 04:00:01.889,,,,60,60000,71,,,,2978.6907,,148.10995,096dd990-bdee-447c-804c-63024a750c17.extra_data.json,jBfEgmLJSx,0,com.sec.android.app.shealth,2616461,25680000,096dd990-bdee-447c-804c-63024a750c17,2021-06-25 00:00:00.000,
,,,,2134,,1417315,,0,,2021-06-27 05:27:09.406,,2021-06-26 05:00:00.565,,,,60,60000,38,,,,1608.1803,,80.31999,04db4f3f-f24c-43d2-bfb2-5c561ac39949.extra_data.json,jBfEgmLJSx,0,com.sec.android.app.shealth,1417315,14940000,04db4f3f-f24c-43d2-bfb2-5c561ac39949,2021-06-26 00:00:00.000,
,,,,2135,,1409311,,0,,2021-06-28 07:00:00.638,,2021-06-27 06:00:01.720,,,,60,120000,38,,,,1574.4498,,81.07998,935d34da-e439-420b-976c-7db3be2778dc.extra_data.json,jBfEgmLJSx,0,com.sec.android.app.shealth,1409311,33300000,935d34da-e439-420b-976c-7db3be2778dc,2021-06-27 00:00:00.000,
,,,,3298,,2118759,,0,,2021-06-29 05:15:20.535,,2021-06-28 07:00:00.512,,,,60,180000,58,,,,2418.6,,127.75,e64c6385-5645-455e-9fc1-cabdb1043cab.extra_data.json,jBfEgmLJSx,0,com.sec.android.app.shealth,2118759,26160000,e64c6385-5645-455e-9fc1-cabdb1043cab,2021-06-28 00:00:00.000,
,,,,1869,,1242591,,0,,2021-06-30 02:58:05.823,,2021-06-29 06:00:02.451,,,,60,60000,33,,,,1403.4701,,69.50001,044bb7b8-7324-4e12-906c-39a7d9058f70.extra_data.json,jBfEgmLJSx,0,com.sec.android.app.shealth,1242591,35940000,044bb7b8-7324-4e12-906c-39a7d9058f70,2021-06-29 00:00:00.000,
,,,,2889,,1881590,,0,,2021-07-01 02:18:39.543,,2021-06-30 04:00:02.119,,,,60,120000,51,,,,2164.9502,,105.95,3a76382d-e868-481f-989e-67cdc23b4241.extra_data.json,jBfEgmLJSx,4621,com.sec.android.app.shealth,1876969,26280000,3a76382d-e868-481f-989e-67cdc23b4241,2021-06-30 00:00:00.000,
,,,,2441,,1623418,,0,,2021-07-02 03:04:26.595,,2021-07-01 04:00:00.883,,,,60,60000,45,,,,1807.1003,,89.87997,885a290f-5d12-41fa-af7b-920a7279e45a.extra_data.json,jBfEgmLJSx,0,com.sec.android.app.shealth,1623418,26220000,885a290f-5d12-41fa-af7b-920a7279e45a,2021-07-01 00:00:00.000,
,,,,5009,,3315417,,0,,2021-07-03 05:00:00.563,,2021-07-02 04:00:00.655,,,,60,120000,91,,,,3760.1504,,183.51,75735e20-d0f3-4843-9966-2bcc24c862eb.extra_data.json,jBfEgmLJSx,0,com.sec.android.app.shealth,3315417,16079999,75735e20-d0f3-4843-9966-2bcc24c862eb,2021-07-02 00:00:00.000,
,,,,1894,,1215004,,0,,2021-07-04 03:32:18.799,,2021-07-03 05:00:00.483,,,,60,120000,33,,,,1391.2704,,74.58999,b861ab1d-bf98-4e6c-9241-64461d34e8b9.extra_data.json,jBfEgmLJSx,0,com.sec.android.app.shealth,1215004,34980000,b861ab1d-bf98-4e6c-9241-64461d34e8b9,2021-07-03 00:00:00.000,
,,,,3395,,2223731,,0,,2021-07-05 06:52:25.396,,2021-07-04 05:00:01.666,,,,60,120000,61,,,,2535.1694,,127.44,3b7aac3f-00f0-4590-849e-9744be1f0015.extra_data.json,jBfEgmLJSx,800,com.sec.android.app.shealth,2222931,15000000,3b7aac3f-00f0-4590-849e-9744be1f0015,2021-07-04 00:00:00.000,
,,,,4318,,2745259,90,0,,2021-08-01 11:15:58.015,,2021-07-05 07:00:00.608,,,,60,480000,50,,,,3174.6804,,168.34999,3d5df8ce-dd4d-49fa-97f7-6d1a548eb0a2.extra_data.json,jBfEgmLJSx,0,com.sec.android.app.shealth,2745259,32099999,3d5df8ce-dd4d-49fa-97f7-6d1a548eb0a2,2021-07-05 00:00:00.000,
,,,,1447,,940290,90,0,,2021-08-01 11:15:58.071,,2021-07-06 07:19:14.997,,,,60,120000,16,,,,1074.82,,54.859993,47e0766b-f495-41fe-9c2c-5b7f2a37726c.extra_data.json,jBfEgmLJSx,0,com.sec.android.app.shealth,940290,32040000,47e0766b-f495-41fe-9c2c-5b7f2a37726c,2021-07-06 00:00:00.000,
,,,,4187,,2677908,90,0,,2021-08-01 11:15:58.180,,2021-07-07 07:00:01.280,,,,60,180000,48,,,,3118.72,,158.80997,047a512c-4494-4fe5-9c43-6aed9c510a2a.extra_data.json,jBfEgmLJSx,7600,com.sec.android.app.shealth,2670308,6600000,047a512c-4494-4fe5-9c43-6aed9c510a2a,2021-07-07 00:00:00.000,
,,,,1308,,872436,90,0,,2021-08-01 11:15:58.252,,2021-07-08 06:00:00.570,,,,60,34017,15,,,,994.81006,,45.640003,1789f2ff-9fc4-4e44-aac4-74e65140a0d9.extra_data.json,jBfEgmLJSx,0,com.sec.android.app.shealth,872436,17640000,1789f2ff-9fc4-4e44-aac4-74e65140a0d9,2021-07-08 00:00:00.000,
,,,,4017,,2644415,90,0,,2021-08-01 11:15:58.333,,2021-07-09 05:00:01.296,,,,60,180000,48,,,,2999.35,,146.97995,e7609dd8-f3d9-441d-9289-7d3a9897a077.extra_data.json,jBfEgmLJSx,0,com.sec.android.app.shealth,2644415,13320000,e7609dd8-f3d9-441d-9289-7d3a9897a077,2021-07-09 00:00:00.000,
,,,,1320,,869011,90,0,,2021-08-01 11:15:58.430,,2021-07-10 05:00:00.576,,,,60,120000,15,,,,998.86993,,47.819992,68b84a7a-c76f-478b-9a12-3ef8e993a9f1.extra_data.json,jBfEgmLJSx,0,com.sec.android.app.shealth,869011,14220000,68b84a7a-c76f-478b-9a12-3ef8e993a9f1,2021-07-10 00:00:00.000,
,,,,5960,,3842417,90,0,,2021-08-01 11:15:58.510,,2021-07-11 05:00:00.623,,,,60,300000,71,,,,4399.8896,,226.92993,00967068-f0be-4930-854a-0406a62cbd10.extra_data.json,jBfEgmLJSx,400,com.sec.android.app.shealth,3842017,7320000,00967068-f0be-4930-854a-0406a62cbd10,2021-07-11 00:00:00.000,
,,,,1924,,1281944,90,0,,2021-08-01 11:15:58.632,,2021-07-12 07:00:01.181,,,,60,60000,23,,,,1412.9603,,73.21001,7483ea85-05ae-43d4-aaf9-207a07580857.extra_data.json,jBfEgmLJSx,0,com.sec.android.app.shealth,1281944,22980000,7483ea85-05ae-43d4-aaf9-207a07580857,2021-07-12 00:00:00.000,
,,,,7057,,4657330,90,0,,2021-08-01 11:15:58.746,,2021-07-13 07:00:01.924,,,,60,240000,85,,,,5252.7295,,268.76004,43637f9a-a7f1-4325-9ed5-976b2805155d.extra_data.json,jBfEgmLJSx,2000,com.sec.android.app.shealth,4655330,25560000,43637f9a-a7f1-4325-9ed5-976b2805155d,2021-07-13 00:00:00.000,
,,,,2301,,1503328,90,0,,2021-08-01 11:15:58.827,,2021-07-14 07:00:00.981,,,,60,120000,27,,,,1693.4901,,87.119995,39a53d84-873f-4e08-95f4-0413484eda25.extra_data.json,jBfEgmLJSx,0,com.sec.android.app.shealth,1503328,23520000,39a53d84-873f-4e08-95f4-0413484eda25,2021-07-14 00:00:00.000,
,,,,13940,,8810809,90,0,,2021-08-01 11:15:58.936,,2021-07-15 09:40:40.553,,,,60,1624709,162,,,,10360.282,,543.59265,28684535-bd52-4863-b757-deccf951e13d.extra_data.json,jBfEgmLJSx,0,com.sec.android.app.shealth,8810809,16920000,28684535-bd52-4863-b757-deccf951e13d,2021-07-15 00:00:00.000,
,,,,9756,,6388728,90,0,,2021-08-01 11:15:59.029,,2021-07-16 13:05:02.065,,,,60,180000,116,,,,7279.142,,367.90005,a70b249c-cf69-429c-a34b-46a6372a415f.extra_data.json,jBfEgmLJSx,40135,com.sec.android.app.shealth,6348593,21900000,a70b249c-cf69-429c-a34b-46a6372a415f,2021-07-16 00:00:00.000,
,,,,4693,,3060696,90,0,,2021-08-01 11:15:59.095,,2021-07-17 07:00:00.805,,,,60,180000,55,,,,3459.34,,181.28998,503e0810-80e9-4087-bafd-72630960bea4.extra_data.json,jBfEgmLJSx,800,com.sec.android.app.shealth,3059896,30420000,503e0810-80e9-4087-bafd-72630960bea4,2021-07-17 00:00:00.000,
,,,,1496,,997832,90,0,,2021-08-01 11:15:59.154,,2021-07-18 07:00:01.625,,,,60,60000,17,,,,1099.5502,,56.26999,81a39bd0-9b54-4978-8fae-cd122a43c1a8.extra_data.json,jBfEgmLJSx,0,com.sec.android.app.shealth,997832,23760000,81a39bd0-9b54-4978-8fae-cd122a43c1a8,2021-07-18 00:00:00.000,
,,,,2990,,1979566,90,0,,2021-08-01 11:16:00.793,,2021-07-19 07:00:01.649,,,,60,60000,35,,,,2191.2407,,114.12,a6955d5a-f21e-4fb5-85b5-70e452184216.extra_data.json,jBfEgmLJSx,0,com.sec.android.app.shealth,1979566,20340000,a6955d5a-f21e-4fb5-85b5-70e452184216,2021-07-19 00:00:00.000,
,,,,2044,,1327120,90,0,,2021-08-01 11:16:00.856,,2021-07-20 07:52:22.948,,,,60,120000,24,,,,1530.2302,,75.879974,a3ca45fc-2b38-488f-8026-3a4a3aa9bc3e.extra_data.json,jBfEgmLJSx,0,com.sec.android.app.shealth,1327120,32460000,a3ca45fc-2b38-488f-8026-3a4a3aa9bc3e,2021-07-20 00:00:00.000,
,,,,3061,,2026115,90,0,,2021-08-01 11:16:00.908,,2021-07-21 07:00:00.984,,,,60,300000,36,,,,2244.9204,,121.52999,888c2348-945d-4067-9c05-39bf0aa9583d.extra_data.json,jBfEgmLJSx,15200,com.sec.android.app.shealth,2010915,38759999,888c2348-945d-4067-9c05-39bf0aa9583d,2021-07-21 00:00:00.000,
,,,,731,,486880,90,0,,2021-08-01 11:16:00.979,,2021-07-22 08:34:53.891,,,,60,60000,8,,,,536.22,,27.299997,72ddd379-d459-407b-b81a-c01965a9c9bc.extra_data.json,jBfEgmLJSx,0,com.sec.android.app.shealth,486880,27480000,72ddd379-d459-407b-b81a-c01965a9c9bc,2021-07-22 00:00:00.000,
,,,,1053,,702351,90,0,,2021-08-01 11:16:01.036,,2021-07-23 07:00:00.654,,,,60,60000,12,,,,769.04,,40.259995,ba21fd07-7f34-4451-becd-a47fb477f387.extra_data.json,jBfEgmLJSx,0,com.sec.android.app.shealth,702351,17400000,ba21fd07-7f34-4451-becd-a47fb477f387,2021-07-23 00:00:00.000,
,,,,4349,,2859159,90,0,,2021-08-01 11:16:01.091,,2021-07-24 07:00:01.821,,,,60,240000,52,,,,3196.7502,,168.20998,1c678262-ec61-4fce-ad3c-066815d9fdbd.extra_data.json,jBfEgmLJSx,0,com.sec.android.app.shealth,2859159,28440000,1c678262-ec61-4fce-ad3c-066815d9fdbd,2021-07-24 00:00:00.000,
,,,,4033,,2665182,90,0,,2021-08-01 11:16:01.152,,2021-07-25 07:00:02.090,,,,60,60000,48,,,,2970.2603,,155.72998,684b5c57-208c-4ca0-9952-c22d60df08a2.extra_data.json,jBfEgmLJSx,0,com.sec.android.app.shealth,2665182,26760000,684b5c57-208c-4ca0-9952-c22d60df08a2,2021-07-25 00:00:00.000,
,,,,4202,,2750378,90,0,,2021-08-01 11:16:01.205,,2021-07-26 07:00:00.936,,,,60,120000,50,,,,3104.58,,163.55,71dadd84-4816-456a-a093-a557a4188e98.extra_data.json,jBfEgmLJSx,0,com.sec.android.app.shealth,2750378,25080000,71dadd84-4816-456a-a093-a557a4188e98,2021-07-26 00:00:00.000,
,,,,2035,,1326779,90,0,,2021-08-01 11:16:01.256,,2021-07-27 07:00:00.852,,,,60,120000,24,,,,1518.9901,,79.01998,04fc6d90-d1c3-4f86-a14b-39b88aa630a8.extra_data.json,jBfEgmLJSx,1600,com.sec.android.app.shealth,1325179,31680000,04fc6d90-d1c3-4f86-a14b-39b88aa630a8,2021-07-27 00:00:00.000,
,,,,2989,,1936061,90,0,,2021-08-01 11:16:01.321,,2021-07-28 07:00:00.543,,,,60,180000,35,,,,2212.9,,113.399994,04b1a768-afb0-4567-8294-2c46fa0b6c4f.extra_data.json,jBfEgmLJSx,0,com.sec.android.app.shealth,1936061,10680000,04b1a768-afb0-4567-8294-2c46fa0b6c4f,2021-07-28 00:00:00.000,
,,,,1871,,1237105,90,0,,2021-08-01 11:16:01.381,,2021-07-29 05:53:49.674,,,,60,240000,22,,,,1360.1599,,71.549995,cc332bb3-286a-46d7-babb-1186166d3f61.extra_data.json,jBfEgmLJSx,0,com.sec.android.app.shealth,1237105,28859999,cc332bb3-286a-46d7-babb-1186166d3f61,2021-07-29 00:00:00.000,
,,,,3845,,2555247,90,0,,2021-08-01 11:16:01.446,,2021-07-30 05:00:00.780,,,,60,60000,46,,,,2770.5493,,148.12996,7d98710f-3ab4-4b8f-b08f-214da413a3c1.extra_data.json,jBfEgmLJSx,0,com.sec.android.app.shealth,2555247,22920000,7d98710f-3ab4-4b8f-b08f-214da413a3c1,2021-07-30 00:00:00.000,
,,,,3789,,2487893,90,0,,2021-08-01 11:16:01.530,,2021-07-31 05:00:01.683,,,,60,60000,45,,,,2783.8696,,145.96999,e3d73ef0-1dcf-4e37-906f-79e303cd8071.extra_data.json,jBfEgmLJSx,800,com.sec.android.app.shealth,2487093,9600000,e3d73ef0-1dcf-4e37-906f-79e303cd8071,2021-07-31 00:00:00.000,
,,,,3597,,2390438,90,0,,2021-08-02 05:46:04.426,,2021-08-01 07:00:02.143,,,,60,60000,43,,,,2612.0103,,139.25995,e3383b4b-d4eb-42cb-ac1d-c1fdfa6f420e.extra_data.json,jBfEgmLJSx,0,com.sec.android.app.shealth,2390438,27180000,e3383b4b-d4eb-42cb-ac1d-c1fdfa6f420e,2021-08-01 00:00:00.000,
,,,,2987,,1981507,90,0,,2021-08-03 07:00:02.045,,2021-08-02 07:00:01.918,,,,-1,120000,36,,,,2177.6301,,114.45996,ccb9e43f-54cd-47b6-ad0e-869add7c7b04.extra_data.json,jBfEgmLJSx,0,com.sec.android.app.shealth,1981507,29459999,ccb9e43f-54cd-47b6-ad0e-869add7c7b04,2021-08-02 00:00:00.000,
,,,,4310,,2801767,90,0,,2021-08-04 05:55:02.600,,2021-08-03 07:00:01.983,,,,-1,120000,51,,,,3184.7703,,165.25992,08ee0811-c4c6-49e2-a9d8-c92f8ffb2a91.extra_data.json,jBfEgmLJSx,0,com.sec.android.app.shealth,2801767,28080000,08ee0811-c4c6-49e2-a9d8-c92f8ffb2a91,2021-08-03 00:00:00.000,
,,,,3237,,2116121,90,0,,2021-08-05 00:35:22.159,,2021-08-04 06:00:01.912,,,,-1,120000,38,,,,2395.5908,,122.89,402838bc-db98-450a-9ddc-8b63bb077115.extra_data.json,jBfEgmLJSx,0,com.sec.android.app.shealth,2116121,17460000,402838bc-db98-450a-9ddc-8b63bb077115,2021-08-04 00:00:00.000,
,,,,3671,,2410817,90,0,,2021-08-06 07:00:00.923,,2021-08-05 06:00:00.537,,,,-1,60000,44,,,,2743.0498,,138.23,ab6d91c7-e0b3-456d-9a32-86b92b0d5ded.extra_data.json,jBfEgmLJSx,2400,com.sec.android.app.shealth,2408417,19139999,ab6d91c7-e0b3-456d-9a32-86b92b0d5ded,2021-08-05 00:00:00.000,
,,,,2335,,1521337,90,0,,2021-08-07 03:55:16.235,,2021-08-06 07:00:00.648,,,,-1,60000,27,,,,1720.0503,,91.30999,1462055b-64b3-462d-af57-29063ff4ea56.extra_data.json,jBfEgmLJSx,0,com.sec.android.app.shealth,1521337,21060000,1462055b-64b3-462d-af57-29063ff4ea56,2021-08-06 00:00:00.000,
,,,,3881,,2500890,90,0,,2021-08-08 04:56:31.057,,2021-08-07 06:00:00.469,,,,-1,180000,45,,,,2855.1199,,148.71996,6b7a308e-296b-4337-baad-e836d9648372.extra_data.json,jBfEgmLJSx,0,com.sec.android.app.shealth,2500890,17160000,6b7a308e-296b-4337-baad-e836d9648372,2021-08-07 00:00:00.000,
,,,,3861,,2544972,90,0,,2021-08-09 04:21:16.891,,2021-08-08 05:00:01.906,,,,-1,120000,46,,,,2863.58,,144.54,76974349-947b-420e-ace6-4d1f1e4bfcab.extra_data.json,jBfEgmLJSx,0,com.sec.android.app.shealth,2544972,14219999,76974349-947b-420e-ace6-4d1f1e4bfcab,2021-08-08 00:00:00.000,
,,,,958,,631559,90,0,,2021-08-10 03:44:22.025,,2021-08-09 04:21:16.784,,,,-1,60000,11,,,,704.67004,,36.96999,4529e521-f3e7-4f33-afad-41f206da6d35.extra_data.json,jBfEgmLJSx,0,com.sec.android.app.shealth,631559,34380000,4529e521-f3e7-4f33-afad-41f206da6d35,2021-08-09 00:00:00.000,
,,,,3291,,2145231,90,0,,2021-08-11 04:04:51.255,,2021-08-10 04:00:01.942,,,,-1,120000,38,,,,2436.0498,,125.27,7cca1728-8596-4bc4-b229-34ea60a42726.extra_data.json,jBfEgmLJSx,2400,com.sec.android.app.shealth,2142831,29820000,7cca1728-8596-4bc4-b229-34ea60a42726,2021-08-10 00:00:00.000,
,,,,2458,,1604622,90,0,,2021-08-12 07:00:01.440,,2021-08-11 05:00:00.592,,,,-1,60000,28,,,,1792.9899,,94.609985,42bc94b5-4c50-48ff-b73d-1e6f232c7fb4.extra_data.json,jBfEgmLJSx,0,com.sec.android.app.shealth,1604622,31440000,42bc94b5-4c50-48ff-b73d-1e6f232c7fb4,2021-08-11 00:00:00.000,
,,,,2222,,1455911,90,0,,2021-08-13 05:35:13.495,,2021-08-12 07:00:01.262,,,,-1,60000,26,,,,1638.2803,,84.43999,4c8c1409-c72b-4370-9361-5ea7543653a9.extra_data.json,jBfEgmLJSx,0,com.sec.android.app.shealth,1455911,27240000,4c8c1409-c72b-4370-9361-5ea7543653a9,2021-08-12 00:00:00.000,
,,,,2489,,1657198,90,0,,2021-08-14 04:35:46.380,,2021-08-13 06:00:00.586,,,,-1,60000,30,,,,1860.0597,,93.65997,5a820329-6d48-4497-87ff-16ebbb469688.extra_data.json,jBfEgmLJSx,400,com.sec.android.app.shealth,1656798,25320000,5a820329-6d48-4497-87ff-16ebbb469688,2021-08-13 00:00:00.000,
,,,,4649,,3071962,90,0,,2021-08-15 04:55:02.362,,2021-08-14 04:35:43.376,,,,-1,120000,56,,,,3466.2505,,170.75998,85598db0-d37e-4fd0-8658-562d482cfe18.extra_data.json,jBfEgmLJSx,0,com.sec.android.app.shealth,3071962,9120000,85598db0-d37e-4fd0-8658-562d482cfe18,2021-08-14 00:00:00.000,
,,,,4121,,2720543,90,0,,2021-08-16 04:00:01.777,,2021-08-15 05:00:00.552,,,,-1,180000,50,,,,3081.4302,,151.80998,8ef7dddb-cc53-4b88-a298-e0fc4f7c4365.extra_data.json,jBfEgmLJSx,0,com.sec.android.app.shealth,2720543,30179999,8ef7dddb-cc53-4b88-a298-e0fc4f7c4365,2021-08-15 00:00:00.000,
,,,,1288,,827597,90,0,,2021-08-17 01:10:32.023,,2021-08-16 04:00:01.703,,,,-1,60000,14,,,,951.49005,,49.789993,3d7f308a-9540-4861-969d-9edc979396b4.extra_data.json,jBfEgmLJSx,0,com.sec.android.app.shealth,827597,27780000,3d7f308a-9540-4861-969d-9edc979396b4,2021-08-16 00:00:00.000,
,,,,887,,585596,90,0,,2021-08-18 03:28:38.150,,2021-08-17 04:00:00.991,,,,-1,120000,10,,,,671.7701,,31.68999,56eca6dd-d638-4078-8031-64e86fd5ebb6.extra_data.json,jBfEgmLJSx,0,com.sec.android.app.shealth,585596,38520000,56eca6dd-d638-4078-8031-64e86fd5ebb6,2021-08-17 00:00:00.000,
,,,,3565,,2330198,90,0,,2021-08-19 02:35:20.430,,2021-08-18 04:00:00.476,,,,-1,120000,42,,,,2637.55,,133.69,a075c010-8c94-4014-b9b1-1e30b0d0c7c2.extra_data.json,jBfEgmLJSx,0,com.sec.android.app.shealth,2330198,7200000,a075c010-8c94-4014-b9b1-1e30b0d0c7c2,2021-08-18 00:00:00.000,
,,,,1839,,1210515,90,0,,2021-08-20 00:21:02.026,,2021-08-19 04:00:01.821,,,,-1,120000,22,,,,1365.1602,,69.94999,c5e4c8ef-e865-4f95-97c9-b62e56eef32d.extra_data.json,jBfEgmLJSx,0,com.sec.android.app.shealth,1210515,25920000,c5e4c8ef-e865-4f95-97c9-b62e56eef32d,2021-08-19 00:00:00.000,
,,,,2282,,1495027,90,0,,2021-08-21 05:00:01.733,,2021-08-20 04:11:17.436,,,,-1,120000,26,,,,1712.4199,,85.01998,149e8385-5bec-4f1c-9de2-fab115756416.extra_data.json,jBfEgmLJSx,400,com.sec.android.app.shealth,1494627,25860000,149e8385-5bec-4f1c-9de2-fab115756416,2021-08-20 00:00:00.000,
,,,,3104,,1999456,90,0,,2021-08-22 03:00:51.016,,2021-08-21 05:00:01.653,,,,-1,120000,36,,,,2299.4207,,119.229996,5ffb7f03-42dc-49e2-9cd6-fd83d91c8a17.extra_data.json,jBfEgmLJSx,0,com.sec.android.app.shealth,1999456,25560000,5ffb7f03-42dc-49e2-9cd6-fd83d91c8a17,2021-08-21 00:00:00.000,
,,,,2912,,1890705,90,0,,2021-08-23 02:52:02.537,,2021-08-22 06:00:00.953,,,,-1,120000,34,,,,2145.3801,,111.72999,a261f3b3-8f2c-490e-a4a2-aa981de61684.extra_data.json,jBfEgmLJSx,0,com.sec.android.app.shealth,1890705,15000000,a261f3b3-8f2c-490e-a4a2-aa981de61684,2021-08-22 00:00:00.000,
,,,,2083,,1341854,90,0,,2021-08-24 02:19:47.597,,2021-08-23 08:23:42.109,,,,-1,60000,24,,,,1535.4701,,80.45999,6ea4d085-a01f-4eac-be0f-88556c9f6a62.extra_data.json,jBfEgmLJSx,0,com.sec.android.app.shealth,1341854,31020000,6ea4d085-a01f-4eac-be0f-88556c9f6a62,2021-08-23 00:00:00.000,
,,,,1647,,1032336,90,0,,2021-08-25 06:55:01.670,,2021-08-24 07:00:01.193,,,,-1,180000,18,,,,1239.19,,61.759995,594905ba-9802-4621-816b-acf74f293d0e.extra_data.json,jBfEgmLJSx,0,com.sec.android.app.shealth,1032336,25020000,594905ba-9802-4621-816b-acf74f293d0e,2021-08-24 00:00:00.000,
,,,,9535,,6138959,90,0,,2021-08-27 05:35:18.680,,2021-08-25 07:00:00.478,,,,-1,1080000,113,,,,7057.5024,,371.52972,14c7fab2-d202-4071-9e73-fc230126ba2f.extra_data.json,jBfEgmLJSx,6000,com.sec.android.app.shealth,6132959,17100000,14c7fab2-d202-4071-9e73-fc230126ba2f,2021-08-25 00:00:00.000,
,,,,1898,,1237075,90,0,,2021-08-27 00:44:57.513,,2021-08-26 06:00:01.481,,,,-1,180000,22,,,,1387.18,,74.42999,3f5b7eff-53be-4ec8-918d-97494f6081cf.extra_data.json,jBfEgmLJSx,0,com.sec.android.app.shealth,1237075,58440000,3f5b7eff-53be-4ec8-918d-97494f6081cf,2021-08-26 00:00:00.000,
,,,,1336,,877712,90,0,,2021-08-28 05:37:30.941,,2021-08-27 07:23:38.442,,,,-1,60000,15,,,,990.56,,50.079994,82cfa161-08bf-4f31-8edf-fe7ceb4ffcce.extra_data.json,jBfEgmLJSx,0,com.sec.android.app.shealth,877712,25920000,82cfa161-08bf-4f31-8edf-fe7ceb4ffcce,2021-08-27 00:00:00.000,
,,,,4016,,2602599,90,0,,2021-08-29 06:55:03.355,,2021-08-28 07:00:00.760,,,,-1,240000,47,,,,3044.07,,147.41002,a539044f-b388-42cf-8f52-b75a15ad5f4f.extra_data.json,jBfEgmLJSx,3600,com.sec.android.app.shealth,2598999,18840000,a539044f-b388-42cf-8f52-b75a15ad5f4f,2021-08-28 00:00:00.000,
,,,,2127,,1335641,90,0,,2021-08-30 05:04:24.323,,2021-08-29 07:00:00.638,,,,-1,180000,24,,,,1572.63,,82.31999,df36e26b-e8c0-4257-8cb8-9d34e2f95f78.extra_data.json,jBfEgmLJSx,0,com.sec.android.app.shealth,1335641,34740000,df36e26b-e8c0-4257-8cb8-9d34e2f95f78,2021-08-29 00:00:00.000,
,,,,600,,371399,90,0,,2021-08-31 00:58:50.155,,2021-08-30 05:00:00.458,,,,-1,120000,6,,,,439.54,,23.519995,871fefe6-95bb-410c-a3b1-4466ef24931c.extra_data.json,jBfEgmLJSx,0,com.sec.android.app.shealth,371399,38280000,871fefe6-95bb-410c-a3b1-4466ef24931c,2021-08-30 00:00:00.000,
,,,,2714,,1739532,90,0,,2021-09-01 04:00:00.534,,2021-08-31 05:49:49.743,,,,-1,120000,31,,,,2031.7799,,102.33,b63599d4-9e4e-46bc-b590-ef3498ae389c.extra_data.json,jBfEgmLJSx,1600,com.sec.android.app.shealth,1737932,24599999,b63599d4-9e4e-46bc-b590-ef3498ae389c,2021-08-31 00:00:00.000,
,,,,1780,,1141057,90,0,,2021-09-02 00:55:23.481,,2021-09-01 04:00:00.485,,,,-1,120000,21,,,,1328.0399,,67.039986,d12957d8-da7b-49d4-ad73-264d892bd339.extra_data.json,jBfEgmLJSx,0,com.sec.android.app.shealth,1141057,23820000,d12957d8-da7b-49d4-ad73-264d892bd339,2021-09-01 00:00:00.000,
,,,,4502,,2926436,90,0,,2021-09-03 04:56:47.244,,2021-09-02 04:00:01.949,,,,-1,120000,53,,,,3287.4397,,175.64998,f90fbae8-52c7-4b81-9e7d-64ee7345afc5.extra_data.json,jBfEgmLJSx,0,com.sec.android.app.shealth,2926436,32759999,f90fbae8-52c7-4b81-9e7d-64ee7345afc5,2021-09-02 00:00:00.000,
,,,,2270,,1477225,90,0,,2021-09-04 04:35:08.308,,2021-09-03 04:56:47.110,,,,-1,180000,26,,,,1678.28,,87.00999,bdb81d8a-7155-47e9-abdf-4ae57faa0fce.extra_data.json,jBfEgmLJSx,0,com.sec.android.app.shealth,1477225,49860000,bdb81d8a-7155-47e9-abdf-4ae57faa0fce,2021-09-03 00:00:00.000,
,,,,3441,,2250885,90,0,,2021-09-05 04:59:33.977,,2021-09-04 05:00:02.044,,,,-1,240000,41,,,,2556.08,,130.48,0d963ebe-3f89-474e-849b-0bd21eb851fe.extra_data.json,jBfEgmLJSx,0,com.sec.android.app.shealth,2250885,54240000,0d963ebe-3f89-474e-849b-0bd21eb851fe,2021-09-04 00:00:00.000,
,,,,2570,,1708764,90,0,,2021-09-06 04:26:07.949,,2021-09-05 05:00:00.614,,,,-1,60000,31,,,,1887.55,,98.189995,625d5ba3-8e00-4fd1-a341-af9518a89c34.extra_data.json,jBfEgmLJSx,0,com.sec.android.app.shealth,1708764,32160000,625d5ba3-8e00-4fd1-a341-af9518a89c34,2021-09-05 00:00:00.000,
,,,,1943,,1283855,90,0,,2021-09-07 07:37:26.848,,2021-09-06 05:00:00.622,,,,-1,120000,23,,,,1431.5902,,75.04999,b4b743d6-85ad-4aaf-86f5-dd14cf18a5e3.extra_data.json,jBfEgmLJSx,0,com.sec.android.app.shealth,1283855,26519999,b4b743d6-85ad-4aaf-86f5-dd14cf18a5e3,2021-09-06 00:00:00.000,
,,,,1805,,1180780,90,0,,2021-09-08 04:36:08.996,,2021-09-07 07:37:26.669,,,,-1,120000,21,,,,1323.6302,,69.81001,03acde1c-8fb5-4513-916b-7eace306c009.extra_data.json,jBfEgmLJSx,400,com.sec.android.app.shealth,1180380,16260000,03acde1c-8fb5-4513-916b-7eace306c009,2021-09-07 00:00:00.000,
,,,,1224,,810375,90,0,,2021-09-09 07:08:51.830,,2021-09-08 10:24:44.379,,,,-1,60000,14,,,,893.65,,46.510006,e7a92d3d-c8b2-446e-97f3-9d0527ca84b2.extra_data.json,jBfEgmLJSx,0,com.sec.android.app.shealth,810375,17220000,e7a92d3d-c8b2-446e-97f3-9d0527ca84b2,2021-09-08 00:00:00.000,
,,,,3807,,2489064,90,0,,2021-09-10 05:20:30.492,,2021-09-09 07:00:01.658,,,,-1,240000,45,,,,2806.4702,,146.27,69ddf3f2-c8a4-4ee0-b8af-5a497ed02e1a.extra_data.json,jBfEgmLJSx,0,com.sec.android.app.shealth,2489064,28020000,69ddf3f2-c8a4-4ee0-b8af-5a497ed02e1a,2021-09-09 00:00:00.000,
,,,,723,,482241,90,0,,2021-09-11 02:56:31.996,,2021-09-10 07:00:00.831,,,,-1,60000,8,,,,533.5301,,27.269997,1854f331-7578-4496-9427-89a0d9eb7261.extra_data.json,jBfEgmLJSx,0,com.sec.android.app.shealth,482241,21840000,1854f331-7578-4496-9427-89a0d9eb7261,2021-09-10 00:00:00.000,
,,,,3748,,2487820,90,0,,2021-09-12 05:12:11.656,,2021-09-11 07:00:02.478,,,,-1,120000,45,,,,2740.5398,,143.50993,1a33e09a-7632-4341-bf0c-c05f76519699.extra_data.json,jBfEgmLJSx,0,com.sec.android.app.shealth,2487820,18000000,1a33e09a-7632-4341-bf0c-c05f76519699,2021-09-11 00:00:00.000,
,,,,207,,138069,90,0,,2021-09-13 01:08:01.546,,2021-09-12 07:12:25.376,,,,-1,22011,2,,,,152.62999,,7.5099993,b50dbe68-001c-4409-8182-cb5bcfe02059.extra_data.json,jBfEgmLJSx,0,com.sec.android.app.shealth,138069,29940000,b50dbe68-001c-4409-8182-cb5bcfe02059,2021-09-12 00:00:00.000,
,,,,3633,,2396514,90,0,,2021-09-14 06:46:10.073,,2021-09-13 07:00:00.944,,,,-1,180000,43,,,,2669.5403,,140.15997,8efe69e8-d829-423c-aa1f-00f5fa57d068.extra_data.json,jBfEgmLJSx,800,com.sec.android.app.shealth,2395714,23280000,8efe69e8-d829-423c-aa1f-00f5fa57d068,2021-09-13 00:00:00.000,
,,,,3078,,2046326,90,0,,2021-09-15 04:27:23.599,,2021-09-14 07:00:02.053,,,,-1,120000,37,,,,2232.5703,,118.26002,7872f60d-3d60-4305-9411-8bc755d4d500.extra_data.json,jBfEgmLJSx,0,com.sec.android.app.shealth,2046326,29700000,7872f60d-3d60-4305-9411-8bc755d4d500,2021-09-14 00:00:00.000,
,,,,4447,,2952185,90,0,,2021-09-16 02:37:37.983,,2021-09-15 07:00:00.734,,,,-1,120000,54,,,,3312.5295,,167.55002,342a9293-1a5b-48f7-aca3-d07c40e30ab5.extra_data.json,jBfEgmLJSx,800,com.sec.android.app.shealth,2951385,26280000,342a9293-1a5b-48f7-aca3-d07c40e30ab5,2021-09-15 00:00:00.000,
,,,,1083,,722361,90,0,,2021-09-17 06:51:42.686,,2021-09-16 07:00:00.936,,,,-1,60000,13,,,,781.61,,41.510002,2296d4a7-f1a3-4efe-ac5d-5db1181180ad.extra_data.json,jBfEgmLJSx,0,com.sec.android.app.shealth,722361,27000000,2296d4a7-f1a3-4efe-ac5d-5db1181180ad,2021-09-16 00:00:00.000,
,,,,2509,,1585219,90,0,,2021-09-18 06:06:33.934,,2021-09-17 07:00:02.026,,,,-1,180000,28,,,,1882.2003,,93.560005,411b79af-c72d-4b6c-a7c4-efee3f31a86d.extra_data.json,jBfEgmLJSx,4185,com.sec.android.app.shealth,1581034,17280000,411b79af-c72d-4b6c-a7c4-efee3f31a86d,2021-09-17 00:00:00.000,
,,,,7536,,4950054,90,0,,2021-09-19 06:52:08.862,,2021-09-18 07:00:01.489,,,,-1,180000,91,,,,5506.8604,,286.50995,e8d6c707-e4c4-4c9a-bcb5-5b224f0142d3.extra_data.json,jBfEgmLJSx,0,com.sec.android.app.shealth,4950054,22500000,e8d6c707-e4c4-4c9a-bcb5-5b224f0142d3,2021-09-18 00:00:00.000,
,,,,2316,,1538679,90,0,,2021-09-20 06:22:29.723,,2021-09-19 07:00:02.088,,,,-1,60000,27,,,,1712.3699,,91.5,02e26954-bbce-4a20-b853-009f6b9b5412.extra_data.json,jBfEgmLJSx,0,com.sec.android.app.shealth,1538679,23340000,02e26954-bbce-4a20-b853-009f6b9b5412,2021-09-19 00:00:00.000,
,,,,2675,,1784225,90,0,,2021-09-21 06:04:26.340,,2021-09-20 07:00:01.274,,,,-1,60000,32,,,,1961.4801,,101.31,fc7cde4a-db59-4ca4-a163-ff1ed421e4c8.extra_data.json,jBfEgmLJSx,0,com.sec.android.app.shealth,1784225,38400000,fc7cde4a-db59-4ca4-a163-ff1ed421e4c8,2021-09-20 00:00:00.000,
,,,,3898,,2564625,90,0,,2021-09-22 06:52:29.229,,2021-09-21 07:00:00.895,,,,-1,60000,46,,,,2917.2405,,145.72003,cc14692e-da7b-4279-ad7e-521f237d2200.extra_data.json,jBfEgmLJSx,6800,com.sec.android.app.shealth,2557825,33300000,cc14692e-da7b-4279-ad7e-521f237d2200,2021-09-21 00:00:00.000,
,,,,6173,,3986546,90,0,,2021-09-23 06:13:30.071,,2021-09-22 07:00:00.361,,,,-1,180000,73,,,,4578.24,,242.05005,147977d9-638a-48cc-8b96-eb8e671c9531.extra_data.json,jBfEgmLJSx,0,com.sec.android.app.shealth,3986546,24000000,147977d9-638a-48cc-8b96-eb8e671c9531,2021-09-22 00:00:00.000,
,,,,2751,,1802114,90,0,,2021-09-24 03:15:30.215,,2021-09-23 07:00:00.752,,,,-1,180000,33,,,,2035.82,,105.52999,10e0accb-4ef4-46fd-844e-12d712a63c80.extra_data.json,jBfEgmLJSx,0,com.sec.android.app.shealth,1802114,25740000,10e0accb-4ef4-46fd-844e-12d712a63c80,2021-09-23 00:00:00.000,
,,,,2667,,1693820,90,0,,2021-09-25 01:53:06.448,,2021-09-24 06:00:02.386,,,,-1,180000,31,,,,1990.9501,,101.22001,1caabaae-b0f9-4471-ad88-3d5d3b437897.extra_data.json,jBfEgmLJSx,0,com.sec.android.app.shealth,1693820,28380000,1caabaae-b0f9-4471-ad88-3d5d3b437897,2021-09-24 00:00:00.000,
,,,,809,,519533,90,0,,2021-09-26 01:35:02.088,,2021-09-25 05:00:00.773,,,,-1,60000,8,,,,609.76,,30.010002,fd40b15a-0527-48fc-b849-75a2410ea6b7.extra_data.json,jBfEgmLJSx,0,com.sec.android.app.shealth,519533,57660000,fd40b15a-0527-48fc-b849-75a2410ea6b7,2021-09-25 00:00:00.000,
,,,,3838,,2498312,90,0,,2021-09-27 03:22:22.946,,2021-09-26 04:00:01.013,,,,-1,240000,45,,,,2874.5693,,143.63994,99d4fa7f-e9c7-456b-bcca-02640a61963a.extra_data.json,jBfEgmLJSx,0,com.sec.android.app.shealth,2498312,36420000,99d4fa7f-e9c7-456b-bcca-02640a61963a,2021-09-26 00:00:00.000,
,,,,272,,176725,90,0,,2021-09-28 00:19:32.252,,2021-09-27 04:00:00.794,,,,-1,60000,2,,,,200.85,,10.49,042e8594-9fbe-4e19-b65b-08fe4065b073.extra_data.json,jBfEgmLJSx,0,com.sec.android.app.shealth,176725,49200000,042e8594-9fbe-4e19-b65b-08fe4065b073,2021-09-27 00:00:00.000,
,,,,2268,,1473223,90,0,,2021-09-29 03:40:55.410,,2021-09-28 04:00:00.565,,,,-1,120000,26,,,,1680.98,,86.739975,f743a354-1d5c-4c53-aa22-52fe1c80d073.extra_data.json,jBfEgmLJSx,0,com.sec.android.app.shealth,1473223,30480000,f743a354-1d5c-4c53-aa22-52fe1c80d073,2021-09-28 00:00:00.000,
,,,,2394,,1547987,90,0,,2021-09-30 04:00:00.588,,2021-09-29 04:00:02.096,,,,-1,60000,27,,,,1776.3901,,90.91999,5c8255ff-169f-4fb7-87b4-1fe4fdb9b63d.extra_data.json,jBfEgmLJSx,0,com.sec.android.app.shealth,1547987,26400000,5c8255ff-169f-4fb7-87b4-1fe4fdb9b63d,2021-09-29 00:00:00.000,
,,,,2229,,1451849,90,0,,2021-10-01 02:15:02.579,,2021-09-30 04:00:00.517,,,,-1,180000,26,,,,1643.55,,86.6,1399fe11-93b9-422b-8885-4a9cfbbd2948.extra_data.json,jBfEgmLJSx,0,com.sec.android.app.shealth,1451849,33360000,1399fe11-93b9-422b-8885-4a9cfbbd2948,2021-09-30 00:00:00.000,
,,,,1576,,1005019,90,0,,2021-10-02 04:55:02.235,,2021-10-01 04:00:01.224,,,,-1,120000,17,,,,1168.8201,,59.780003,442a14f0-8268-456f-ab1e-4d6c9b86d51d.extra_data.json,jBfEgmLJSx,0,com.sec.android.app.shealth,1005019,41160000,442a14f0-8268-456f-ab1e-4d6c9b86d51d,2021-10-01 00:00:00.000,
,,,,3656,,2375377,90,0,,2021-10-03 04:00:00.556,,2021-10-02 05:00:00.613,,,,-1,120000,43,,,,2756.22,,134.6,b23cda29-6a49-4628-b56a-49b94896bba4.extra_data.json,jBfEgmLJSx,400,com.sec.android.app.shealth,2374977,10499999,b23cda29-6a49-4628-b56a-49b94896bba4,2021-10-02 00:00:00.000,
,,,,3295,,2123368,90,0,,2021-10-04 04:55:02.906,,2021-10-03 04:00:00.416,,,,-1,120000,38,,,,2463.1702,,122.77,c3e024bd-f97b-47e2-ae7e-0ee5be85edfc.extra_data.json,jBfEgmLJSx,0,com.sec.android.app.shealth,2123368,12900000,c3e024bd-f97b-47e2-ae7e-0ee5be85edfc,2021-10-03 00:00:00.000,
,,,,3288,,2170904,90,0,,2021-10-05 06:15:02.124,,2021-10-04 05:00:01.664,,,,-1,120000,40,,,,2441.53,,125.99002,0c662d74-05a9-4ecd-a945-98afd20d26b5.extra_data.json,jBfEgmLJSx,2000,com.sec.android.app.shealth,2168904,11040000,0c662d74-05a9-4ecd-a945-98afd20d26b5,2021-10-04 00:00:00.000,
,,,,6096,,3998125,90,0,,2021-10-06 06:08:37.980,,2021-10-05 07:00:00.471,,,,-1,360000,73,,,,4442.69,,238.58994,0091e467-8cfd-4d8f-af80-0419cf942897.extra_data.json,jBfEgmLJSx,0,com.sec.android.app.shealth,3998125,42960000,0091e467-8cfd-4d8f-af80-0419cf942897,2021-10-05 00:00:00.000,
,,,,2119,,1370505,90,0,,2021-10-07 05:56:51.248,,2021-10-06 07:00:02.206,,,,-1,120000,24,,,,1571.4705,,81.179985,9f65f7bf-46cc-4836-85e9-73733a5d8ea6.extra_data.json,jBfEgmLJSx,0,com.sec.android.app.shealth,1370505,43380000,9f65f7bf-46cc-4836-85e9-73733a5d8ea6,2021-10-06 00:00:00.000,
,,,,741,,482848,90,0,,2021-10-08 01:24:20.384,,2021-10-07 06:00:00.538,,,,-1,60000,8,,,,547.4,,28.310001,f5fd4444-93fb-4905-9d76-8b4608249be3.extra_data.json,jBfEgmLJSx,0,com.sec.android.app.shealth,482848,22740000,f5fd4444-93fb-4905-9d76-8b4608249be3,2021-10-07 00:00:00.000,
,,,,3153,,2078829,90,0,,2021-10-09 04:55:02.254,,2021-10-08 05:00:01.224,,,,-1,120000,37,,,,2340.1003,,118.21997,3e0e462f-c9d7-4e38-aa59-a7972600e382.extra_data.json,jBfEgmLJSx,0,com.sec.android.app.shealth,2078829,44520000,3e0e462f-c9d7-4e38-aa59-a7972600e382,2021-10-08 00:00:00.000,
,,,,3024,,1899923,90,0,,2021-10-10 05:02:04.922,,2021-10-09 05:00:00.632,,,,-1,240000,34,,,,2273.1301,,110.01,a4ad98c6-30a0-4ee6-a586-d91b0c472d45.extra_data.json,jBfEgmLJSx,0,com.sec.android.app.shealth,1899923,19920000,a4ad98c6-30a0-4ee6-a586-d91b0c472d45,2021-10-09 00:00:00.000,
,,,,2412,,1579128,90,0,,2021-10-11 02:38:01.062,,2021-10-10 06:00:00.471,,,,-1,60000,28,,,,1782.1198,,90.740005,110c9924-d2b8-471b-8b0c-664dd7ec3922.extra_data.json,jBfEgmLJSx,2400,com.sec.android.app.shealth,1576728,22740000,110c9924-d2b8-471b-8b0c-664dd7ec3922,2021-10-10 00:00:00.000,
,,,,7240,,4597098,90,0,,2021-10-12 04:46:06.100,,2021-10-11 07:00:01.879,,,,-1,780000,84,,,,5292.35,,286.13004,dbb23971-e8f5-4948-9eb1-ebd6a1b0cdfa.extra_data.json,jBfEgmLJSx,0,com.sec.android.app.shealth,4597098,27840000,dbb23971-e8f5-4948-9eb1-ebd6a1b0cdfa,2021-10-11 00:00:00.000,
,,,,8662,,5475771,90,0,,2021-10-13 20:34:01.241,,2021-10-12 07:00:01.094,,,,-1,1245967,101,,,,6394.3247,,343.00833,2ded9d4e-9e75-4da7-9861-610061599ea5.extra_data.json,jBfEgmLJSx,0,com.sec.android.app.shealth,5475771,17100000,2ded9d4e-9e75-4da7-9861-610061599ea5,2021-10-12 00:00:00.000,
,,,,1876,,1223098,90,0,,2021-10-14 02:32:03.322,,2021-10-13 07:00:00.736,,,,-1,180000,22,,,,1380.9697,,72.899994,426045a5-00ff-4187-8d4a-28d01a8a89a2.extra_data.json,jBfEgmLJSx,0,com.sec.android.app.shealth,1223098,32400000,426045a5-00ff-4187-8d4a-28d01a8a89a2,2021-10-13 00:00:00.000,
,,,,556,,370852,90,0,,2021-10-15 04:36:27.229,,2021-10-14 06:00:00.999,,,,-1,50692,6,,,,417.34003,,19.999998,7517c5c9-5185-41df-9bbb-8a4e20f1aea5.extra_data.json,jBfEgmLJSx,0,com.sec.android.app.shealth,370852,25620000,7517c5c9-5185-41df-9bbb-8a4e20f1aea5,2021-10-14 00:00:00.000,
,,,,2283,,1463158,90,0,,2021-10-16 01:18:43.294,,2021-10-15 05:00:00.929,,,,-1,180000,26,,,,1714.47,,84.199974,c8553984-f5a8-47fe-a70a-a4dfb63a873f.extra_data.json,jBfEgmLJSx,0,com.sec.android.app.shealth,1463158,27840000,c8553984-f5a8-47fe-a70a-a4dfb63a873f,2021-10-15 00:00:00.000,
,,,,928,,618976,90,0,,2021-10-17 06:51:45.856,,2021-10-16 06:00:02.184,,,,-1,120000,11,,,,679.52,,35.079998,81a4983f-5763-46dc-8d09-b09633042657.extra_data.json,jBfEgmLJSx,0,com.sec.android.app.shealth,618976,31860000,81a4983f-5763-46dc-8d09-b09633042657,2021-10-16 00:00:00.000,
,,,,694,,448194,90,0,,2021-10-18 07:00:02.472,,2021-10-17 07:00:00.409,,,,-1,60000,7,,,,525.06995,,24.809998,bec998d1-0457-49b7-8410-5f9fa6dc705b.extra_data.json,jBfEgmLJSx,0,com.sec.android.app.shealth,448194,32399999,bec998d1-0457-49b7-8410-5f9fa6dc705b,2021-10-17 00:00:00.000,
,,,,2282,,1499296,90,0,,2021-10-19 02:11:34.072,,2021-10-18 07:00:02.391,,,,-1,60000,26,,,,1699.89,,87.999985,62f4d3c4-7312-4708-ad4d-b91b15db1d6b.extra_data.json,jBfEgmLJSx,0,com.sec.android.app.shealth,1499296,18480000,62f4d3c4-7312-4708-ad4d-b91b15db1d6b,2021-10-18 00:00:00.000,
,,,,2107,,1367230,90,0,,2021-10-20 06:00:02.126,,2021-10-19 07:00:02.594,,,,-1,60000,24,,,,1575.7197,,79.229996,b178e252-7efd-4bdb-beda-a62846f6fb36.extra_data.json,jBfEgmLJSx,3332,com.sec.android.app.shealth,1363898,28379999,b178e252-7efd-4bdb-beda-a62846f6fb36,2021-10-19 00:00:00.000,
,,,,1619,,1046343,90,0,,2021-10-21 02:45:17.095,,2021-10-20 06:00:01.690,,,,-1,120000,18,,,,1183.21,,63.07,79e1b0b8-d830-465c-91c8-8ae66b4074b4.extra_data.json,jBfEgmLJSx,0,com.sec.android.app.shealth,1046343,34860000,79e1b0b8-d830-465c-91c8-8ae66b4074b4,2021-10-20 00:00:00.000,
,,,,850,,563585,90,0,,2021-10-22 02:03:34.751,,2021-10-21 05:00:00.805,,,,-1,60000,10,,,,626.5101,,32.269993,c3e79939-698a-4f7c-8570-c2bfcc3b5ead.extra_data.json,jBfEgmLJSx,0,com.sec.android.app.shealth,563585,44460000,c3e79939-698a-4f7c-8570-c2bfcc3b5ead,2021-10-21 00:00:00.000,
,,,,2822,,1815334,90,0,,2021-10-23 06:56:01.340,,2021-10-22 05:00:00.856,,,,-1,120000,33,,,,2127.57,,103.40001,b5051fe9-6dd3-4cae-bdfb-dcdea1f1d6f2.extra_data.json,jBfEgmLJSx,3938,com.sec.android.app.shealth,1811396,29340000,b5051fe9-6dd3-4cae-bdfb-dcdea1f1d6f2,2021-10-22 00:00:00.000,
,,,,1876,,1226523,90,0,,2021-10-24 04:15:49.661,,2021-10-23 07:00:00.440,,,,-1,120000,22,,,,1413.9797,,69.14,83cd7ef7-b3f2-463f-9c42-9833572bbe49.extra_data.json,jBfEgmLJSx,0,com.sec.android.app.shealth,1226523,16620000,83cd7ef7-b3f2-463f-9c42-9833572bbe49,2021-10-23 00:00:00.000,
,,,,1134,,716905,90,0,,2021-10-25 04:17:09.854,,2021-10-24 05:06:42.243,,,,-1,180000,12,,,,864.82,,39.48,bca2261f-1892-44b0-a72d-ae480ddd38b2.extra_data.json,jBfEgmLJSx,0,com.sec.android.app.shealth,716905,21900000,bca2261f-1892-44b0-a72d-ae480ddd38b2,2021-10-24 00:00:00.000,
,,,,1900,,1198359,90,0,,2021-10-25 22:08:44.269,,2021-10-25 05:00:01.635,,,,-1,180000,21,,,,1389.7701,,74.899994,9e88da5b-933d-4244-8290-0afcddf8cab5.extra_data.json,jBfEgmLJSx,0,com.sec.android.app.shealth,1198359,38640000,9e88da5b-933d-4244-8290-0afcddf8cab5,2021-10-25 00:00:00.000,
,,,,1633,,1068474,90,0,,2021-10-27 00:13:02.867,,2021-10-26 07:47:07.410,,,,-1,60000,18,,,,1211.66,,61.010002,b764e07b-27bb-43dd-93c7-3d1298f0bd52.extra_data.json,jBfEgmLJSx,0,com.sec.android.app.shealth,1068474,23760000,b764e07b-27bb-43dd-93c7-3d1298f0bd52,2021-10-26 00:00:00.000,
,,,,2498,,1480036,90,0,,2021-10-28 03:43:31.864,,2021-10-27 04:00:01.072,,,,-1,420000,26,,,,1903.4598,,91.549995,f35392fb-f969-40a7-a421-b40b26665d82.extra_data.json,jBfEgmLJSx,1200,com.sec.android.app.shealth,1478836,64020000,f35392fb-f969-40a7-a421-b40b26665d82,2021-10-27 00:00:00.000,
,,,,2644,,1591107,90,0,,2021-10-29 02:05:11.466,,2021-10-28 04:00:00.500,,,,-1,300000,28,,,,2103.18,,100.87,74710059-23bd-44f6-b0f5-63258d19120f.extra_data.json,jBfEgmLJSx,69235,com.sec.android.app.shealth,1521872,35940000,74710059-23bd-44f6-b0f5-63258d19120f,2021-10-28 00:00:00.000,
,,,,1301,,866536,90,0,,2021-10-30 03:36:29.857,,2021-10-29 04:00:01.766,,,,-1,120000,15,,,,982.50995,,48.99999,2a5f32d6-73b9-496d-8e26-86faa0252dc3.extra_data.json,jBfEgmLJSx,800,com.sec.android.app.shealth,865736,46500000,2a5f32d6-73b9-496d-8e26-86faa0252dc3,2021-10-29 00:00:00.000,
,,,,1443,,940380,90,0,,2021-10-31 05:53:41.418,,2021-10-30 05:00:02.072,,,,-1,60000,16,,,,1072.4598,,54.38,90cd6044-d479-45ee-bf5f-8a687b22b834.extra_data.json,jBfEgmLJSx,0,com.sec.android.app.shealth,940380,25740000,90cd6044-d479-45ee-bf5f-8a687b22b834,2021-10-30 00:00:00.000,
,,,,3586,,2328197,90,0,,2021-11-01 01:59:25.656,,2021-10-31 06:00:00.696,,,,-1,300000,42,,,,2641.2595,,138.33998,237d34cd-d79c-4fa1-a47e-93c9785c082f.extra_data.json,jBfEgmLJSx,0,com.sec.android.app.shealth,2328197,32700000,237d34cd-d79c-4fa1-a47e-93c9785c082f,2021-10-31 00:00:00.000,
,,,,1412,,904999,90,0,,2021-11-02 00:12:01.304,,2021-11-01 07:00:02.659,,,,-1,60000,16,,,,1044.0101,,54.529995,a59b74c2-a621-4d12-8536-a66173028327.extra_data.json,jBfEgmLJSx,0,com.sec.android.app.shealth,904999,27540000,a59b74c2-a621-4d12-8536-a66173028327,2021-11-01 00:00:00.000,
,,,,1286,,818199,90,0,,2021-11-02 22:49:12.292,,2021-11-02 05:00:02.100,,,,-1,120000,14,,,,947.23,,49.559998,a2666e2c-e144-4b3f-9131-2e4c80a6e289.extra_data.json,jBfEgmLJSx,0,com.sec.android.app.shealth,818199,43380000,a2666e2c-e144-4b3f-9131-2e4c80a6e289,2021-11-02 00:00:00.000,
,,,,1074,,693620,90,0,,2021-11-04 04:55:08.035,,2021-11-03 04:00:01.989,,,,-1,60000,12,,,,803.4101,,41.999996,d1bf16b2-f4af-4166-bc1c-9ea3314755fe.extra_data.json,jBfEgmLJSx,0,com.sec.android.app.shealth,693620,22380000,d1bf16b2-f4af-4166-bc1c-9ea3314755fe,2021-11-03 00:00:00.000,
,,,,2449,,1615324,90,0,,2021-11-05 04:35:15.867,,2021-11-04 06:00:01.180,,,,-1,120000,28,,,,1773.5602,,94.72002,faba70ae-6c49-4a61-a343-aa9ddce3363e.extra_data.json,jBfEgmLJSx,0,com.sec.android.app.shealth,1615324,33240000,faba70ae-6c49-4a61-a343-aa9ddce3363e,2021-11-04 00:00:00.000,
,,,,1081,,692226,90,0,,2021-11-06 10:14:02.385,,2021-11-05 07:00:01.785,,,,-1,120000,12,,,,796.97003,,42.01,a54b374a-a38a-4692-b994-cb5053bd5285.extra_data.json,jBfEgmLJSx,0,com.sec.android.app.shealth,692226,32819999,a54b374a-a38a-4692-b994-cb5053bd5285,2021-11-05 00:00:00.000,
,,,,967,,644989,90,0,,2021-11-07 06:00:02.462,,2021-11-06 10:14:02.327,,,,-1,60000,11,,,,719.31006,,35.899998,38ad187b-0556-42e2-8c38-8de04954f30e.extra_data.json,jBfEgmLJSx,0,com.sec.android.app.shealth,644989,24419999,38ad187b-0556-42e2-8c38-8de04954f30e,2021-11-06 00:00:00.000,
,,,,1660,,1089788,90,0,,2021-11-08 05:55:02.800,,2021-11-07 06:00:02.384,,,,-1,120000,20,,,,1214.83,,64.41998,8f23e2e9-c31b-4f4c-a241-9d6423fe3e14.extra_data.json,jBfEgmLJSx,0,com.sec.android.app.shealth,1089788,16560000,8f23e2e9-c31b-4f4c-a241-9d6423fe3e14,2021-11-07 00:00:00.000,
,,,,5714,,3711405,90,0,,2021-11-09 03:53:27.618,,2021-11-08 06:00:02.121,,,,-1,420000,67,,,,4228.3296,,215.03003,653998ce-5c16-46a8-99e7-0f25802b460e.extra_data.json,jBfEgmLJSx,0,com.sec.android.app.shealth,3711405,24960000,653998ce-5c16-46a8-99e7-0f25802b460e,2021-11-08 00:00:00.000,
,,,,618,,401504,90,0,,2021-11-10 06:00:00.828,,2021-11-09 08:00:00.949,,,,-1,60000,6,,,,457.68997,,23.219995,8225f0e3-d81e-4d31-82b8-b1bfbaf1d4d8.extra_data.json,jBfEgmLJSx,0,com.sec.android.app.shealth,401504,45539999,8225f0e3-d81e-4d31-82b8-b1bfbaf1d4d8,2021-11-09 00:00:00.000,
,,,,1063,,676855,90,0,,2021-11-11 01:24:19.858,,2021-11-10 06:00:00.727,,,,-1,60000,12,,,,787.62,,41.629997,7ba51f53-f482-4ac1-99e2-8f5d198ba009.extra_data.json,jBfEgmLJSx,0,com.sec.android.app.shealth,676855,41280000,7ba51f53-f482-4ac1-99e2-8f5d198ba009,2021-11-10 00:00:00.000,
,,,,2287,,1497902,90,0,,2021-11-12 10:30:14.597,,2021-11-11 06:14:20.438,,,,-1,180000,26,,,,1694.7501,,87.21999,497b0ad4-91e1-4631-a575-2ebe33a2c30c.extra_data.json,jBfEgmLJSx,0,com.sec.android.app.shealth,1497902,33539999,497b0ad4-91e1-4631-a575-2ebe33a2c30c,2021-11-11 00:00:00.000,
,,,,2758,,1774677,90,0,,2021-11-13 06:55:22.666,,2021-11-12 10:30:14.504,,,,-1,120000,32,,,,2013.25,,107.62999,9e2aa7fc-ea19-4402-a17e-ac9e09a4c840.extra_data.json,jBfEgmLJSx,0,com.sec.android.app.shealth,1774677,30000000,9e2aa7fc-ea19-4402-a17e-ac9e09a4c840,2021-11-12 00:00:00.000,
,,,,379,,252793,90,0,,2021-11-14 02:13:08.406,,2021-11-13 07:00:00.449,,,,-1,31349,4,,,,271.46,,13.049999,acc10cd9-ef62-4e94-98e5-6990f2911d7a.extra_data.json,jBfEgmLJSx,0,com.sec.android.app.shealth,252793,28680000,acc10cd9-ef62-4e94-98e5-6990f2911d7a,2021-11-13 00:00:00.000,
,,,,1875,,1228494,90,0,,2021-11-15 05:39:55.484,,2021-11-14 05:00:00.503,,,,-1,120000,22,,,,1375.2504,,73.469986,0b7ca4f4-d280-48b7-befd-0a43ba979081.extra_data.json,jBfEgmLJSx,0,com.sec.android.app.shealth,1228494,36960000,0b7ca4f4-d280-48b7-befd-0a43ba979081,2021-11-14 00:00:00.000,
,,,,1188,,787667,90,0,,2021-11-16 04:55:14.187,,2021-11-15 06:00:00.755,,,,-1,60000,14,,,,873.5101,,45.379993,93131b81-d400-4bc6-b68a-3be446e20758.extra_data.json,jBfEgmLJSx,0,com.sec.android.app.shealth,787667,39660000,93131b81-d400-4bc6-b68a-3be446e20758,2021-11-15 00:00:00.000,
,,,,947,,623585,90,0,,2021-11-17 03:33:50.954,,2021-11-16 06:00:02.755,,,,-1,60000,11,,,,696.7799,,36.54,eb68fa98-f0ca-427f-80af-abb75a68fc48.extra_data.json,jBfEgmLJSx,0,com.sec.android.app.shealth,623585,27180000,eb68fa98-f0ca-427f-80af-abb75a68fc48,2021-11-16 00:00:00.000,
,,,,4007,,2626466,90,0,,2021-11-18 05:58:08.091,,2021-11-17 06:13:02.679,,,,-1,60000,47,,,,2968.4597,,152.75,8cc0f4e7-42a5-4bba-bf9c-ca14bd627036.extra_data.json,jBfEgmLJSx,0,com.sec.android.app.shealth,2626466,32880000,8cc0f4e7-42a5-4bba-bf9c-ca14bd627036,2021-11-17 00:00:00.000,
,,,,1965,,1278489,90,0,,2021-11-19 00:51:39.914,,2021-11-18 06:00:01.929,,,,-1,120000,23,,,,1446.3699,,76.78999,967efe19-9dd3-45ca-b1e7-8804737025c8.extra_data.json,jBfEgmLJSx,5159,com.sec.android.app.shealth,1273330,27780000,967efe19-9dd3-45ca-b1e7-8804737025c8,2021-11-18 00:00:00.000,
,,,,796,,512196,90,0,,2021-11-20 07:01:15.268,,2021-11-19 06:00:02.515,,,,-1,60000,8,,,,588.82,,30.35,14e4e6e5-5873-41f6-aad5-57aec2bf7332.extra_data.json,jBfEgmLJSx,0,com.sec.android.app.shealth,512196,45660000,14e4e6e5-5873-41f6-aad5-57aec2bf7332,2021-11-19 00:00:00.000,
,,,,1383,,916368,90,0,,2021-11-20 23:20:06.378,,2021-11-20 07:00:00.544,,,,-1,60000,16,,,,1012.8301,,52.86,c6b4760f-b20a-4dda-b29e-1c67d9660493.extra_data.json,jBfEgmLJSx,0,com.sec.android.app.shealth,916368,31740000,c6b4760f-b20a-4dda-b29e-1c67d9660493,2021-11-20 00:00:00.000,
,,,,1918,,1258672,90,0,,2021-11-22 05:15:03.137,,2021-11-21 07:00:01.012,,,,-1,60000,22,,,,1421.2102,,72.729996,d6076b15-3bf5-412b-8e68-73ed2c5633c7.extra_data.json,jBfEgmLJSx,800,com.sec.android.app.shealth,1257872,14880000,d6076b15-3bf5-412b-8e68-73ed2c5633c7,2021-11-21 00:00:00.000,
,,,,2257,,1496658,90,0,,2021-11-23 05:56:11.140,,2021-11-22 06:00:00.528,,,,-1,60000,26,,,,1657.05,,86.83,9b6df2cc-cbd8-45da-8ed2-b3eca3e8a39d.extra_data.json,jBfEgmLJSx,0,com.sec.android.app.shealth,1496658,25800000,9b6df2cc-cbd8-45da-8ed2-b3eca3e8a39d,2021-11-22 00:00:00.000,
,,,,3323,,2204538,90,0,,2021-11-24 05:47:37.931,,2021-11-23 06:20:31.395,,,,-1,60000,40,,,,2487.2002,,121.31999,12eee2e7-6314-447e-af2d-1f0e896abc5f.extra_data.json,jBfEgmLJSx,800,com.sec.android.app.shealth,2203738,19800000,12eee2e7-6314-447e-af2d-1f0e896abc5f,2021-11-23 00:00:00.000,
,,,,1309,,852306,90,0,,2021-11-25 01:35:04.642,,2021-11-24 06:00:03.042,,,,-1,60000,15,,,,985.24005,,48.8,e6152fe4-014c-4440-92cc-deafce49a245.extra_data.json,jBfEgmLJSx,0,com.sec.android.app.shealth,852306,35700000,e6152fe4-014c-4440-92cc-deafce49a245,2021-11-24 00:00:00.000,
,,,,2094,,1367200,90,0,,2021-11-26 01:15:02.225,,2021-11-25 05:00:01.410,,,,-1,60000,24,,,,1530.99,,82.079994,81b6f669-0465-4b90-b988-e470da09596a.extra_data.json,jBfEgmLJSx,0,com.sec.android.app.shealth,1367200,34860000,81b6f669-0465-4b90-b988-e470da09596a,2021-11-25 00:00:00.000,
,,,,1555,,1002411,90,0,,2021-11-27 05:58:26.877,,2021-11-26 05:00:01.117,,,,-1,60000,17,,,,1143.85,,59.959995,d35b2c71-1683-49b6-96a3-ec9ad7048fa2.extra_data.json,jBfEgmLJSx,0,com.sec.android.app.shealth,1002411,24600000,d35b2c71-1683-49b6-96a3-ec9ad7048fa2,2021-11-26 00:00:00.000,
,,,,1666,,1103158,90,0,,2021-11-28 05:35:02.000,,2021-11-27 06:00:00.522,,,,-1,120000,20,,,,1239.9999,,61.80001,fbba275a-d5ee-43c5-81d5-17654521494e.extra_data.json,jBfEgmLJSx,0,com.sec.android.app.shealth,1103158,36480000,fbba275a-d5ee-43c5-81d5-17654521494e,2021-11-27 00:00:00.000,
,,,,996,,664332,90,0,,2021-11-29 07:39:36.537,,2021-11-28 08:00:00.847,,,,-1,60000,12,,,,728.1699,,38.54999,2e999936-6faa-4f66-8906-caecbae167f9.extra_data.json,jBfEgmLJSx,0,com.sec.android.app.shealth,664332,26520000,2e999936-6faa-4f66-8906-caecbae167f9,2021-11-28 00:00:00.000,
,,,,4176,,2705239,90,0,,2021-11-30 03:01:51.982,,2021-11-29 08:00:01.032,,,,-1,1260000,50,,,,3076.1003,,163.71002,897d0bd8-3b5d-4aa7-a926-ce69bd517221.extra_data.json,jBfEgmLJSx,0,com.sec.android.app.shealth,2705239,21480000,897d0bd8-3b5d-4aa7-a926-ce69bd517221,2021-11-29 00:00:00.000,
,,,,1182,,758289,90,0,,2021-11-30 22:11:56.402,,2021-11-30 08:00:00.850,,,,-1,120000,13,,,,876.21,,44.739998,6a257775-fab2-4dfa-818a-d300433e2dc4.extra_data.json,jBfEgmLJSx,0,com.sec.android.app.shealth,758289,33720000,6a257775-fab2-4dfa-818a-d300433e2dc4,2021-11-30 00:00:00.000,
,,,,2389,,1546623,90,0,,2021-12-02 06:00:01.824,,2021-12-01 07:00:00.586,,,,-1,120000,27,,,,1788.27,,86.830025,8fd5182b-adda-4c12-9d99-a7251cbef54a.extra_data.json,jBfEgmLJSx,0,com.sec.android.app.shealth,1546623,18059999,8fd5182b-adda-4c12-9d99-a7251cbef54a,2021-12-01 00:00:00.000,
,,,,1022,,674307,90,0,,2021-12-03 06:00:00.617,,2021-12-02 06:00:01.744,,,,-1,60000,12,,,,761.69,,37.98,ac55b336-b3c4-488c-80e6-73738a065635.extra_data.json,jBfEgmLJSx,0,com.sec.android.app.shealth,674307,18840000,ac55b336-b3c4-488c-80e6-73738a065635,2021-12-02 00:00:00.000,
,,,,3125,,2037668,90,0,,2021-12-04 03:35:03.879,,2021-12-03 06:00:00.523,,,,-1,120000,36,,,,2354.9402,,117.55001,31d46bd1-2586-4317-b6d9-fbfd2558864d.extra_data.json,jBfEgmLJSx,2770,com.sec.android.app.shealth,2034898,16800000,31d46bd1-2586-4317-b6d9-fbfd2558864d,2021-12-03 00:00:00.000,
,,,,1549,,1009718,90,0,,2021-12-05 06:00:00.570,,2021-12-04 05:00:00.955,,,,-1,120000,17,,,,1157.1998,,56.53,3f270060-4d6f-49a5-891a-9659a29c9ab1.extra_data.json,jBfEgmLJSx,0,com.sec.android.app.shealth,1009718,23639999,3f270060-4d6f-49a5-891a-9659a29c9ab1,2021-12-04 00:00:00.000,
,,,,3573,,2303428,90,0,,2021-12-06 06:51:17.303,,2021-12-05 06:00:00.482,,,,-1,120000,42,,,,2675.2502,,134.78001,a400aaf7-eb05-4a73-973a-76c3c65946ec.extra_data.json,jBfEgmLJSx,8908,com.sec.android.app.shealth,2294520,23340000,a400aaf7-eb05-4a73-973a-76c3c65946ec,2021-12-05 00:00:00.000,
,,,,3465,,2311155,90,0,,2021-12-07 06:36:09.228,,2021-12-06 07:00:01.092,,,,-1,60000,42,,,,2571.5,,131.17001,013c8893-b266-4001-80c4-e2b9a5ddf004.extra_data.json,jBfEgmLJSx,0,com.sec.android.app.shealth,2311155,20400000,013c8893-b266-4001-80c4-e2b9a5ddf004,2021-12-06 00:00:00.000,
,,,,3847,,2565949,90,0,,2021-12-08 04:15:16.903,,2021-12-07 07:00:00.689,,,,-1,51359,46,,,,2828.9985,,143.34999,9b4cd416-ab77-4ec3-911f-83739efe74b7.extra_data.json,jBfEgmLJSx,0,com.sec.android.app.shealth,2565949,23100000,9b4cd416-ab77-4ec3-911f-83739efe74b7,2021-12-07 00:00:00.000,
,,,,5226,,3485742,90,0,,2021-12-09 04:15:02.862,,2021-12-08 08:05:46.980,,,,-1,60000,64,,,,3795.4602,,198.29,2f5522c1-9a83-4b96-ae69-07a77ba80a47.extra_data.json,jBfEgmLJSx,0,com.sec.android.app.shealth,3485742,20580000,2f5522c1-9a83-4b96-ae69-07a77ba80a47,2021-12-08 00:00:00.000,
,,,,5595,,3723104,90,0,,2021-12-10 06:10:56.912,,2021-12-09 07:00:01.097,,,,-1,120000,68,,,,4055.201,,212.34006,2ae1b705-3936-4a55-a010-32c3a8cb4cde.extra_data.json,jBfEgmLJSx,0,com.sec.android.app.shealth,3723104,22560000,2ae1b705-3936-4a55-a010-32c3a8cb4cde,2021-12-09 00:00:00.000,
,,,,3950,,2615157,90,0,,2021-12-11 06:53:48.161,,2021-12-10 07:00:00.995,,,,-1,120000,47,,,,2891.4197,,151.36003,053ec02a-70b4-4b54-b293-e8f1795ba5c0.extra_data.json,jBfEgmLJSx,0,com.sec.android.app.shealth,2615157,21840000,053ec02a-70b4-4b54-b293-e8f1795ba5c0,2021-12-10 00:00:00.000,
,,,,6818,,4531536,90,0,,2021-12-12 06:35:03.054,,2021-12-11 07:00:01.446,,,,-1,120000,83,,,,4955.328,,260.93997,74077d44-a405-443f-b923-db272d4b3835.extra_data.json,jBfEgmLJSx,4000,com.sec.android.app.shealth,4527536,31620000,74077d44-a405-443f-b923-db272d4b3835,2021-12-11 00:00:00.000,
,,,,8456,,5637454,90,0,,2021-12-13 07:13:39.772,,2021-12-12 07:00:02.009,,,,-1,60000,103,,,,6149.2964,,319.86005,85227d4d-7380-45d8-a551-13cce06ad8e3.extra_data.json,jBfEgmLJSx,0,com.sec.android.app.shealth,5637454,27360000,85227d4d-7380-45d8-a551-13cce06ad8e3,2021-12-12 00:00:00.000,
,,,,10831,,7170557,90,0,,2021-12-17 19:08:40.794,,2021-12-13 07:00:00.510,,,,-1,300000,132,,,,7972.902,,409.84006,6ffdfe5e-9c4e-4b55-b994-f3537081c72d.extra_data.json,jBfEgmLJSx,1884,com.sec.android.app.shealth,7168673,14040000,6ffdfe5e-9c4e-4b55-b994-f3537081c72d,2021-12-13 00:00:00.000,
,,,,5841,,3885882,90,0,,2021-12-15 03:35:02.889,,2021-12-14 07:00:01.919,,,,-1,60000,71,,,,4283.1104,,222.09995,f60b0952-c8c4-4e71-a664-9bf3ae80f472.extra_data.json,jBfEgmLJSx,0,com.sec.android.app.shealth,3885882,31740000,f60b0952-c8c4-4e71-a664-9bf3ae80f472,2021-12-14 00:00:00.000,
,,,,6588,,4350661,90,0,,2021-12-16 02:49:19.934,,2021-12-15 07:33:31.985,,,,-1,120000,80,,,,4799.42,,248.78,034439bb-3f40-4923-a388-c647a32712bc.extra_data.json,jBfEgmLJSx,0,com.sec.android.app.shealth,4350661,28560000,034439bb-3f40-4923-a388-c647a32712bc,2021-12-15 00:00:00.000,
,,,,504,,334137,90,0,,2021-12-17 03:45:37.421,,2021-12-16 07:33:44.157,,,,-1,60000,5,,,,373.75,,18.390001,a04ad0a4-4966-4758-b9e1-19e6926241de.extra_data.json,jBfEgmLJSx,0,com.sec.android.app.shealth,334137,23760000,a04ad0a4-4966-4758-b9e1-19e6926241de,2021-12-16 00:00:00.000,
,,,,4268,,2844887,90,0,,2021-12-18 01:51:58.880,,2021-12-17 08:25:41.046,,,,-1,60000,52,,,,3121.8809,,160.26994,79341044-88a6-46dd-a008-4cd03452853c.extra_data.json,jBfEgmLJSx,2800,com.sec.android.app.shealth,2842087,35760000,79341044-88a6-46dd-a008-4cd03452853c,2021-12-17 00:00:00.000,
,,,,7203,,4785545,90,0,,2021-12-19 05:15:31.497,,2021-12-18 07:15:22.715,,,,-1,120000,87,,,,5253.2,,274.04984,73389264-abc8-455c-8373-c8940dd652cf.extra_data.json,jBfEgmLJSx,0,com.sec.android.app.shealth,4785545,20040000,73389264-abc8-455c-8373-c8940dd652cf,2021-12-18 00:00:00.000,
,,,,4500,,2990204,90,0,,2021-12-20 05:28:20.294,,2021-12-19 08:36:14.102,,,,-1,120000,54,,,,3301.309,,171.52,72defc19-e47a-4930-a1c9-2c21fd3a56fa.extra_data.json,jBfEgmLJSx,800,com.sec.android.app.shealth,2989404,36960000,72defc19-e47a-4930-a1c9-2c21fd3a56fa,2021-12-19 00:00:00.000,
,,,,2994,,1978262,90,0,,2021-12-21 06:46:26.450,,2021-12-20 07:35:25.077,,,,-1,60000,35,,,,2196.8,,114.00002,b552339a-e722-46bf-b911-e4bcae88669d.extra_data.json,jBfEgmLJSx,0,com.sec.android.app.shealth,1978262,20880000,b552339a-e722-46bf-b911-e4bcae88669d,2021-12-20 00:00:00.000,
,,,,4284,,2818218,90,0,,2021-12-22 03:53:43.614,,2021-12-21 07:00:01.666,,,,-1,120000,51,,,,3152.8213,,163.11002,b19adc94-8bab-4971-99b6-d1f72030ea9a.extra_data.json,jBfEgmLJSx,7600,com.sec.android.app.shealth,2810618,25440000,b19adc94-8bab-4971-99b6-d1f72030ea9a,2021-12-21 00:00:00.000,
,,,,5382,,3587999,90,0,,2021-12-23 04:55:27.737,,2021-12-22 07:42:43.337,,,,-1,120000,65,,,,3918.0803,,203.91995,c1e2a778-ae82-4530-8390-b4e5ed6ead20.extra_data.json,jBfEgmLJSx,1600,com.sec.android.app.shealth,3586399,32460000,c1e2a778-ae82-4530-8390-b4e5ed6ead20,2021-12-22 00:00:00.000,
,,,,7671,,5089344,90,0,,2021-12-24 04:32:20.511,,2021-12-23 07:01:01.102,,,,-1,60000,93,,,,5673.6167,,297.77985,b9bd2746-6ad0-4cf9-a403-c589229f5470.extra_data.json,jBfEgmLJSx,25600,com.sec.android.app.shealth,5063744,37380000,b9bd2746-6ad0-4cf9-a403-c589229f5470,2021-12-23 00:00:00.000,
,,,,3289,,2188397,90,0,,2021-12-25 06:55:06.479,,2021-12-24 07:00:01.328,,,,-1,60000,40,,,,2367.1594,,126.429985,01d50200-e1c3-4dbd-9447-7cd4a4e0fd16.extra_data.json,jBfEgmLJSx,0,com.sec.android.app.shealth,2188397,24480000,01d50200-e1c3-4dbd-9447-7cd4a4e0fd16,2021-12-24 00:00:00.000,
,,,,2673,,1780860,90,0,,2021-12-26 02:52:45.735,,2021-12-25 07:00:00.429,,,,-1,120000,32,,,,1948.4799,,101.43999,dd3fb819-1b1c-4fe1-803e-3028a03dd586.extra_data.json,jBfEgmLJSx,0,com.sec.android.app.shealth,1780860,27060000,dd3fb819-1b1c-4fe1-803e-3028a03dd586,2021-12-25 00:00:00.000,
,,,,4979,,3308949,90,0,,2021-12-27 07:00:00.951,,2021-12-26 07:08:28.790,,,,-1,120000,60,,,,3666.9404,,189.83002,60536110-b1d6-4fac-8a5a-8b8caf2bb547.extra_data.json,jBfEgmLJSx,16000,com.sec.android.app.shealth,3292949,31619999,60536110-b1d6-4fac-8a5a-8b8caf2bb547,2021-12-26 00:00:00.000,
,,,,6670,,4382496,90,0,,2021-12-28 07:39:32.342,,2021-12-27 07:00:00.693,,,,-1,240000,81,,,,4847.011,,257.4,08692114-ac47-4e9a-8885-2657b7932c1d.extra_data.json,jBfEgmLJSx,2000,com.sec.android.app.shealth,4380496,23579999,08692114-ac47-4e9a-8885-2657b7932c1d,2021-12-27 00:00:00.000,
,,,,7348,,4881593,90,0,,2021-12-29 03:10:50.232,,2021-12-28 07:39:32.241,,,,-1,120000,90,,,,5359.1284,,282.11,6fee47dc-683b-4305-8a66-f4264d49dd54.extra_data.json,jBfEgmLJSx,0,com.sec.android.app.shealth,4881593,34260000,6fee47dc-683b-4305-8a66-f4264d49dd54,2021-12-28 00:00:00.000,
,,,,1215,,810405,90,0,,2021-12-30 06:55:06.190,,2021-12-29 07:00:01.086,,,,-1,49358,14,,,,892.44995,,45.159996,907ae8c4-e6fd-4937-8fa0-b638bfefe17f.extra_data.json,jBfEgmLJSx,0,com.sec.android.app.shealth,810405,49860000,907ae8c4-e6fd-4937-8fa0-b638bfefe17f,2021-12-29 00:00:00.000,
,,,,5569,,3710624,90,0,,2021-12-31 06:38:38.124,,2021-12-30 07:00:00.544,,,,-1,60000,67,,,,4103.091,,208.6,a23c5ad6-6441-4874-8b55-5ae7811f322e.extra_data.json,jBfEgmLJSx,800,com.sec.android.app.shealth,3709824,34560000,a23c5ad6-6441-4874-8b55-5ae7811f322e,2021-12-30 00:00:00.000,
,,,,5875,,3905192,90,0,,2022-01-01 02:10:44.862,,2021-12-31 07:00:00.642,,,,-1,60000,71,,,,4370.081,,223.37996,c841e40c-5a5a-40a9-9eab-7f48832dd798.extra_data.json,jBfEgmLJSx,6000,com.sec.android.app.shealth,3899192,23700000,c841e40c-5a5a-40a9-9eab-7f48832dd798,2021-12-31 00:00:00.000,
,,,,6046,,4029954,90,0,,2022-01-02 06:28:23.048,,2022-01-01 07:00:00.794,,,,-1,240000,74,,,,4367.7793,,233.31989,25b0f4e0-25df-48f5-be0b-a7b4f7b8ffec.extra_data.json,jBfEgmLJSx,0,com.sec.android.app.shealth,4029954,28080000,25b0f4e0-25df-48f5-be0b-a7b4f7b8ffec,2022-01-01 00:00:00.000,
,,,,3991,,2658632,90,0,,2022-01-03 03:45:15.002,,2022-01-02 07:00:00.503,,,,-1,60000,48,,,,2868.4702,,153.11996,c3eed4a5-38ba-46f3-8c1f-ff9e3721b6bf.extra_data.json,jBfEgmLJSx,0,com.sec.android.app.shealth,2658632,31380000,c3eed4a5-38ba-46f3-8c1f-ff9e3721b6bf,2022-01-02 00:00:00.000,
,,,,4107,,2739369,90,0,,2022-01-04 02:47:58.862,,2022-01-03 07:00:00.535,,,,-1,120000,50,,,,2953.4907,,158.23994,baca5268-16fa-44c6-bea5-1f789e28b767.extra_data.json,jBfEgmLJSx,0,com.sec.android.app.shealth,2739369,18000000,baca5268-16fa-44c6-bea5-1f789e28b767,2022-01-03 00:00:00.000,
,,,,3963,,2637791,90,0,,2022-01-05 04:32:58.718,,2022-01-04 07:00:01.357,,,,-1,120000,47,,,,2893.9998,,151.71999,383661a5-e5b0-4af1-9e22-b46d789b8278.extra_data.json,jBfEgmLJSx,1200,com.sec.android.app.shealth,2636591,32700000,383661a5-e5b0-4af1-9e22-b46d789b8278,2022-01-04 00:00:00.000,
,,,,1847,,1231415,90,0,,2022-01-06 07:00:01.160,,2022-01-05 11:37:27.579,,,,-1,60000,22,,,,1352.95,,70.21,d2e03be0-eb7d-440a-8018-2fd5b78e15e7.extra_data.json,jBfEgmLJSx,800,com.sec.android.app.shealth,1230615,36179999,d2e03be0-eb7d-440a-8018-2fd5b78e15e7,2022-01-05 00:00:00.000,
,,,,2495,,1654900,90,0,,2022-01-07 05:42:04.052,,2022-01-06 07:00:01.053,,,,-1,120000,30,,,,1813.7999,,94.909996,cf3997e5-d5d3-4d77-b0c5-83e39f7d8dcb.extra_data.json,jBfEgmLJSx,800,com.sec.android.app.shealth,1654100,22680000,cf3997e5-d5d3-4d77-b0c5-83e39f7d8dcb,2022-01-06 00:00:00.000,
,,,,1685,,1113830,90,0,,2022-01-08 01:26:57.041,,2022-01-07 07:00:01.288,,,,-1,60000,20,,,,1230.1898,,64.420006,f08a2f4f-e79d-41b0-9558-107bdbbcf84f.extra_data.json,jBfEgmLJSx,0,com.sec.android.app.shealth,1113830,23160000,f08a2f4f-e79d-41b0-9558-107bdbbcf84f,2022-01-07 00:00:00.000,
,,,,2285,,1524095,90,0,,2022-01-09 02:37:30.243,,2022-01-08 07:00:00.659,,,,-1,60000,27,,,,1671.2003,,86.57999,c7be1a47-acc1-40a7-9c44-dcc31774f565.extra_data.json,jBfEgmLJSx,0,com.sec.android.app.shealth,1524095,25620000,c7be1a47-acc1-40a7-9c44-dcc31774f565,2022-01-08 00:00:00.000,
,,,,2426,,1618142,90,0,,2022-01-10 06:23:04.109,,2022-01-09 09:31:46.403,,,,-1,44689,28,,,,1772.6299,,92.29002,f86432a6-31fb-4197-a68b-32a340569560.extra_data.json,jBfEgmLJSx,0,com.sec.android.app.shealth,1618142,23280000,f86432a6-31fb-4197-a68b-32a340569560,2022-01-09 00:00:00.000,
,,,,239,,159146,90,0,,2022-01-11 07:00:01.127,,2022-01-10 07:00:01.669,,,,-1,44022,2,,,,177.22998,,9.069998,c86d79ce-b3a4-4733-91e7-6508676f9b77.extra_data.json,jBfEgmLJSx,400,com.sec.android.app.shealth,158746,24719999,c86d79ce-b3a4-4733-91e7-6508676f9b77,2022-01-10 00:00:00.000,
,,,,5176,,3444328,90,0,,2022-01-12 06:35:09.279,,2022-01-11 07:00:01.053,,,,-1,120000,63,,,,3773.5906,,197.19994,7514f8cb-7894-47ae-847f-02de1fa90f03.extra_data.json,jBfEgmLJSx,0,com.sec.android.app.shealth,3444328,20760000,7514f8cb-7894-47ae-847f-02de1fa90f03,2022-01-11 00:00:00.000,
,,,,2773,,1849591,90,0,,2022-01-13 04:22:20.855,,2022-01-12 07:00:01.586,,,,-1,51359,33,,,,2021.8704,,103.67004,c06e62d7-2536-4173-a6e1-7fa4336ede3e.extra_data.json,jBfEgmLJSx,0,com.sec.android.app.shealth,1849591,28140000,c06e62d7-2536-4173-a6e1-7fa4336ede3e,2022-01-12 00:00:00.000,
,,,,2255,,1498049,90,0,,2022-01-14 03:51:00.581,,2022-01-13 07:00:02.126,,,,-1,60000,26,,,,1667.5902,,87.07,ba5ff192-1c8d-496c-86e6-1c5dfa941ce0.extra_data.json,jBfEgmLJSx,6000,com.sec.android.app.shealth,1492049,34200000,ba5ff192-1c8d-496c-86e6-1c5dfa941ce0,2022-01-13 00:00:00.000,
,,,,2307,,1520033,90,0,,2022-01-15 05:43:55.030,,2022-01-14 07:00:01.032,,,,-1,60000,27,,,,1698.7402,,88.79998,d9930924-980d-4d05-9c26-244a77c38176.extra_data.json,jBfEgmLJSx,0,com.sec.android.app.shealth,1520033,39960000,d9930924-980d-4d05-9c26-244a77c38176,2022-01-14 00:00:00.000,
,,,,7923,,5273372,90,0,,2022-01-16 05:35:02.852,,2022-01-15 07:00:01.322,,,,-1,120000,96,,,,5763.0107,,302.07993,ae9a76e4-e54b-4991-bbe3-ddca3c9b45ac.extra_data.json,jBfEgmLJSx,6800,com.sec.android.app.shealth,5266572,32220000,ae9a76e4-e54b-4991-bbe3-ddca3c9b45ac,2022-01-15 00:00:00.000,
,,,,7481,,4976397,90,0,,2022-01-17 04:00:35.009,,2022-01-16 07:00:01.764,,,,-1,180000,91,,,,5450.46,,286.40994,a3c98227-0238-4dda-ae15-014e75fd503b.extra_data.json,jBfEgmLJSx,0,com.sec.android.app.shealth,4976397,30900000,a3c98227-0238-4dda-ae15-014e75fd503b,2022-01-16 00:00:00.000,
,,,,3878,,2564525,90,0,,2022-01-18 03:52:56.500,,2022-01-17 07:00:01.493,,,,-1,60000,46,,,,2830.98,,148.27995,18a37378-ebb3-42b4-8938-914ae2eef00e.extra_data.json,jBfEgmLJSx,0,com.sec.android.app.shealth,2564525,15960000,18a37378-ebb3-42b4-8938-914ae2eef00e,2022-01-17 00:00:00.000,
,,,,6028,,4010611,90,0,,2022-01-18 23:50:17.060,,2022-01-18 07:00:01.660,,,,-1,120000,73,,,,4416.46,,228.66998,2115a7f9-c15c-4837-9d13-2e27fe341dc2.extra_data.json,jBfEgmLJSx,0,com.sec.android.app.shealth,4010611,35460000,2115a7f9-c15c-4837-9d13-2e27fe341dc2,2022-01-18 00:00:00.000,
,,,,708,,453500,90,0,,2022-01-20 05:59:02.956,,2022-01-19 07:00:01.053,,,,-1,120000,7,,,,533.06,,26.64,bd225eff-85df-4079-b290-a3bbb560325a.extra_data.json,jBfEgmLJSx,0,com.sec.android.app.shealth,453500,28500000,bd225eff-85df-4079-b290-a3bbb560325a,2022-01-19 00:00:00.000,
,,,,1438,,933680,90,0,,2022-01-21 01:27:24.552,,2022-01-20 09:42:14.809,,,,-1,120000,16,,,,1072.6002,,55.15,d22d634f-5465-452c-bf2f-45486aac625d.extra_data.json,jBfEgmLJSx,0,com.sec.android.app.shealth,933680,31500000,d22d634f-5465-452c-bf2f-45486aac625d,2022-01-20 00:00:00.000,
,,,,1054,,662848,90,0,,2022-01-22 01:51:18.918,,2022-01-21 07:00:01.223,,,,-1,120000,12,,,,797.59,,38.01,148bdd2d-326f-4ff8-8058-f796dcfc9a3b.extra_data.json,jBfEgmLJSx,0,com.sec.android.app.shealth,662848,36180000,148bdd2d-326f-4ff8-8058-f796dcfc9a3b,2022-01-21 00:00:00.000,
,,,,100,,66700,90,0,,2022-01-22 22:15:01.506,,2022-01-22 06:00:00.618,,,,-1,12673,1,,,,75.63,,3.5699997,c8941aa7-ea25-4494-a76d-626d74167495.extra_data.json,jBfEgmLJSx,0,com.sec.android.app.shealth,66700,27360000,c8941aa7-ea25-4494-a76d-626d74167495,2022-01-22 00:00:00.000,
,,,,3968,,2589024,90,0,,2022-01-24 05:55:03.150,,2022-01-23 05:00:00.634,,,,-1,120000,47,,,,2944.2002,,150.41997,ed73d796-2386-4cd4-aad7-f79dc12aed19.extra_data.json,jBfEgmLJSx,0,com.sec.android.app.shealth,2589024,15120000,ed73d796-2386-4cd4-aad7-f79dc12aed19,2022-01-23 00:00:00.000,
,,,,3213,,2038479,90,0,,2022-01-25 08:14:28.662,,2022-01-24 06:00:01.375,,,,-1,600000,36,,,,2358.7998,,125.58997,063249b6-5ec3-4d9f-8df1-22b74d9ff5b5.extra_data.json,jBfEgmLJSx,0,com.sec.android.app.shealth,2038479,20879999,063249b6-5ec3-4d9f-8df1-22b74d9ff5b5,2022-01-24 00:00:00.000,
,,,,4196,,2591032,90,0,,2022-01-26 01:25:46.915,,2022-01-25 08:14:28.571,,,,-1,600000,47,,,,3066.2795,,167.41998,1751281f-5cbd-4d04-8b74-d5cdfc136586.extra_data.json,jBfEgmLJSx,0,com.sec.android.app.shealth,2591032,41340000,1751281f-5cbd-4d04-8b74-d5cdfc136586,2022-01-25 00:00:00.000,
,,,,2242,,1473313,90,0,,2022-01-27 03:55:03.878,,2022-01-26 08:00:01.095,,,,-1,180000,26,,,,1675.0795,,84.06999,ca56da79-5948-4d8f-972f-906ca7b3a6a3.extra_data.json,jBfEgmLJSx,0,com.sec.android.app.shealth,1473313,15480000,ca56da79-5948-4d8f-972f-906ca7b3a6a3,2022-01-26 00:00:00.000,
,,,,516,,310762,90,0,,2022-01-28 06:00:02.971,,2022-01-27 07:00:01.715,,,,-1,60000,5,,,,390.25,,19.189999,f1ef9ec8-9f7d-4fa6-a01e-e6214af4c22b.extra_data.json,jBfEgmLJSx,0,com.sec.android.app.shealth,310762,44279999,f1ef9ec8-9f7d-4fa6-a01e-e6214af4c22b,2022-01-27 00:00:00.000,
,,,,1534,,999076,90,0,,2022-01-29 02:14:14.023,,2022-01-28 06:00:02.833,,,,-1,120000,17,,,,1132.46,,58.78,3df74bf1-115f-40bf-bd61-6797e263ab42.extra_data.json,jBfEgmLJSx,1714,com.sec.android.app.shealth,997362,21540000,3df74bf1-115f-40bf-bd61-6797e263ab42,2022-01-28 00:00:00.000,
,,,,3371,,2116578,90,0,,2022-01-30 06:56:26.703,,2022-01-29 07:00:02.820,,,,-1,180000,38,,,,2494.8098,,129.00998,49655449-74d6-43f0-9cc9-37e29dedd642.extra_data.json,jBfEgmLJSx,0,com.sec.android.app.shealth,2116578,20520000,49655449-74d6-43f0-9cc9-37e29dedd642,2022-01-29 00:00:00.000,
,,,,2308,,1507210,90,0,,2022-01-31 05:55:54.633,,2022-01-30 07:00:01.659,,,,-1,180000,27,,,,1685.8699,,89.36001,9614ae3c-c0db-43e9-86c1-8f55e436c5f3.extra_data.json,jBfEgmLJSx,0,com.sec.android.app.shealth,1507210,17340000,9614ae3c-c0db-43e9-86c1-8f55e436c5f3,2022-01-30 00:00:00.000,
,,,,675,,436158,90,0,,2022-02-01 06:00:00.830,,2022-01-31 06:00:00.519,,,,-1,60000,7,,,,508.09003,,25.109997,1d65f0a4-a3ec-4444-9a18-1accffe26c0d.extra_data.json,jBfEgmLJSx,0,com.sec.android.app.shealth,436158,63719999,1d65f0a4-a3ec-4444-9a18-1accffe26c0d,2022-01-31 00:00:00.000,
,,,,5172,,3419529,90,0,,2022-02-02 05:53:32.797,,2022-02-01 06:00:00.582,,,,-1,120000,62,,,,3827.1597,,195.61993,69fadb0a-58e6-4306-adb3-d2b1bc1a1935.extra_data.json,jBfEgmLJSx,0,com.sec.android.app.shealth,3419529,20400000,69fadb0a-58e6-4306-adb3-d2b1bc1a1935,2022-02-01 00:00:00.000,
,,,,681,,453500,90,0,,2022-02-02 20:17:25.931,,2022-02-02 06:00:00.277,,,,-1,120000,7,,,,506.06003,,26.07999,58287200-c386-4489-a702-8e58acb9a9ea.extra_data.json,jBfEgmLJSx,0,com.sec.android.app.shealth,453500,37500000,58287200-c386-4489-a702-8e58acb9a9ea,2022-02-02 00:00:00.000,
,,,,0,,0,90,0,,2022-02-03 06:00:02.018,,2022-02-03 06:00:02.018,,,,-1,0,0,,,,0.0,,0.0,41e30836-d0ec-40b9-9e08-f9e25a91293d.extra_data.json,jBfEgmLJSx,0,com.sec.android.app.shealth,0,-1,41e30836-d0ec-40b9-9e08-f9e25a91293d,2022-02-03 00:00:00.000,
,,,,1847,,1187777,90,0,,2022-02-05 04:41:25.347,,2022-02-04 06:26:06.517,,,,-1,120000,21,,,,1370.6503,,69.11,19bfdc02-4f0b-4185-aa68-7a7e644f23fc.extra_data.json,jBfEgmLJSx,0,com.sec.android.app.shealth,1187777,43200000,19bfdc02-4f0b-4185-aa68-7a7e644f23fc,2022-02-04 00:00:00.000,
,,,,3985,,2553625,90,0,,2022-02-06 04:59:31.783,,2022-02-05 06:00:01.242,,,,-1,540000,46,,,,2929.7202,,154.22998,568e566a-ad65-4150-aa14-e65e050ac16c.extra_data.json,jBfEgmLJSx,2800,com.sec.android.app.shealth,2550825,25680000,568e566a-ad65-4150-aa14-e65e050ac16c,2022-02-05 00:00:00.000,
,,,,2836,,1805936,90,0,,2022-02-07 04:35:01.986,,2022-02-06 08:00:01.584,,,,-1,180000,33,,,,2100.9001,,108.35999,b196fbe5-5c95-46cb-95c8-27b1196a65bf.extra_data.json,jBfEgmLJSx,0,com.sec.android.app.shealth,1805936,26220000,b196fbe5-5c95-46cb-95c8-27b1196a65bf,2022-02-06 00:00:00.000,
,,,,5379,,3405683,90,0,,2022-02-08 03:44:15.309,,2022-02-07 07:00:00.868,,,,-1,764000,62,,,,4002.9668,,207.04129,849e5d7c-ad91-4b51-8fc9-18dfcc0aecdb.extra_data.json,jBfEgmLJSx,5600,com.sec.android.app.shealth,3400083,26760000,849e5d7c-ad91-4b51-8fc9-18dfcc0aecdb,2022-02-07 00:00:00.000,
,,,,1094,,718299,90,0,,2022-02-09 02:55:24.294,,2022-02-08 07:00:02.674,,,,-1,120000,12,,,,816.1901,,40.899998,c5671d0e-ee15-4104-85d7-f890b5f28517.extra_data.json,jBfEgmLJSx,0,com.sec.android.app.shealth,718299,46500000,c5671d0e-ee15-4104-85d7-f890b5f28517,2022-02-08 00:00:00.000,
,,,,1541,,991739,90,0,,2022-02-10 05:16:25.789,,2022-02-09 08:00:02.033,,,,-1,60000,17,,,,1151.5101,,56.949993,f93ed1b5-4923-4623-886a-ad11d800b7e6.extra_data.json,jBfEgmLJSx,0,com.sec.android.app.shealth,991739,27060000,f93ed1b5-4923-4623-886a-ad11d800b7e6,2022-02-09 00:00:00.000,
,,,,1319,,862371,90,0,,2022-02-11 04:37:19.978,,2022-02-10 08:00:02.203,,,,-1,120000,15,,,,973.2299,,50.47,4d751992-006f-485f-80e8-e393ce2162bb.extra_data.json,jBfEgmLJSx,0,com.sec.android.app.shealth,862371,30660000,4d751992-006f-485f-80e8-e393ce2162bb,2022-02-10 00:00:00.000,
,,,,1699,,1095761,90,0,,2022-02-12 05:43:54.260,,2022-02-11 09:12:55.979,,,,-1,120000,20,,,,1284.99,,61.559994,c8612ba7-f280-4cb5-b292-7c07aadb1e55.extra_data.json,jBfEgmLJSx,0,com.sec.android.app.shealth,1095761,21420000,c8612ba7-f280-4cb5-b292-7c07aadb1e55,2022-02-11 00:00:00.000,
,,,,2070,,1300440,90,0,,2022-02-13 05:57:18.409,,2022-02-12 07:00:00.628,,,,-1,180000,23,,,,1547.84,,76.929985,e46daaa0-67a2-4e1f-9865-c83a266e906e.extra_data.json,jBfEgmLJSx,0,com.sec.android.app.shealth,1300440,35460000,e46daaa0-67a2-4e1f-9865-c83a266e906e,2022-02-12 00:00:00.000,
,,,,1235,,786243,90,0,,2022-02-14 05:00:00.902,,2022-02-13 06:00:02.050,,,,-1,120000,14,,,,918.0999,,44.00999,b4f3b45c-dcb8-4601-a58e-5e44030d80e3.extra_data.json,jBfEgmLJSx,0,com.sec.android.app.shealth,786243,31679999,b4f3b45c-dcb8-4601-a58e-5e44030d80e3,2022-02-13 00:00:00.000,
,,,,1630,,1022361,90,0,,2022-02-15 05:04:14.237,,2022-02-14 05:00:00.834,,,,-1,120000,18,,,,1207.49,,62.079994,2ad24e5f-50b5-40a5-9c4a-ffbe092b460c.extra_data.json,jBfEgmLJSx,0,com.sec.android.app.shealth,1022361,41460000,2ad24e5f-50b5-40a5-9c4a-ffbe092b460c,2022-02-14 00:00:00.000,
,,,,2452,,1559236,90,0,,2022-02-16 04:43:36.833,,2022-02-15 05:00:01.701,,,,-1,180000,27,,,,1824.7601,,92.84998,e4117cec-66bd-4fb6-9ed1-4d993fd71014.extra_data.json,jBfEgmLJSx,0,com.sec.android.app.shealth,1559236,16380000,e4117cec-66bd-4fb6-9ed1-4d993fd71014,2022-02-15 00:00:00.000,
,,,,1100,,702231,90,0,,2022-02-17 02:59:35.131,,2022-02-16 05:00:00.863,,,,-1,60000,12,,,,803.7799,,41.749985,e0f5f37f-6c34-4949-b229-fbbede051bb3.extra_data.json,jBfEgmLJSx,0,com.sec.android.app.shealth,702231,33240000,e0f5f37f-6c34-4949-b229-fbbede051bb3,2022-02-16 00:00:00.000,
,,,,910,,596935,90,0,,2022-02-18 04:15:11.288,,2022-02-17 05:00:01.065,,,,-1,60000,10,,,,683.89014,,33.52,6a613d09-66b7-4d25-a7eb-f1649f418b3d.extra_data.json,jBfEgmLJSx,0,com.sec.android.app.shealth,596935,35280000,6a613d09-66b7-4d25-a7eb-f1649f418b3d,2022-02-17 00:00:00.000,
,,,,2433,,1571302,90,0,,2022-02-19 06:00:01.024,,2022-02-18 05:00:01.321,,,,-1,120000,28,,,,1804.11,,91.57001,2bf3788d-9782-4cd3-bd9c-fd6bc2ca0647.extra_data.json,jBfEgmLJSx,0,com.sec.android.app.shealth,1571302,13979999,2bf3788d-9782-4cd3-bd9c-fd6bc2ca0647,2022-02-18 00:00:00.000,
,,,,3241,,2086136,90,0,,2022-02-20 05:15:27.384,,2022-02-19 06:00:00.919,,,,-1,60000,37,,,,2400.6301,,124.659996,382a3e7d-f083-4f21-b01c-b811d5f1dffb.extra_data.json,jBfEgmLJSx,0,com.sec.android.app.shealth,2086136,27960000,382a3e7d-f083-4f21-b01c-b811d5f1dffb,2022-02-19 00:00:00.000,
,,,,1128,,740340,90,0,,2022-02-21 05:15:16.463,,2022-02-20 06:00:01.726,,,,-1,60000,13,,,,836.57007,,43.43,79b400e3-3b4f-4c20-b11d-1482b59f0193.extra_data.json,jBfEgmLJSx,0,com.sec.android.app.shealth,740340,37920000,79b400e3-3b4f-4c20-b11d-1482b59f0193,2022-02-20 00:00:00.000,
,,,,1682,,1113830,90,0,,2022-02-22 04:47:25.273,,2022-02-21 07:00:00.571,,,,-1,180000,20,,,,1240.7599,,64.119995,0c7fe596-b98d-4129-a1d4-a0d5a5ef044d.extra_data.json,jBfEgmLJSx,0,com.sec.android.app.shealth,1113830,39840000,0c7fe596-b98d-4129-a1d4-a0d5a5ef044d,2022-02-21 00:00:00.000,
,,,,565,,345386,90,0,,2022-02-23 02:28:01.652,,2022-02-22 08:00:00.709,,,,-1,120000,5,,,,415.36996,,22.570002,4a7a9c83-bb83-4ed6-baeb-0156ed5aa4ed.extra_data.json,jBfEgmLJSx,0,com.sec.android.app.shealth,345386,55560000,4a7a9c83-bb83-4ed6-baeb-0156ed5aa4ed,2022-02-22 00:00:00.000,
,,,,3616,,2344028,90,0,,2022-02-24 06:51:32.842,,2022-02-23 08:00:00.837,,,,-1,120000,43,,,,2702.9397,,134.17001,357cacf6-9bdb-41df-845c-86b576584036.extra_data.json,jBfEgmLJSx,400,com.sec.android.app.shealth,2343628,20280000,357cacf6-9bdb-41df-845c-86b576584036,2022-02-23 00:00:00.000,
,,,,1586,,1021087,90,0,,2022-02-25 04:52:19.238,,2022-02-24 07:00:00.795,,,,-1,180000,18,,,,1184.1599,,58.909996,d8a711a3-f8d9-41d8-8fdf-eb93f2517f56.extra_data.json,jBfEgmLJSx,0,com.sec.android.app.shealth,1021087,31080000,d8a711a3-f8d9-41d8-8fdf-eb93f2517f56,2022-02-24 00:00:00.000,
,,,,2254,,1494687,90,0,,2022-02-26 07:15:18.766,,2022-02-25 06:00:01.985,,,,-1,60000,26,,,,1693.1798,,83.31999,b12ada76-155d-469d-8585-d37dd21d4bf1.extra_data.json,jBfEgmLJSx,0,com.sec.android.app.shealth,1494687,24000000,b12ada76-155d-469d-8585-d37dd21d4bf1,2022-02-25 00:00:00.000,
,,,,1426,,912469,90,0,,2022-02-27 06:18:58.323,,2022-02-26 08:00:02.099,,,,-1,120000,16,,,,1082.53,,51.499996,04938b6d-5868-4b64-abaa-315dd4fc65a8.extra_data.json,jBfEgmLJSx,800,com.sec.android.app.shealth,911669,14940000,04938b6d-5868-4b64-abaa-315dd4fc65a8,2022-02-26 00:00:00.000,
,,,,1827,,1196478,90,0,,2022-02-27 23:31:48.368,,2022-02-27 06:15:42.616,,,,-1,120000,21,,,,1359.7,,67.17,172bedbf-bc26-4cd2-b5d4-4b2bbee411f4.extra_data.json,jBfEgmLJSx,0,com.sec.android.app.shealth,1196478,30780000,172bedbf-bc26-4cd2-b5d4-4b2bbee411f4,2022-02-27 00:00:00.000,
,,,,303,,192036,90,0,,2022-03-01 05:57:40.080,,2022-02-28 06:00:01.010,,,,-1,120000,3,,,,223.59999,,11.64,0395d5c0-e501-443c-8162-c4ad7c99b2fe.extra_data.json,jBfEgmLJSx,0,com.sec.android.app.shealth,192036,52860000,0395d5c0-e501-443c-8162-c4ad7c99b2fe,2022-02-28 00:00:00.000,
,,,,2786,,1846166,90,0,,2022-03-02 05:17:41.289,,2022-03-01 06:00:00.432,,,,-1,60000,33,,,,2097.3906,,102.02999,94dd24fe-b64a-4480-8d91-d1283cc24e3a.extra_data.json,jBfEgmLJSx,0,com.sec.android.app.shealth,1846166,22860000,94dd24fe-b64a-4480-8d91-d1283cc24e3a,2022-03-01 00:00:00.000,
,,,,1506,,930375,90,0,,2022-03-03 08:00:01.978,,2022-03-02 06:00:00.596,,,,-1,60000,16,,,,1123.4999,,56.489994,eaa89483-35f1-4790-923b-a531df9aa5ed.extra_data.json,jBfEgmLJSx,0,com.sec.android.app.shealth,930375,23279999,eaa89483-35f1-4790-923b-a531df9aa5ed,2022-03-02 00:00:00.000,
,,,,3123,,2062214,90,0,,2022-03-04 06:55:17.869,,2022-03-03 08:00:01.887,,,,-1,180000,37,,,,2350.94,,113.97999,7cb253c9-df53-45df-b462-a76eee430324.extra_data.json,jBfEgmLJSx,0,com.sec.android.app.shealth,2062214,13020000,7cb253c9-df53-45df-b462-a76eee430324,2022-03-03 00:00:00.000,
,,,,1375,,893720,90,0,,2022-03-05 05:54:07.814,,2022-03-04 07:00:00.553,,,,-1,60000,15,,,,1016.8599,,51.91999,a3c0737b-969c-491e-983c-f0e98e3d039e.extra_data.json,jBfEgmLJSx,0,com.sec.android.app.shealth,893720,24180000,a3c0737b-969c-491e-983c-f0e98e3d039e,2022-03-04 00:00:00.000,
,,,,1723,,1135174,90,0,,2022-03-06 03:35:15.366,,2022-03-05 06:00:00.549,,,,-1,60000,20,,,,1287.33,,64.21999,a879577b-b3b5-4dab-8f70-1a11dfe5b348.extra_data.json,jBfEgmLJSx,0,com.sec.android.app.shealth,1135174,26580000,a879577b-b3b5-4dab-8f70-1a11dfe5b348,2022-03-05 00:00:00.000,
,,,,1992,,1264422,90,0,,2022-03-07 05:29:43.786,,2022-03-06 07:00:01.983,,,,-1,120000,23,,,,1469.6498,,77.529976,be3130b5-075f-49e0-93a5-38d92aae89b7.extra_data.json,jBfEgmLJSx,0,com.sec.android.app.shealth,1264422,24540000,be3130b5-075f-49e0-93a5-38d92aae89b7,2022-03-06 00:00:00.000,
,,,,3016,,1957375,90,0,,2022-03-08 05:19:51.466,,2022-03-07 08:00:02.686,,,,-1,120000,35,,,,2237.22,,115.809975,a0a9be16-0b00-47d4-a3ac-b1d2e0bcf45f.extra_data.json,jBfEgmLJSx,0,com.sec.android.app.shealth,1957375,28500000,a0a9be16-0b00-47d4-a3ac-b1d2e0bcf45f,2022-03-07 00:00:00.000,
,,,,696,,444192,90,0,,2022-03-09 03:53:44.833,,2022-03-08 08:00:00.784,,,,-1,60000,7,,,,524.1401,,26.169998,5b7aee13-ec80-4acc-801b-c5ea59ca0199.extra_data.json,jBfEgmLJSx,0,com.sec.android.app.shealth,444192,41280000,5b7aee13-ec80-4acc-801b-c5ea59ca0199,2022-03-08 00:00:00.000,
,,,,2922,,1892766,90,0,,2022-03-10 07:00:00.582,,2022-03-09 08:00:00.984,,,,-1,120000,34,,,,2189.7004,,107.18999,bd435696-ae9e-48dd-9e78-e40c0c1f394c.extra_data.json,jBfEgmLJSx,0,com.sec.android.app.shealth,1892766,26340000,bd435696-ae9e-48dd-9e78-e40c0c1f394c,2022-03-09 00:00:00.000,
,,,,1839,,1143635,90,0,,2022-03-11 05:55:58.933,,2022-03-10 07:00:00.490,,,,-1,120000,21,,,,1369.1001,,70.04999,29d72392-8599-41af-9fab-55bc0ab98823.extra_data.json,jBfEgmLJSx,0,com.sec.android.app.shealth,1143635,31620000,29d72392-8599-41af-9fab-55bc0ab98823,2022-03-10 00:00:00.000,
,,,,2851,,1803298,90,0,,2022-03-12 06:32:03.479,,2022-03-11 06:00:00.604,,,,-1,180000,33,,,,2135.7803,,105.77,349d4e30-49e7-426f-ae58-2622d72d7a44.extra_data.json,jBfEgmLJSx,0,com.sec.android.app.shealth,1803298,17520000,349d4e30-49e7-426f-ae58-2622d72d7a44,2022-03-11 00:00:00.000,
,,,,2014,,1322065,90,0,,2022-03-13 06:15:08.519,,2022-03-12 07:00:02.085,,,,-1,120000,23,,,,1531.8701,,75.32998,a512bfe8-7acb-48f0-a4b8-058f3e52786b.extra_data.json,jBfEgmLJSx,4800,com.sec.android.app.shealth,1317265,12000000,a512bfe8-7acb-48f0-a4b8-058f3e52786b,2022-03-12 00:00:00.000,
,,,,2501,,1668167,90,0,,2022-03-14 04:23:06.041,,2022-03-13 07:01:40.026,,,,-1,52026,30,,,,1822.0798,,95.409996,408c1b97-14f0-4919-85df-6d2b2dbed319.extra_data.json,jBfEgmLJSx,0,com.sec.android.app.shealth,1668167,27000000,408c1b97-14f0-4919-85df-6d2b2dbed319,2022-03-13 00:00:00.000,
,,,,2853,,1902951,90,0,,2022-03-15 05:35:16.664,,2022-03-14 07:00:00.989,,,,-1,60000,34,,,,2106.8599,,107.02,abc11534-34e8-4c89-8d13-53f2b76d7a3d.extra_data.json,jBfEgmLJSx,0,com.sec.android.app.shealth,1902951,46320000,abc11534-34e8-4c89-8d13-53f2b76d7a3d,2022-03-14 00:00:00.000,
,,,,1282,,855094,90,0,,2022-03-16 01:38:01.791,,2022-03-15 07:00:02.630,,,,-1,44689,15,,,,937.4101,,48.48,f6a1aee3-d6db-42f0-a439-790ee30aac0b.extra_data.json,jBfEgmLJSx,0,com.sec.android.app.shealth,855094,35880000,f6a1aee3-d6db-42f0-a439-790ee30aac0b,2022-03-15 00:00:00.000,
,,,,1862,,1241954,90,0,,2022-03-17 03:31:20.174,,2022-03-16 08:44:30.514,,,,-1,51359,22,,,,1366.1597,,71.65,830f9c9d-b490-4a36-953b-9f80f531a7c4.extra_data.json,jBfEgmLJSx,0,com.sec.android.app.shealth,1241954,24960000,830f9c9d-b490-4a36-953b-9f80f531a7c4,2022-03-16 00:00:00.000,
,,,,2717,,1809007,90,0,,2022-03-18 00:47:15.788,,2022-03-17 07:00:00.780,,,,-1,60000,33,,,,1991.36,,103.44002,ec7bbc4c-75b1-4e72-8a08-2f8681c45519.extra_data.json,jBfEgmLJSx,800,com.sec.android.app.shealth,1808207,30600000,ec7bbc4c-75b1-4e72-8a08-2f8681c45519,2022-03-17 00:00:00.000,
,,,,4834,,3146099,90,0,,2022-03-19 06:51:56.152,,2022-03-18 07:00:00.886,,,,-1,779970,57,,,,3548.24,,191.71997,af72dd0c-f78a-4381-83ba-d1bb9d42282c.extra_data.json,jBfEgmLJSx,400,com.sec.android.app.shealth,3145699,23100000,af72dd0c-f78a-4381-83ba-d1bb9d42282c,2022-03-18 00:00:00.000,
,,,,1940,,1293283,90,0,,2022-03-24 09:05:32.720,,2022-03-19 08:12:13.145,,,,-1,60000,23,,,,1400.37,,74.47998,06afe768-c82f-4084-887c-900f94a4f605.extra_data.json,jBfEgmLJSx,0,com.sec.android.app.shealth,1293283,31320000,06afe768-c82f-4084-887c-900f94a4f605,2022-03-19 00:00:00.000,
,,,,5287,,3517074,90,0,,2022-03-21 05:16:16.656,,2022-03-20 07:00:00.456,,,,-1,300000,64,,,,3911.7202,,198.24997,acc6bc85-ad32-4c5a-bc5b-dfdb3c2e5ef6.extra_data.json,jBfEgmLJSx,800,com.sec.android.app.shealth,3516274,18240000,acc6bc85-ad32-4c5a-bc5b-dfdb3c2e5ef6,2022-03-20 00:00:00.000,
,,,,3664,,2440357,90,0,,2022-03-22 05:04:53.075,,2022-03-21 07:00:01.327,,,,-1,60000,44,,,,2760.6294,,137.20003,691e9bda-e9c1-4f03-9b91-14711744382d.extra_data.json,jBfEgmLJSx,5200,com.sec.android.app.shealth,2435157,32040000,691e9bda-e9c1-4f03-9b91-14711744382d,2022-03-21 00:00:00.000,
,,,,3550,,2367583,90,0,,2022-03-23 04:55:29.267,,2022-03-22 07:00:01.032,,,,-1,180000,43,,,,2583.5706,,135.29999,1d16bdc1-e3eb-493a-b867-093469b3f04c.extra_data.json,jBfEgmLJSx,400,com.sec.android.app.shealth,2367183,22260000,1d16bdc1-e3eb-493a-b867-093469b3f04c,2022-03-22 00:00:00.000,
,,,,4235,,2787940,90,0,,2022-03-24 06:25:23.811,,2022-03-23 08:05:14.847,,,,-1,180000,51,,,,3131.5198,,159.76001,5533ceed-c88f-4d97-97d6-361f0f685ba7.extra_data.json,jBfEgmLJSx,0,com.sec.android.app.shealth,2787940,20640000,5533ceed-c88f-4d97-97d6-361f0f685ba7,2022-03-23 00:00:00.000,
,,,,1528,,997742,90,0,,2022-03-25 06:27:09.884,,2022-03-24 07:00:00.978,,,,-1,120000,17,,,,1176.2001,,57.769993,b447a5ef-3b43-4acf-9718-ee1805c9a938.extra_data.json,jBfEgmLJSx,0,com.sec.android.app.shealth,997742,35100000,b447a5ef-3b43-4acf-9718-ee1805c9a938,2022-03-24 00:00:00.000,
,,,,1670,,1056288,90,0,,2022-03-26 03:26:06.869,,2022-03-25 06:31:31.365,,,,-1,120000,18,,,,1244.7999,,63.399982,384cc268-a7a5-4a2c-90c9-42be68d56b3d.extra_data.json,jBfEgmLJSx,0,com.sec.android.app.shealth,1056288,20220000,384cc268-a7a5-4a2c-90c9-42be68d56b3d,2022-03-25 00:00:00.000,
,,,,2009,,1332042,90,0,,2022-03-27 00:55:02.556,,2022-03-26 05:00:01.375,,,,-1,120000,24,,,,1514.7701,,73.639984,e72e0ce4-e7cf-4d4c-aa66-b8edbae52726.extra_data.json,jBfEgmLJSx,800,com.sec.android.app.shealth,1331242,33300000,e72e0ce4-e7cf-4d4c-aa66-b8edbae52726,2022-03-26 00:00:00.000,
,,,,2899,,1863995,90,0,,2022-03-28 01:15:40.523,,2022-03-27 05:00:00.901,,,,-1,240000,34,,,,2136.2002,,111.84002,5a2aa917-22ce-4554-9ef7-604b75a0b13f.extra_data.json,jBfEgmLJSx,0,com.sec.android.app.shealth,1863995,15780000,5a2aa917-22ce-4554-9ef7-604b75a0b13f,2022-03-27 00:00:00.000,
,,,,1164,,718906,90,0,,2022-03-29 03:55:01.502,,2022-03-28 04:00:01.910,,,,-1,120000,12,,,,868.0699,,43.41999,693c6640-c323-4888-8aae-7da644a50614.extra_data.json,jBfEgmLJSx,0,com.sec.android.app.shealth,718906,70380000,693c6640-c323-4888-8aae-7da644a50614,2022-03-28 00:00:00.000,
,,,,1547,,1026483,90,0,,2022-03-30 02:37:57.093,,2022-03-29 04:00:01.142,,,,-1,60000,18,,,,1172.8602,,55.419983,039c8d56-f3bd-4f5a-94c9-efdc1abdd194.extra_data.json,jBfEgmLJSx,0,com.sec.android.app.shealth,1026483,18600000,039c8d56-f3bd-4f5a-94c9-efdc1abdd194,2022-03-29 00:00:00.000,
,,,,1220,,765566,90,0,,2022-03-31 03:44:01.343,,2022-03-30 05:00:01.014,,,,-1,120000,13,,,,904.82007,,47.39,24893de3-2282-4822-a047-38df89509c4b.extra_data.json,jBfEgmLJSx,1714,com.sec.android.app.shealth,763852,39240000,24893de3-2282-4822-a047-38df89509c4b,2022-03-30 00:00:00.000,
,,,,2099,,1343158,90,0,,2022-04-01 06:33:40.454,,2022-03-31 05:00:01.334,,,,-1,180000,24,,,,1584.5999,,79.179985,152d2180-28a4-4245-ad07-ed2c92179df3.extra_data.json,jBfEgmLJSx,0,com.sec.android.app.shealth,1343158,33720000,152d2180-28a4-4245-ad07-ed2c92179df3,2022-03-31 00:00:00.000,
,,,,1480,,946323,90,0,,2022-04-02 06:26:52.402,,2022-04-01 07:00:01.514,,,,-1,120000,16,,,,1100.36,,57.309994,e6eec569-22cd-41af-bb23-bc868daeabdf.extra_data.json,jBfEgmLJSx,0,com.sec.android.app.shealth,946323,70920000,e6eec569-22cd-41af-bb23-bc868daeabdf,2022-04-01 00:00:00.000,
,,,,2141,,1385209,90,0,,2022-04-03 02:09:39.161,,2022-04-02 07:00:01.195,,,,-1,120000,25,,,,1583.9098,,82.78999,14c23f57-f7ee-4982-bf02-0049980f9a9c.extra_data.json,jBfEgmLJSx,0,com.sec.android.app.shealth,1385209,28320000,14c23f57-f7ee-4982-bf02-0049980f9a9c,2022-04-02 00:00:00.000,
,,,,2107,,1374537,90,0,,2022-04-04 03:35:01.472,,2022-04-03 05:00:00.953,,,,-1,120000,24,,,,1570.52,,78.31999,edb060ea-2734-4027-a2de-71ec3486c223.extra_data.json,jBfEgmLJSx,0,com.sec.android.app.shealth,1374537,25680000,edb060ea-2734-4027-a2de-71ec3486c223,2022-04-03 00:00:00.000,
,,,,3719,,2311739,90,0,,2022-04-05 02:17:01.681,,2022-04-04 04:00:00.457,,,,-1,240000,42,,,,2739.32,,146.29993,f525c491-d865-491a-b406-7a0c37815fc6.extra_data.json,jBfEgmLJSx,0,com.sec.android.app.shealth,2311739,27480000,f525c491-d865-491a-b406-7a0c37815fc6,2022-04-04 00:00:00.000,
,,,,923,,567407,90,0,,2022-04-06 02:42:26.807,,2022-04-05 04:00:02.205,,,,-1,240000,10,,,,681.80005,,36.539993,40935d6a-7060-4fbe-930e-09c7f2078fc7.extra_data.json,jBfEgmLJSx,0,com.sec.android.app.shealth,567407,72000000,40935d6a-7060-4fbe-930e-09c7f2078fc7,2022-04-05 00:00:00.000,
,,,,2732,,1686393,90,0,,2022-04-07 03:37:04.460,,2022-04-06 04:00:02.294,,,,-1,480000,31,,,,2030.9397,,107.15999,7c39461d-d870-4419-8be5-0c4b6dcf846f.extra_data.json,jBfEgmLJSx,0,com.sec.android.app.shealth,1686393,39360000,7c39461d-d870-4419-8be5-0c4b6dcf846f,2022-04-06 00:00:00.000,
,,,,2383,,1531652,90,0,,2022-04-08 02:33:08.809,,2022-04-07 04:00:01.012,,,,-1,180000,27,,,,1793.4999,,85.6,6eafa0b8-f430-4b6e-9373-7b0464b65def.extra_data.json,jBfEgmLJSx,4114,com.sec.android.app.shealth,1527538,30780000,6eafa0b8-f430-4b6e-9373-7b0464b65def,2022-04-07 00:00:00.000,
,,,,5046,,3340586,90,0,,2022-04-09 02:49:18.783,,2022-04-08 04:00:01.198,,,,-1,120000,61,,,,3802.7805,,183.52994,765f01e0-86a5-4f63-b50a-b54f1717501c.extra_data.json,jBfEgmLJSx,400,com.sec.android.app.shealth,3340186,22920000,765f01e0-86a5-4f63-b50a-b54f1717501c,2022-04-08 00:00:00.000,
,,,,3191,,2063428,90,0,,2022-04-10 03:47:00.883,,2022-04-09 04:00:00.895,,,,-1,180000,37,,,,2347.66,,122.05,ffab57ae-0cdf-4688-b7b7-cd48b0aa12be.extra_data.json,jBfEgmLJSx,0,com.sec.android.app.shealth,2063428,35220000,ffab57ae-0cdf-4688-b7b7-cd48b0aa12be,2022-04-09 00:00:00.000,
,,,,2910,,1871834,90,0,,2022-04-10 23:46:01.174,,2022-04-10 05:00:00.861,,,,-1,180000,34,,,,2164.21,,111.89997,bbd31f35-ddc9-4565-b383-93d770567f55.extra_data.json,jBfEgmLJSx,3200,com.sec.android.app.shealth,1868634,19320000,bbd31f35-ddc9-4565-b383-93d770567f55,2022-04-10 00:00:00.000,
,,,,3234,,2062671,90,0,,2022-04-12 02:54:13.861,,2022-04-11 05:00:29.696,,,,-1,300000,37,,,,2413.9104,,122.43998,42824e21-e0d2-4726-9dd2-2d5b556e1216.extra_data.json,jBfEgmLJSx,0,com.sec.android.app.shealth,2062671,33960000,42824e21-e0d2-4726-9dd2-2d5b556e1216,2022-04-11 00:00:00.000,
,,,,605,,388771,90,0,,2022-04-12 20:53:37.022,,2022-04-12 05:00:01.087,,,,-1,120000,6,,,,447.61993,,23.259995,41bcd25d-862e-40c4-99bb-c28899e3603a.extra_data.json,jBfEgmLJSx,0,com.sec.android.app.shealth,388771,48780000,41bcd25d-862e-40c4-99bb-c28899e3603a,2022-04-12 00:00:00.000,
,,,,2912,,1907470,90,0,,2022-04-14 02:02:02.015,,2022-04-13 05:04:18.159,,,,-1,60000,34,,,,2196.5002,,106.289986,edfaa1d7-4de9-4a5a-8b50-8dca00d283b8.extra_data.json,jBfEgmLJSx,0,com.sec.android.app.shealth,1907470,30360000,edfaa1d7-4de9-4a5a-8b50-8dca00d283b8,2022-04-13 00:00:00.000,
,,,,1034,,656238,90,0,,2022-04-15 04:54:08.431,,2022-04-14 05:00:00.784,,,,-1,60000,11,,,,776.0399,,38.11,f2a486f5-13c2-417d-aabc-dc04ed1215a0.extra_data.json,jBfEgmLJSx,0,com.sec.android.app.shealth,656238,32460000,f2a486f5-13c2-417d-aabc-dc04ed1215a0,2022-04-14 00:00:00.000,
,,,,949,,632983,90,0,,2022-04-16 07:00:00.590,,2022-04-15 05:00:00.485,,,,-1,52693,11,,,,702.22015,,34.35,f7f10192-51ce-48bd-816e-268bf3d566d0.extra_data.json,jBfEgmLJSx,0,com.sec.android.app.shealth,632983,31200000,f7f10192-51ce-48bd-816e-268bf3d566d0,2022-04-15 00:00:00.000,
,,,,2774,,1837124,90,0,,2022-04-17 03:02:33.458,,2022-04-16 06:00:00.475,,,,-1,60000,33,,,,2079.2002,,105.81998,3378d9a5-b24f-483d-8bfa-c9c6f25cc0b4.extra_data.json,jBfEgmLJSx,1600,com.sec.android.app.shealth,1835524,12840000,3378d9a5-b24f-483d-8bfa-c9c6f25cc0b4,2022-04-16 00:00:00.000,
,,,,1179,,759623,90,0,,2022-04-18 04:26:37.491,,2022-04-17 06:00:01.013,,,,-1,60000,13,,,,865.82996,,44.990005,8f39d1c8-d487-4647-882e-ba1f246d5dce.extra_data.json,jBfEgmLJSx,0,com.sec.android.app.shealth,759623,36060000,8f39d1c8-d487-4647-882e-ba1f246d5dce,2022-04-17 00:00:00.000,
,,,,981,,636895,90,0,,2022-04-19 03:39:01.895,,2022-04-18 05:00:00.461,,,,-1,120000,11,,,,734.25995,,37.279987,2f8dd56d-bdba-443a-ae80-6c0b401a1020.extra_data.json,jBfEgmLJSx,0,com.sec.android.app.shealth,636895,40200000,2f8dd56d-bdba-443a-ae80-6c0b401a1020,2022-04-18 00:00:00.000,
,,,,39,,26013,90,0,,2022-04-20 05:00:00.693,,2022-04-19 05:19:02.406,,,,-1,16008,0,,,,27.929998,,1.4300001,686b651b-dd12-4192-b9d7-4bf299664d36.extra_data.json,jBfEgmLJSx,0,com.sec.android.app.shealth,26013,38879999,686b651b-dd12-4192-b9d7-4bf299664d36,2022-04-19 00:00:00.000,
,,,,235,,156745,90,0,,2022-04-21 00:19:02.396,,2022-04-20 05:00:00.630,,,,-1,20677,2,,,,184.7,,7.85,2e6683f5-e995-4e4e-ad29-2d2d454159b7.extra_data.json,jBfEgmLJSx,0,com.sec.android.app.shealth,156745,57480000,2e6683f5-e995-4e4e-ad29-2d2d454159b7,2022-04-20 00:00:00.000,
,,,,3266,,2097415,90,0,,2022-04-22 06:27:59.181,,2022-04-21 05:00:00.858,,,,-1,180000,37,,,,2448.0396,,122.64,e86f314b-d0b6-434e-83b7-a3a24983dbe5.extra_data.json,jBfEgmLJSx,0,com.sec.android.app.shealth,2097415,17580000,e86f314b-d0b6-434e-83b7-a3a24983dbe5,2022-04-21 00:00:00.000,
,,,,2541,,1641944,90,0,,2022-04-23 03:13:01.807,,2022-04-22 07:00:00.567,,,,-1,120000,30,,,,1899.02,,95.379944,3b620dc1-a966-4977-ae96-5157f7ea7624.extra_data.json,jBfEgmLJSx,0,com.sec.android.app.shealth,1641944,26280000,3b620dc1-a966-4977-ae96-5157f7ea7624,2022-04-22 00:00:00.000,
,,,,4114,,2670428,90,0,,2022-04-24 02:55:05.159,,2022-04-23 08:24:57.832,,,,-1,180000,48,,,,3036.4,,158.47995,e188f3bc-b20a-4759-9c63-259784d6f7ed.extra_data.json,jBfEgmLJSx,0,com.sec.android.app.shealth,2670428,15660000,e188f3bc-b20a-4759-9c63-259784d6f7ed,2022-04-23 00:00:00.000,
,,,,2513,,1653536,90,0,,2022-04-25 03:45:46.085,,2022-04-24 05:00:00.999,,,,-1,60000,30,,,,1916.08,,91.08998,a13ede36-3f2f-4727-ac7b-d53e2c871c33.extra_data.json,jBfEgmLJSx,800,com.sec.android.app.shealth,1652736,18240000,a13ede36-3f2f-4727-ac7b-d53e2c871c33,2022-04-24 00:00:00.000,
,,,,773,,515591,90,0,,2022-04-25 23:15:01.542,,2022-04-25 04:00:00.554,,,,-1,60000,8,,,,571.09,,29.859993,1a918f15-48cb-42c6-9366-d4f7e18e2332.extra_data.json,jBfEgmLJSx,0,com.sec.android.app.shealth,515591,43080000,1a918f15-48cb-42c6-9366-d4f7e18e2332,2022-04-25 00:00:00.000,
,,,,2850,,1876788,90,0,,2022-04-27 04:57:38.043,,2022-04-26 04:00:00.629,,,,-1,120000,34,,,,2162.4304,,103.22999,12a295a7-d0c5-4485-ad09-9436628b8ab0.extra_data.json,jBfEgmLJSx,0,com.sec.android.app.shealth,1876788,18180000,12a295a7-d0c5-4485-ad09-9436628b8ab0,2022-04-26 00:00:00.000,
,,,,1641,,1011569,90,0,,2022-04-27 20:47:28.223,,2022-04-27 05:00:00.474,,,,-1,360000,17,,,,1220.96,,63.7,7ddb4b0a-b3f3-4bad-b5d0-439a6584ca19.extra_data.json,jBfEgmLJSx,0,com.sec.android.app.shealth,1011569,36300000,7ddb4b0a-b3f3-4bad-b5d0-439a6584ca19,2022-04-27 00:00:00.000,
,,,,4862,,3128537,90,0,,2022-04-29 03:35:08.559,,2022-04-28 05:00:00.992,,,,-1,120000,57,,,,3596.0293,,188.45001,13868724-d4b6-4c32-bfc0-2efbde46032c.extra_data.json,jBfEgmLJSx,0,com.sec.android.app.shealth,3128537,13620000,13868724-d4b6-4c32-bfc0-2efbde46032c,2022-04-28 00:00:00.000,
,,,,1176,,762928,90,0,,2022-04-30 05:00:00.999,,2022-04-29 05:00:02.007,,,,-1,60000,13,,,,869.3299,,43.629997,a1686e30-fb30-47b2-a459-11af3c1ab3a2.extra_data.json,jBfEgmLJSx,0,com.sec.android.app.shealth,762928,45479999,a1686e30-fb30-47b2-a459-11af3c1ab3a2,2022-04-29 00:00:00.000,
,,,,2812,,1780590,90,0,,2022-05-01 06:43:52.492,,2022-04-30 05:00:00.953,,,,-1,120000,32,,,,2101.1797,,106.57001,869087b1-a0eb-4157-80d8-157ed4802de7.extra_data.json,jBfEgmLJSx,0,com.sec.android.app.shealth,1780590,13920000,869087b1-a0eb-4157-80d8-157ed4802de7,2022-04-30 00:00:00.000,
,,,,2813,,1860203,90,0,,2022-05-02 00:15:17.075,,2022-05-01 07:00:00.563,,,,-1,120000,34,,,,2058.2996,,108.14999,ad08856a-aec8-4929-b48d-0cffc0c43884.extra_data.json,jBfEgmLJSx,0,com.sec.android.app.shealth,1860203,34020000,ad08856a-aec8-4929-b48d-0cffc0c43884,2022-05-01 00:00:00.000,
,,,,3560,,2362555,90,0,,2022-05-03 08:06:11.036,,2022-05-02 07:33:08.682,,,,-1,180000,43,,,,2589.2693,,137.12003,417e73be-36bb-4406-b9a6-c2f716177d56.extra_data.json,jBfEgmLJSx,4800,com.sec.android.app.shealth,2357755,22560000,417e73be-36bb-4406-b9a6-c2f716177d56,2022-05-02 00:00:00.000,
,,,,4766,,3178892,90,0,,2022-05-04 01:49:52.016,,2022-05-03 08:06:10.921,,,,-1,60000,57,,,,3525.5708,,177.75009,028c1b44-ae4a-4f40-be33-5e1a911734b8.extra_data.json,jBfEgmLJSx,0,com.sec.android.app.shealth,3178892,24060000,028c1b44-ae4a-4f40-be33-5e1a911734b8,2022-05-03 00:00:00.000,
,,,,2158,,1436983,90,0,,2022-05-05 04:55:07.150,,2022-05-04 07:12:06.758,,,,-1,45356,25,,,,1616.7006,,79.86001,d2cacc30-0531-4bef-a2fa-f266875ed0ae.extra_data.json,jBfEgmLJSx,3600,com.sec.android.app.shealth,1433383,55560000,d2cacc30-0531-4bef-a2fa-f266875ed0ae,2022-05-04 00:00:00.000,
,,,,498,,331365,90,0,,2022-05-06 07:05:12.003,,2022-05-05 07:24:21.463,,,,-1,34017,5,,,,365.42,,19.480001,016535d7-61aa-40fb-8c32-d6c6e6db7fba.extra_data.json,jBfEgmLJSx,1200,com.sec.android.app.shealth,330165,40019999,016535d7-61aa-40fb-8c32-d6c6e6db7fba,2022-05-05 00:00:00.000,
,,,,4647,,3085881,90,0,,2022-05-07 04:53:26.736,,2022-05-06 07:05:11.895,,,,-1,180000,56,,,,3440.749,,172.54996,400695ef-d936-482e-a305-85f5d3dd21c3.extra_data.json,jBfEgmLJSx,2400,com.sec.android.app.shealth,3083481,22740000,400695ef-d936-482e-a305-85f5d3dd21c3,2022-05-06 00:00:00.000,
,,,,1278,,849222,90,0,,2022-05-08 07:06:00.354,,2022-05-07 07:00:00.729,,,,-1,44153,15,,,,949.81995,,48.550007,ea3468a5-06da-41bd-87d4-3f3a097fd53c.extra_data.json,jBfEgmLJSx,4800,com.sec.android.app.shealth,844422,28019999,ea3468a5-06da-41bd-87d4-3f3a097fd53c,2022-05-07 00:00:00.000,
,,,,1270,,847090,90,0,,2022-05-09 06:04:14.103,,2022-05-08 07:06:00.270,,,,-1,60000,15,,,,928.9099,,48.01,2a92fcc5-0b64-4369-a04d-375e7723b9a1.extra_data.json,jBfEgmLJSx,0,com.sec.android.app.shealth,847090,20280000,2a92fcc5-0b64-4369-a04d-375e7723b9a1,2022-05-08 00:00:00.000,
,,,,149,,99383,90,0,,2022-05-10 07:00:01.601,,2022-05-09 07:00:02.673,,,,-1,23345,1,,,,107.34,,5.6699996,b114eadf-9ba3-4f32-b236-302a98ddc2c9.extra_data.json,jBfEgmLJSx,0,com.sec.android.app.shealth,99383,35999999,b114eadf-9ba3-4f32-b236-302a98ddc2c9,2022-05-09 00:00:00.000,
,,,,918,,612306,90,0,,2022-05-11 05:15:02.439,,2022-05-10 07:00:01.552,,,,-1,37352,11,,,,664.93994,,35.03,3b6a0322-fdb1-4666-9960-be47c1c92df1.extra_data.json,jBfEgmLJSx,0,com.sec.android.app.shealth,612306,32340000,3b6a0322-fdb1-4666-9960-be47c1c92df1,2022-05-10 00:00:00.000,
,,,,1169,,775024,90,0,,2022-05-12 00:16:21.840,,2022-05-11 07:00:17.031,,,,-1,60000,13,,,,850.69,,44.7,e26d167e-61ef-4c6a-b054-8fb9ac59a673.extra_data.json,jBfEgmLJSx,0,com.sec.android.app.shealth,775024,45060000,e26d167e-61ef-4c6a-b054-8fb9ac59a673,2022-05-11 00:00:00.000,
,,,,3137,,2092379,90,0,,2022-05-13 05:56:42.530,,2022-05-12 07:31:34.293,,,,-1,60000,37,,,,2301.4604,,117.95002,5d291f0f-fe85-408b-bfea-73eb2d15be09.extra_data.json,jBfEgmLJSx,0,com.sec.android.app.shealth,2092379,47220000,5d291f0f-fe85-408b-bfea-73eb2d15be09,2022-05-12 00:00:00.000,
,,,,4729,,3135447,90,0,,2022-05-14 03:35:33.954,,2022-05-13 07:27:39.099,,,,-1,120000,57,,,,3457.4202,,181.18004,c6c9d739-f886-4927-81b4-6adb677ef3be.extra_data.json,jBfEgmLJSx,0,com.sec.android.app.shealth,3135447,33060000,c6c9d739-f886-4927-81b4-6adb677ef3be,2022-05-13 00:00:00.000,
,,,,2154,,1436718,90,0,,2022-05-15 07:16:48.891,,2022-05-14 07:00:02.479,,,,-1,60000,25,,,,1566.7899,,81.85999,fcf1dd02-3bea-4242-bf57-b1431605b08f.extra_data.json,jBfEgmLJSx,0,com.sec.android.app.shealth,1436718,28860000,fcf1dd02-3bea-4242-bf57-b1431605b08f,2022-05-14 00:00:00.000,
,,,,5129,,3391515,90,0,,2022-05-16 06:55:53.071,,2022-05-15 07:00:01.336,,,,-1,180000,62,,,,3747.1895,,197.07999,7b7fa6ec-9c2d-4c34-a7d4-98b946a3d000.extra_data.json,jBfEgmLJSx,0,com.sec.android.app.shealth,3391515,48240000,7b7fa6ec-9c2d-4c34-a7d4-98b946a3d000,2022-05-15 00:00:00.000,
,,,,7447,,4921546,90,0,,2022-05-17 06:46:48.270,,2022-05-16 07:00:01.864,,,,-1,928440,90,,,,5543.7505,,279.7566,85626338-f884-45ee-af27-9cfff2345517.extra_data.json,jBfEgmLJSx,2400,com.sec.android.app.shealth,4919146,22320000,85626338-f884-45ee-af27-9cfff2345517,2022-05-16 00:00:00.000,
,,,,929,,619643,90,0,,2022-05-18 04:15:10.998,,2022-05-17 07:00:02.118,,,,-1,60000,11,,,,672.27997,,33.909996,ca86a28b-7bfe-4b10-8941-00e775ea7103.extra_data.json,jBfEgmLJSx,0,com.sec.android.app.shealth,619643,69240000,ca86a28b-7bfe-4b10-8941-00e775ea7103,2022-05-17 00:00:00.000,
,,,,3293,,2184392,90,0,,2022-05-19 04:18:03.922,,2022-05-18 07:00:01.157,,,,-1,60000,40,,,,2508.0396,,118.07001,4caaec0e-42f2-419a-88c5-7316f68d6a2f.extra_data.json,jBfEgmLJSx,6000,com.sec.android.app.shealth,2178392,25740000,4caaec0e-42f2-419a-88c5-7316f68d6a2f,2022-05-18 00:00:00.000,
,,,,3232,,10211829,90,8112960,,2022-05-20 07:15:33.839,,2022-05-19 07:16:42.893,,,,-1,5564320,187,,,,2379.7905,,1140.7399,fcd0b670-3e25-4593-bf5f-1a49c4003f41.extra_data.json,jBfEgmLJSx,0,com.sec.android.app.shealth,2098869,29940000,fcd0b670-3e25-4593-bf5f-1a49c4003f41,2022-05-19 00:00:00.000,
,,,,3993,,2639387,90,0,,2022-05-21 04:57:27.627,,2022-05-20 07:00:00.482,,,,-1,60000,47,,,,3006.8306,,141.75996,bca90015-9655-4a83-a1f4-fa0dafc8641d.extra_data.json,jBfEgmLJSx,24783,com.sec.android.app.shealth,2614604,15420000,bca90015-9655-4a83-a1f4-fa0dafc8641d,2022-05-20 00:00:00.000,
,,,,3168,,2088227,90,0,,2022-05-22 06:07:48.180,,2022-05-21 05:00:00.412,,,,-1,120000,37,,,,2382.4905,,113.24,1835c3cd-6622-440d-bd25-a06a1b2622fd.extra_data.json,jBfEgmLJSx,0,com.sec.android.app.shealth,2088227,29280000,1835c3cd-6622-440d-bd25-a06a1b2622fd,2022-05-21 00:00:00.000,
,,,,1704,,1104132,90,0,,2022-05-23 07:00:01.106,,2022-05-22 07:00:47.472,,,,-1,120000,20,,,,1279.651,,64.700005,4f1835dd-0481-4e30-a8e4-5da24fcee1d6.extra_data.json,jBfEgmLJSx,6400,com.sec.android.app.shealth,1097732,41340000,4f1835dd-0481-4e30-a8e4-5da24fcee1d6,2022-05-22 00:00:00.000,
,,,,562,,374854,90,0,,2022-05-24 07:00:01.111,,2022-05-23 07:00:01.036,,,,-1,60000,6,,,,421.75998,,20.43,1db756f3-7a56-4224-a7a0-07d3e6da0fdc.extra_data.json,jBfEgmLJSx,0,com.sec.android.app.shealth,374854,39479999,1db756f3-7a56-4224-a7a0-07d3e6da0fdc,2022-05-23 00:00:00.000,
,,,,1081,,702291,90,0,,2022-05-25 05:01:53.616,,2022-05-24 07:00:00.978,,,,-1,60000,12,,,,813.7402,,39.760002,e3b6ee79-3976-470d-8ed3-00babac5bc2a.extra_data.json,jBfEgmLJSx,0,com.sec.android.app.shealth,702291,24480000,e3b6ee79-3976-470d-8ed3-00babac5bc2a,2022-05-24 00:00:00.000,
,,,,2565,,1702524,90,0,,2022-05-26 05:32:04.942,,2022-05-25 06:00:01.022,,,,-1,120000,31,,,,1908.7001,,99.82,39d93a77-e689-4bd1-b168-a76909ced9c1.extra_data.json,jBfEgmLJSx,400,com.sec.android.app.shealth,1702124,26340000,39d93a77-e689-4bd1-b168-a76909ced9c1,2022-05-25 00:00:00.000,
,,,,3498,,2302097,90,0,,2022-05-27 06:26:16.097,,2022-05-26 06:00:00.381,,,,-1,120000,42,,,,2576.5503,,135.25998,54b73a40-eebf-4238-a809-42d168aa60d2.extra_data.json,jBfEgmLJSx,400,com.sec.android.app.shealth,2301697,35280000,54b73a40-eebf-4238-a809-42d168aa60d2,2022-05-26 00:00:00.000,
,,,,3711,,3720904,90,1641000,,2022-05-28 06:48:16.472,,2022-05-27 07:00:01.153,,,,-1,835520,67,,,,2313.3967,,356.9084,302c7d28-5bb1-4578-a7fe-dbf58e5ce0cf.extra_data.json,jBfEgmLJSx,400,com.sec.android.app.shealth,2079504,28500000,302c7d28-5bb1-4578-a7fe-dbf58e5ce0cf,2022-05-27 00:00:00.000,
,,,,3414,,2268437,90,0,,2022-05-29 06:24:04.897,,2022-05-28 07:00:00.641,,,,-1,60000,41,,,,2497.0796,,122.860016,94583922-89b4-4219-9990-19a15f7b2989.extra_data.json,jBfEgmLJSx,0,com.sec.android.app.shealth,2268437,25560000,94583922-89b4-4219-9990-19a15f7b2989,2022-05-28 00:00:00.000,
,,,,5118,,5457541,90,2473510,,2022-05-30 15:20:36.224,,2022-05-29 07:00:00.741,,,,-1,1096100,100,,,,3304.3745,,496.95,a8ee3619-5303-4a78-b911-fdc62adca2b0.extra_data.json,jBfEgmLJSx,5600,com.sec.android.app.shealth,2978431,32100000,a8ee3619-5303-4a78-b911-fdc62adca2b0,2022-05-29 00:00:00.000,
,,,,2546,,1698182,90,0,,2022-05-31 06:30:08.972,,2022-05-30 15:20:34.163,,,,-1,60000,31,,,,1860.9906,,92.38001,1c12aa2d-4317-4412-8e0a-4fe42faa391e.extra_data.json,jBfEgmLJSx,0,com.sec.android.app.shealth,1698182,29160000,1c12aa2d-4317-4412-8e0a-4fe42faa391e,2022-05-30 00:00:00.000,
,,,,1410,,933606,90,0,,2022-06-01 05:26:29.008,,2022-05-31 07:00:00.381,,,,-1,120000,16,,,,1024.0499,,54.68,8bb4c258-4cfb-4ecb-80a1-caef655ce070.extra_data.json,jBfEgmLJSx,1200,com.sec.android.app.shealth,932406,27420000,8bb4c258-4cfb-4ecb-80a1-caef655ce070,2022-05-31 00:00:00.000,
,,,,1751,,1167917,90,0,,2022-06-02 05:35:02.640,,2022-06-01 07:00:02.029,,,,-1,52693,21,,,,1278.71,,65.83999,0bd859ed-c1b3-43ea-a194-0e5eb0bf989e.extra_data.json,jBfEgmLJSx,0,com.sec.android.app.shealth,1167917,28200000,0bd859ed-c1b3-43ea-a194-0e5eb0bf989e,2022-06-01 00:00:00.000,
,,,,6341,,4204380,90,0,,2022-06-03 05:57:56.811,,2022-06-02 07:00:02.583,,,,-1,120000,77,,,,4626.9683,,243.34,d00d67f2-73a1-44ef-a882-4a94ef2f27da.extra_data.json,jBfEgmLJSx,2400,com.sec.android.app.shealth,4201980,21180000,d00d67f2-73a1-44ef-a882-4a94ef2f27da,2022-06-02 00:00:00.000,
,,,,4631,,3085748,90,0,,2022-06-04 07:15:03.394,,2022-06-03 07:00:02.489,,,,-1,120000,56,,,,3380.5806,,176.87004,46c5cf76-d065-4079-9813-2e2795719a16.extra_data.json,jBfEgmLJSx,1600,com.sec.android.app.shealth,3084148,26280000,46c5cf76-d065-4079-9813-2e2795719a16,2022-06-03 00:00:00.000,
,,,,5023,,3332879,90,0,,2022-06-05 06:15:35.962,,2022-06-04 07:00:00.457,,,,-1,120000,61,,,,3697.759,,188.79999,1bc35a59-3d57-432f-8d44-9f8eeefffc4c.extra_data.json,jBfEgmLJSx,0,com.sec.android.app.shealth,3332879,26700000,1bc35a59-3d57-432f-8d44-9f8eeefffc4c,2022-06-04 00:00:00.000,
,,,,3139,,2089651,90,0,,2022-06-06 06:45:46.322,,2022-06-05 07:00:01.437,,,,-1,60000,37,,,,2306.3694,,117.99,aec2bb08-f598-4036-8063-cdf27c7e43ef.extra_data.json,jBfEgmLJSx,0,com.sec.android.app.shealth,2089651,25920000,aec2bb08-f598-4036-8063-cdf27c7e43ef,2022-06-05 00:00:00.000,
,,,,2080,,1381297,90,0,,2022-06-07 06:35:06.289,,2022-06-06 07:00:00.469,,,,-1,60000,25,,,,1507.1604,,79.71999,9ef1ca40-5a03-46d7-8532-bc5ffce0faa2.extra_data.json,jBfEgmLJSx,0,com.sec.android.app.shealth,1381297,31980000,9ef1ca40-5a03-46d7-8532-bc5ffce0faa2,2022-06-06 00:00:00.000,
,,,,2659,,1772189,90,0,,2022-06-08 03:03:45.085,,2022-06-07 07:00:00.996,,,,-1,120000,32,,,,1931.8799,,101.229996,12411f99-99e0-47f4-ae6b-ed65d4837d9a.extra_data.json,jBfEgmLJSx,0,com.sec.android.app.shealth,1772189,33840000,12411f99-99e0-47f4-ae6b-ed65d4837d9a,2022-06-07 00:00:00.000,
,,,,4740,,3148150,90,0,,2022-06-09 06:15:03.388,,2022-06-08 07:00:02.399,,,,-1,120000,57,,,,3498.0508,,176.32002,ace8e3be-571c-4a33-a7ce-00ee6d640fdd.extra_data.json,jBfEgmLJSx,0,com.sec.android.app.shealth,3148150,22800000,ace8e3be-571c-4a33-a7ce-00ee6d640fdd,2022-06-08 00:00:00.000,
,,,,2998,,1999666,90,0,,2022-06-10 06:24:45.643,,2022-06-09 07:00:02.423,,,,-1,44689,36,,,,2251.0398,,109.72002,64dda7dd-8246-450d-b5bc-8f41ecc24ba0.extra_data.json,jBfEgmLJSx,0,com.sec.android.app.shealth,1999666,39420000,64dda7dd-8246-450d-b5bc-8f41ecc24ba0,2022-06-09 00:00:00.000,
,,,,2714,,1809704,90,0,,2022-06-11 06:06:42.018,,2022-06-10 07:00:00.531,,,,-1,50025,33,,,,2041.2,,98.96001,056d2ab7-f098-493f-a772-a597df8c8c08.extra_data.json,jBfEgmLJSx,800,com.sec.android.app.shealth,1808904,28320000,056d2ab7-f098-493f-a772-a597df8c8c08,2022-06-10 00:00:00.000,
,,,,2021,,1348007,90,0,,2022-06-12 07:15:03.156,,2022-06-11 07:00:01.561,,,,-1,60000,24,,,,1500.5599,,75.66999,5b90fa9f-ef43-4733-b536-c26f26301a0a.extra_data.json,jBfEgmLJSx,0,com.sec.android.app.shealth,1348007,35400000,5b90fa9f-ef43-4733-b536-c26f26301a0a,2022-06-11 00:00:00.000,
,,,,3584,,2368337,90,0,,2022-06-13 07:15:09.291,,2022-06-12 07:00:00.469,,,,-1,120000,43,,,,2677.67,,134.06,717799af-cc53-4a91-ac5e-9ec4d4e43082.extra_data.json,jBfEgmLJSx,0,com.sec.android.app.shealth,2368337,38340000,717799af-cc53-4a91-ac5e-9ec4d4e43082,2022-06-12 00:00:00.000,
,,,,3709,,2473903,90,0,,2022-06-14 05:06:55.665,,2022-06-13 07:00:00.500,,,,-1,48691,45,,,,2740.8499,,138.72003,fa80a0cf-d01c-44e9-83f7-bb392bfb74f1.extra_data.json,jBfEgmLJSx,0,com.sec.android.app.shealth,2473903,30600000,fa80a0cf-d01c-44e9-83f7-bb392bfb74f1,2022-06-13 00:00:00.000,
,,,,1225,,816808,90,0,,2022-06-15 05:12:01.382,,2022-06-14 07:00:00.649,,,,-1,38419,14,,,,929.66,,44.079994,22507a60-e258-4554-b0e8-de480d8a92f7.extra_data.json,jBfEgmLJSx,400,com.sec.android.app.shealth,816408,27180000,22507a60-e258-4554-b0e8-de480d8a92f7,2022-06-14 00:00:00.000,
,,,,2638,,1739772,90,0,,2022-06-16 06:44:02.995,,2022-06-15 07:00:01.723,,,,-1,120000,31,,,,2006.91,,94.759995,264c6a38-598a-41ce-b404-61a158bd78c5.extra_data.json,jBfEgmLJSx,1600,com.sec.android.app.shealth,1738172,29220000,264c6a38-598a-41ce-b404-61a158bd78c5,2022-06-15 00:00:00.000,
,,,,15,,10005,90,0,,2022-06-16 20:59:17.044,,2022-06-16 07:00:01.526,,,,-1,10005,0,,,,11.27,,0.52,8cce62a6-d6bf-4b51-9431-255712015d52.extra_data.json,jBfEgmLJSx,0,com.sec.android.app.shealth,10005,50280000,8cce62a6-d6bf-4b51-9431-255712015d52,2022-06-16 00:00:00.000,
,,,,4451,,2900483,90,0,,2022-06-18 07:00:01.165,,2022-06-17 07:00:02.351,,,,-1,180000,53,,,,3258.23,,170.02,f00683a9-4243-4ec5-92bf-f087d3fef151.extra_data.json,jBfEgmLJSx,0,com.sec.android.app.shealth,2900483,15839999,f00683a9-4243-4ec5-92bf-f087d3fef151,2022-06-17 00:00:00.000,
,,,,1323,,876408,90,0,,2022-06-19 06:28:42.074,,2022-06-18 07:00:00.728,,,,-1,60000,15,,,,983.17004,,50.539986,3070ae5a-2d73-4d7c-85a2-d4b02a49f602.extra_data.json,jBfEgmLJSx,0,com.sec.android.app.shealth,876408,23880000,3070ae5a-2d73-4d7c-85a2-d4b02a49f602,2022-06-18 00:00:00.000,
,,,,145,,96715,90,0,,2022-06-20 00:30:01.672,,2022-06-19 07:00:01.215,,,,-1,18009,1,,,,106.32,,5.3300004,919f2f13-9af1-4384-8b0e-765cb05a30ae.extra_data.json,jBfEgmLJSx,0,com.sec.android.app.shealth,96715,35040000,919f2f13-9af1-4384-8b0e-765cb05a30ae,2022-06-19 00:00:00.000,
,,,,452,,300950,90,0,,2022-06-21 03:40:10.954,,2022-06-20 08:42:14.981,,,,-1,29348,5,,,,338.47998,,16.289999,b5f087eb-80b2-4b69-a1c0-527855df8f1c.extra_data.json,jBfEgmLJSx,800,com.sec.android.app.shealth,300150,36780000,b5f087eb-80b2-4b69-a1c0-527855df8f1c,2022-06-20 00:00:00.000,
,,,,213,,142071,90,0,,2022-06-22 05:19:41.217,,2022-06-21 07:01:55.235,,,,-1,19343,2,,,,158.84001,,7.6299996,e29b2244-8353-4063-8ec1-b3d414205706.extra_data.json,jBfEgmLJSx,0,com.sec.android.app.shealth,142071,46800000,e29b2244-8353-4063-8ec1-b3d414205706,2022-06-21 00:00:00.000,
,,,,544,,362848,90,0,,2022-06-23 06:49:36.609,,2022-06-22 14:38:45.880,,,,-1,33350,6,,,,406.19003,,19.85,cabe2dd5-5fb4-4ce8-970d-32d94e31b221.extra_data.json,jBfEgmLJSx,0,com.sec.android.app.shealth,362848,43500000,cabe2dd5-5fb4-4ce8-970d-32d94e31b221,2022-06-22 00:00:00.000,
,,,,333,,222111,90,0,,2022-06-24 01:24:39.618,,2022-06-23 07:00:00.606,,,,-1,48024,3,,,,239.84001,,12.59,991f83c2-9f31-4ca4-922c-6f7d18818925.extra_data.json,jBfEgmLJSx,0,com.sec.android.app.shealth,222111,37140000,991f83c2-9f31-4ca4-922c-6f7d18818925,2022-06-23 00:00:00.000,
,,,,1466,,977822,90,0,,2022-06-25 06:10:04.417,,2022-06-24 07:00:02.437,,,,-1,60000,17,,,,1088.1702,,53.69999,39b4c336-73ed-4a4c-9945-203bcb3ce99a.extra_data.json,jBfEgmLJSx,0,com.sec.android.app.shealth,977822,35100000,39b4c336-73ed-4a4c-9945-203bcb3ce99a,2022-06-24 00:00:00.000,
,,,,1622,,1081177,90,0,,2022-06-26 06:17:07.295,,2022-06-25 07:00:01.049,,,,-1,60000,20,,,,1193.7002,,60.56,e2547e04-9607-4eb2-8a9e-1d74a0af45c0.extra_data.json,jBfEgmLJSx,0,com.sec.android.app.shealth,1081177,44700000,e2547e04-9607-4eb2-8a9e-1d74a0af45c0,2022-06-25 00:00:00.000,
,,,,1434,,940573,90,0,,2022-06-27 07:00:01.822,,2022-06-26 07:03:53.609,,,,-1,120000,16,,,,1056.1102,,54.250008,f92987a4-54a2-4ed2-8b3d-b4c3c5462aa0.extra_data.json,jBfEgmLJSx,800,com.sec.android.app.shealth,939773,35399999,f92987a4-54a2-4ed2-8b3d-b4c3c5462aa0,2022-06-26 00:00:00.000,
,,,,3017,,2012339,90,0,,2022-06-28 07:22:47.511,,2022-06-27 07:00:01.758,,,,-1,60000,36,,,,2189.8494,,113.42999,f31271e1-1084-43c2-a7fd-419a867719ef.extra_data.json,jBfEgmLJSx,0,com.sec.android.app.shealth,2012339,23460000,f31271e1-1084-43c2-a7fd-419a867719ef,2022-06-27 00:00:00.000,
,,,,2978,,1971622,90,0,,2022-06-29 05:18:02.526,,2022-06-28 07:00:00.648,,,,-1,180000,35,,,,2174.4197,,112.30001,aee41c56-6c03-4659-b285-b1821b73b899.extra_data.json,jBfEgmLJSx,0,com.sec.android.app.shealth,1971622,18060000,aee41c56-6c03-4659-b285-b1821b73b899,2022-06-28 00:00:00.000,
,,,,4819,,3206905,90,0,,2022-06-30 05:06:35.294,,2022-06-29 07:00:02.045,,,,-1,60000,58,,,,3546.6895,,179.65996,ba376a6d-eb19-4b9d-bdec-b39c9fb34ced.extra_data.json,jBfEgmLJSx,2000,com.sec.android.app.shealth,3204905,18540000,ba376a6d-eb19-4b9d-bdec-b39c9fb34ced,2022-06-29 00:00:00.000,
,,,,2237,,1492079,90,0,,2022-07-01 06:15:33.521,,2022-06-30 07:00:01.170,,,,-1,51359,26,,,,1638.7198,,85.249985,388972e2-73e2-42fa-aa76-36edacb14201.extra_data.json,jBfEgmLJSx,0,com.sec.android.app.shealth,1492079,33000000,388972e2-73e2-42fa-aa76-36edacb14201,2022-06-30 00:00:00.000,
,,,,7781,,4984985,90,0,,2022-07-02 03:13:02.079,,2022-07-01 07:00:00.704,,,,-1,360000,92,,,,5756.378,,297.59995,57cfa50d-eddf-4bc5-b407-077bee081b7d.extra_data.json,jBfEgmLJSx,0,com.sec.android.app.shealth,4984985,16440000,57cfa50d-eddf-4bc5-b407-077bee081b7d,2022-07-01 00:00:00.000,
,,,,3979,,2615764,90,0,,2022-07-03 05:11:06.788,,2022-07-02 05:00:00.612,,,,-1,60000,47,,,,2945.7896,,149.23003,cfe65600-6846-44fe-9ce3-3ff525dfedad.extra_data.json,jBfEgmLJSx,0,com.sec.android.app.shealth,2615764,24900000,cfe65600-6846-44fe-9ce3-3ff525dfedad,2022-07-02 00:00:00.000,
,,,,6955,,4546845,90,0,,2022-07-04 05:35:09.975,,2022-07-03 06:00:01.436,,,,-1,120000,83,,,,5159.2603,,262.98996,28c9fafe-0b26-4502-a088-1839cadc19f3.extra_data.json,jBfEgmLJSx,1600,com.sec.android.app.shealth,4545245,19560000,28c9fafe-0b26-4502-a088-1839cadc19f3,2022-07-03 00:00:00.000,
,,,,2359,,1540680,90,0,,2022-07-05 06:36:17.155,,2022-07-04 07:25:44.514,,,,-1,120000,27,,,,1776.2106,,86.31999,fce16c3a-d9f7-4f07-9612-4f5a5615035c.extra_data.json,jBfEgmLJSx,0,com.sec.android.app.shealth,1540680,16980000,fce16c3a-d9f7-4f07-9612-4f5a5615035c,2022-07-04 00:00:00.000,
,,,,4235,,2795217,90,0,,2022-07-06 04:39:57.932,,2022-07-05 07:00:00.567,,,,-1,240000,51,,,,3135.7104,,160.22002,29278ec1-a2d2-4edb-a2c6-0a3621b0370f.extra_data.json,jBfEgmLJSx,0,com.sec.android.app.shealth,2795217,31980000,29278ec1-a2d2-4edb-a2c6-0a3621b0370f,2022-07-05 00:00:00.000,
,,,,2358,,1503845,90,0,,2022-07-07 01:56:09.289,,2022-07-06 08:45:57.155,,,,-1,120000,26,,,,1760.8201,,88.33999,7a0009b6-19db-42fc-85fa-82ae172af784.extra_data.json,jBfEgmLJSx,4614,com.sec.android.app.shealth,1499231,36540000,7a0009b6-19db-42fc-85fa-82ae172af784,2022-07-06 00:00:00.000,
,,,,1892,,1205786,90,0,,2022-07-08 03:29:33.951,,2022-07-07 07:00:03.742,,,,-1,180000,21,,,,1436.87,,72.07999,07500389-38aa-4fe1-84da-e1b134039fcd.extra_data.json,jBfEgmLJSx,11505,com.sec.android.app.shealth,1194281,19740000,07500389-38aa-4fe1-84da-e1b134039fcd,2022-07-07 00:00:00.000,
,,,,1572,,1022331,90,0,,2022-07-09 04:03:05.935,,2022-07-08 06:00:02.107,,,,-1,120000,18,,,,1160.15,,60.139996,676a63e7-af57-4b18-8e56-bd80516ff6ee.extra_data.json,jBfEgmLJSx,0,com.sec.android.app.shealth,1022331,21900000,676a63e7-af57-4b18-8e56-bd80516ff6ee,2022-07-08 00:00:00.000,
,,,,1052,,689618,90,0,,2022-07-10 03:40:33.968,,2022-07-09 05:00:00.966,,,,-1,60000,12,,,,772.7398,,40.76,40d81e02-08ef-49f0-a609-263b9b8954dd.extra_data.json,jBfEgmLJSx,0,com.sec.android.app.shealth,689618,62640000,40d81e02-08ef-49f0-a609-263b9b8954dd,2022-07-09 00:00:00.000,
,,,,1179,,745616,90,0,,2022-07-11 07:00:01.348,,2022-07-10 05:00:01.768,,,,-1,60000,13,,,,887.1099,,43.739994,06224b2e-6dc5-4bf2-953e-d067a56b8416.extra_data.json,jBfEgmLJSx,0,com.sec.android.app.shealth,745616,25439999,06224b2e-6dc5-4bf2-953e-d067a56b8416,2022-07-10 00:00:00.000,
,,,,1373,,878289,90,0,,2022-07-12 05:42:49.809,,2022-07-11 07:00:01.268,,,,-1,120000,15,,,,1010.56,,53.72001,232f2f37-1bc6-4dac-8837-b736195cab8c.extra_data.json,jBfEgmLJSx,0,com.sec.android.app.shealth,878289,61080000,232f2f37-1bc6-4dac-8837-b736195cab8c,2022-07-11 00:00:00.000,
,,,,589,,390165,90,0,,2022-07-13 05:45:27.534,,2022-07-12 07:00:00.572,,,,-1,60000,6,,,,424.16,,22.710003,4b3eba7c-29f3-4212-99f4-11771d132228.extra_data.json,jBfEgmLJSx,0,com.sec.android.app.shealth,390165,63360000,4b3eba7c-29f3-4212-99f4-11771d132228,2022-07-12 00:00:00.000,
,,,,2476,,1586863,90,0,,2022-07-14 06:20:55.006,,2022-07-13 07:00:01.961,,,,-1,240000,28,,,,1846.1101,,92.26997,a0dab969-ff2f-4d57-8594-1051a525557c.extra_data.json,jBfEgmLJSx,400,com.sec.android.app.shealth,1586463,31200000,a0dab969-ff2f-4d57-8594-1051a525557c,2022-07-13 00:00:00.000,
,,,,1838,,1199886,90,0,,2022-07-15 06:26:20.941,,2022-07-14 07:00:00.713,,,,-1,180000,21,,,,1377.5299,,70.78999,bf8c7d20-e80e-463b-862d-32be8c572298.extra_data.json,jBfEgmLJSx,800,com.sec.android.app.shealth,1199086,28140000,bf8c7d20-e80e-463b-862d-32be8c572298,2022-07-14 00:00:00.000,
,,,,1429,,953143,90,0,,2022-07-16 04:38:38.922,,2022-07-15 06:29:20.569,,,,-1,120000,16,,,,1074.1901,,52.049984,b9a00ad3-2c6e-4ffd-8c38-c797399ee4ca.extra_data.json,jBfEgmLJSx,0,com.sec.android.app.shealth,953143,18360000,b9a00ad3-2c6e-4ffd-8c38-c797399ee4ca,2022-07-15 00:00:00.000,
,,,,1337,,884884,90,0,,2022-07-17 03:42:38.394,,2022-07-16 05:00:01.103,,,,-1,120000,15,,,,996.6,,51.629997,596f150b-48a9-4b2d-a5dc-3331eade9c63.extra_data.json,jBfEgmLJSx,3200,com.sec.android.app.shealth,881684,33780000,596f150b-48a9-4b2d-a5dc-3331eade9c63,2022-07-16 00:00:00.000,
,,,,4280,,2755810,90,0,,2022-07-18 04:38:05.285,,2022-07-17 04:00:00.516,,,,-1,660000,50,,,,3148.79,,167.28001,c353bb12-51ae-4a66-8a3c-61b635ba0912.extra_data.json,jBfEgmLJSx,2000,com.sec.android.app.shealth,2753810,46980000,c353bb12-51ae-4a66-8a3c-61b635ba0912,2022-07-17 00:00:00.000,
,,,,913,,562101,90,0,,2022-07-19 04:56:35.736,,2022-07-18 05:00:00.582,,,,-1,120000,10,,,,682.0101,,35.739998,0498dc99-8e00-44fd-8997-a861a6e03445.extra_data.json,jBfEgmLJSx,0,com.sec.android.app.shealth,562101,61680000,0498dc99-8e00-44fd-8997-a861a6e03445,2022-07-18 00:00:00.000,
,,,,1356,,853580,90,0,,2022-08-12 23:43:49.568,,2022-07-19 05:00:01.964,,,,-1,180000,15,,,,997.21,,54.179993,a185f210-0836-45e3-ba55-beb94ee26779.extra_data.json,jBfEgmLJSx,0,com.sec.android.app.shealth,853580,25500000,a185f210-0836-45e3-ba55-beb94ee26779,2022-07-19 00:00:00.000,
,,,,661,,436158,90,0,,2022-07-21 05:23:03.525,,2022-07-20 05:00:00.986,,,,-1,60000,7,,,,484.74994,,25.580004,905e8db0-00a8-4d6b-b48a-03b8f10b8d7a.extra_data.json,jBfEgmLJSx,0,com.sec.android.app.shealth,436158,24480000,905e8db0-00a8-4d6b-b48a-03b8f10b8d7a,2022-07-20 00:00:00.000,
,,,,2938,,1920720,90,0,,2022-07-22 05:33:01.816,,2022-07-21 07:00:01.151,,,,-1,180000,35,,,,2156.2698,,113.19001,40d970c2-d295-4cde-b1da-2f9ab8985d42.extra_data.json,jBfEgmLJSx,0,com.sec.android.app.shealth,1920720,23160000,40d970c2-d295-4cde-b1da-2f9ab8985d42,2022-07-21 00:00:00.000,
,,,,1070,,701889,90,0,,2022-07-23 03:35:01.328,,2022-07-22 06:00:00.506,,,,-1,120000,12,,,,803.3699,,40.279995,2f120e7d-28ac-427a-abb5-eb05189c3130.extra_data.json,jBfEgmLJSx,3600,com.sec.android.app.shealth,698289,51780000,2f120e7d-28ac-427a-abb5-eb05189c3130,2022-07-22 00:00:00.000,
,,,,1420,,924949,90,0,,2022-07-24 02:55:01.068,,2022-07-23 04:00:01.628,,,,-1,60000,16,,,,1051.4901,,55.05999,a97eee8f-5c22-4d7f-a387-10d8bdd5d3f9.extra_data.json,jBfEgmLJSx,0,com.sec.android.app.shealth,924949,36720000,a97eee8f-5c22-4d7f-a387-10d8bdd5d3f9,2022-07-23 00:00:00.000,
,,,,2381,,1539833,90,0,,2022-07-25 05:56:53.779,,2022-07-24 04:00:03.080,,,,-1,180000,27,,,,1782.2701,,88.38001,672665c3-5431-4fec-9fe9-3c65c3dbc8e2.extra_data.json,jBfEgmLJSx,0,com.sec.android.app.shealth,1539833,40920000,672665c3-5431-4fec-9fe9-3c65c3dbc8e2,2022-07-24 00:00:00.000,
,,,,1496,,991769,90,0,,2022-07-26 05:15:02.245,,2022-07-25 06:00:00.452,,,,-1,120000,17,,,,1098.6401,,56.39999,8830b553-760d-474b-8088-f665a7d2084e.extra_data.json,jBfEgmLJSx,0,com.sec.android.app.shealth,991769,22440000,8830b553-760d-474b-8088-f665a7d2084e,2022-07-25 00:00:00.000,
,,,,658,,422091,90,0,,2022-07-26 23:38:40.563,,2022-07-26 07:00:00.575,,,,-1,60000,7,,,,481.59,,25.97,2270c4ea-49d7-48ae-a37b-7b2ef71c7fdc.extra_data.json,jBfEgmLJSx,0,com.sec.android.app.shealth,422091,49800000,2270c4ea-49d7-48ae-a37b-7b2ef71c7fdc,2022-07-26 00:00:00.000,
,,,,2254,,1462918,90,0,,2022-07-28 04:43:29.577,,2022-07-27 07:00:02.286,,,,-1,480000,26,,,,1642.0599,,88.67999,bd4e4c45-c9a9-4af3-ac62-1c9e180752ca.extra_data.json,jBfEgmLJSx,0,com.sec.android.app.shealth,1462918,54480000,bd4e4c45-c9a9-4af3-ac62-1c9e180752ca,2022-07-27 00:00:00.000,
,,,,414,,268771,90,0,,2022-07-29 00:19:18.829,,2022-07-28 07:00:00.547,,,,-1,60000,4,,,,304.31003,,16.24,47686158-99ae-4e30-be05-8d6a60a4f840.extra_data.json,jBfEgmLJSx,0,com.sec.android.app.shealth,268771,60840000,47686158-99ae-4e30-be05-8d6a60a4f840,2022-07-28 00:00:00.000,
,,,,2456,,1617725,90,0,,2022-07-30 04:13:59.326,,2022-07-29 07:22:01.625,,,,-1,120000,28,,,,1826.9406,,92.200005,8a05d193-a318-4c71-ac47-1b72fd81f236.extra_data.json,jBfEgmLJSx,400,com.sec.android.app.shealth,1617325,15060000,8a05d193-a318-4c71-ac47-1b72fd81f236,2022-07-29 00:00:00.000,
,,,,756,,502191,90,0,,2022-07-31 02:35:03.646,,2022-07-30 06:00:01.602,,,,-1,60000,8,,,,562.6,,28.219997,eb02aaf9-b39e-47b1-b9da-807f888c0547.extra_data.json,jBfEgmLJSx,0,com.sec.android.app.shealth,502191,28320000,eb02aaf9-b39e-47b1-b9da-807f888c0547,2022-07-30 00:00:00.000,
,,,,718,,477942,90,0,,2022-08-01 07:00:21.564,,2022-07-31 06:00:01.252,,,,-1,60000,7,,,,536.45996,,26.480003,11419b12-73c1-457d-ac20-06feacdbc67d.extra_data.json,jBfEgmLJSx,400,com.sec.android.app.shealth,477542,17880000,11419b12-73c1-457d-ac20-06feacdbc67d,2022-07-31 00:00:00.000,
,,,,2848,,1853413,90,0,,2022-08-02 01:31:49.967,,2022-08-01 07:00:01.611,,,,-1,60000,33,,,,2083.88,,110.799995,a2b45640-a1d8-44f8-8019-c636b3cad9a8.extra_data.json,jBfEgmLJSx,0,com.sec.android.app.shealth,1853413,20820000,a2b45640-a1d8-44f8-8019-c636b3cad9a8,2022-08-01 00:00:00.000,
,,,,0,,0,90,0,,2022-08-02 07:00:01.378,,2022-08-02 07:00:01.378,,,,-1,0,0,,,,0.0,,0.0,9220719c-cc53-4da5-a1cb-af3e4fe3cd6b.extra_data.json,jBfEgmLJSx,0,com.sec.android.app.shealth,0,-1,9220719c-cc53-4da5-a1cb-af3e4fe3cd6b,2022-08-02 00:00:00.000,
,,,,80,,53360,90,0,,2022-08-04 06:00:01.128,,2022-08-03 07:00:01.449,,,,-1,26680,0,,,,60.97001,,2.8099997,314ffb6a-8e0e-468e-9c37-242933aa4dcb.extra_data.json,jBfEgmLJSx,0,com.sec.android.app.shealth,53360,48239999,314ffb6a-8e0e-468e-9c37-242933aa4dcb,2022-08-03 00:00:00.000,
,,,,1527,,980340,90,0,,2022-08-05 05:00:00.861,,2022-08-04 06:00:01.024,,,,-1,120000,17,,,,1150.8401,,59.979992,131ebd1e-d47f-42fe-b9c7-781ed1e1b239.extra_data.json,jBfEgmLJSx,0,com.sec.android.app.shealth,980340,26459999,131ebd1e-d47f-42fe-b9c7-781ed1e1b239,2022-08-04 00:00:00.000,
,,,,0,,0,90,0,,2022-08-05 05:00:00.732,,2022-08-05 05:00:00.732,,,,-1,0,0,,,,0.0,,0.0,01f899ce-8c72-4d0f-a725-979876152552.extra_data.json,jBfEgmLJSx,0,com.sec.android.app.shealth,0,-1,01f899ce-8c72-4d0f-a725-979876152552,2022-08-05 00:00:00.000,
,,,,1899,,1199026,90,0,,2022-08-07 05:08:09.531,,2022-08-06 05:00:02.444,,,,-1,120000,21,,,,1407.9102,,73.31001,63d971bc-fc26-439f-988b-d1db8ac24155.extra_data.json,jBfEgmLJSx,0,com.sec.android.app.shealth,1199026,36960000,63d971bc-fc26-439f-988b-d1db8ac24155,2022-08-06 00:00:00.000,
,,,,75,,50025,90,0,,2022-08-08 07:00:00.873,,2022-08-07 06:00:00.975,,,,-1,12673,0,,,,56.89,,2.62,01d55116-e903-4833-8177-9ba656ad8c3f.extra_data.json,jBfEgmLJSx,0,com.sec.android.app.shealth,50025,51179999,01d55116-e903-4833-8177-9ba656ad8c3f,2022-08-07 00:00:00.000,
,,,,2792,,1836828,90,0,,2022-08-09 07:00:01.227,,2022-08-08 07:00:00.716,,,,-1,120000,33,,,,2070.89,,105.459984,6bd46243-ede5-4507-ae59-c691961bddba.extra_data.json,jBfEgmLJSx,0,com.sec.android.app.shealth,1836828,31679999,6bd46243-ede5-4507-ae59-c691961bddba,2022-08-08 00:00:00.000,
,,,,465,,310155,90,0,,2022-08-10 07:18:33.235,,2022-08-09 07:00:01.095,,,,-1,60000,5,,,,340.02002,,18.0,64bdd77d-c1dc-4ce5-9a1b-a279fa7d4283.extra_data.json,jBfEgmLJSx,0,com.sec.android.app.shealth,310155,42539999,64bdd77d-c1dc-4ce5-9a1b-a279fa7d4283,2022-08-09 00:00:00.000,
,,,,1139,,757682,90,0,,2022-08-11 04:06:18.441,,2022-08-10 07:18:33.175,,,,-1,60000,13,,,,852.15,,41.82,ce1b5be2-0f39-4764-a4be-bda774e122e7.extra_data.json,jBfEgmLJSx,0,com.sec.android.app.shealth,757682,18180000,ce1b5be2-0f39-4764-a4be-bda774e122e7,2022-08-10 00:00:00.000,
,,,,1483,,989161,90,0,,2022-08-12 03:10:28.214,,2022-08-11 07:00:01.400,,,,-1,60000,17,,,,1080.14,,54.89999,9f5f5a99-04cc-474e-81fe-b15180ca4c52.extra_data.json,jBfEgmLJSx,0,com.sec.android.app.shealth,989161,33780000,9f5f5a99-04cc-474e-81fe-b15180ca4c52,2022-08-11 00:00:00.000,
,,,,3249,,2110815,90,0,,2022-08-13 07:00:02.208,,2022-08-12 05:24:35.544,,,,-1,120000,38,,,,2382.3801,,123.23999,a9e5912c-1aa1-4cc6-9bca-d3bcc1e50dc9.extra_data.json,jBfEgmLJSx,0,com.sec.android.app.shealth,2110815,25139999,a9e5912c-1aa1-4cc6-9bca-d3bcc1e50dc9,2022-08-12 00:00:00.000,
,,,,2153,,1426623,90,0,,2022-08-14 05:15:03.256,,2022-08-13 07:00:02.146,,,,-1,60000,25,,,,1634.4197,,79.36998,c5a7f40a-7da5-425d-afcd-d5d721969809.extra_data.json,jBfEgmLJSx,0,com.sec.android.app.shealth,1426623,21120000,c5a7f40a-7da5-425d-afcd-d5d721969809,2022-08-13 00:00:00.000,
,,,,937,,616278,90,0,,2022-08-15 07:00:01.980,,2022-08-14 07:00:00.897,,,,-1,60000,11,,,,692.15985,,35.64,12925569-706b-4256-8009-7784684cb294.extra_data.json,jBfEgmLJSx,0,com.sec.android.app.shealth,616278,23399999,12925569-706b-4256-8009-7784684cb294,2022-08-14 00:00:00.000,
,,,,268,,178756,90,0,,2022-08-16 07:00:00.897,,2022-08-15 07:00:01.810,,,,-1,60000,2,,,,194.48996,,10.529996,3bf71cad-469e-4e41-8274-b3de4ba41a0a.extra_data.json,jBfEgmLJSx,0,com.sec.android.app.shealth,178756,52439999,3bf71cad-469e-4e41-8274-b3de4ba41a0a,2022-08-15 00:00:00.000,
,,,,1817,,1184766,90,0,,2022-08-17 09:25:44.326,,2022-08-16 07:00:00.861,,,,-1,120000,21,,,,1350.32,,69.82998,2a131327-eba2-4b05-a891-3126329ad35e.extra_data.json,jBfEgmLJSx,5600,com.sec.android.app.shealth,1179166,43200000,2a131327-eba2-4b05-a891-3126329ad35e,2022-08-16 00:00:00.000,
,,,,1736,,1129941,90,0,,2022-08-18 06:58:17.834,,2022-08-17 07:00:01.852,,,,-1,60000,20,,,,1310.1001,,64.590004,c70280ce-daa1-4679-b5cd-b0fe496e0c73.extra_data.json,jBfEgmLJSx,800,com.sec.android.app.shealth,1129141,16740000,c70280ce-daa1-4679-b5cd-b0fe496e0c73,2022-08-17 00:00:00.000,
,,,,1006,,671002,90,0,,2022-08-19 00:16:31.747,,2022-08-18 07:00:00.432,,,,-1,60000,12,,,,742.04004,,37.98,fe9e1c0c-8c76-4f72-b5d4-9736018c59bf.extra_data.json,jBfEgmLJSx,0,com.sec.android.app.shealth,671002,28200000,fe9e1c0c-8c76-4f72-b5d4-9736018c59bf,2022-08-18 00:00:00.000,
,,,,1766,,1125746,90,0,,2022-08-20 04:55:19.661,,2022-08-19 05:00:01.262,,,,-1,120000,20,,,,1312.24,,67.66,411756d2-89d4-4af3-bb74-05834f2397b5.extra_data.json,jBfEgmLJSx,0,com.sec.android.app.shealth,1125746,37560000,411756d2-89d4-4af3-bb74-05834f2397b5,2022-08-19 00:00:00.000,
,,,,1440,,927677,90,0,,2022-08-21 05:00:00.734,,2022-08-20 05:00:00.562,,,,-1,120000,16,,,,1074.4802,,53.940002,c4642d61-7ebb-4aeb-979f-9d01cff50622.extra_data.json,jBfEgmLJSx,0,com.sec.android.app.shealth,927677,20700000,c4642d61-7ebb-4aeb-979f-9d01cff50622,2022-08-20 00:00:00.000,
,,,,973,,647923,90,0,,2022-08-22 05:36:35.196,,2022-08-21 05:00:00.677,,,,-1,60000,11,,,,728.8501,,35.199997,ebf2cd07-1f0f-4684-9316-797a91ffa837.extra_data.json,jBfEgmLJSx,1600,com.sec.android.app.shealth,646323,27180000,ebf2cd07-1f0f-4684-9316-797a91ffa837,2022-08-21 00:00:00.000,
,,,,1096,,729134,90,0,,2022-08-23 02:35:22.692,,2022-08-22 06:00:01.048,,,,-1,60000,13,,,,819.12006,,41.379997,7be9657a-51d1-4f92-bfce-48dbd7698d74.extra_data.json,jBfEgmLJSx,800,com.sec.android.app.shealth,728334,33720000,7be9657a-51d1-4f92-bfce-48dbd7698d74,2022-08-22 00:00:00.000,
,,,,136,,90712,90,0,,2022-08-24 02:31:17.917,,2022-08-23 08:38:17.534,,,,-1,23345,1,,,,103.149994,,4.7000003,0f561371-2335-41a7-b784-b74739bea87f.extra_data.json,jBfEgmLJSx,0,com.sec.android.app.shealth,90712,36060000,0f561371-2335-41a7-b784-b74739bea87f,2022-08-23 00:00:00.000,
,,,,1051,,694287,90,0,,2022-08-24 22:55:08.926,,2022-08-24 06:00:01.392,,,,-1,120000,12,,,,783.44,,38.84,7d785488-a3bf-40a1-adf6-709aba171112.extra_data.json,jBfEgmLJSx,0,com.sec.android.app.shealth,694287,28020000,7d785488-a3bf-40a1-adf6-709aba171112,2022-08-24 00:00:00.000,
,,,,1890,,1225766,90,0,,2022-08-26 02:15:02.865,,2022-08-25 05:00:01.327,,,,-1,120000,22,,,,1406.3601,,74.17999,4f44cc38-45a0-4ae7-bbb7-d090adcdfcbc.extra_data.json,jBfEgmLJSx,4735,com.sec.android.app.shealth,1221031,53340000,4f44cc38-45a0-4ae7-bbb7-d090adcdfcbc,2022-08-25 00:00:00.000,
,,,,1122,,725636,90,0,,2022-08-27 03:09:48.136,,2022-08-26 05:00:02.127,,,,-1,60000,13,,,,835.77997,,41.809998,5c500372-3cf5-40fe-b95e-e45a82af6be7.extra_data.json,jBfEgmLJSx,0,com.sec.android.app.shealth,725636,50460000,5c500372-3cf5-40fe-b95e-e45a82af6be7,2022-08-26 00:00:00.000,
,,,,796,,530932,90,0,,2022-08-27 23:33:23.434,,2022-08-27 05:00:01.366,,,,-1,60000,8,,,,597.85,,28.559994,8612a21e-a163-4231-afb8-ca8e2c78e3d8.extra_data.json,jBfEgmLJSx,0,com.sec.android.app.shealth,530932,31320000,8612a21e-a163-4231-afb8-ca8e2c78e3d8,2022-08-27 00:00:00.000,
,,,,688,,458896,90,0,,2022-08-29 03:47:29.926,,2022-08-28 04:00:01.280,,,,-1,60000,7,,,,517.91,,24.96,bbef3b70-4ff9-4a6d-a8de-b8fa5462fdcb.extra_data.json,jBfEgmLJSx,0,com.sec.android.app.shealth,458896,26220000,bbef3b70-4ff9-4a6d-a8de-b8fa5462fdcb,2022-08-28 00:00:00.000,
,,,,527,,337442,90,0,,2022-08-30 07:00:01.343,,2022-08-29 05:00:00.855,,,,-1,120000,5,,,,390.16998,,20.189999,2873a667-eda6-4d8e-80c3-f4f956408965.extra_data.json,jBfEgmLJSx,0,com.sec.android.app.shealth,337442,37139999,2873a667-eda6-4d8e-80c3-f4f956408965,2022-08-29 00:00:00.000,
,,,,3061,,2016294,90,0,,2022-08-31 05:03:02.730,,2022-08-30 07:00:01.157,,,,-1,120000,36,,,,2256.85,,117.10999,b3729314-7037-4cab-895f-b2485cad70bc.extra_data.json,jBfEgmLJSx,800,com.sec.android.app.shealth,2015494,16200000,b3729314-7037-4cab-895f-b2485cad70bc,2022-08-30 00:00:00.000,
,,,,1763,,1151152,90,0,,2022-09-01 04:35:22.687,,2022-08-31 05:00:00.448,,,,-1,60000,21,,,,1286.48,,66.65,417ee79d-c537-4c5e-a81e-6af841771bca.extra_data.json,jBfEgmLJSx,0,com.sec.android.app.shealth,1151152,48960000,417ee79d-c537-4c5e-a81e-6af841771bca,2022-08-31 00:00:00.000,
,,,,962,,635621,90,0,,2022-09-02 04:55:25.831,,2022-09-01 05:00:01.402,,,,-1,60000,11,,,,701.37,,36.92,97a9ee86-6681-41e0-a805-b3cec6c3a446.extra_data.json,jBfEgmLJSx,0,com.sec.android.app.shealth,635621,52500000,97a9ee86-6681-41e0-a805-b3cec6c3a446,2022-09-01 00:00:00.000,
,,,,1829,,1188787,90,0,,2022-09-03 02:55:12.602,,2022-09-02 05:00:00.447,,,,-1,120000,21,,,,1380.53,,71.43,b80451b8-8de8-43a6-888a-8f6d86d55d1a.extra_data.json,jBfEgmLJSx,27600,com.sec.android.app.shealth,1161187,27000000,b80451b8-8de8-43a6-888a-8f6d86d55d1a,2022-09-02 00:00:00.000,
,,,,146,,97382,90,0,,2022-09-04 04:55:01.912,,2022-09-03 06:00:01.048,,,,-1,51359,1,,,,109.86001,,5.31,6eddfae3-add0-469f-9f04-7a0f79c7898e.extra_data.json,jBfEgmLJSx,0,com.sec.android.app.shealth,97382,42000000,6eddfae3-add0-469f-9f04-7a0f79c7898e,2022-09-03 00:00:00.000,
,,,,1054,,692286,90,0,,2022-09-05 07:00:01.319,,2022-09-04 05:00:00.524,,,,-1,120000,12,,,,769.2999,,40.899994,50e62394-caba-46f5-a81b-88749d953313.extra_data.json,jBfEgmLJSx,0,com.sec.android.app.shealth,692286,33479999,50e62394-caba-46f5-a81b-88749d953313,2022-09-04 00:00:00.000,
,,,,1190,,774267,90,0,,2022-09-05 23:52:23.618,,2022-09-05 07:00:01.254,,,,-1,120000,13,,,,877.71014,,45.649994,3848b54f-5872-4ea2-a126-929b0b154075.extra_data.json,jBfEgmLJSx,0,com.sec.android.app.shealth,774267,38460000,3848b54f-5872-4ea2-a126-929b0b154075,2022-09-05 00:00:00.000,
,,,,0,,0,90,0,,2022-09-06 07:00:02.922,,2022-09-06 07:00:02.922,,,,-1,0,0,,,,0.0,,0.0,f28bb76b-5942-4046-be8d-0f7bc25ef487.extra_data.json,jBfEgmLJSx,0,com.sec.android.app.shealth,0,-1,f28bb76b-5942-4046-be8d-0f7bc25ef487,2022-09-06 00:00:00.000,
,,,,3487,,2238122,90,0,,2022-09-08 05:35:02.220,,2022-09-07 07:00:01.970,,,,-1,180000,41,,,,2559.7,,133.24998,372fb9c1-8b2d-436a-98cb-9166f380b3b3.extra_data.json,jBfEgmLJSx,0,com.sec.android.app.shealth,2238122,27060000,372fb9c1-8b2d-436a-98cb-9166f380b3b3,2022-09-07 00:00:00.000,
,,,,1522,,981067,90,0,,2022-09-09 04:30:01.508,,2022-09-08 06:00:00.439,,,,-1,120000,17,,,,1131.4497,,57.259987,2e187cdd-9d02-4c18-a23e-dc585122f2f1.extra_data.json,jBfEgmLJSx,0,com.sec.android.app.shealth,981067,35460000,2e187cdd-9d02-4c18-a23e-dc585122f2f1,2022-09-08 00:00:00.000,
,,,,1480,,962361,90,0,,2022-09-09 23:32:56.896,,2022-09-09 06:00:00.947,,,,-1,180000,17,,,,1091.8402,,56.62999,e3e5e365-0d1d-4548-8a15-262c0223cf97.extra_data.json,jBfEgmLJSx,0,com.sec.android.app.shealth,962361,29580000,e3e5e365-0d1d-4548-8a15-262c0223cf97,2022-09-09 00:00:00.000,
,,,,2448,,1614050,90,0,,2022-09-11 05:46:24.089,,2022-09-10 05:00:01.166,,,,-1,120000,28,,,,1798.2103,,94.66997,303a2694-ca97-4ccb-9ddb-1c2384abdea6.extra_data.json,jBfEgmLJSx,0,com.sec.android.app.shealth,1614050,27600000,303a2694-ca97-4ccb-9ddb-1c2384abdea6,2022-09-10 00:00:00.000,
,,,,1005,,658936,90,0,,2022-09-12 07:00:56.995,,2022-09-11 07:00:00.983,,,,-1,60000,11,,,,747.2,,37.179993,78f6f3d6-3458-470a-ab94-fed5f154f956.extra_data.json,jBfEgmLJSx,0,com.sec.android.app.shealth,658936,17879999,78f6f3d6-3458-470a-ab94-fed5f154f956,2022-09-11 00:00:00.000,
,,,,885,,574227,90,0,,2022-09-13 06:22:38.484,,2022-09-12 07:00:56.886,,,,-1,60000,10,,,,648.0,,33.879993,45cd4002-a468-4b4c-84f5-9a09f74098b5.extra_data.json,jBfEgmLJSx,0,com.sec.android.app.shealth,574227,60660000,45cd4002-a468-4b4c-84f5-9a09f74098b5,2022-09-12 00:00:00.000,
,,,,353,,235451,90,0,,2022-09-14 02:25:51.421,,2022-09-13 07:00:01.034,,,,-1,37352,3,,,,268.95,,12.079999,56fac64b-d297-458e-9428-2da161af2dac.extra_data.json,jBfEgmLJSx,0,com.sec.android.app.shealth,235451,21060000,56fac64b-d297-458e-9428-2da161af2dac,2022-09-13 00:00:00.000,
,,,,587,,391529,90,0,,2022-09-15 00:05:31.947,,2022-09-14 05:00:00.896,,,,-1,44022,6,,,,441.49994,,21.179998,2dccc3c3-ad4d-42a9-975e-04057e2671ba.extra_data.json,jBfEgmLJSx,0,com.sec.android.app.shealth,391529,49920000,2dccc3c3-ad4d-42a9-975e-04057e2671ba,2022-09-14 00:00:00.000,
,,,,1939,,1277215,90,0,,2022-09-16 07:00:00.559,,2022-09-15 05:00:01.005,,,,-1,120000,23,,,,1446.4701,,72.32001,ce826bc2-d190-4047-b986-460e85b53fca.extra_data.json,jBfEgmLJSx,0,com.sec.android.app.shealth,1277215,25020000,ce826bc2-d190-4047-b986-460e85b53fca,2022-09-15 00:00:00.000,
,,,,4562,,3023421,90,0,,2022-09-17 04:55:07.658,,2022-09-16 07:00:00.479,,,,-1,120000,55,,,,3368.129,,171.42998,6b1d059e-c2ab-4984-ab9c-a20dc26bcf9f.extra_data.json,jBfEgmLJSx,0,com.sec.android.app.shealth,3023421,31860000,6b1d059e-c2ab-4984-ab9c-a20dc26bcf9f,2022-09-16 00:00:00.000,
,,,,2791,,1861597,90,0,,2022-09-18 03:55:10.124,,2022-09-17 07:00:02.284,,,,-1,60000,34,,,,2049.3198,,104.38,20b0a3a4-c2a9-4320-ba37-84e5ce318bf9.extra_data.json,jBfEgmLJSx,0,com.sec.android.app.shealth,1861597,33720000,20b0a3a4-c2a9-4320-ba37-84e5ce318bf9,2022-09-17 00:00:00.000,
,,,,2381,,1577395,90,0,,2022-09-19 06:03:01.157,,2022-09-18 07:25:37.126,,,,-1,120000,28,,,,1763.2896,,89.770004,91577c2b-fbf8-4266-aafe-67c73c4dc053.extra_data.json,jBfEgmLJSx,0,com.sec.android.app.shealth,1577395,39060000,91577c2b-fbf8-4266-aafe-67c73c4dc053,2022-09-18 00:00:00.000,
,,,,4293,,2825869,90,0,,2022-09-20 04:55:19.059,,2022-09-19 07:00:01.092,,,,-1,120000,52,,,,3241.2703,,152.76999,f993bc62-b40a-4ccc-ba9d-3b4f84724588.extra_data.json,jBfEgmLJSx,0,com.sec.android.app.shealth,2825869,56580000,f993bc62-b40a-4ccc-ba9d-3b4f84724588,2022-09-19 00:00:00.000,
,,,,2965,,1977655,90,0,,2022-09-21 04:35:10.200,,2022-09-20 07:00:02.079,,,,-1,52693,35,,,,2164.6401,,110.87,734ebd13-a9ce-4778-9dea-f3a5fcf6f11f.extra_data.json,jBfEgmLJSx,0,com.sec.android.app.shealth,1977655,29580000,734ebd13-a9ce-4778-9dea-f3a5fcf6f11f,2022-09-20 00:00:00.000,
,,,,1777,,1185259,90,0,,2022-09-22 07:00:02.131,,2022-09-21 07:00:02.097,,,,-1,52026,21,,,,1296.25,,67.20999,28bfd54b-8c07-4eaa-b3af-1a02741dfd9d.extra_data.json,jBfEgmLJSx,0,com.sec.android.app.shealth,1185259,31019999,28bfd54b-8c07-4eaa-b3af-1a02741dfd9d,2022-09-21 00:00:00.000,
,,,,809,,539603,90,0,,2022-09-23 08:03:28.436,,2022-09-22 07:00:02.059,,,,-1,60000,8,,,,596.98,,30.169992,c3a59b41-11a9-4488-89ce-b0c3eaf8a0fc.extra_data.json,jBfEgmLJSx,0,com.sec.android.app.shealth,539603,32519999,c3a59b41-11a9-4488-89ce-b0c3eaf8a0fc,2022-09-22 00:00:00.000,
,,,,4086,,2691625,90,0,,2022-09-24 04:26:12.307,,2022-09-23 08:03:28.380,,,,-1,240000,48,,,,2998.57,,154.97995,3169e972-781d-4559-95c8-c3bc7a1bc3fe.extra_data.json,jBfEgmLJSx,400,com.sec.android.app.shealth,2691225,36600000,3169e972-781d-4559-95c8-c3bc7a1bc3fe,2022-09-23 00:00:00.000,
,,,,4779,,3181293,90,0,,2022-09-25 04:42:50.607,,2022-09-24 07:00:01.062,,,,-1,60000,58,,,,3519.471,,179.66997,ff189e5d-aec8-4776-92c2-f5a960bab53f.extra_data.json,jBfEgmLJSx,400,com.sec.android.app.shealth,3180893,25740000,ff189e5d-aec8-4776-92c2-f5a960bab53f,2022-09-24 00:00:00.000,
,,,,5281,,3498337,90,0,,2022-09-25 21:53:44.627,,2022-09-25 07:00:01.308,,,,-1,240000,64,,,,3869.1194,,201.97995,66eaf236-c672-42fe-a687-d146465c829e.extra_data.json,jBfEgmLJSx,2800,com.sec.android.app.shealth,3495537,34380000,66eaf236-c672-42fe-a687-d146465c829e,2022-09-25 00:00:00.000,
,,,,1453,,969151,90,0,,2022-09-27 00:55:02.868,,2022-09-26 07:00:05.698,,,,-1,45356,17,,,,1063.01,,54.320004,bfcfe375-991f-493b-85aa-eb08179a2ba5.extra_data.json,jBfEgmLJSx,0,com.sec.android.app.shealth,969151,38340000,bfcfe375-991f-493b-85aa-eb08179a2ba5,2022-09-26 00:00:00.000,
,,,,3219,,2137038,90,0,,2022-09-28 06:56:17.722,,2022-09-27 07:00:02.092,,,,-1,120000,38,,,,2365.6409,,120.34003,2afdac03-160d-4d3b-9753-2939b7bb6caa.extra_data.json,jBfEgmLJSx,0,com.sec.android.app.shealth,2137038,32400000,2afdac03-160d-4d3b-9753-2939b7bb6caa,2022-09-27 00:00:00.000,
,,,,4502,,2997438,90,0,,2022-09-29 04:35:03.090,,2022-09-28 07:00:00.416,,,,-1,120000,54,,,,3287.8997,,170.14998,f26061f0-808b-4adc-9c62-38355e3cb2d3.extra_data.json,jBfEgmLJSx,0,com.sec.android.app.shealth,2997438,25140000,f26061f0-808b-4adc-9c62-38355e3cb2d3,2022-09-28 00:00:00.000,
,,,,2051,,1350645,90,0,,2022-09-30 04:15:02.330,,2022-09-29 07:00:02.378,,,,-1,60000,24,,,,1506.91,,76.61999,1d965496-fbd9-4ccd-96ea-30ae5328be22.extra_data.json,jBfEgmLJSx,0,com.sec.android.app.shealth,1350645,46860000,1d965496-fbd9-4ccd-96ea-30ae5328be22,2022-09-29 00:00:00.000,
,,,,67,,44689,90,0,,2022-10-01 01:47:33.540,,2022-09-30 07:00:02.758,,,,-1,10672,0,,,,49.45,,2.47,1031c02c-e7fd-4b2e-a485-99ec28063cc5.extra_data.json,jBfEgmLJSx,0,com.sec.android.app.shealth,44689,49920000,1031c02c-e7fd-4b2e-a485-99ec28063cc5,2022-09-30 00:00:00.000,
,,,,526,,350842,90,0,,2022-10-02 04:20:46.590,,2022-10-01 07:00:02.439,,,,-1,35351,5,,,,381.89,,19.660002,6da6b573-3430-4a48-94fb-66b9b83b32af.extra_data.json,jBfEgmLJSx,0,com.sec.android.app.shealth,350842,41160000,6da6b573-3430-4a48-94fb-66b9b83b32af,2022-10-01 00:00:00.000,
,,,,1815,,1210605,90,0,,2022-10-03 04:35:48.286,,2022-10-02 07:04:24.031,,,,-1,52693,22,,,,1331.6901,,68.33,cdfbd89a-545e-48bd-8adf-a60e5ea76e98.extra_data.json,jBfEgmLJSx,0,com.sec.android.app.shealth,1210605,25800000,cdfbd89a-545e-48bd-8adf-a60e5ea76e98,2022-10-02 00:00:00.000,
,,,,3062,,2039389,90,0,,2022-10-04 06:26:12.807,,2022-10-03 07:44:54.250,,,,-1,60000,36,,,,2258.4097,,117.96999,d2cccbd8-65bd-4049-a80d-4eacd531451d.extra_data.json,jBfEgmLJSx,400,com.sec.android.app.shealth,2038989,29460000,d2cccbd8-65bd-4049-a80d-4eacd531451d,2022-10-03 00:00:00.000,
,,,,1882,,1255294,90,0,,2022-10-05 02:35:07.643,,2022-10-04 07:00:00.396,,,,-1,120000,22,,,,1361.78,,72.48999,67d39e65-b654-47d3-b200-e25631570115.extra_data.json,jBfEgmLJSx,0,com.sec.android.app.shealth,1255294,24240000,67d39e65-b654-47d3-b200-e25631570115,2022-10-04 00:00:00.000,
,,,,1810,,1207270,90,0,,2022-10-06 04:55:31.990,,2022-10-05 08:20:38.981,,,,-1,43355,22,,,,1324.0302,,68.37999,907723e5-08f4-4f7b-8993-e650a540d20a.extra_data.json,jBfEgmLJSx,0,com.sec.android.app.shealth,1207270,43080000,907723e5-08f4-4f7b-8993-e650a540d20a,2022-10-05 00:00:00.000,
,,,,3720,,2454970,90,0,,2022-10-07 05:30:13.082,,2022-10-06 07:00:02.030,,,,-1,120000,44,,,,2733.6301,,140.82004,f75b559f-630d-4a0a-8aea-fa1d8a4ca2e6.extra_data.json,jBfEgmLJSx,7200,com.sec.android.app.shealth,2447770,37140000,f75b559f-630d-4a0a-8aea-fa1d8a4ca2e6,2022-10-06 00:00:00.000,
,,,,2498,,1656130,90,0,,2022-10-08 03:59:06.249,,2022-10-07 07:00:02.079,,,,-1,120000,30,,,,1843.9198,,92.72001,032afbb9-2a68-4b87-b1ef-ac66873d4efc.extra_data.json,jBfEgmLJSx,2000,com.sec.android.app.shealth,1654130,33300000,032afbb9-2a68-4b87-b1ef-ac66873d4efc,2022-10-07 00:00:00.000,
,,,,671,,440190,90,0,,2022-10-09 06:14:50.543,,2022-10-08 07:00:02.200,,,,-1,60000,7,,,,493.11996,,24.880003,5182e639-81b9-47c8-9383-ce1d10631d1b.extra_data.json,jBfEgmLJSx,0,com.sec.android.app.shealth,440190,39120000,5182e639-81b9-47c8-9383-ce1d10631d1b,2022-10-08 00:00:00.000,
,,,,3112,,2075437,90,0,,2022-10-10 01:28:04.838,,2022-10-09 07:00:02.576,,,,-1,60000,37,,,,2283.0305,,117.29001,5d32c4b9-2480-4b1e-827c-fbdbe0b3bd15.extra_data.json,jBfEgmLJSx,400,com.sec.android.app.shealth,2075037,24300000,5d32c4b9-2480-4b1e-827c-fbdbe0b3bd15,2022-10-09 00:00:00.000,
,,,,3246,,2164815,90,0,,2022-10-11 05:15:00.247,,2022-10-10 07:00:02.421,,,,-1,48024,40,,,,2383.2002,,122.86001,2059fcdd-869b-4af1-966a-4ab1b7e826a0.extra_data.json,jBfEgmLJSx,400,com.sec.android.app.shealth,2164415,27900000,2059fcdd-869b-4af1-966a-4ab1b7e826a0,2022-10-10 00:00:00.000,
,,,,4592,,3016288,90,0,,2022-10-12 06:46:14.601,,2022-10-11 07:00:02.705,,,,-1,120000,55,,,,3383.7507,,174.13,16b3a2b2-7ca3-4689-b0dd-00fc1dc4bcf9.extra_data.json,jBfEgmLJSx,5600,com.sec.android.app.shealth,3010688,35760000,16b3a2b2-7ca3-4689-b0dd-00fc1dc4bcf9,2022-10-11 00:00:00.000,
,,,,3104,,2069404,90,0,,2022-10-13 05:15:01.995,,2022-10-12 07:00:00.456,,,,-1,120000,37,,,,2295.0198,,116.750015,980c63a5-8d48-4ca9-bedd-da7bf457b739.extra_data.json,jBfEgmLJSx,400,com.sec.android.app.shealth,2069004,26100000,980c63a5-8d48-4ca9-bedd-da7bf457b739,2022-10-12 00:00:00.000,
,,,,1347,,890325,90,0,,2022-10-14 05:08:11.120,,2022-10-13 20:09:47.862,,,,-1,120000,15,,,,988.4401,,52.229996,fe822084-59e1-438c-a2be-32e02ca140b1.extra_data.json,jBfEgmLJSx,0,com.sec.android.app.shealth,890325,47520000,fe822084-59e1-438c-a2be-32e02ca140b1,2022-10-13 00:00:00.000,
,,,,959,,626253,90,0,,2022-10-15 06:27:17.510,,2022-10-14 07:00:01.788,,,,-1,60000,11,,,,715.76013,,34.94,2e7cc8f0-26f8-4de8-af14-3535c8aa30b2.extra_data.json,jBfEgmLJSx,0,com.sec.android.app.shealth,626253,29340000,2e7cc8f0-26f8-4de8-af14-3535c8aa30b2,2022-10-14 00:00:00.000,
,,,,486,,324162,90,0,,2022-10-16 01:44:01.093,,2022-10-15 07:00:01.801,,,,-1,60000,5,,,,367.38,,17.739998,6fa8c478-9f80-492e-9223-721940a85620.extra_data.json,jBfEgmLJSx,0,com.sec.android.app.shealth,324162,46080000,6fa8c478-9f80-492e-9223-721940a85620,2022-10-15 00:00:00.000,
,,,,468,,312156,90,0,,2022-10-16 22:57:50.089,,2022-10-16 05:00:01.288,,,,-1,23345,5,,,,355.97,,16.5,30770614-a079-4598-b6ce-0f9096204f53.extra_data.json,jBfEgmLJSx,0,com.sec.android.app.shealth,312156,18840000,30770614-a079-4598-b6ce-0f9096204f53,2022-10-16 00:00:00.000,
,,,,280,,180060,90,0,,2022-10-18 04:00:01.415,,2022-10-17 05:48:13.153,,,,-1,60000,3,,,,206.72,,10.97,e6c173f8-2d5b-4974-9c9a-88457ae6e579.extra_data.json,jBfEgmLJSx,0,com.sec.android.app.shealth,180060,72359999,e6c173f8-2d5b-4974-9c9a-88457ae6e579,2022-10-17 00:00:00.000,
,,,,312,,208104,90,0,,2022-10-19 04:56:01.861,,2022-10-18 04:00:01.127,,,,-1,33350,3,,,,235.49,,10.929999,9ef87c07-3d2d-4762-b8de-8f2145e9a654.extra_data.json,jBfEgmLJSx,0,com.sec.android.app.shealth,208104,59640000,9ef87c07-3d2d-4762-b8de-8f2145e9a654,2022-10-18 00:00:00.000,
,,,,715,,476905,90,0,,2022-10-20 00:55:09.577,,2022-10-19 05:00:00.540,,,,-1,53360,7,,,,539.10004,,24.829998,0e8d083c-ea49-4a87-8646-780e9161a4ae.extra_data.json,jBfEgmLJSx,0,com.sec.android.app.shealth,476905,21540000,0e8d083c-ea49-4a87-8646-780e9161a4ae,2022-10-19 00:00:00.000,
,,,,2345,,1542711,90,0,,2022-10-21 03:56:54.949,,2022-10-20 05:00:01.493,,,,-1,60000,27,,,,1765.84,,86.18001,a0743ac1-26bd-4346-94c0-532a1dded05a.extra_data.json,jBfEgmLJSx,0,com.sec.android.app.shealth,1542711,36540000,a0743ac1-26bd-4346-94c0-532a1dded05a,2022-10-20 00:00:00.000,
,,,,1823,,1191839,90,0,,2022-10-22 04:31:46.287,,2022-10-21 05:00:01.333,,,,-1,60000,21,,,,1367.7,,69.43999,0a8a6143-1fa6-46d7-8495-f91301d7b029.extra_data.json,jBfEgmLJSx,0,com.sec.android.app.shealth,1191839,34680000,0a8a6143-1fa6-46d7-8495-f91301d7b029,2022-10-21 00:00:00.000,
,,,,1152,,764352,90,0,,2022-10-22 19:35:07.572,,2022-10-22 05:00:01.231,,,,-1,120000,13,,,,848.18,,43.03,3adb4664-3cb1-4932-9150-14cb65ccf746.extra_data.json,jBfEgmLJSx,0,com.sec.android.app.shealth,764352,37140000,3adb4664-3cb1-4932-9150-14cb65ccf746,2022-10-22 00:00:00.000,
,,,,184,,122461,90,0,,2022-10-23 19:39:18.781,,2022-10-23 04:00:00.495,,,,-1,52026,2,,,,138.24998,,7.309999,e929bd25-0c36-4417-b317-7b5d42778d8b.extra_data.json,jBfEgmLJSx,400,com.sec.android.app.shealth,122061,55560000,e929bd25-0c36-4417-b317-7b5d42778d8b,2022-10-23 00:00:00.000,
,,,,1698,,1080180,90,0,,2022-10-25 01:19:17.346,,2022-10-24 04:00:02.441,,,,-1,480000,20,,,,1237.9302,,67.159996,db3d72f3-e4b2-4969-a7e5-d198b753cbf3.extra_data.json,jBfEgmLJSx,0,com.sec.android.app.shealth,1080180,51360000,db3d72f3-e4b2-4969-a7e5-d198b753cbf3,2022-10-24 00:00:00.000,
,,,,3522,,2295544,90,0,,2022-10-26 02:22:46.076,,2022-10-25 04:00:01.022,,,,-1,240000,42,,,,2604.0103,,135.02997,6011f7ed-33f1-4edf-8743-c8108191c0d7.extra_data.json,jBfEgmLJSx,3163,com.sec.android.app.shealth,2292381,35160000,6011f7ed-33f1-4edf-8743-c8108191c0d7,2022-10-25 00:00:00.000,
,,,,1120,,740340,90,0,,2022-10-27 04:18:56.637,,2022-10-26 04:00:01.250,,,,-1,60000,13,,,,834.91,,42.17,56e4d2a5-3728-4b8c-b3e6-d850732b54b0.extra_data.json,jBfEgmLJSx,0,com.sec.android.app.shealth,740340,35580000,56e4d2a5-3728-4b8c-b3e6-d850732b54b0,2022-10-26 00:00:00.000,
,,,,1148,,754924,90,0,,2022-10-28 05:00:02.261,,2022-10-27 05:00:01.045,,,,-1,120000,13,,,,861.83,,40.989998,c63cfc1d-710b-4f9c-9c78-050c0f70d064.extra_data.json,jBfEgmLJSx,0,com.sec.android.app.shealth,754924,60299999,c63cfc1d-710b-4f9c-9c78-050c0f70d064,2022-10-27 00:00:00.000,
,,,,29,,19343,90,0,,2022-10-29 05:00:00.968,,2022-10-28 05:00:01.822,,,,-1,19343,0,,,,20.84,,1.11,970eaed9-2e4f-4d7d-b929-f29f6ea11725.extra_data.json,jBfEgmLJSx,0,com.sec.android.app.shealth,19343,80459999,970eaed9-2e4f-4d7d-b929-f29f6ea11725,2022-10-28 00:00:00.000,
,,,,965,,608214,90,0,,2022-10-30 05:58:02.842,,2022-10-29 05:00:00.897,,,,-1,120000,11,,,,711.47003,,37.620003,f5448fe4-b65f-40e7-8f05-dd0ee9bbfa68.extra_data.json,jBfEgmLJSx,0,com.sec.android.app.shealth,608214,33660000,f5448fe4-b65f-40e7-8f05-dd0ee9bbfa68,2022-10-29 00:00:00.000,
,,,,365,,243455,90,0,,2022-10-30 21:19:47.420,,2022-10-30 05:00:01.669,,,,-1,44022,4,,,,268.75,,13.779999,4cdb26f2-ec83-4c13-a6e2-7afe93549b52.extra_data.json,jBfEgmLJSx,0,com.sec.android.app.shealth,243455,40140000,4cdb26f2-ec83-4c13-a6e2-7afe93549b52,2022-10-30 00:00:00.000,
,,,,393,,262101,90,0,,2022-11-01 01:01:07.585,,2022-10-31 07:02:20.766,,,,-1,60000,4,,,,287.64,,15.2,21f40780-81ac-4674-b002-938309efa00a.extra_data.json,jBfEgmLJSx,0,com.sec.android.app.shealth,262101,63120000,21f40780-81ac-4674-b002-938309efa00a,2022-10-31 00:00:00.000,
,,,,1713,,1133143,90,0,,2022-11-02 01:16:19.320,,2022-11-01 07:00:00.690,,,,-1,120000,20,,,,1265.42,,66.37999,19e93d9e-d509-46ee-9508-bb40ee7ac2b8.extra_data.json,jBfEgmLJSx,0,com.sec.android.app.shealth,1133143,39420000,19e93d9e-d509-46ee-9508-bb40ee7ac2b8,2022-11-01 00:00:00.000,
,,,,2053,,1347220,90,0,,2022-11-03 03:45:46.116,,2022-11-02 07:00:01.055,,,,-1,120000,24,,,,1501.7999,,77.51999,36a09832-fe3d-4158-8828-146f2e3bfc2f.extra_data.json,jBfEgmLJSx,0,com.sec.android.app.shealth,1347220,13320000,36a09832-fe3d-4158-8828-146f2e3bfc2f,2022-11-02 00:00:00.000,
,,,,3695,,2446042,90,0,,2022-11-04 00:24:06.399,,2022-11-03 05:00:01.697,,,,-1,1110560,44,,,,2756.3967,,203.93318,53eea897-e1df-47af-840c-55c93c2fa567.extra_data.json,jBfEgmLJSx,800,com.sec.android.app.shealth,2445242,44340000,53eea897-e1df-47af-840c-55c93c2fa567,2022-11-03 00:00:00.000,
,,,,391,,254764,90,0,,2022-11-05 04:59:36.311,,2022-11-04 05:39:21.553,,,,-1,60000,4,,,,285.75998,,15.809999,c62facc3-4d86-4e35-bc65-2451c901b385.extra_data.json,jBfEgmLJSx,0,com.sec.android.app.shealth,254764,70320000,c62facc3-4d86-4e35-bc65-2451c901b385,2022-11-04 00:00:00.000,
,,,,5015,,3154289,90,0,,2022-11-06 01:12:05.445,,2022-11-05 05:00:00.529,,,,-1,1382120,57,,,,3737.988,,315.764,7aa90ed2-c854-4e04-8177-61e8effbefc1.extra_data.json,jBfEgmLJSx,2701,com.sec.android.app.shealth,3151588,39840000,7aa90ed2-c854-4e04-8177-61e8effbefc1,2022-11-05 00:00:00.000,
,,,,1988,,1297105,90,0,,2022-11-07 05:53:33.257,,2022-11-06 05:00:02.313,,,,-1,120000,23,,,,1452.4102,,77.609985,439bed95-0145-494c-ad3c-27e8de777226.extra_data.json,jBfEgmLJSx,0,com.sec.android.app.shealth,1297105,19260000,439bed95-0145-494c-ad3c-27e8de777226,2022-11-06 00:00:00.000,
,,,,583,,385496,90,0,,2022-11-07 23:47:44.462,,2022-11-07 08:00:00.681,,,,-1,60000,6,,,,425.75006,,22.639996,02a7e952-4df9-4e51-8996-14f019273e47.extra_data.json,jBfEgmLJSx,0,com.sec.android.app.shealth,385496,39480000,02a7e952-4df9-4e51-8996-14f019273e47,2022-11-07 00:00:00.000,
,,,,1111,,701474,90,0,,2022-11-09 07:55:05.676,,2022-11-08 09:20:28.088,,,,-1,240000,12,,,,812.51013,,44.159996,0a2b387b-a10a-45fb-bb49-146257fe1a2a.extra_data.json,jBfEgmLJSx,0,com.sec.android.app.shealth,701474,70440000,0a2b387b-a10a-45fb-bb49-146257fe1a2a,2022-11-08 00:00:00.000,
,,,,948,,629618,90,0,,2022-11-10 05:55:04.858,,2022-11-09 08:00:00.452,,,,-1,60000,11,,,,701.26,,36.73999,1f3a56d7-6eb1-4a1c-9276-3ba5010de5ef.extra_data.json,jBfEgmLJSx,0,com.sec.android.app.shealth,629618,26760000,1f3a56d7-6eb1-4a1c-9276-3ba5010de5ef,2022-11-09 00:00:00.000,
,,,,1119,,709478,90,0,,2022-11-11 06:00:02.028,,2022-11-10 06:00:00.466,,,,-1,240000,12,,,,826.61993,,43.359997,bd4ddbca-be1c-4519-92ba-48f71d755244.extra_data.json,jBfEgmLJSx,0,com.sec.android.app.shealth,709478,34139999,bd4ddbca-be1c-4519-92ba-48f71d755244,2022-11-10 00:00:00.000,
,,,,1790,,1181804,90,0,,2022-11-12 04:24:54.302,,2022-11-11 06:00:01.960,,,,-1,180000,21,,,,1337.3501,,66.23998,383f5bdb-e2f2-4da7-918e-269ebdd2e3f5.extra_data.json,jBfEgmLJSx,0,com.sec.android.app.shealth,1181804,17040000,383f5bdb-e2f2-4da7-918e-269ebdd2e3f5,2022-11-11 00:00:00.000,
,,,,4229,,2815983,90,0,,2022-11-12 23:15:11.244,,2022-11-12 05:00:01.076,,,,-1,180000,51,,,,3091.29,,163.33995,5070c219-b531-4afa-8258-fbd7ee7a8be3.extra_data.json,jBfEgmLJSx,2000,com.sec.android.app.shealth,2813983,34740000,5070c219-b531-4afa-8258-fbd7ee7a8be3,2022-11-12 00:00:00.000,
,,,,1495,,939542,90,0,,2022-11-14 05:13:38.117,,2022-11-13 05:00:02.341,,,,-1,120000,16,,,,1127.3,,58.579987,c696a045-cae4-4d19-aeae-b789f3b59532.extra_data.json,jBfEgmLJSx,15200,com.sec.android.app.shealth,924342,41700000,c696a045-cae4-4d19-aeae-b789f3b59532,2022-11-13 00:00:00.000,
,,,,515,,343505,90,0,,2022-11-15 01:44:43.574,,2022-11-14 06:00:01.095,,,,-1,60000,5,,,,377.18,,19.68,0a580b8a-5289-434c-b887-c2a244def060.extra_data.json,jBfEgmLJSx,0,com.sec.android.app.shealth,343505,33600000,0a580b8a-5289-434c-b887-c2a244def060,2022-11-14 00:00:00.000,
,,,,947,,624949,90,0,,2022-11-16 04:31:57.283,,2022-11-15 06:00:01.199,,,,-1,60000,11,,,,698.23,,34.479996,69557b10-90bc-4e94-a1f6-cd0a92064e35.extra_data.json,jBfEgmLJSx,0,com.sec.android.app.shealth,624949,41220000,69557b10-90bc-4e94-a1f6-cd0a92064e35,2022-11-15 00:00:00.000,
,,,,289,,192763,90,0,,2022-11-17 05:00:01.286,,2022-11-16 05:00:00.723,,,,-1,52693,3,,,,211.05,,11.44,c006de8d-b693-47bd-82ee-0a70227189fd.extra_data.json,jBfEgmLJSx,0,com.sec.android.app.shealth,192763,52199999,c006de8d-b693-47bd-82ee-0a70227189fd,2022-11-16 00:00:00.000,
,,,,314,,204042,90,0,,2022-11-18 03:50:32.258,,2022-11-17 05:00:01.039,,,,-1,60000,3,,,,232.21999,,12.2300005,8989bcf7-4d8f-4aa2-802f-5f2f912213bb.extra_data.json,jBfEgmLJSx,0,com.sec.android.app.shealth,204042,80580000,8989bcf7-4d8f-4aa2-802f-5f2f912213bb,2022-11-17 00:00:00.000,
,,,,1925,,1279276,90,0,,2022-11-19 04:10:22.536,,2022-11-18 05:00:01.084,,,,-1,60000,23,,,,1416.6099,,72.65999,37708b7e-b3b9-4ea7-b3e3-4322250f2ce2.extra_data.json,jBfEgmLJSx,0,com.sec.android.app.shealth,1279276,30480000,37708b7e-b3b9-4ea7-b3e3-4322250f2ce2,2022-11-18 00:00:00.000,
,,,,695,,442798,90,0,,2022-11-20 07:00:01.034,,2022-11-19 06:00:02.014,,,,-1,120000,7,,,,504.48996,,27.29,971fbcbf-9980-4605-a7d8-4fb82740f681.extra_data.json,jBfEgmLJSx,0,com.sec.android.app.shealth,442798,42599999,971fbcbf-9980-4605-a7d8-4fb82740f681,2022-11-19 00:00:00.000,
,,,,745,,496915,90,0,,2022-11-21 07:54:17.310,,2022-11-20 07:00:00.648,,,,-1,60000,8,,,,552.14996,,27.14,e64a585d-bca2-47ad-80c0-304f62b2e5f9.extra_data.json,jBfEgmLJSx,0,com.sec.android.app.shealth,496915,43500000,e64a585d-bca2-47ad-80c0-304f62b2e5f9,2022-11-20 00:00:00.000,
,,,,4032,,2553006,90,0,,2022-11-22 05:45:46.039,,2022-11-21 08:00:00.408,,,,-1,120000,46,,,,3028.2607,,150.80994,b72f612c-8ce4-46f8-97ef-0162759bb1b6.extra_data.json,jBfEgmLJSx,0,com.sec.android.app.shealth,2553006,23940000,b72f612c-8ce4-46f8-97ef-0162759bb1b6,2022-11-21 00:00:00.000,
,,,,1067,,704959,90,0,,2022-11-23 01:15:12.848,,2022-11-22 08:00:01.448,,,,-1,120000,12,,,,807.6,,38.339996,ea1560e2-4427-4bbf-aba3-6b4470b7632d.extra_data.json,jBfEgmLJSx,0,com.sec.android.app.shealth,704959,32340000,ea1560e2-4427-4bbf-aba3-6b4470b7632d,2022-11-22 00:00:00.000,
,,,,2641,,1728744,90,0,,2022-11-24 03:53:23.894,,2022-11-23 08:00:02.157,,,,-1,120000,31,,,,1933.4398,,102.21999,75015a90-cd3e-4302-92e3-be3d1ec9d7d0.extra_data.json,jBfEgmLJSx,0,com.sec.android.app.shealth,1728744,20340000,75015a90-cd3e-4302-92e3-be3d1ec9d7d0,2022-11-23 00:00:00.000,
,,,,910,,586870,90,0,,2022-11-25 05:48:11.880,,2022-11-24 07:00:01.044,,,,-1,120000,10,,,,681.02,,33.760002,509fa903-d556-430a-bef0-83ae7eb3402b.extra_data.json,jBfEgmLJSx,0,com.sec.android.app.shealth,586870,25200000,509fa903-d556-430a-bef0-83ae7eb3402b,2022-11-24 00:00:00.000,
,,,,450,,300150,90,0,,2022-11-26 05:29:47.878,,2022-11-25 06:00:00.564,,,,-1,48024,5,,,,335.44998,,17.61,871ec807-7845-4148-9ffd-83d4f89852dd.extra_data.json,jBfEgmLJSx,0,com.sec.android.app.shealth,300150,63120000,871ec807-7845-4148-9ffd-83d4f89852dd,2022-11-25 00:00:00.000,
,,,,968,,620190,90,0,,2022-11-27 03:36:18.391,,2022-11-26 06:00:00.953,,,,-1,60000,11,,,,718.34,,37.029995,f571a76a-ac74-4275-bc9f-e8aed78f43df.extra_data.json,jBfEgmLJSx,0,com.sec.android.app.shealth,620190,18960000,f571a76a-ac74-4275-bc9f-e8aed78f43df,2022-11-26 00:00:00.000,
,,,,609,,394834,90,0,,2022-11-28 07:05:56.923,,2022-11-27 07:28:13.755,,,,-1,60000,6,,,,457.90005,,23.089993,72b88312-49a7-40eb-b651-5d757878faf6.extra_data.json,jBfEgmLJSx,0,com.sec.android.app.shealth,394834,38519999,72b88312-49a7-40eb-b651-5d757878faf6,2022-11-27 00:00:00.000,
,,,,2653,,1761457,90,0,,2022-11-29 08:00:00.621,,2022-11-28 07:05:56.876,,,,-1,60000,32,,,,1949.92,,100.609985,fc19f1c9-5628-4e85-b017-0c78a3cee5a6.extra_data.json,jBfEgmLJSx,0,com.sec.android.app.shealth,1761457,38340000,fc19f1c9-5628-4e85-b017-0c78a3cee5a6,2022-11-28 00:00:00.000,
,,,,1792,,1195264,90,0,,2022-11-30 04:52:00.477,,2022-11-29 08:00:00.538,,,,-1,50692,21,,,,1320.3999,,67.600006,5b2793d2-def3-4492-bd31-7801225ec68d.extra_data.json,jBfEgmLJSx,0,com.sec.android.app.shealth,1195264,34920000,5b2793d2-def3-4492-bd31-7801225ec68d,2022-11-29 00:00:00.000,
,,,,1659,,1076388,90,0,,2022-12-01 03:20:27.267,,2022-11-30 06:00:02.007,,,,-1,180000,18,,,,1216.55,,63.35,e9ec21f0-7952-4c3c-a59d-ddbd6978358e.extra_data.json,jBfEgmLJSx,0,com.sec.android.app.shealth,1076388,31380000,e9ec21f0-7952-4c3c-a59d-ddbd6978358e,2022-11-30 00:00:00.000,
,,,,1606,,1006870,90,0,,2022-12-01 22:35:03.851,,2022-12-01 06:00:01.193,,,,-1,180000,17,,,,1178.4701,,62.53999,80712b50-330b-49c3-ab92-7f819ef3f27f.extra_data.json,jBfEgmLJSx,0,com.sec.android.app.shealth,1006870,47520000,80712b50-330b-49c3-ab92-7f819ef3f27f,2022-12-01 00:00:00.000,
,,,,1520,,901514,90,0,,2022-12-03 03:38:33.249,,2022-12-02 06:35:46.659,,,,-1,180000,16,,,,1133.59,,58.670002,f234ae93-cd38-4215-84c1-157797a382cc.extra_data.json,jBfEgmLJSx,0,com.sec.android.app.shealth,901514,70860000,f234ae93-cd38-4215-84c1-157797a382cc,2022-12-02 00:00:00.000,
,,,,1740,,1149848,90,0,,2022-12-04 04:35:36.017,,2022-12-03 06:00:02.223,,,,-1,60000,21,,,,1288.0898,,66.44001,36b63a0f-35bd-4639-9faf-00513c0f2092.extra_data.json,jBfEgmLJSx,0,com.sec.android.app.shealth,1149848,18120000,36b63a0f-35bd-4639-9faf-00513c0f2092,2022-12-03 00:00:00.000,
,,,,1004,,660967,90,0,,2022-12-05 04:47:10.399,,2022-12-04 05:00:00.461,,,,-1,60000,12,,,,742.4701,,37.089993,4f90177a-84bc-45b9-b51c-99b9998517e6.extra_data.json,jBfEgmLJSx,0,com.sec.android.app.shealth,660967,60840000,4f90177a-84bc-45b9-b51c-99b9998517e6,2022-12-04 00:00:00.000,
,,,,1779,,1150425,90,0,,2022-12-06 01:56:55.622,,2022-12-05 06:00:00.778,,,,-1,120000,21,,,,1299.23,,69.63,93f2485a-ce56-4071-99e2-2b86cda060d9.extra_data.json,jBfEgmLJSx,0,com.sec.android.app.shealth,1150425,32460000,93f2485a-ce56-4071-99e2-2b86cda060d9,2022-12-05 00:00:00.000,
,,,,3254,,2142981,90,0,,2022-12-07 06:15:50.354,,2022-12-06 06:11:14.384,,,,-1,120000,38,,,,2444.6604,,120.84,197c2a9d-525d-4212-a61a-e65a7060290d.extra_data.json,jBfEgmLJSx,0,com.sec.android.app.shealth,2142981,15540000,197c2a9d-525d-4212-a61a-e65a7060290d,2022-12-06 00:00:00.000,
,,,,1922,,1255841,90,0,,2022-12-08 04:55:06.977,,2022-12-07 06:00:01.736,,,,-1,120000,22,,,,1440.2201,,83.22999,3e2c8cda-f482-4cea-bedd-640eeda3deb7.extra_data.json,jBfEgmLJSx,0,com.sec.android.app.shealth,1255841,20100000,3e2c8cda-f482-4cea-bedd-640eeda3deb7,2022-12-07 00:00:00.000,
,,,,1853,,1213820,90,0,,2022-12-09 03:55:12.881,,2022-12-08 05:00:00.466,,,,-1,60000,22,,,,1382.2802,,83.28001,d2557f0a-b939-4715-922f-03f45c3fc5de.extra_data.json,jBfEgmLJSx,0,com.sec.android.app.shealth,1213820,38100000,d2557f0a-b939-4715-922f-03f45c3fc5de,2022-12-08 00:00:00.000,
,,,,1484,,989828,90,0,,2022-12-10 04:15:01.446,,2022-12-09 05:00:01.550,,,,-1,120000,17,,,,1105.67,,54.489998,b1a8c642-b8d8-4ed7-aa2b-456a093f2ff5.extra_data.json,jBfEgmLJSx,0,com.sec.android.app.shealth,989828,38400000,b1a8c642-b8d8-4ed7-aa2b-456a093f2ff5,2022-12-09 00:00:00.000,
,,,,1458,,950517,90,0,,2022-12-11 04:11:05.127,,2022-12-10 05:00:01.272,,,,-1,60000,16,,,,1089.1498,,56.789993,c853be2d-4a6d-4684-95aa-50163e91ec62.extra_data.json,jBfEgmLJSx,2800,com.sec.android.app.shealth,947717,32340000,c853be2d-4a6d-4684-95aa-50163e91ec62,2022-12-10 00:00:00.000,
,,,,500,,294724,90,0,,2022-12-12 00:15:06.406,,2022-12-11 06:00:01.274,,,,-1,120000,4,,,,379.4,,19.179998,ef332e7d-c765-48e0-b315-1041ebef61eb.extra_data.json,jBfEgmLJSx,0,com.sec.android.app.shealth,294724,65220000,ef332e7d-c765-48e0-b315-1041ebef61eb,2022-12-11 00:00:00.000,
,,,,792,,517562,90,0,,2022-12-13 05:35:05.452,,2022-12-12 06:00:01.244,,,,-1,60000,8,,,,592.1601,,28.87,6d3754c7-95ce-4215-8608-0f294935e798.extra_data.json,jBfEgmLJSx,0,com.sec.android.app.shealth,517562,81360000,6d3754c7-95ce-4215-8608-0f294935e798,2022-12-12 00:00:00.000,
,,,,3795,,2466756,90,0,,2022-12-14 05:50:48.481,,2022-12-13 06:00:00.469,,,,-1,180000,45,,,,2838.08,,141.98999,379cc616-6461-4a70-83ec-4d770becc90d.extra_data.json,jBfEgmLJSx,400,com.sec.android.app.shealth,2466356,12720000,379cc616-6461-4a70-83ec-4d770becc90d,2022-12-13 00:00:00.000,
,,,,2828,,1868844,90,0,,2022-12-15 04:00:20.978,,2022-12-14 06:00:00.923,,,,-1,60000,34,,,,2079.6301,,107.72001,d83af8f9-790f-46ca-9af2-8ea5207ed5b4.extra_data.json,jBfEgmLJSx,0,com.sec.android.app.shealth,1868844,16740000,d83af8f9-790f-46ca-9af2-8ea5207ed5b4,2022-12-14 00:00:00.000,
,,,,1289,,816865,90,0,,2022-12-16 07:55:09.895,,2022-12-15 07:00:01.083,,,,-1,240000,14,,,,943.6899,,50.59,6231b737-d347-48c2-8b1e-e7b504746381.extra_data.json,jBfEgmLJSx,0,com.sec.android.app.shealth,816865,40320000,6231b737-d347-48c2-8b1e-e7b504746381,2022-12-15 00:00:00.000,
,,,,4557,,3039519,90,0,,2022-12-17 06:15:16.302,,2022-12-16 08:00:02.148,,,,-1,60000,55,,,,3299.3997,,173.99997,e3f78294-b6da-4b0e-b887-f54cbfe1e332.extra_data.json,jBfEgmLJSx,0,com.sec.android.app.shealth,3039519,22140000,e3f78294-b6da-4b0e-b887-f54cbfe1e332,2022-12-16 00:00:00.000,
,,,,4347,,2881867,90,0,,2022-12-18 06:15:02.367,,2022-12-17 07:00:01.314,,,,-1,180000,53,,,,3135.2908,,169.43001,4d78f86d-b54f-467a-b480-0e70b3bd9b4b.extra_data.json,jBfEgmLJSx,0,com.sec.android.app.shealth,2881867,53100000,4d78f86d-b54f-467a-b480-0e70b3bd9b4b,2022-12-17 00:00:00.000,
,,,,3119,,2073006,90,0,,2022-12-19 04:53:38.987,,2022-12-18 07:00:02.446,,,,-1,60000,37,,,,2247.1702,,119.46999,a1246f52-ea69-415b-8ce4-9ae24e049fee.extra_data.json,jBfEgmLJSx,0,com.sec.android.app.shealth,2073006,48000000,a1246f52-ea69-415b-8ce4-9ae24e049fee,2022-12-18 00:00:00.000,
,,,,3725,,2470418,90,0,,2022-12-20 05:35:40.581,,2022-12-19 07:00:02.257,,,,-1,180000,45,,,,2702.6702,,143.88,e9d6a1e5-17b9-43ec-8204-73ca403ec9e3.extra_data.json,jBfEgmLJSx,0,com.sec.android.app.shealth,2470418,54300000,e9d6a1e5-17b9-43ec-8204-73ca403ec9e3,2022-12-19 00:00:00.000,
,,,,3308,,2172756,90,0,,2022-12-21 03:35:02.313,,2022-12-20 07:00:00.701,,,,-1,240000,40,,,,2386.8396,,130.05998,c0ef350d-0734-4564-ac54-6f6407fda505.extra_data.json,jBfEgmLJSx,0,com.sec.android.app.shealth,2172756,41040000,c0ef350d-0734-4564-ac54-6f6407fda505,2022-12-20 00:00:00.000,
,,,,811,,540937,90,0,,2022-12-22 01:04:28.919,,2022-12-21 07:08:32.227,,,,-1,60000,10,,,,593.66,,38.19,9ca5a048-72cb-4d95-8d70-cd61332d412f.extra_data.json,jBfEgmLJSx,0,com.sec.android.app.shealth,540937,42960000,9ca5a048-72cb-4d95-8d70-cd61332d412f,2022-12-21 00:00:00.000,
,,,,4281,,2839432,90,0,,2022-12-23 06:55:08.025,,2022-12-22 07:00:00.856,,,,-1,120000,52,,,,3103.12,,165.09,6fb47e14-ff8d-4464-9769-55e4b2e3d961.extra_data.json,jBfEgmLJSx,800,com.sec.android.app.shealth,2838632,41700000,6fb47e14-ff8d-4464-9769-55e4b2e3d961,2022-12-22 00:00:00.000,
,,,,1769,,1170821,90,0,,2022-12-24 07:00:01.145,,2022-12-23 07:00:00.407,,,,-1,60000,21,,,,1293.94,,67.32001,c153c6b5-8af7-42e9-ac97-b2aa8bd4f26a.extra_data.json,jBfEgmLJSx,1600,com.sec.android.app.shealth,1169221,35279999,c153c6b5-8af7-42e9-ac97-b2aa8bd4f26a,2022-12-23 00:00:00.000,
,,,,4120,,2726516,90,0,,2022-12-25 03:15:19.608,,2022-12-24 07:00:01.051,,,,-1,120000,50,,,,2985.9297,,159.57004,45a68707-2abf-43b8-ba54-01a623dc1976.extra_data.json,jBfEgmLJSx,0,com.sec.android.app.shealth,2726516,43920000,45a68707-2abf-43b8-ba54-01a623dc1976,2022-12-24 00:00:00.000,
,,,,1308,,872436,90,0,,2022-12-25 23:17:28.138,,2022-12-25 07:00:00.885,,,,-1,52693,15,,,,972.1501,,49.709995,45d8ab20-b02f-449e-8c12-d50037bb0718.extra_data.json,jBfEgmLJSx,0,com.sec.android.app.shealth,872436,32760000,45d8ab20-b02f-449e-8c12-d50037bb0718,2022-12-25 00:00:00.000,
,,,,1211,,807737,90,0,,2022-12-27 04:04:04.835,,2022-12-26 07:00:01.475,,,,-1,48691,14,,,,864.51965,,46.449997,ad639f9a-090e-4be9-a83a-fb8562b9f27c.extra_data.json,jBfEgmLJSx,0,com.sec.android.app.shealth,807737,27900000,ad639f9a-090e-4be9-a83a-fb8562b9f27c,2022-12-26 00:00:00.000,
,,,,1780,,1179226,90,0,,2022-12-28 01:55:29.071,,2022-12-27 07:48:58.684,,,,-1,60000,21,,,,1282.6603,,68.77,e6e2defc-7a3f-48ca-9a08-6498f3178e2d.extra_data.json,jBfEgmLJSx,0,com.sec.android.app.shealth,1179226,43620000,e6e2defc-7a3f-48ca-9a08-6498f3178e2d,2022-12-27 00:00:00.000,
,,,,34,,22678,90,0,,2022-12-29 05:55:04.944,,2022-12-28 07:35:01.100,,,,-1,15341,0,,,,25.189999,,1.26,70dd5f20-692e-4e9f-a38f-c0978eb9e2d6.extra_data.json,jBfEgmLJSx,0,com.sec.android.app.shealth,22678,81300000,70dd5f20-692e-4e9f-a38f-c0978eb9e2d6,2022-12-28 00:00:00.000,
,,,,2439,,1617355,90,0,,2022-12-30 03:26:05.428,,2022-12-29 07:00:01.898,,,,-1,180000,28,,,,1764.06,,95.040016,8de7338d-67b6-4843-b2ba-1559fbf296b4.extra_data.json,jBfEgmLJSx,0,com.sec.android.app.shealth,1617355,21000000,8de7338d-67b6-4843-b2ba-1559fbf296b4,2022-12-29 00:00:00.000,
,,,,3101,,2068367,90,0,,2022-12-31 05:50:24.849,,2022-12-30 07:34:42.103,,,,-1,52693,37,,,,2270.0298,,116.73003,1c4925d8-3887-4b78-af35-f112960284bf.extra_data.json,jBfEgmLJSx,0,com.sec.android.app.shealth,2068367,25560000,1c4925d8-3887-4b78-af35-f112960284bf,2022-12-30 00:00:00.000,
,,,,2819,,1855564,90,0,,2023-01-01 06:31:37.848,,2022-12-31 07:16:36.346,,,,-1,60000,33,,,,2078.1597,,106.48998,2e49aabd-9fe2-4963-b2bc-64f99b0ad906.extra_data.json,jBfEgmLJSx,0,com.sec.android.app.shealth,1855564,37740000,2e49aabd-9fe2-4963-b2bc-64f99b0ad906,2022-12-31 00:00:00.000,
,,,,155,,103385,90,0,,2023-01-02 05:15:53.517,,2023-01-01 07:00:00.470,,,,-1,16675,1,,,,114.88999,,5.6599994,557e08e5-7b92-4ef9-a3ee-91625e27f21b.extra_data.json,jBfEgmLJSx,0,com.sec.android.app.shealth,103385,27300000,557e08e5-7b92-4ef9-a3ee-91625e27f21b,2023-01-01 00:00:00.000,
,,,,2624,,1715434,90,0,,2023-01-03 02:15:06.991,,2023-01-02 07:00:01.259,,,,-1,60000,31,,,,1943.66,,98.53999,c37fc895-0256-49a3-9c3e-ceb33aba96d7.extra_data.json,jBfEgmLJSx,0,com.sec.android.app.shealth,1715434,31620000,c37fc895-0256-49a3-9c3e-ceb33aba96d7,2023-01-02 00:00:00.000,
,,,,2423,,1616141,90,0,,2023-01-04 05:53:22.001,,2023-01-03 07:00:01.254,,,,-1,60000,28,,,,1749.8701,,92.17001,4084d404-1d3f-4e8c-8c3b-36a8406e1f54.extra_data.json,jBfEgmLJSx,0,com.sec.android.app.shealth,1616141,43140000,4084d404-1d3f-4e8c-8c3b-36a8406e1f54,2023-01-03 00:00:00.000,
,,,,2829,,1868205,90,0,,2023-01-05 04:35:04.550,,2023-01-04 07:00:02.116,,,,-1,120000,34,,,,2095.93,,109.549995,3ede1223-0577-4941-b028-299248b78b5d.extra_data.json,jBfEgmLJSx,6259,com.sec.android.app.shealth,1861946,16800000,3ede1223-0577-4941-b028-299248b78b5d,2023-01-04 00:00:00.000,
,,,,1068,,712356,90,0,,2023-01-06 00:29:32.193,,2023-01-05 07:00:02.301,,,,-1,32016,12,,,,781.81995,,40.309998,24edb3e6-706f-4205-9df6-8a7c10649a9e.extra_data.json,jBfEgmLJSx,0,com.sec.android.app.shealth,712356,52920000,24edb3e6-706f-4205-9df6-8a7c10649a9e,2023-01-05 00:00:00.000,
,,,,4664,,3103297,90,0,,2023-01-07 07:00:02.096,,2023-01-06 07:00:02.140,,,,-1,60000,56,,,,3410.1494,,177.60999,1a1a0036-1b35-4d5b-8065-d8e767234f0d.extra_data.json,jBfEgmLJSx,1200,com.sec.android.app.shealth,3102097,34739999,1a1a0036-1b35-4d5b-8065-d8e767234f0d,2023-01-06 00:00:00.000,
,,,,5648,,3757121,90,0,,2023-01-08 02:52:32.912,,2023-01-07 07:00:02.026,,,,-1,120000,68,,,,4164.1904,,210.85995,c6f82c28-ec5c-48e5-ba8b-207a1e780b8f.extra_data.json,jBfEgmLJSx,0,com.sec.android.app.shealth,3757121,18120000,c6f82c28-ec5c-48e5-ba8b-207a1e780b8f,2023-01-07 00:00:00.000,
,,,,3635,,2424545,90,0,,2023-01-09 05:15:07.494,,2023-01-08 08:14:07.587,,,,-1,53360,44,,,,2653.0298,,138.39001,520213a6-ac5d-4987-aaa0-e16d1b0584bd.extra_data.json,jBfEgmLJSx,0,com.sec.android.app.shealth,2424545,30240000,520213a6-ac5d-4987-aaa0-e16d1b0584bd,2023-01-08 00:00:00.000,
,,,,1233,,822411,90,0,,2023-01-10 04:15:15.098,,2023-01-09 07:00:00.705,,,,-1,60000,14,,,,910.56006,,46.67,dee62b34-c6c2-4cf6-9b7d-e85a473bf0d4.extra_data.json,jBfEgmLJSx,0,com.sec.android.app.shealth,822411,50160000,dee62b34-c6c2-4cf6-9b7d-e85a473bf0d4,2023-01-09 00:00:00.000,
,,,,342,,228114,90,0,,2023-01-11 03:59:51.355,,2023-01-10 07:42:35.300,,,,-1,33350,3,,,,256.82,,12.679999,53e14ef8-564b-4112-979e-c2a14dd795b5.extra_data.json,jBfEgmLJSx,0,com.sec.android.app.shealth,228114,34740000,53e14ef8-564b-4112-979e-c2a14dd795b5,2023-01-10 00:00:00.000,
,,,,1176,,783695,90,0,,2023-01-12 06:36:06.188,,2023-01-11 07:00:01.011,,,,-1,60000,14,,,,873.30994,,44.3,6fea0971-2b15-45d2-8e37-12eb0df51492.extra_data.json,jBfEgmLJSx,0,com.sec.android.app.shealth,783695,39240000,6fea0971-2b15-45d2-8e37-12eb0df51492,2023-01-11 00:00:00.000,
,,,,2590,,1694727,90,0,,2023-01-13 06:56:14.632,,2023-01-12 07:00:00.414,,,,-1,180000,31,,,,1903.2402,,99.94,2e5746b8-1d2f-496e-b9cb-44a85255bbfe.extra_data.json,jBfEgmLJSx,0,com.sec.android.app.shealth,1694727,26400000,2e5746b8-1d2f-496e-b9cb-44a85255bbfe,2023-01-12 00:00:00.000,
,,,,715,,476905,90,0,,2023-01-14 03:17:12.627,,2023-01-13 15:30:15.648,,,,-1,42688,7,,,,517.66003,,26.97,3eb6406b-9f3f-49f8-a614-7e661c8bee7f.extra_data.json,jBfEgmLJSx,0,com.sec.android.app.shealth,476905,34500000,3eb6406b-9f3f-49f8-a614-7e661c8bee7f,2023-01-13 00:00:00.000,
,,,,180,,120060,90,0,,2023-01-15 01:22:04.353,,2023-01-14 07:00:28.861,,,,-1,29348,2,,,,133.16,,6.96,879447bc-2386-49aa-9937-b4686ef806a6.extra_data.json,jBfEgmLJSx,0,com.sec.android.app.shealth,120060,33420000,879447bc-2386-49aa-9937-b4686ef806a6,2023-01-14 00:00:00.000,
,,,,3448,,2296584,90,0,,2023-01-16 03:04:51.086,,2023-01-15 07:00:03.233,,,,-1,60000,42,,,,2487.55,,132.94,78d0f720-66f9-4eea-a516-b070e31f5050.extra_data.json,jBfEgmLJSx,800,com.sec.android.app.shealth,2295784,35400000,78d0f720-66f9-4eea-a516-b070e31f5050,2023-01-15 00:00:00.000,
,,,,1177,,779663,90,0,,2023-01-16 23:55:02.504,,2023-01-16 07:00:03.171,,,,-1,60000,13,,,,860.6401,,45.539997,29a7fbce-8767-4efc-85d7-5bf1bf6ddf83.extra_data.json,jBfEgmLJSx,0,com.sec.android.app.shealth,779663,52200000,29a7fbce-8767-4efc-85d7-5bf1bf6ddf83,2023-01-16 00:00:00.000,
,,,,670,,442858,90,0,,2023-01-17 22:40:09.893,,2023-01-17 08:34:20.779,,,,-1,120000,7,,,,492.52994,,25.370003,0241c13f-7720-4391-8b41-8272cc86ba17.extra_data.json,jBfEgmLJSx,0,com.sec.android.app.shealth,442858,40140000,0241c13f-7720-4391-8b41-8272cc86ba17,2023-01-17 00:00:00.000,
,,,,4773,,3099946,90,0,,2023-01-19 03:50:05.726,,2023-01-18 07:00:00.597,,,,-1,300000,56,,,,3490.1702,,183.89,ee5a960c-ebbc-4470-8adc-887c13fbdd98.extra_data.json,jBfEgmLJSx,1593,com.sec.android.app.shealth,3098353,40020000,ee5a960c-ebbc-4470-8adc-887c13fbdd98,2023-01-18 00:00:00.000,
,,,,738,,470145,90,0,,2023-01-19 22:56:55.692,,2023-01-19 07:00:02.374,,,,-1,60000,7,,,,543.3,,28.769993,8329073f-7263-452c-bff0-e96e6522c29e.extra_data.json,jBfEgmLJSx,0,com.sec.android.app.shealth,470145,55320000,8329073f-7263-452c-bff0-e96e6522c29e,2023-01-19 00:00:00.000,
,,,,4514,,2943171,90,0,,2023-01-23 18:25:11.209,,2023-01-20 07:00:01.183,,,,-1,120000,54,,,,3419.8096,,207.71992,8b8ee488-47f2-4fdb-a6e0-d448360fd330.extra_data.json,jBfEgmLJSx,0,com.sec.android.app.shealth,2943171,44160000,8b8ee488-47f2-4fdb-a6e0-d448360fd330,2023-01-20 00:00:00.000,
,,,,1881,,1235030,90,0,,2023-01-22 04:10:39.708,,2023-01-21 07:00:00.443,,,,-1,120000,22,,,,1423.5503,,70.78,fa514d11-27ea-4b96-ba4c-34ea30441395.extra_data.json,jBfEgmLJSx,1200,com.sec.android.app.shealth,1233830,29880000,fa514d11-27ea-4b96-ba4c-34ea30441395,2023-01-21 00:00:00.000,
,,,,259,,172753,90,0,,2023-01-23 04:36:40.074,,2023-01-22 08:00:01.328,,,,-1,53360,2,,,,192.64,,9.940001,d5b685af-e37f-4f13-93dd-da5485412fda.extra_data.json,jBfEgmLJSx,0,com.sec.android.app.shealth,172753,73200000,d5b685af-e37f-4f13-93dd-da5485412fda,2023-01-22 00:00:00.000,
,,,,1659,,1014904,90,0,,2023-01-24 05:13:25.845,,2023-01-23 08:00:01.567,,,,-1,180000,17,,,,1227.1399,,65.79,75e18dc7-2a05-4ff2-a7f9-e89ccb37ae15.extra_data.json,jBfEgmLJSx,2575,com.sec.android.app.shealth,1012329,34500000,75e18dc7-2a05-4ff2-a7f9-e89ccb37ae15,2023-01-23 00:00:00.000,
,,,,2806,,1733720,90,0,,2023-01-25 03:20:08.231,,2023-01-24 08:00:01.157,,,,-1,360000,31,,,,2069.0598,,110.16,78d911db-25bc-4ab4-8d6c-217954ac3c31.extra_data.json,jBfEgmLJSx,0,com.sec.android.app.shealth,1733720,55740000,78d911db-25bc-4ab4-8d6c-217954ac3c31,2023-01-24 00:00:00.000,
,,,,734,,489578,90,0,,2023-01-26 04:54:43.040,,2023-01-25 08:00:00.778,,,,-1,48691,8,,,,552.5399,,25.979998,c04cbf3d-04d5-448f-b856-d95c113d1804.extra_data.json,jBfEgmLJSx,0,com.sec.android.app.shealth,489578,17580000,c04cbf3d-04d5-448f-b856-d95c113d1804,2023-01-25 00:00:00.000,
,,,,1274,,808951,90,0,,2023-01-27 02:21:17.717,,2023-01-26 07:00:01.115,,,,-1,60000,14,,,,930.2999,,49.859993,9d764068-617d-455d-b546-1624b3833e0f.extra_data.json,jBfEgmLJSx,0,com.sec.android.app.shealth,808951,45180000,9d764068-617d-455d-b546-1624b3833e0f,2023-01-26 00:00:00.000,
,,,,800,,511662,90,0,,2023-01-28 01:55:54.713,,2023-01-27 07:00:02.287,,,,-1,60000,8,,,,597.0399,,30.779997,d531ab1b-d1f1-43c6-a90b-d549c7691a45.extra_data.json,jBfEgmLJSx,800,com.sec.android.app.shealth,510862,60420000,d531ab1b-d1f1-43c6-a90b-d549c7691a45,2023-01-27 00:00:00.000,
,,,,743,,495581,90,0,,2023-01-29 06:48:15.226,,2023-01-28 07:00:01.897,,,,-1,44022,8,,,,554.5299,,27.589996,0281c75c-9e54-4733-ae60-88f712ca57fa.extra_data.json,jBfEgmLJSx,0,com.sec.android.app.shealth,495581,23940000,0281c75c-9e54-4733-ae60-88f712ca57fa,2023-01-28 00:00:00.000,
,,,,1998,,1305866,90,0,,2023-02-03 06:28:11.656,,2023-01-29 07:00:00.623,,,,-1,60000,23,,,,1495.89,,74.35999,7821df45-dca0-43df-b918-2321f34a1257.extra_data.json,jBfEgmLJSx,0,com.sec.android.app.shealth,1305866,11400000,7821df45-dca0-43df-b918-2321f34a1257,2023-01-29 00:00:00.000,
,,,,1058,,704322,90,0,,2023-01-31 03:42:44.437,,2023-01-30 06:00:00.436,,,,-1,60000,12,,,,783.09015,,39.76,9c5233a0-5ff4-40d9-b837-a9b9cfef11cf.extra_data.json,jBfEgmLJSx,0,com.sec.android.app.shealth,704322,54900000,9c5233a0-5ff4-40d9-b837-a9b9cfef11cf,2023-01-30 00:00:00.000,
,,,,1539,,991042,90,0,,2023-02-01 01:46:02.736,,2023-01-31 06:00:01.304,,,,-1,60000,17,,,,1148.18,,57.960003,373cde0d-7366-4a10-a111-2a91819fd398.extra_data.json,jBfEgmLJSx,0,com.sec.android.app.shealth,991042,40920000,373cde0d-7366-4a10-a111-2a91819fd398,2023-01-31 00:00:00.000,
,,,,32,,21344,90,0,,2023-02-02 05:46:57.928,,2023-02-01 06:00:01.195,,,,-1,21344,0,,,,24.200003,,1.0699999,155d91e1-4dca-4898-bbed-7ef130fc0917.extra_data.json,jBfEgmLJSx,0,com.sec.android.app.shealth,21344,81900000,155d91e1-4dca-4898-bbed-7ef130fc0917,2023-02-01 00:00:00.000,
,,,,1828,,1187170,90,0,,2023-02-03 04:08:46.262,,2023-02-02 07:00:01.312,,,,-1,60000,21,,,,1360.9202,,69.13001,6f49f637-1711-4a5f-b22d-0f660ec24916.extra_data.json,jBfEgmLJSx,0,com.sec.android.app.shealth,1187170,29700000,6f49f637-1711-4a5f-b22d-0f660ec24916,2023-02-02 00:00:00.000,
,,,,1422,,941744,90,0,,2023-02-04 03:29:34.108,,2023-02-03 08:23:05.804,,,,-1,60000,16,,,,1049.95,,54.089996,232ca503-85f8-4317-a9c6-a3742e823034.extra_data.json,jBfEgmLJSx,0,com.sec.android.app.shealth,941744,27840000,232ca503-85f8-4317-a9c6-a3742e823034,2023-02-03 00:00:00.000,
,,,,3622,,2368247,90,0,,2023-02-05 04:16:22.664,,2023-02-04 08:00:00.743,,,,-1,240000,43,,,,2715.0103,,159.68002,02053b28-b818-4a2e-a0f2-4d11232f5e87.extra_data.json,jBfEgmLJSx,0,com.sec.android.app.shealth,2368247,42000000,02053b28-b818-4a2e-a0f2-4d11232f5e87,2023-02-04 00:00:00.000,
,,,,64,,42688,90,0,,2023-02-06 10:13:46.889,,2023-02-05 08:00:01.768,,,,-1,28681,0,,,,49.43,,2.02,0e97e8d3-6954-4448-8ac6-4843af38edf3.extra_data.json,jBfEgmLJSx,0,com.sec.android.app.shealth,42688,81239999,0e97e8d3-6954-4448-8ac6-4843af38edf3,2023-02-05 00:00:00.000,
,,,,2076,,1363168,90,0,,2023-02-07 07:55:27.641,,2023-02-06 10:13:46.747,,,,-1,180000,24,,,,1522.0598,,63.219986,df172797-91e8-4311-816d-5df3614e58ed.extra_data.json,jBfEgmLJSx,0,com.sec.android.app.shealth,1363168,45720000,df172797-91e8-4311-816d-5df3614e58ed,2023-02-06 00:00:00.000,
,,,,1308,,859168,90,0,,2023-02-08 05:28:03.370,,2023-02-07 08:00:00.515,,,,-1,60000,15,,,,974.04,,40.099987,e833a501-dd74-4c66-8660-4e189e583466.extra_data.json,jBfEgmLJSx,2800,com.sec.android.app.shealth,856368,32220000,e833a501-dd74-4c66-8660-4e189e583466,2023-02-07 00:00:00.000,
,,,,1889,,1223188,90,0,,2023-02-09 05:15:01.572,,2023-02-08 07:00:01.094,,,,-1,60000,22,,,,1419.6699,,57.77999,3ad98e57-1b5e-49af-a85c-cabc703e8994.extra_data.json,jBfEgmLJSx,0,com.sec.android.app.shealth,1223188,36900000,3ad98e57-1b5e-49af-a85c-cabc703e8994,2023-02-08 00:00:00.000,
,,,,1671,,1109858,90,0,,2023-02-10 06:42:56.381,,2023-02-09 07:00:01.025,,,,-1,120000,20,,,,1217.84,,51.709984,cf24f069-c8ab-4078-b75c-480f22aa6b9e.extra_data.json,jBfEgmLJSx,0,com.sec.android.app.shealth,1109858,31799999,cf24f069-c8ab-4078-b75c-480f22aa6b9e,2023-02-09 00:00:00.000,
,,,,3530,,2287630,90,0,,2023-02-11 06:09:59.352,,2023-02-10 06:42:56.315,,,,-1,60000,42,,,,2601.9592,,136.89998,2ed4e73e-30c4-4c21-8b4b-7c99e056c463.extra_data.json,jBfEgmLJSx,0,com.sec.android.app.shealth,2287630,27240000,2ed4e73e-30c4-4c21-8b4b-7c99e056c463,2023-02-10 00:00:00.000,
,,,,2094,,1385269,90,0,,2023-02-12 05:55:16.588,,2023-02-11 07:00:00.480,,,,-1,60000,25,,,,1580.6703,,77.59999,8d5c782a-bd79-4863-ae18-310c9b958bf7.extra_data.json,jBfEgmLJSx,0,com.sec.android.app.shealth,1385269,19620000,8d5c782a-bd79-4863-ae18-310c9b958bf7,2023-02-11 00:00:00.000,
,,,,1482,,942958,90,0,,2023-02-13 05:50:33.669,,2023-02-12 07:00:01.188,,,,-1,180000,16,,,,1109.9901,,56.93998,58ed8f6f-eb50-494a-88d2-148f86edb435.extra_data.json,jBfEgmLJSx,0,com.sec.android.app.shealth,942958,46320000,58ed8f6f-eb50-494a-88d2-148f86edb435,2023-02-12 00:00:00.000,
,,,,624,,404839,90,0,,2023-02-14 03:34:12.333,,2023-02-13 06:00:00.447,,,,-1,60000,6,,,,472.26004,,22.63,9b9b9fec-d879-437a-ba88-fda6cfbc356f.extra_data.json,jBfEgmLJSx,0,com.sec.android.app.shealth,404839,44640000,9b9b9fec-d879-437a-ba88-fda6cfbc356f,2023-02-13 00:00:00.000,
,,,,1579,,1043158,90,0,,2023-02-15 05:55:11.003,,2023-02-14 05:00:01.417,,,,-1,60000,18,,,,1167.72,,60.860004,2c42a809-f56a-497d-98df-34ad47a7b292.extra_data.json,jBfEgmLJSx,0,com.sec.android.app.shealth,1043158,48360000,2c42a809-f56a-497d-98df-34ad47a7b292,2023-02-14 00:00:00.000,
,,,,2204,,1426443,90,0,,2023-02-16 06:00:01.495,,2023-02-15 06:00:01.277,,,,-1,180000,25,,,,1642.2598,,80.819984,cd90ff8c-19c9-4e4b-b3c5-a18dcac03638.extra_data.json,jBfEgmLJSx,0,com.sec.android.app.shealth,1426443,16619999,cd90ff8c-19c9-4e4b-b3c5-a18dcac03638,2023-02-15 00:00:00.000,
,,,,1033,,641504,90,0,,2023-02-17 04:55:02.911,,2023-02-16 06:00:01.428,,,,-1,120000,11,,,,762.91,,40.859997,03796925-ea34-4c18-83f0-f2f7f90f94ec.extra_data.json,jBfEgmLJSx,0,com.sec.android.app.shealth,641504,42780000,03796925-ea34-4c18-83f0-f2f7f90f94ec,2023-02-16 00:00:00.000,
,,,,1486,,983765,90,0,,2023-02-18 05:00:01.133,,2023-02-17 06:00:01.086,,,,-1,60000,17,,,,1084.7499,,58.18001,822c2027-eb1c-4b55-96ad-dade2dce2209.extra_data.json,jBfEgmLJSx,0,com.sec.android.app.shealth,983765,27419999,822c2027-eb1c-4b55-96ad-dade2dce2209,2023-02-17 00:00:00.000,
,,,,1696,,1092973,90,0,,2023-02-18 23:35:21.150,,2023-02-18 05:00:00.602,,,,-1,120000,20,,,,1240.5697,,66.159996,1dbfd7b9-8de2-4db8-ab6f-9e76768aabb6.extra_data.json,jBfEgmLJSx,0,com.sec.android.app.shealth,1092973,45240000,1dbfd7b9-8de2-4db8-ab6f-9e76768aabb6,2023-02-18 00:00:00.000,
,,,,639,,426213,90,0,,2023-02-20 04:55:03.653,,2023-02-19 05:00:00.778,,,,-1,40020,7,,,,494.27008,,21.319992,62818afb-86e3-4d73-bad0-5c61db8f9a16.extra_data.json,jBfEgmLJSx,0,com.sec.android.app.shealth,426213,35100000,62818afb-86e3-4d73-bad0-5c61db8f9a16,2023-02-19 00:00:00.000,
,,,,2022,,1324615,90,0,,2023-02-20 23:02:57.676,,2023-02-20 05:00:00.433,,,,-1,120000,24,,,,1468.39,,79.35,e02ebb8d-def4-491b-b83c-bfb9f575098a.extra_data.json,jBfEgmLJSx,800,com.sec.android.app.shealth,1323815,36360000,e02ebb8d-def4-491b-b83c-bfb9f575098a,2023-02-20 00:00:00.000,
,,,,3530,,2294877,90,0,,2023-02-22 02:55:01.967,,2023-02-21 07:11:41.619,,,,-1,120000,42,,,,2599.9404,,132.43997,715f2d5f-9010-46bc-9e7b-e3e2ff10ee45.extra_data.json,jBfEgmLJSx,0,com.sec.android.app.shealth,2294877,13560000,715f2d5f-9010-46bc-9e7b-e3e2ff10ee45,2023-02-21 00:00:00.000,
,,,,1179,,778329,90,0,,2023-02-23 02:47:50.116,,2023-02-22 06:00:01.005,,,,-1,60000,13,,,,857.7401,,45.559994,9578de46-565d-4712-8542-72807cc19b7f.extra_data.json,jBfEgmLJSx,0,com.sec.android.app.shealth,778329,15360000,9578de46-565d-4712-8542-72807cc19b7f,2023-02-22 00:00:00.000,
,,,,1536,,952933,90,0,,2023-02-24 03:21:32.195,,2023-02-23 07:00:02.135,,,,-1,180000,16,,,,1129.32,,59.980003,e2b63760-7b11-4b8f-8655-b9edd8f3a12c.extra_data.json,jBfEgmLJSx,0,com.sec.android.app.shealth,952933,34620000,e2b63760-7b11-4b8f-8655-b9edd8f3a12c,2023-02-23 00:00:00.000,
,,,,21,,14007,90,0,,2023-02-25 08:53:19.968,,2023-02-24 07:00:01.210,,,,-1,14007,0,,,,16.1,,0.7,ebe256e2-7a76-4026-a435-5513860117fc.extra_data.json,jBfEgmLJSx,0,com.sec.android.app.shealth,14007,46439999,ebe256e2-7a76-4026-a435-5513860117fc,2023-02-24 00:00:00.000,
,,,,1550,,995681,90,0,,2023-02-26 03:35:50.872,,2023-02-25 08:53:19.652,,,,-1,120000,17,,,,1154.3901,,58.47999,d2fe7bdd-c19e-4941-a14f-c82a801621c0.extra_data.json,jBfEgmLJSx,0,com.sec.android.app.shealth,995681,41940000,d2fe7bdd-c19e-4941-a14f-c82a801621c0,2023-02-25 00:00:00.000,
,,,,884,,572226,90,0,,2023-02-27 05:58:07.870,,2023-02-26 07:51:30.186,,,,-1,60000,10,,,,649.24994,,33.37,21eff183-c891-4398-a621-5e6760857f62.extra_data.json,jBfEgmLJSx,0,com.sec.android.app.shealth,572226,52020000,21eff183-c891-4398-a621-5e6760857f62,2023-02-26 00:00:00.000,
,,,,2789,,1824732,90,0,,2023-02-28 05:39:03.540,,2023-02-27 08:00:01.074,,,,-1,120000,33,,,,2043.6498,,107.36999,9b61e848-af82-4f32-b523-41ace100bfee.extra_data.json,jBfEgmLJSx,0,com.sec.android.app.shealth,1824732,24060000,9b61e848-af82-4f32-b523-41ace100bfee,2023-02-27 00:00:00.000,
,,,,1064,,670155,90,0,,2023-03-01 02:35:02.827,,2023-02-28 08:00:01.020,,,,-1,120000,12,,,,778.75995,,41.570004,4df6d06d-54df-4036-873c-fc6bc5d25b89.extra_data.json,jBfEgmLJSx,0,com.sec.android.app.shealth,670155,27300000,4df6d06d-54df-4036-873c-fc6bc5d25b89,2023-02-28 00:00:00.000,
,,,,1009,,639933,90,0,,2023-03-02 03:17:51.075,,2023-03-01 08:09:00.270,,,,-1,60000,11,,,,746.86005,,39.62,e0a927a5-aecb-485e-b06b-eadfac8a2daf.extra_data.json,jBfEgmLJSx,400,com.sec.android.app.shealth,639533,28860000,e0a927a5-aecb-485e-b06b-eadfac8a2daf,2023-03-01 00:00:00.000,
,,,,0,,0,90,0,,2023-03-02 08:00:00.782,,2023-03-02 08:00:00.782,,,,-1,0,0,,,,0.0,,0.0,05ed3f72-8377-47b5-bf02-e6783a5b1c30.extra_data.json,jBfEgmLJSx,0,com.sec.android.app.shealth,0,-1,05ed3f72-8377-47b5-bf02-e6783a5b1c30,2023-03-02 00:00:00.000,
,,,,3079,,2016161,90,0,,2023-03-04 15:32:45.260,,2023-03-03 08:00:01.948,,,,-1,120000,36,,,,2296.8699,,116.66998,d22e65a3-6874-4819-aea7-640f3506dc38.extra_data.json,jBfEgmLJSx,0,com.sec.android.app.shealth,2016161,11640000,d22e65a3-6874-4819-aea7-640f3506dc38,2023-03-03 00:00:00.000,
,,,,2457,,1589784,90,0,,2023-03-05 00:55:09.008,,2023-03-04 07:00:01.224,,,,-1,180000,28,,,,1811.2797,,94.84,dc06478e-082f-4036-b1f3-6f1d0454f78f.extra_data.json,jBfEgmLJSx,1200,com.sec.android.app.shealth,1588584,34200000,dc06478e-082f-4036-b1f3-6f1d0454f78f,2023-03-04 00:00:00.000,
,,,,1920,,1233740,90,0,,2023-03-06 03:09:56.972,,2023-03-05 06:00:02.890,,,,-1,240000,22,,,,1405.0599,,74.39999,869dc5c0-e81b-442a-9ba7-b5b5ad7c791c.extra_data.json,jBfEgmLJSx,0,com.sec.android.app.shealth,1233740,54600000,869dc5c0-e81b-442a-9ba7-b5b5ad7c791c,2023-03-05 00:00:00.000,
,,,,5452,,3467740,90,0,,2023-03-07 05:04:45.247,,2023-03-06 06:00:00.997,,,,-1,180000,63,,,,4020.42,,211.57996,23aa9887-0605-4823-9c94-9855901bd3b2.extra_data.json,jBfEgmLJSx,0,com.sec.android.app.shealth,3467740,24360000,23aa9887-0605-4823-9c94-9855901bd3b2,2023-03-06 00:00:00.000,
,,,,327,,205406,90,0,,2023-03-08 05:46:21.767,,2023-03-07 06:00:00.993,,,,-1,60000,3,,,,240.88002,,12.280001,9d42d1f7-aef2-4f2b-b518-6fe44d424c29.extra_data.json,jBfEgmLJSx,0,com.sec.android.app.shealth,205406,36660000,9d42d1f7-aef2-4f2b-b518-6fe44d424c29,2023-03-07 00:00:00.000,
,,,,2351,,1518905,90,0,,2023-03-09 00:58:42.742,,2023-03-08 06:00:01.107,,,,-1,120000,27,,,,1756.2599,,89.15001,620d8e27-5a69-4390-9650-f097ddefc8e9.extra_data.json,jBfEgmLJSx,1600,com.sec.android.app.shealth,1517305,30720000,620d8e27-5a69-4390-9650-f097ddefc8e9,2023-03-08 00:00:00.000,
,,,,1009,,598786,90,0,,2023-03-10 05:30:05.546,,2023-03-09 06:00:01.937,,,,-1,180000,10,,,,752.5099,,37.48,28cb6a62-bfef-4acd-979c-a42d4eb710d5.extra_data.json,jBfEgmLJSx,0,com.sec.android.app.shealth,598786,75300000,28cb6a62-bfef-4acd-979c-a42d4eb710d5,2023-03-09 00:00:00.000,
,,,,1604,,1023665,90,0,,2023-03-11 05:21:34.628,,2023-03-10 06:00:00.450,,,,-1,60000,18,,,,1168.7501,,62.619995,abaa8fd5-e172-475a-b452-a172281319f9.extra_data.json,jBfEgmLJSx,0,com.sec.android.app.shealth,1023665,46140000,abaa8fd5-e172-475a-b452-a172281319f9,2023-03-10 00:00:00.000,
,,,,1278,,837662,90,0,,2023-03-12 01:34:50.361,,2023-03-11 06:00:00.404,,,,-1,60000,14,,,,947.84,,48.899994,a50ba6b0-9905-4929-9eb9-e12a602b0c80.extra_data.json,jBfEgmLJSx,0,com.sec.android.app.shealth,837662,57960000,a50ba6b0-9905-4929-9eb9-e12a602b0c80,2023-03-11 00:00:00.000,
,,,,3041,,1979416,90,0,,2023-03-13 06:56:24.324,,2023-03-12 06:00:01.145,,,,-1,120000,35,,,,2221.03,,118.11997,99ce9fe7-c932-4e72-9b76-4af261275fae.extra_data.json,jBfEgmLJSx,0,com.sec.android.app.shealth,1979416,39900000,99ce9fe7-c932-4e72-9b76-4af261275fae,2023-03-12 00:00:00.000,
,,,,2864,,1763675,90,0,,2023-03-14 03:23:13.872,,2023-03-13 07:00:00.503,,,,-1,300000,32,,,,2111.3499,,113.30997,74157c3e-3b91-45d5-8d91-df38bd7491be.extra_data.json,jBfEgmLJSx,0,com.sec.android.app.shealth,1763675,24900000,74157c3e-3b91-45d5-8d91-df38bd7491be,2023-03-13 00:00:00.000,
,,,,2657,,1760760,90,0,,2023-03-15 03:34:49.451,,2023-03-14 07:00:01.059,,,,-1,60000,32,,,,1964.5702,,101.43999,000c575b-903b-45c9-a0ae-d62a3898be35.extra_data.json,jBfEgmLJSx,0,com.sec.android.app.shealth,1760760,15960000,000c575b-903b-45c9-a0ae-d62a3898be35,2023-03-14 00:00:00.000,
,,,,1842,,1211819,90,0,,2023-03-16 04:13:27.795,,2023-03-15 06:00:00.678,,,,-1,60000,22,,,,1375.3799,,68.27,70644003-dd78-41b8-ad97-5f3324eb1864.extra_data.json,jBfEgmLJSx,0,com.sec.android.app.shealth,1211819,26460000,70644003-dd78-41b8-ad97-5f3324eb1864,2023-03-15 00:00:00.000,
,,,,1772,,1160490,90,0,,2023-03-17 03:54:43.352,,2023-03-16 05:00:00.600,,,,-1,60000,21,,,,1300.8201,,68.670006,676e9939-3c15-44d7-89f5-025746e442b3.extra_data.json,jBfEgmLJSx,0,com.sec.android.app.shealth,1160490,37260000,676e9939-3c15-44d7-89f5-025746e442b3,2023-03-16 00:00:00.000,
,,,,1362,,858946,90,0,,2023-03-18 05:57:27.089,,2023-03-17 05:00:00.749,,,,-1,120000,15,,,,995.61017,,52.999996,016b4286-4985-4e83-a283-d59e49c743d9.extra_data.json,jBfEgmLJSx,0,com.sec.android.app.shealth,858946,45660000,016b4286-4985-4e83-a283-d59e49c743d9,2023-03-17 00:00:00.000,
,,,,5200,,3405455,90,0,,2023-03-19 07:00:02.214,,2023-03-18 06:00:00.429,,,,-1,240000,62,,,,3854.78,,198.1,ef0bac7c-c8db-4f39-a338-1da736d8f0ac.extra_data.json,jBfEgmLJSx,14000,com.sec.android.app.shealth,3391455,15419999,ef0bac7c-c8db-4f39-a338-1da736d8f0ac,2023-03-18 00:00:00.000,
,,,,2135,,1424045,90,0,,2023-03-20 02:38:43.119,,2023-03-19 07:00:02.091,,,,-1,53360,25,,,,1584.7302,,78.44997,ed0ae6fb-b120-4e90-ae20-1881bd9425bb.extra_data.json,jBfEgmLJSx,0,com.sec.android.app.shealth,1424045,26340000,ed0ae6fb-b120-4e90-ae20-1881bd9425bb,2023-03-19 00:00:00.000,
,,,,2387,,1541411,90,0,,2023-03-21 04:11:09.544,,2023-03-20 05:00:01.243,,,,-1,120000,27,,,,1779.7299,,93.08997,dceeecb3-1894-4bb9-84bc-5034468ca76c.extra_data.json,jBfEgmLJSx,18800,com.sec.android.app.shealth,1522611,15720000,dceeecb3-1894-4bb9-84bc-5034468ca76c,2023-03-20 00:00:00.000,
,,,,1117,,728304,90,0,,2023-03-22 04:04:16.660,,2023-03-21 04:00:01.309,,,,-1,120000,13,,,,823.9601,,42.979996,32b2869d-fae2-4b6a-b315-c6a2185ecfdb.extra_data.json,jBfEgmLJSx,0,com.sec.android.app.shealth,728304,78779999,32b2869d-fae2-4b6a-b315-c6a2185ecfdb,2023-03-21 00:00:00.000,
,,,,1878,,1211669,90,0,,2023-03-23 03:15:13.195,,2023-03-22 04:04:16.568,,,,-1,180000,22,,,,1375.6199,,73.26998,aea9d16e-f6ee-4afd-b561-dcdae3216008.extra_data.json,jBfEgmLJSx,0,com.sec.android.app.shealth,1211669,38880000,aea9d16e-f6ee-4afd-b561-dcdae3216008,2023-03-22 00:00:00.000,
,,,,2937,,1941947,90,0,,2023-03-24 02:58:54.145,,2023-03-23 04:00:02.003,,,,-1,120000,35,,,,2162.6199,,111.97002,60a714ab-586d-431e-be77-0494ec65dca6.extra_data.json,jBfEgmLJSx,400,com.sec.android.app.shealth,1941547,32160000,60a714ab-586d-431e-be77-0494ec65dca6,2023-03-23 00:00:00.000,
,,,,2514,,1576380,90,0,,2023-03-24 21:09:23.062,,2023-03-24 04:00:01.041,,,,-1,360000,28,,,,1852.4197,,98.78998,13b873b2-1276-4b35-9b5e-4aff18197a23.extra_data.json,jBfEgmLJSx,2800,com.sec.android.app.shealth,1573580,32220000,13b873b2-1276-4b35-9b5e-4aff18197a23,2023-03-24 00:00:00.000,
,,,,615,,385466,90,0,,2023-03-26 04:00:01.309,,2023-03-25 04:00:01.219,,,,-1,60000,6,,,,455.27005,,23.840002,d08221de-60be-4796-9fc4-4641edcef9f9.extra_data.json,jBfEgmLJSx,0,com.sec.android.app.shealth,385466,42239999,d08221de-60be-4796-9fc4-4641edcef9f9,2023-03-25 00:00:00.000,
,,,,4860,,3122871,90,0,,2023-03-26 23:35:01.533,,2023-03-26 04:00:01.236,,,,-1,360000,57,,,,3542.679,,190.98999,f7c285d2-35c4-4bec-9b73-445409130536.extra_data.json,jBfEgmLJSx,0,com.sec.android.app.shealth,3122871,27480000,f7c285d2-35c4-4bec-9b73-445409130536,2023-03-26 00:00:00.000,
,,,,3351,,2158512,90,0,,2023-03-28 03:51:34.392,,2023-03-27 04:00:00.854,,,,-1,240000,38,,,,2477.3506,,128.51999,a5a9d6fb-485b-4607-b1fb-8a3c17d8fa5c.extra_data.json,jBfEgmLJSx,400,com.sec.android.app.shealth,2158112,39540000,a5a9d6fb-485b-4607-b1fb-8a3c17d8fa5c,2023-03-27 00:00:00.000,
,,,,5163,,3406691,90,0,,2023-03-29 03:46:04.081,,2023-03-28 04:00:01.203,,,,-1,180000,62,,,,3782.9905,,198.15001,71bbdf15-d223-4a9b-8406-9bf2c40172cf.extra_data.json,jBfEgmLJSx,3200,com.sec.android.app.shealth,3403491,28800000,71bbdf15-d223-4a9b-8406-9bf2c40172cf,2023-03-28 00:00:00.000,
,,,,3384,,2226933,90,0,,2023-03-30 05:00:01.417,,2023-03-29 04:00:01.037,,,,-1,120000,41,,,,2496.5994,,130.31999,a76e2edc-2c6a-4b0d-aba2-c8f5668668a1.extra_data.json,jBfEgmLJSx,0,com.sec.android.app.shealth,2226933,25740000,a76e2edc-2c6a-4b0d-aba2-c8f5668668a1,2023-03-29 00:00:00.000,
,,,,2091,,1359166,90,0,,2023-03-31 04:08:38.120,,2023-03-30 05:00:01.314,,,,-1,180000,24,,,,1555.3002,,79.31999,de862192-a95d-424c-b9fb-a07ef850d700.extra_data.json,jBfEgmLJSx,0,com.sec.android.app.shealth,1359166,25560000,de862192-a95d-424c-b9fb-a07ef850d700,2023-03-30 00:00:00.000,
,,,,796,,520867,90,0,,2023-04-01 06:03:29.879,,2023-03-31 06:00:01.231,,,,-1,120000,8,,,,585.2799,,30.54999,e94f61d6-20eb-4fb9-88dd-c4de8c4299de.extra_data.json,jBfEgmLJSx,0,com.sec.android.app.shealth,520867,30600000,e94f61d6-20eb-4fb9-88dd-c4de8c4299de,2023-03-31 00:00:00.000,
,,,,1622,,1069111,90,0,,2023-04-02 01:02:56.668,,2023-04-01 07:00:01.342,,,,-1,60000,18,,,,1179.36,,62.60998,0b6c4201-d0d6-47a1-97f2-eeff8cdba309.extra_data.json,jBfEgmLJSx,0,com.sec.android.app.shealth,1069111,27000000,0b6c4201-d0d6-47a1-97f2-eeff8cdba309,2023-04-01 00:00:00.000,
,,,,1105,,719573,90,0,,2023-04-03 03:24:40.699,,2023-04-02 06:00:00.679,,,,-1,120000,12,,,,816.2899,,41.969997,66db6fd4-36e6-4635-b321-3b1298501916.extra_data.json,jBfEgmLJSx,0,com.sec.android.app.shealth,719573,44760000,66db6fd4-36e6-4635-b321-3b1298501916,2023-04-02 00:00:00.000,
,,,,324,,216108,90,0,,2023-04-04 04:00:01.173,,2023-04-03 05:00:01.349,,,,-1,30015,3,,,,235.93,,11.51,79858158-10c4-443a-9539-a5d2882e2969.extra_data.json,jBfEgmLJSx,0,com.sec.android.app.shealth,216108,28859999,79858158-10c4-443a-9539-a5d2882e2969,2023-04-03 00:00:00.000,
,,,,3234,,2124852,90,0,,2023-04-04 23:15:02.767,,2023-04-04 04:00:00.721,,,,-1,120000,38,,,,2375.5898,,123.709984,dfe53256-90d2-4cb9-b449-d70667ed0361.extra_data.json,jBfEgmLJSx,0,com.sec.android.app.shealth,2124852,28680000,dfe53256-90d2-4cb9-b449-d70667ed0361,2023-04-04 00:00:00.000,
,,,,2015,,1337942,90,0,,2023-04-06 00:25:27.462,,2023-04-05 04:32:27.999,,,,-1,60000,24,,,,1479.7002,,77.15,f82f5eae-a6ed-4ac7-9114-cda75ccf6213.extra_data.json,jBfEgmLJSx,0,com.sec.android.app.shealth,1337942,42540000,f82f5eae-a6ed-4ac7-9114-cda75ccf6213,2023-04-05 00:00:00.000,
,,,,908,,600270,90,0,,2023-04-07 04:55:05.352,,2023-04-06 04:00:01.319,,,,-1,60000,11,,,,666.46,,34.479996,8eec0cc7-95a7-49d6-b913-4c8f20eb78b6.extra_data.json,jBfEgmLJSx,0,com.sec.android.app.shealth,600270,43260000,8eec0cc7-95a7-49d6-b913-4c8f20eb78b6,2023-04-06 00:00:00.000,
,,,,2773,,1826793,90,0,,2023-04-08 04:15:02.297,,2023-04-07 05:00:00.902,,,,-1,120000,33,,,,2012.3003,,107.059975,5ce58ffe-02ca-4eab-a056-bf3354ab6636.extra_data.json,jBfEgmLJSx,0,com.sec.android.app.shealth,1826793,30240000,5ce58ffe-02ca-4eab-a056-bf3354ab6636,2023-04-07 00:00:00.000,
,,,,2437,,1612079,90,0,,2023-04-09 01:52:26.982,,2023-04-08 07:00:01.382,,,,-1,180000,28,,,,1771.8705,,94.83997,b451bf23-8d5f-4e59-9cd9-cf2ebebdd337.extra_data.json,jBfEgmLJSx,0,com.sec.android.app.shealth,1612079,32040000,b451bf23-8d5f-4e59-9cd9-cf2ebebdd337,2023-04-08 00:00:00.000,
,,,,581,,381494,90,0,,2023-04-09 20:15:03.245,,2023-04-09 07:00:00.997,,,,-1,120000,6,,,,431.03995,,22.23,597d1340-c2a8-4ece-b871-ec5cf284e92f.extra_data.json,jBfEgmLJSx,0,com.sec.android.app.shealth,381494,41940000,597d1340-c2a8-4ece-b871-ec5cf284e92f,2023-04-09 00:00:00.000,
,,,,1487,,976428,90,0,,2023-04-11 05:09:28.998,,2023-04-10 07:00:01.954,,,,-1,120000,17,,,,1081.26,,56.829994,4ee3508e-9034-42d1-a7e9-ee4881086e70.extra_data.json,jBfEgmLJSx,0,com.sec.android.app.shealth,976428,43080000,4ee3508e-9034-42d1-a7e9-ee4881086e70,2023-04-10 00:00:00.000,
,,,,3826,,2465656,90,0,,2023-04-12 06:59:40.253,,2023-04-11 07:00:02.352,,,,-1,120000,44,,,,2858.6,,144.14001,d0b16d05-b62f-4aa7-8d82-101577f7bf11.extra_data.json,jBfEgmLJSx,6000,com.sec.android.app.shealth,2459656,27840000,d0b16d05-b62f-4aa7-8d82-101577f7bf11,2023-04-11 00:00:00.000,
,,,,2381,,1551582,90,0,,2023-04-13 03:15:02.389,,2023-04-12 07:00:00.532,,,,-1,60000,27,,,,1770.52,,91.26999,b10008b7-3c5c-4170-81d1-bdc9f9949099.extra_data.json,jBfEgmLJSx,13600,com.sec.android.app.shealth,1537982,9240000,b10008b7-3c5c-4170-81d1-bdc9f9949099,2023-04-12 00:00:00.000,
,,,,4345,,2851878,90,0,,2023-04-14 02:51:03.099,,2023-04-13 05:00:02.238,,,,-1,60000,52,,,,3206.3506,,164.53998,24d5c3f5-2cfa-4658-9ecd-f7b6284011f7.extra_data.json,jBfEgmLJSx,8000,com.sec.android.app.shealth,2843878,36900000,24d5c3f5-2cfa-4658-9ecd-f7b6284011f7,2023-04-13 00:00:00.000,
,,,,98,,65366,90,0,,2023-04-15 04:00:01.524,,2023-04-14 04:00:02.328,,,,-1,24679,1,,,,71.829994,,3.62,0972edb8-d9ad-4a25-95bd-806f618d8e4f.extra_data.json,jBfEgmLJSx,0,com.sec.android.app.shealth,65366,70799999,0972edb8-d9ad-4a25-95bd-806f618d8e4f,2023-04-14 00:00:00.000,
,,,,4013,,2631532,90,0,,2023-04-16 01:21:37.000,,2023-04-15 04:00:01.475,,,,-1,180000,47,,,,2959.9807,,153.44998,2846eead-40d4-41cb-aad0-b74c6fa806d7.extra_data.json,jBfEgmLJSx,6400,com.sec.android.app.shealth,2625132,25800000,2846eead-40d4-41cb-aad0-b74c6fa806d7,2023-04-15 00:00:00.000,
,,,,1071,,684919,90,0,,2023-04-27 15:26:28.462,,2023-04-16 05:00:01.806,,,,-1,60000,12,,,,775.95996,,42.51,19a401fb-8ca0-43e8-8853-e2825939ccf5.extra_data.json,jBfEgmLJSx,0,com.sec.android.app.shealth,684919,43200000,19a401fb-8ca0-43e8-8853-e2825939ccf5,2023-04-16 00:00:00.000,
,,,,1128,,721604,90,0,,2023-04-18 01:55:01.546,,2023-04-17 05:00:01.613,,,,-1,120000,13,,,,831.56995,,43.570004,c87aeae2-0967-48fe-95e6-7686cb6c444c.extra_data.json,jBfEgmLJSx,0,com.sec.android.app.shealth,721604,65100000,c87aeae2-0967-48fe-95e6-7686cb6c444c,2023-04-17 00:00:00.000,
,,,,1586,,1009688,90,0,,2023-04-19 02:36:08.271,,2023-04-18 05:00:01.410,,,,-1,120000,17,,,,1174.0999,,61.16,4ac5815c-c4f6-49df-89e0-afcf94886d7d.extra_data.json,jBfEgmLJSx,0,com.sec.android.app.shealth,1009688,20700000,4ac5815c-c4f6-49df-89e0-afcf94886d7d,2023-04-18 00:00:00.000,
,,,,1913,,1260910,90,0,,2023-04-20 06:21:58.305,,2023-04-19 07:00:00.748,,,,-1,120000,23,,,,1439.3601,,72.38,374f7a76-6908-4f7b-a5b2-45f971d84a62.extra_data.json,jBfEgmLJSx,400,com.sec.android.app.shealth,1260510,58380000,374f7a76-6908-4f7b-a5b2-45f971d84a62,2023-04-19 00:00:00.000,
,,,,3109,,2055840,90,0,,2023-04-21 03:55:24.102,,2023-04-20 07:00:01.321,,,,-1,120000,37,,,,2287.4998,,118.40999,bbbeb100-8736-4f62-a22e-bf31174edcf0.extra_data.json,jBfEgmLJSx,3535,com.sec.android.app.shealth,2052305,22500000,bbbeb100-8736-4f62-a22e-bf31174edcf0,2023-04-20 00:00:00.000,
,,,,1390,,901724,90,0,,2023-04-22 06:34:18.793,,2023-04-21 06:00:00.986,,,,-1,60000,16,,,,1021.6701,,52.92999,614d34a3-497f-4d88-b6bf-b5091ee32cd3.extra_data.json,jBfEgmLJSx,0,com.sec.android.app.shealth,901724,16800000,614d34a3-497f-4d88-b6bf-b5091ee32cd3,2023-04-21 00:00:00.000,
,,,,2104,,1350495,90,0,,2023-04-23 02:35:18.636,,2023-04-22 07:00:02.840,,,,-1,120000,24,,,,1573.7098,,79.06,3ea4df87-00c1-4589-a813-1331c7a74c7f.extra_data.json,jBfEgmLJSx,7753,com.sec.android.app.shealth,1342742,27360000,3ea4df87-00c1-4589-a813-1331c7a74c7f,2023-04-22 00:00:00.000,
,,,,2796,,1812527,90,0,,2023-04-24 03:28:23.986,,2023-04-23 05:00:01.821,,,,-1,120000,32,,,,2086.85,,109.15002,18c200e0-6fa5-4342-886a-43568c5e14c7.extra_data.json,jBfEgmLJSx,17352,com.sec.android.app.shealth,1795175,20460000,18c200e0-6fa5-4342-886a-43568c5e14c7,2023-04-23 00:00:00.000,
,,,,824,,543708,90,0,,2023-04-25 07:00:02.218,,2023-04-24 06:00:01.907,,,,-1,60000,10,,,,608.97003,,31.36,cd7feb69-6aec-42b6-b399-b25864163370.extra_data.json,jBfEgmLJSx,800,com.sec.android.app.shealth,542908,29759999,cd7feb69-6aec-42b6-b399-b25864163370,2023-04-24 00:00:00.000,
,,,,1667,,1088454,90,0,,2023-04-26 04:01:23.792,,2023-04-25 07:00:02.129,,,,-1,120000,20,,,,1229.2399,,63.08,915a9402-9bad-4c97-b698-e49eff21b155.extra_data.json,jBfEgmLJSx,0,com.sec.android.app.shealth,1088454,31080000,915a9402-9bad-4c97-b698-e49eff21b155,2023-04-25 00:00:00.000,
,,,,1761,,1161217,90,0,,2023-04-27 06:20:49.956,,2023-04-26 07:07:22.156,,,,-1,60000,21,,,,1295.67,,66.71999,08bbed7e-7c9f-4981-a698-ed71e232c5dc.extra_data.json,jBfEgmLJSx,0,com.sec.android.app.shealth,1161217,35340000,08bbed7e-7c9f-4981-a698-ed71e232c5dc,2023-04-26 00:00:00.000,
,,,,133,,88711,90,0,,2023-04-28 06:00:00.594,,2023-04-27 07:00:00.970,,,,-1,17342,1,,,,101.48,,4.61,8ca29fcf-ba9d-478e-a83d-deaee37a18b4.extra_data.json,jBfEgmLJSx,0,com.sec.android.app.shealth,88711,39419999,8ca29fcf-ba9d-478e-a83d-deaee37a18b4,2023-04-27 00:00:00.000,
,,,,1987,,1308890,90,0,,2023-04-29 02:46:44.417,,2023-04-28 05:50:12.896,,,,-1,60000,23,,,,1480.89,,73.729996,8efb0d11-9984-40a9-9a82-8382cd0a8b86.extra_data.json,jBfEgmLJSx,1600,com.sec.android.app.shealth,1307290,32400000,8efb0d11-9984-40a9-9a82-8382cd0a8b86,2023-04-28 00:00:00.000,
,,,,2853,,1876151,90,0,,2023-04-29 23:33:12.446,,2023-04-29 04:00:01.490,,,,-1,60000,34,,,,2097.4097,,108.13999,c94cc48e-77e3-49c9-b158-1d008408fc27.extra_data.json,jBfEgmLJSx,0,com.sec.android.app.shealth,1876151,37620000,c94cc48e-77e3-49c9-b158-1d008408fc27,2023-04-29 00:00:00.000,
,,,,3291,,2162324,90,0,,2023-05-01 07:48:37.649,,2023-04-30 04:24:30.984,,,,-1,120000,38,,,,2465.1802,,122.94001,a9a8fc1a-5b0a-48dc-bc1d-01bf7ed3f859.extra_data.json,jBfEgmLJSx,2721,com.sec.android.app.shealth,2159603,17400000,a9a8fc1a-5b0a-48dc-bc1d-01bf7ed3f859,2023-04-30 00:00:00.000,
,,,,1599,,1065836,90,0,,2023-05-02 06:00:01.283,,2023-05-01 05:00:01.324,,,,-1,60000,18,,,,1190.1199,,59.129997,7a7f259d-3176-4fa6-9ab5-01d10661560b.extra_data.json,jBfEgmLJSx,0,com.sec.android.app.shealth,1065836,26879999,7a7f259d-3176-4fa6-9ab5-01d10661560b,2023-05-01 00:00:00.000,
,,,,1816,,1202244,90,0,,2023-05-03 03:34:52.809,,2023-05-02 06:00:01.106,,,,-1,60000,22,,,,1336.5405,,69.0,2c1405b7-9f1d-41ee-bfe3-91ca2a229779.extra_data.json,jBfEgmLJSx,400,com.sec.android.app.shealth,1201844,20700000,2c1405b7-9f1d-41ee-bfe3-91ca2a229779,2023-05-02 00:00:00.000,
,,,,1595,,1025119,90,0,,2023-05-04 06:12:01.544,,2023-05-03 07:00:02.908,,,,-1,120000,18,,,,1213.4102,,57.64,3b18f879-4cba-40e5-89c0-45775db3f953.extra_data.json,jBfEgmLJSx,0,com.sec.android.app.shealth,1025119,15720000,3b18f879-4cba-40e5-89c0-45775db3f953,2023-05-03 00:00:00.000,
,,,,3050,,2022445,90,0,,2023-05-05 06:55:59.041,,2023-05-04 07:00:01.218,,,,-1,60000,36,,,,2304.12,,111.77,bdcb14c1-c7ee-4296-8a60-092062ad9fb3.extra_data.json,jBfEgmLJSx,4800,com.sec.android.app.shealth,2017645,25020000,bdcb14c1-c7ee-4296-8a60-092062ad9fb3,2023-05-04 00:00:00.000,
,,,,3621,,2414940,90,0,,2023-05-06 04:14:36.990,,2023-05-05 07:00:01.523,,,,-1,47357,44,,,,2686.3398,,135.23999,e942eb73-8ed4-43ea-ae06-4f83a3995f1d.extra_data.json,jBfEgmLJSx,400,com.sec.android.app.shealth,2414540,34200000,e942eb73-8ed4-43ea-ae06-4f83a3995f1d,2023-05-05 00:00:00.000,
,,,,3208,,2130278,90,0,,2023-05-07 04:37:18.396,,2023-05-06 07:00:00.997,,,,-1,120000,38,,,,2368.5103,,121.929985,e1bdc18f-91ea-4b13-a7e6-bde743066590.extra_data.json,jBfEgmLJSx,0,com.sec.android.app.shealth,2130278,28200000,e1bdc18f-91ea-4b13-a7e6-bde743066590,2023-05-06 00:00:00.000,
,,,,2649,,1751452,90,0,,2023-05-08 05:28:04.211,,2023-05-07 07:00:01.573,,,,-1,60000,32,,,,1942.0901,,101.35998,f8036df5-2763-4aea-8277-89b109099ede.extra_data.json,jBfEgmLJSx,0,com.sec.android.app.shealth,1751452,29040000,f8036df5-2763-4aea-8277-89b109099ede,2023-05-07 00:00:00.000,
,,,,1702,,1126636,90,0,,2023-05-09 06:26:02.764,,2023-05-08 07:00:03.045,,,,-1,120000,20,,,,1319.64,,61.009975,0d8e938b-c1a2-4b56-af72-99a4dcd9dd44.extra_data.json,jBfEgmLJSx,800,com.sec.android.app.shealth,1125836,22620000,0d8e938b-c1a2-4b56-af72-99a4dcd9dd44,2023-05-08 00:00:00.000,
,,,,6817,,5772541,90,1643370,,2023-05-10 05:16:08.494,,2023-05-09 07:00:00.498,,,,-1,1643370,105,,,,4605.2817,,530.57025,397c3648-52b1-464e-918d-3ca8b0929602.extra_data.json,jBfEgmLJSx,5200,com.sec.android.app.shealth,4123971,29520000,397c3648-52b1-464e-918d-3ca8b0929602,2023-05-09 00:00:00.000,
,,,,5800,,3850501,90,0,,2023-05-11 05:34:20.132,,2023-05-10 07:00:00.857,,,,-1,60000,71,,,,4274.5503,,181.90999,9a537c34-99f9-4dc6-9dc3-b4b51aaa08e8.extra_data.json,jBfEgmLJSx,0,com.sec.android.app.shealth,3850501,41580000,9a537c34-99f9-4dc6-9dc3-b4b51aaa08e8,2023-05-10 00:00:00.000,
,,,,3541,,2361847,90,0,,2023-05-12 04:58:15.061,,2023-05-11 07:00:02.127,,,,-1,60000,43,,,,2609.7603,,112.31,884376d6-57dc-40a6-924b-f906c63e380a.extra_data.json,jBfEgmLJSx,0,com.sec.android.app.shealth,2361847,26580000,884376d6-57dc-40a6-924b-f906c63e380a,2023-05-11 00:00:00.000,
,,,,4518,,2949190,90,0,,2023-05-14 21:38:34.762,,2023-05-12 07:00:02.628,,,,-1,120000,54,,,,3298.7705,,186.00998,7ec3366c-734d-4f9f-9bfb-c6f3204b38e7.extra_data.json,jBfEgmLJSx,1200,com.sec.android.app.shealth,2947990,27240000,7ec3366c-734d-4f9f-9bfb-c6f3204b38e7,2023-05-12 00:00:00.000,
,,,,6154,,4035570,90,0,,2023-05-14 05:51:59.066,,2023-05-13 07:00:02.995,,,,-1,120000,74,,,,4636.6704,,221.37991,db18724a-b37c-46a6-b543-19820ad7786d.extra_data.json,jBfEgmLJSx,400,com.sec.android.app.shealth,4035170,31080000,db18724a-b37c-46a6-b543-19820ad7786d,2023-05-13 00:00:00.000,
,,,,2146,,1418275,90,0,,2023-05-15 04:30:42.697,,2023-05-14 07:00:02.500,,,,-1,60000,25,,,,1613.92,,107.979996,62ef3a3d-6cc9-4b89-bd1b-083baaaac50a.extra_data.json,jBfEgmLJSx,7600,com.sec.android.app.shealth,1410675,43980000,62ef3a3d-6cc9-4b89-bd1b-083baaaac50a,2023-05-14 00:00:00.000,
,,,,1587,,1046996,90,0,,2023-05-16 03:55:12.561,,2023-05-15 07:51:48.913,,,,-1,60000,18,,,,1177.1301,,50.93,1f18eb7a-4c90-4149-bb5f-6187d239de97.extra_data.json,jBfEgmLJSx,1200,com.sec.android.app.shealth,1045796,39660000,1f18eb7a-4c90-4149-bb5f-6187d239de97,2023-05-15 00:00:00.000,
,,,,27,,18009,90,0,,2023-05-17 08:08:43.277,,2023-05-16 07:00:01.266,,,,-1,9338,0,,,,20.73,,0.69000006,426fffea-57c0-43b8-8035-e870f9876a1e.extra_data.json,jBfEgmLJSx,0,com.sec.android.app.shealth,18009,35879999,426fffea-57c0-43b8-8035-e870f9876a1e,2023-05-16 00:00:00.000,
,,,,898,,598966,90,0,,2023-05-18 03:35:03.420,,2023-05-17 08:08:42.877,,,,-1,60000,10,,,,670.01996,,27.839994,bccd3927-9ddc-4f20-839e-2a553920b2d0.extra_data.json,jBfEgmLJSx,0,com.sec.android.app.shealth,598966,21840000,bccd3927-9ddc-4f20-839e-2a553920b2d0,2023-05-17 00:00:00.000,
,,,,4585,,3042794,90,0,,2023-05-18 22:55:46.977,,2023-05-18 07:16:49.019,,,,-1,120000,55,,,,3384.47,,144.87999,ec8e4f48-3b02-4644-bdbe-94ac0b5d5d06.extra_data.json,jBfEgmLJSx,0,com.sec.android.app.shealth,3042794,30900000,ec8e4f48-3b02-4644-bdbe-94ac0b5d5d06,2023-05-18 00:00:00.000,
,,,,1795,,1182471,90,0,,2023-05-20 04:35:02.302,,2023-05-19 07:04:29.179,,,,-1,120000,21,,,,1330.97,,55.65,c4880d3a-b13b-4ba7-984a-55e13247e946.extra_data.json,jBfEgmLJSx,0,com.sec.android.app.shealth,1182471,21240000,c4880d3a-b13b-4ba7-984a-55e13247e946,2023-05-19 00:00:00.000,
,,,,1148,,763313,90,0,,2023-05-21 07:15:33.503,,2023-05-20 07:24:42.942,,,,-1,52693,13,,,,847.92,,36.99,cc1921a7-fdef-40c3-82bd-9d47e46eec0d.extra_data.json,jBfEgmLJSx,3600,com.sec.android.app.shealth,759713,41159999,cc1921a7-fdef-40c3-82bd-9d47e46eec0d,2023-05-20 00:00:00.000,
,,,,2131,,1412779,90,0,,2023-05-22 08:03:54.620,,2023-05-21 07:15:33.426,,,,-1,60000,25,,,,1576.0,,66.8,8f53a6c8-f982-42d5-a121-06314b88fc85.extra_data.json,jBfEgmLJSx,800,com.sec.android.app.shealth,1411979,34619999,8f53a6c8-f982-42d5-a121-06314b88fc85,2023-05-21 00:00:00.000,
,,,,2510,,1674170,90,0,,2023-05-23 03:48:15.699,,2023-05-22 08:03:54.479,,,,-1,60000,30,,,,1844.6497,,79.249985,739845ee-a24f-4b85-8cd2-94928b134175.extra_data.json,jBfEgmLJSx,0,com.sec.android.app.shealth,1674170,29640000,739845ee-a24f-4b85-8cd2-94928b134175,2023-05-22 00:00:00.000,
,,,,1424,,949808,90,0,,2023-05-24 04:55:10.064,,2023-05-23 07:00:00.578,,,,-1,52026,16,,,,1060.3801,,53.520004,58489eca-2a9c-4ac3-b5c9-2a68a705e237.extra_data.json,jBfEgmLJSx,0,com.sec.android.app.shealth,949808,31920000,58489eca-2a9c-4ac3-b5c9-2a68a705e237,2023-05-23 00:00:00.000,
,,,,883,,588961,90,0,,2023-05-25 03:15:02.681,,2023-05-24 07:00:01.447,,,,-1,43355,10,,,,654.24,,33.31,9fda9671-9da7-44da-b4db-aad53e6e235f.extra_data.json,jBfEgmLJSx,0,com.sec.android.app.shealth,588961,48420000,9fda9671-9da7-44da-b4db-aad53e6e235f,2023-05-24 00:00:00.000,
,,,,429,,286143,90,0,,2023-05-26 07:00:02.527,,2023-05-25 10:36:47.019,,,,-1,30682,4,,,,320.27002,,15.759999,8dab1253-e218-4219-9802-01664e38f21e.extra_data.json,jBfEgmLJSx,0,com.sec.android.app.shealth,286143,46319999,8dab1253-e218-4219-9802-01664e38f21e,2023-05-25 00:00:00.000,
,,,,1995,,1326765,90,0,,2023-05-27 05:46:43.623,,2023-05-26 07:00:02.451,,,,-1,60000,24,,,,1469.4698,,76.09002,f7cf33bb-0392-440b-9335-1ce3e1cc790f.extra_data.json,jBfEgmLJSx,2800,com.sec.android.app.shealth,1323965,28140000,f7cf33bb-0392-440b-9335-1ce3e1cc790f,2023-05-26 00:00:00.000,
,,,,2819,,1867540,90,0,,2023-05-28 04:55:01.902,,2023-05-27 07:00:01.257,,,,-1,60000,34,,,,2084.99,,105.96,6ba412cc-b79e-4620-a514-c63688237e25.extra_data.json,jBfEgmLJSx,0,com.sec.android.app.shealth,1867540,33660000,6ba412cc-b79e-4620-a514-c63688237e25,2023-05-27 00:00:00.000,
,,,,2475,,1649490,90,0,,2023-05-29 04:35:25.024,,2023-05-28 07:00:02.035,,,,-1,52693,30,,,,1813.1298,,93.329994,aaae774a-393a-432c-9c37-cc0300d18143.extra_data.json,jBfEgmLJSx,2000,com.sec.android.app.shealth,1647490,30720000,aaae774a-393a-432c-9c37-cc0300d18143,2023-05-28 00:00:00.000,
,,,,2973,,1982991,90,0,,2023-05-30 06:55:12.974,,2023-05-29 07:00:00.823,,,,-1,60000,36,,,,2187.1895,,111.530014,a5975727-3e7c-4c60-b281-30b73898ee63.extra_data.json,jBfEgmLJSx,0,com.sec.android.app.shealth,1982991,30660000,a5975727-3e7c-4c60-b281-30b73898ee63,2023-05-29 00:00:00.000,
,,,,2068,,1379356,90,0,,2023-05-31 03:49:57.658,,2023-05-30 07:00:00.536,,,,-1,60000,24,,,,1526.26,,77.789986,60f58df3-d987-4e50-ab0d-593cc7d8922e.extra_data.json,jBfEgmLJSx,0,com.sec.android.app.shealth,1379356,26220000,60f58df3-d987-4e50-ab0d-593cc7d8922e,2023-05-30 00:00:00.000,
,,,,1228,,819076,90,0,,2023-06-01 04:16:28.072,,2023-05-31 14:53:31.232,,,,-1,36685,14,,,,916.11005,,45.840004,18076cc6-959d-4a27-96db-bbdfcfdfc1ff.extra_data.json,jBfEgmLJSx,0,com.sec.android.app.shealth,819076,30060000,18076cc6-959d-4a27-96db-bbdfcfdfc1ff,2023-05-31 00:00:00.000,
,,,,1589,,1059863,90,0,,2023-06-02 07:10:04.686,,2023-06-01 07:00:01.373,,,,-1,60000,18,,,,1165.7301,,59.649994,a6ea2160-e933-464d-b93c-2f2af1b46a78.extra_data.json,jBfEgmLJSx,0,com.sec.android.app.shealth,1059863,26580000,a6ea2160-e933-464d-b93c-2f2af1b46a78,2023-06-01 00:00:00.000,
,,,,1613,,1075871,90,0,,2023-06-03 05:35:02.936,,2023-06-02 07:00:01.356,,,,-1,60000,18,,,,1195.1001,,60.71999,2ce25346-e9a5-44c7-8a12-7cf6319bffcd.extra_data.json,jBfEgmLJSx,0,com.sec.android.app.shealth,1075871,40020000,2ce25346-e9a5-44c7-8a12-7cf6319bffcd,2023-06-02 00:00:00.000,
,,,,2913,,1939309,90,0,,2023-06-04 06:35:02.378,,2023-06-03 07:00:00.464,,,,-1,60000,35,,,,2146.6602,,111.14002,f565dd57-5dff-4a08-82da-e359efb22e76.extra_data.json,jBfEgmLJSx,400,com.sec.android.app.shealth,1938909,35640000,f565dd57-5dff-4a08-82da-e359efb22e76,2023-06-03 00:00:00.000,
,,,,1587,,1058529,90,0,,2023-06-05 07:00:01.590,,2023-06-04 07:00:01.035,,,,-1,60000,18,,,,1200.55,,59.499985,8fd28906-56df-4b5e-8ff2-45ed41df8fa9.extra_data.json,jBfEgmLJSx,0,com.sec.android.app.shealth,1058529,27839999,8fd28906-56df-4b5e-8ff2-45ed41df8fa9,2023-06-04 00:00:00.000,
,,,,1058,,705686,90,0,,2023-06-06 04:55:01.685,,2023-06-05 07:00:01.507,,,,-1,43355,12,,,,779.82,,39.34,f168a8a9-efd2-44bc-a74f-1d14194a98ef.extra_data.json,jBfEgmLJSx,0,com.sec.android.app.shealth,705686,55080000,f168a8a9-efd2-44bc-a74f-1d14194a98ef,2023-06-05 00:00:00.000,
,,,,5705,,3786409,90,0,,2023-06-07 05:35:53.801,,2023-06-06 08:31:44.686,,,,-1,180000,70,,,,4172.7393,,216.54002,14e34fb8-d8fa-4138-8624-a119e1569970.extra_data.json,jBfEgmLJSx,0,com.sec.android.app.shealth,3786409,23580000,14e34fb8-d8fa-4138-8624-a119e1569970,2023-06-06 00:00:00.000,
,,,,1808,,1162431,90,0,,2023-06-08 05:01:57.202,,2023-06-07 07:00:02.362,,,,-1,60000,21,,,,1350.8801,,68.399994,c9152a3d-c22b-4fe1-857a-b1a9115d53e6.extra_data.json,jBfEgmLJSx,0,com.sec.android.app.shealth,1162431,30240000,c9152a3d-c22b-4fe1-857a-b1a9115d53e6,2023-06-07 00:00:00.000,
,,,,2447,,1558509,90,0,,2023-06-09 07:02:24.786,,2023-06-08 07:00:03.322,,,,-1,120000,27,,,,1828.34,,93.61,1cedaa03-d1e3-4d0d-9aaa-b3d995c6cbb1.extra_data.json,jBfEgmLJSx,0,com.sec.android.app.shealth,1558509,41940000,1cedaa03-d1e3-4d0d-9aaa-b3d995c6cbb1,2023-06-08 00:00:00.000,
,,,,1374,,890385,90,0,,2023-06-10 02:55:06.702,,2023-06-09 07:00:00.398,,,,-1,120000,15,,,,1038.17,,50.83,c941951f-2441-475c-aa68-c36f08ec5326.extra_data.json,jBfEgmLJSx,0,com.sec.android.app.shealth,890385,9960000,c941951f-2441-475c-aa68-c36f08ec5326,2023-06-09 00:00:00.000,
,,,,3619,,2396471,90,0,,2023-06-11 03:28:59.367,,2023-06-10 05:00:01.165,,,,-1,60000,43,,,,2720.96,,128.73999,83f97162-69b1-404a-a180-343e8810ce86.extra_data.json,jBfEgmLJSx,0,com.sec.android.app.shealth,2396471,10080000,83f97162-69b1-404a-a180-343e8810ce86,2023-06-10 00:00:00.000,
,,,,3082,,1973990,90,0,,2023-06-12 02:35:34.981,,2023-06-11 04:00:01.180,,,,-1,120000,35,,,,2295.12,,116.52,feb70da0-e5ef-4150-93c0-090e4ab76a4e.extra_data.json,jBfEgmLJSx,0,com.sec.android.app.shealth,1973990,27420000,feb70da0-e5ef-4150-93c0-090e4ab76a4e,2023-06-11 00:00:00.000,
,,,,1487,,951689,90,0,,2023-06-13 02:35:24.405,,2023-06-12 04:00:01.052,,,,-1,180000,16,,,,1107.6499,,45.519985,8fabf7b5-747d-4887-8d80-c4977914b331.extra_data.json,jBfEgmLJSx,0,com.sec.android.app.shealth,951689,38160000,8fabf7b5-747d-4887-8d80-c4977914b331,2023-06-12 00:00:00.000,
,,,,2107,,1374507,90,0,,2023-06-14 04:53:21.701,,2023-06-13 04:00:01.755,,,,-1,120000,24,,,,1558.8397,,66.259995,490150a3-4b47-401b-8d62-4c60881a75b2.extra_data.json,jBfEgmLJSx,0,com.sec.android.app.shealth,1374507,42600000,490150a3-4b47-401b-8d62-4c60881a75b2,2023-06-13 00:00:00.000,
,,,,4096,,2638292,90,0,,2023-06-15 04:15:59.058,,2023-06-14 05:00:00.439,,,,-1,180000,47,,,,3050.4805,,156.59993,29a2fbef-1d87-4dbb-9aa8-f6c27132c19a.extra_data.json,jBfEgmLJSx,0,com.sec.android.app.shealth,2638292,21360000,29a2fbef-1d87-4dbb-9aa8-f6c27132c19a,2023-06-14 00:00:00.000,
,,,,843,,534147,90,0,,2023-06-15 19:08:21.440,,2023-06-15 05:00:02.333,,,,-1,60000,8,,,,619.89,,33.00999,6e3b901f-b285-40ef-ae4e-3c7f42a91816.extra_data.json,jBfEgmLJSx,0,com.sec.android.app.shealth,534147,33120000,6e3b901f-b285-40ef-ae4e-3c7f42a91816,2023-06-15 00:00:00.000,
,,,,2687,,1710585,90,0,,2023-06-17 04:45:49.431,,2023-06-16 05:31:42.524,,,,-1,180000,31,,,,1996.87,,104.310005,9ab67912-e35c-4502-bcef-065d0a4a375d.extra_data.json,jBfEgmLJSx,0,com.sec.android.app.shealth,1710585,25320000,9ab67912-e35c-4502-bcef-065d0a4a375d,2023-06-16 00:00:00.000,
,,,,2770,,1787320,90,0,,2023-06-18 14:13:49.929,,2023-06-17 05:00:01.483,,,,-1,240000,32,,,,2072.9197,,114.87998,58759058-aef5-4ee2-91eb-a97e95f23057.extra_data.json,jBfEgmLJSx,0,com.sec.android.app.shealth,1787320,30240000,58759058-aef5-4ee2-91eb-a97e95f23057,2023-06-17 00:00:00.000,
,,,,3086,,2018252,90,0,,2023-06-19 07:00:02.602,,2023-06-18 06:57:58.155,,,,-1,60000,36,,,,2307.12,,110.22,4b554c4e-befc-46cd-abb9-c24fee446d9d.extra_data.json,jBfEgmLJSx,0,com.sec.android.app.shealth,2018252,14999999,4b554c4e-befc-46cd-abb9-c24fee446d9d,2023-06-18 00:00:00.000,
,,,,1424,,949808,90,0,,2023-06-20 08:16:24.959,,2023-06-19 07:00:02.006,,,,-1,60000,16,,,,1069.87,,44.659996,ded167e4-0e84-4c29-becb-4aeb05957744.extra_data.json,jBfEgmLJSx,0,com.sec.android.app.shealth,949808,33899999,ded167e4-0e84-4c29-becb-4aeb05957744,2023-06-19 00:00:00.000,
,,,,300,,200100,90,0,,2023-06-21 00:34:08.010,,2023-06-20 08:16:24.708,,,,-1,30015,3,,,,219.26999,,9.510001,d867b365-e1e6-4545-9dce-017d92ad3c45.extra_data.json,jBfEgmLJSx,0,com.sec.android.app.shealth,200100,41640000,d867b365-e1e6-4545-9dce-017d92ad3c45,2023-06-20 00:00:00.000,
,,,,1564,,1041156,90,0,,2023-06-22 01:55:33.990,,2023-06-21 08:40:45.691,,,,-1,60000,18,,,,1164.47,,57.96,fe87a0f6-bc18-42c5-828e-587c4b745477.extra_data.json,jBfEgmLJSx,2000,com.sec.android.app.shealth,1039156,26400000,fe87a0f6-bc18-42c5-828e-587c4b745477,2023-06-21 00:00:00.000,
,,,,1169,,779723,90,0,,2023-06-23 01:59:08.470,,2023-06-22 08:02:43.556,,,,-1,46023,13,,,,861.1999,,43.85,ee20bcd3-afe0-4802-bfd4-6fdb42e6d6f6.extra_data.json,jBfEgmLJSx,0,com.sec.android.app.shealth,779723,36720000,ee20bcd3-afe0-4802-bfd4-6fdb42e6d6f6,2023-06-22 00:00:00.000,
,,,,1846,,1231282,90,0,,2023-06-24 05:44:35.706,,2023-06-23 07:03:52.327,,,,-1,50025,22,,,,1350.9503,,70.049995,3d45fb70-40fe-40e1-a9c9-c52091356920.extra_data.json,jBfEgmLJSx,0,com.sec.android.app.shealth,1231282,29040000,3d45fb70-40fe-40e1-a9c9-c52091356920,2023-06-23 00:00:00.000,
,,,,1338,,889748,90,0,,2023-06-25 07:01:08.832,,2023-06-24 07:00:02.711,,,,-1,60000,15,,,,989.44,,50.01,b18f6456-d412-4053-bd30-29e459c0f046.extra_data.json,jBfEgmLJSx,0,com.sec.android.app.shealth,889748,28799999,b18f6456-d412-4053-bd30-29e459c0f046,2023-06-24 00:00:00.000,
,,,,1120,,747040,90,0,,2023-06-26 06:42:34.218,,2023-06-25 07:01:08.686,,,,-1,44689,13,,,,826.79987,,41.640003,300cf67a-57ed-4607-954c-51fd0ec9a680.extra_data.json,jBfEgmLJSx,0,com.sec.android.app.shealth,747040,25500000,300cf67a-57ed-4607-954c-51fd0ec9a680,2023-06-25 00:00:00.000,
,,,,3015,,2489407,90,0,,2023-06-27 01:01:36.797,,2023-06-26 07:00:00.578,,,,-1,831420,45,,,,2186.3704,,224.02452,ce4fc9b0-743b-4ccd-bd72-4e1e71332dd0.extra_data.json,jBfEgmLJSx,0,com.sec.android.app.shealth,2489407,30540000,ce4fc9b0-743b-4ccd-bd72-4e1e71332dd0,2023-06-26 00:00:00.000,
,,,,1322,,881774,90,0,,2023-06-28 04:44:07.127,,2023-06-27 07:00:02.332,,,,-1,60000,15,,,,973.26984,,40.73999,b76232be-ffc3-41f2-82ef-a872e209bdf5.extra_data.json,jBfEgmLJSx,0,com.sec.android.app.shealth,881774,23340000,b76232be-ffc3-41f2-82ef-a872e209bdf5,2023-06-27 00:00:00.000,
,,,,1400,,930835,90,0,,2023-06-29 02:07:39.536,,2023-06-28 07:00:01.407,,,,-1,60000,16,,,,1045.4299,,43.75999,a8cf3116-ef3f-4b55-b346-3cedbb9282ce.extra_data.json,jBfEgmLJSx,400,com.sec.android.app.shealth,930435,30300000,a8cf3116-ef3f-4b55-b346-3cedbb9282ce,2023-06-28 00:00:00.000,
,,,,1008,,672336,90,0,,2023-06-30 04:20:42.847,,2023-06-29 07:00:01.436,,,,-1,60000,12,,,,746.75995,,37.629997,35afd57c-cc8d-48de-a839-1a0d1da43ae1.extra_data.json,jBfEgmLJSx,0,com.sec.android.app.shealth,672336,71940000,35afd57c-cc8d-48de-a839-1a0d1da43ae1,2023-06-29 00:00:00.000,
,,,,655,,436885,90,0,,2023-07-01 04:02:11.748,,2023-06-30 07:00:01.461,,,,-1,36018,7,,,,481.59003,,24.460003,c147a6e4-b851-4e3e-a15f-f3840551205f.extra_data.json,jBfEgmLJSx,0,com.sec.android.app.shealth,436885,27120000,c147a6e4-b851-4e3e-a15f-f3840551205f,2023-06-30 00:00:00.000,
,,,,1488,,992496,90,0,,2023-07-02 04:25:42.491,,2023-07-01 07:00:02.099,,,,-1,50025,17,,,,1097.0798,,55.61,3d920fc1-fa76-4364-a434-e5f508d343ec.extra_data.json,jBfEgmLJSx,0,com.sec.android.app.shealth,992496,35580000,3d920fc1-fa76-4364-a434-e5f508d343ec,2023-07-01 00:00:00.000,
,,,,3054,,2022580,90,0,,2023-07-03 01:34:04.599,,2023-07-02 07:00:01.813,,,,-1,60000,36,,,,2270.61,,116.11998,e50f9b5c-8f30-4fd2-b944-24f14d4d525d.extra_data.json,jBfEgmLJSx,1600,com.sec.android.app.shealth,2020980,23520000,e50f9b5c-8f30-4fd2-b944-24f14d4d525d,2023-07-02 00:00:00.000,
,,,,835,,556945,90,0,,2023-07-04 05:56:37.305,,2023-07-03 08:19:17.354,,,,-1,40020,10,,,,605.75,,31.719997,b7429f7c-4f77-4f89-8005-96ac6baead5e.extra_data.json,jBfEgmLJSx,0,com.sec.android.app.shealth,556945,37800000,b7429f7c-4f77-4f89-8005-96ac6baead5e,2023-07-03 00:00:00.000,
,,,,609,,406203,90,0,,2023-07-05 03:16:13.461,,2023-07-04 07:00:01.362,,,,-1,60000,6,,,,442.46,,23.009998,9c9bc7b1-11ba-4d1b-83d1-4c377ea76fed.extra_data.json,jBfEgmLJSx,0,com.sec.android.app.shealth,406203,50040000,9c9bc7b1-11ba-4d1b-83d1-4c377ea76fed,2023-07-04 00:00:00.000,
,,,,367,,244789,90,0,,2023-07-05 22:32:06.257,,2023-07-05 07:00:02.804,,,,-1,48691,4,,,,270.58002,,13.699999,9c8bebdc-437b-43d9-861b-c589ee2061b9.extra_data.json,jBfEgmLJSx,0,com.sec.android.app.shealth,244789,36780000,9c8bebdc-437b-43d9-861b-c589ee2061b9,2023-07-05 00:00:00.000,
,,,,856,,569617,90,0,,2023-07-07 06:03:41.151,,2023-07-06 07:43:11.839,,,,-1,42021,10,,,,635.18,,32.069996,41606112-1bfe-4e3e-98b0-5218af57928d.extra_data.json,jBfEgmLJSx,2000,com.sec.android.app.shealth,567617,28860000,41606112-1bfe-4e3e-98b0-5218af57928d,2023-07-06 00:00:00.000,
,,,,1735,,1157245,90,0,,2023-07-08 06:41:22.447,,2023-07-07 07:00:00.590,,,,-1,47357,21,,,,1311.33,,64.73999,4d184d2b-1aac-4d76-a736-cb1db60e45b2.extra_data.json,jBfEgmLJSx,0,com.sec.android.app.shealth,1157245,32100000,4d184d2b-1aac-4d76-a736-cb1db60e45b2,2023-07-07 00:00:00.000,
,,,,1091,,712326,90,0,,2023-07-09 08:00:03.368,,2023-07-08 07:01:51.715,,,,-1,120000,12,,,,813.5498,,40.29999,74d73e91-e6e5-43f0-ac05-afff7f3f70a3.extra_data.json,jBfEgmLJSx,0,com.sec.android.app.shealth,712326,30300000,74d73e91-e6e5-43f0-ac05-afff7f3f70a3,2023-07-08 00:00:00.000,
,,,,312,,208104,90,0,,2023-07-10 03:35:28.392,,2023-07-09 07:00:01.673,,,,-1,31349,3,,,,228.09998,,11.37,9d6f22c2-9881-409b-b791-cc8832c61849.extra_data.json,jBfEgmLJSx,0,com.sec.android.app.shealth,208104,24360000,9d6f22c2-9881-409b-b791-cc8832c61849,2023-07-09 00:00:00.000,
,,,,1177,,785059,90,0,,2023-07-11 06:14:57.988,,2023-07-10 07:00:02.631,,,,-1,52026,14,,,,865.58,,44.149998,62ff3b7b-1703-40c0-a0ee-320e832e6ca7.extra_data.json,jBfEgmLJSx,0,com.sec.android.app.shealth,785059,28560000,62ff3b7b-1703-40c0-a0ee-320e832e6ca7,2023-07-10 00:00:00.000,
,,,,2706,,1804902,90,0,,2023-07-12 04:15:27.697,,2023-07-11 07:00:00.595,,,,-1,120000,33,,,,2012.0396,,101.05999,063027c0-1695-475d-9fc1-e5545f3b7649.extra_data.json,jBfEgmLJSx,0,com.sec.android.app.shealth,1804902,27120000,063027c0-1695-475d-9fc1-e5545f3b7649,2023-07-11 00:00:00.000,
,,,,2570,,1714190,90,0,,2023-07-13 04:49:54.169,,2023-07-12 07:00:01.253,,,,-1,60000,31,,,,1901.95,,96.64999,f2663ea7-b82a-453b-8eec-997109624835.extra_data.json,jBfEgmLJSx,0,com.sec.android.app.shealth,1714190,45240000,f2663ea7-b82a-453b-8eec-997109624835,2023-07-12 00:00:00.000,
,,,,1365,,910455,90,0,,2023-07-14 06:33:44.453,,2023-07-13 07:00:02.440,,,,-1,47357,16,,,,1017.12994,,50.420006,9ba0a8d5-2ae0-40cb-a60a-ec342ca38954.extra_data.json,jBfEgmLJSx,0,com.sec.android.app.shealth,910455,27420000,9ba0a8d5-2ae0-40cb-a60a-ec342ca38954,2023-07-13 00:00:00.000,
,,,,939,,626313,90,0,,2023-07-15 03:24:40.503,,2023-07-14 07:00:01.199,,,,-1,48691,11,,,,688.79,,34.92999,c6f1c480-56c0-409f-9cf5-dbbb960d17db.extra_data.json,jBfEgmLJSx,0,com.sec.android.app.shealth,626313,38280000,c6f1c480-56c0-409f-9cf5-dbbb960d17db,2023-07-14 00:00:00.000,
,,,,687,,458229,90,0,,2023-07-16 04:58:32.375,,2023-07-15 07:00:02.372,,,,-1,42021,7,,,,501.11993,,26.08,6b4a6737-d1d3-4721-a883-c5a6c42093ad.extra_data.json,jBfEgmLJSx,0,com.sec.android.app.shealth,458229,45060000,6b4a6737-d1d3-4721-a883-c5a6c42093ad,2023-07-15 00:00:00.000,
,,,,659,,439553,90,0,,2023-07-17 05:18:36.157,,2023-07-16 07:40:45.986,,,,-1,40020,7,,,,486.74994,,24.52,f5fc4988-8158-4d01-83e2-78d3bf14652e.extra_data.json,jBfEgmLJSx,0,com.sec.android.app.shealth,439553,32700000,f5fc4988-8158-4d01-83e2-78d3bf14652e,2023-07-16 00:00:00.000,
,,,,1039,,693013,90,0,,2023-07-18 03:04:25.556,,2023-07-17 07:00:01.181,,,,-1,60000,12,,,,786.0602,,38.0,312ded7f-592f-43cf-a682-c63211ffca42.extra_data.json,jBfEgmLJSx,0,com.sec.android.app.shealth,693013,23640000,312ded7f-592f-43cf-a682-c63211ffca42,2023-07-17 00:00:00.000,
,,,,1618,,1077175,90,0,,2023-07-19 06:32:34.388,,2023-07-18 07:02:40.841,,,,-1,120000,18,,,,1190.2699,,61.75,d6e08834-3159-44db-8fe8-b762cea9cba0.extra_data.json,jBfEgmLJSx,0,com.sec.android.app.shealth,1077175,46860000,d6e08834-3159-44db-8fe8-b762cea9cba0,2023-07-18 00:00:00.000,
,,,,1514,,1007140,90,0,,2023-07-20 06:15:10.226,,2023-07-19 07:00:01.218,,,,-1,60000,17,,,,1125.9703,,56.280003,d1cb7080-fb8f-4eab-812c-042cd6ad030e.extra_data.json,jBfEgmLJSx,0,com.sec.android.app.shealth,1007140,33660000,d1cb7080-fb8f-4eab-812c-042cd6ad030e,2023-07-19 00:00:00.000,
,,,,1918,,1231012,90,0,,2023-07-21 02:09:31.219,,2023-07-20 07:00:01.987,,,,-1,120000,22,,,,1426.1401,,74.02998,d392ae43-1920-4076-acc1-fb291912107c.extra_data.json,jBfEgmLJSx,0,com.sec.android.app.shealth,1231012,48000000,d392ae43-1920-4076-acc1-fb291912107c,2023-07-20 00:00:00.000,
,,,,2394,,1579469,90,0,,2023-07-22 06:00:01.774,,2023-07-21 07:00:01.401,,,,-1,120000,28,,,,1796.2302,,91.049995,8a372032-1371-4ccd-8451-955f260c87df.extra_data.json,jBfEgmLJSx,800,com.sec.android.app.shealth,1578669,24539999,8a372032-1371-4ccd-8451-955f260c87df,2023-07-21 00:00:00.000,
,,,,4211,,2725800,90,0,,2023-07-23 02:15:22.637,,2023-07-22 06:00:01.590,,,,-1,180000,50,,,,3150.5105,,158.24998,6b2e355e-9a03-4fb8-8925-57699fa33ba6.extra_data.json,jBfEgmLJSx,4800,com.sec.android.app.shealth,2721000,11640000,6b2e355e-9a03-4fb8-8925-57699fa33ba6,2023-07-22 00:00:00.000,
,,,,2633,,1659863,90,0,,2023-07-24 01:42:09.946,,2023-07-23 05:00:01.140,,,,-1,180000,30,,,,2005.3502,,98.49001,82eb0923-58a1-401c-9926-edb8cc1299ed.extra_data.json,jBfEgmLJSx,18391,com.sec.android.app.shealth,1641472,26940000,82eb0923-58a1-401c-9926-edb8cc1299ed,2023-07-23 00:00:00.000,
,,,,3159,,2071587,90,0,,2023-07-24 21:29:09.229,,2023-07-24 04:00:02.877,,,,-1,120000,37,,,,2393.79,,117.24,79499da8-476c-482f-9834-cdc21eb1395d.extra_data.json,jBfEgmLJSx,16800,com.sec.android.app.shealth,2054787,29520000,79499da8-476c-482f-9834-cdc21eb1395d,2023-07-24 00:00:00.000,
,,,,2144,,1395761,90,0,,2023-07-26 03:55:02.643,,2023-07-25 04:00:02.031,,,,-1,120000,25,,,,1587.4198,,82.59998,a01174ea-6326-4d87-af42-2a9cfd9c713e.extra_data.json,jBfEgmLJSx,0,com.sec.android.app.shealth,1395761,39540000,a01174ea-6326-4d87-af42-2a9cfd9c713e,2023-07-25 00:00:00.000,
,,,,3760,,2482394,90,0,,2023-07-27 02:37:43.808,,2023-07-26 04:00:01.522,,,,-1,60000,45,,,,2752.05,,144.9,c586b89e-042f-423a-b64c-13a1b975fe72.extra_data.json,jBfEgmLJSx,0,com.sec.android.app.shealth,2482394,31380000,c586b89e-042f-423a-b64c-13a1b975fe72,2023-07-26 00:00:00.000,
,,,,3609,,2306774,90,0,,2023-07-28 03:34:09.308,,2023-07-27 04:02:13.561,,,,-1,120000,42,,,,2730.88,,134.73999,76049a92-53d4-4678-8491-e067ab82ff0d.extra_data.json,jBfEgmLJSx,19628,com.sec.android.app.shealth,2287146,19680000,76049a92-53d4-4678-8491-e067ab82ff0d,2023-07-27 00:00:00.000,
,,,,1458,,957692,90,0,,2023-07-29 03:59:42.366,,2023-07-28 05:00:01.124,,,,-1,120000,16,,,,1084.05,,55.59,ee7d8c0f-d796-4170-b8cd-16bb58e79500.extra_data.json,jBfEgmLJSx,0,com.sec.android.app.shealth,957692,59760000,ee7d8c0f-d796-4170-b8cd-16bb58e79500,2023-07-28 00:00:00.000,
,,,,3288,,2133463,90,0,,2023-07-30 06:39:56.423,,2023-07-29 05:00:01.333,,,,-1,180000,38,,,,2444.39,,125.420006,e3728af9-1351-4a64-93ff-7a4594d3292c.extra_data.json,jBfEgmLJSx,0,com.sec.android.app.shealth,2133463,13500000,e3728af9-1351-4a64-93ff-7a4594d3292c,2023-07-29 00:00:00.000,
,,,,2031,,1328634,90,0,,2023-07-31 06:54:35.577,,2023-07-30 07:00:00.693,,,,-1,60000,24,,,,1509.6599,,74.479996,0c0238c0-da96-4e81-b365-9ad7a6c3be32.extra_data.json,jBfEgmLJSx,0,com.sec.android.app.shealth,1328634,19260000,0c0238c0-da96-4e81-b365-9ad7a6c3be32,2023-07-30 00:00:00.000,
,,,,879,,582898,90,0,,2023-08-01 05:24:21.713,,2023-07-31 07:00:00.603,,,,-1,60000,10,,,,670.2299,,32.440002,194abdc5-2be0-47e1-aab6-6287bb768d4f.extra_data.json,jBfEgmLJSx,0,com.sec.android.app.shealth,582898,22620000,194abdc5-2be0-47e1-aab6-6287bb768d4f,2023-07-31 00:00:00.000,
,,,,3343,,2157445,90,0,,2023-08-02 04:01:48.688,,2023-08-01 07:00:01.502,,,,-1,180000,38,,,,2479.3604,,128.66997,cd4309d2-702e-4533-ac99-4affac9429fd.extra_data.json,jBfEgmLJSx,0,com.sec.android.app.shealth,2157445,11520000,cd4309d2-702e-4533-ac99-4affac9429fd,2023-08-01 00:00:00.000,
,,,,2828,,1829341,90,0,,2023-08-03 02:55:02.649,,2023-08-02 06:00:00.881,,,,-1,180000,33,,,,2108.85,,106.71998,31478361-7a07-491d-9d08-098cd39f3506.extra_data.json,jBfEgmLJSx,0,com.sec.android.app.shealth,1829341,16920000,31478361-7a07-491d-9d08-098cd39f3506,2023-08-02 00:00:00.000,
,,,,2977,,1931998,90,0,,2023-08-04 03:47:57.890,,2023-08-03 05:00:02.579,,,,-1,180000,35,,,,2192.7703,,115.91999,ea465e33-e957-4914-b120-bb5b7a8c6a63.extra_data.json,jBfEgmLJSx,2000,com.sec.android.app.shealth,1929998,35940000,ea465e33-e957-4914-b120-bb5b7a8c6a63,2023-08-03 00:00:00.000,
,,,,5980,,3879234,90,0,,2023-08-05 05:02:18.296,,2023-08-04 04:00:01.205,,,,-1,180000,71,,,,4491.6895,,251.11002,64a79cda-ee11-41c8-841f-34fcd3ee3b02.extra_data.json,jBfEgmLJSx,19152,com.sec.android.app.shealth,3860082,23820000,64a79cda-ee11-41c8-841f-34fcd3ee3b02,2023-08-04 00:00:00.000,
,,,,3317,,2133343,90,0,,2023-08-06 01:13:19.208,,2023-08-05 05:00:00.672,,,,-1,180000,38,,,,2446.44,,101.51997,7416b132-4ca6-457b-a3b3-9b97d7b9c315.extra_data.json,jBfEgmLJSx,0,com.sec.android.app.shealth,2133343,29640000,7416b132-4ca6-457b-a3b3-9b97d7b9c315,2023-08-05 00:00:00.000,
,,,,2118,,1363831,90,0,,2023-08-07 03:57:56.525,,2023-08-06 05:00:01.768,,,,-1,120000,24,,,,1591.3597,,66.21,b8a4d231-50e3-413b-938f-910d3b2ddfc3.extra_data.json,jBfEgmLJSx,8000,com.sec.android.app.shealth,1355831,29820000,b8a4d231-50e3-413b-938f-910d3b2ddfc3,2023-08-06 00:00:00.000,
,,,,5184,,3353253,90,0,,2023-08-08 00:52:19.643,,2023-08-07 05:00:01.992,,,,-1,180000,61,,,,3852.7705,,160.37001,b0664fae-2392-446d-aa4f-c9e2d24cede9.extra_data.json,jBfEgmLJSx,6000,com.sec.android.app.shealth,3347253,32460000,b0664fae-2392-446d-aa4f-c9e2d24cede9,2023-08-07 00:00:00.000,
,,,,3474,,2272836,90,0,,2023-08-09 04:51:23.135,,2023-08-08 05:06:05.440,,,,-1,180000,41,,,,2607.4106,,107.919975,fad87db6-af7a-4de7-879e-b63fc37e35b0.extra_data.json,jBfEgmLJSx,0,com.sec.android.app.shealth,2272836,19920000,fad87db6-af7a-4de7-879e-b63fc37e35b0,2023-08-08 00:00:00.000,
,,,,1815,,1188474,90,0,,2023-08-10 04:19:54.951,,2023-08-09 05:00:00.636,,,,-1,120000,21,,,,1351.7198,,54.669987,cd148ca2-2871-44af-8ec8-b064f93ac933.extra_data.json,jBfEgmLJSx,0,com.sec.android.app.shealth,1188474,15720000,cd148ca2-2871-44af-8ec8-b064f93ac933,2023-08-09 00:00:00.000,
,,,,5744,,4165600,90,0,,2023-08-11 05:15:05.083,,2023-08-10 06:00:01.244,,,,-1,893280,76,,,,4260.517,,298.55975,6c23f858-0098-45d6-ace5-2c9fe32820f6.extra_data.json,jBfEgmLJSx,0,com.sec.android.app.shealth,4165600,23700000,6c23f858-0098-45d6-ace5-2c9fe32820f6,2023-08-10 00:00:00.000,
,,,,2332,,2140566,90,600000,,2023-08-12 20:13:39.226,,2023-08-11 07:00:02.551,,,,-1,600000,38,,,,1710.9548,,146.60286,9c01ee61-957f-42d1-bd32-2ad720bcc242.extra_data.json,jBfEgmLJSx,0,com.sec.android.app.shealth,1540566,21300000,9c01ee61-957f-42d1-bd32-2ad720bcc242,2023-08-11 00:00:00.000,
,,,,329,,218909,90,0,,2023-08-21 04:36:42.688,,2023-08-12 08:26:59.981,,,,-1,26680,3,,,,251.75,,13.789998,282de4c9-c126-4081-bb6c-1ea8c2b1a6d7.extra_data.json,6+THe69Q8P,800,com.sec.android.app.shealth,218109,34199999,282de4c9-c126-4081-bb6c-1ea8c2b1a6d7,2023-08-12 00:00:00.000,
,,,,689,,459563,90,0,,2023-08-21 06:02:44.573,,2023-08-21 04:36:41.928,,,,-1,60000,7,,,,498.3,,28.0,3633ce9a-4b2a-466c-9e99-125ed6f5a7a8.extra_data.json,6+THe69Q8P,0,com.sec.android.app.shealth,459563,62160000,3633ce9a-4b2a-466c-9e99-125ed6f5a7a8,2023-08-20 00:00:00.000,
,,,,0,,0,90,0,,2023-08-21 04:36:42.767,,2023-08-21 04:36:42.767,,,,-1,0,0,,,,0.0,,0.0,06f1bb4f-71e9-42da-9c6f-4da807292229.extra_data.json,6+THe69Q8P,0,com.sec.android.app.shealth,0,-1,06f1bb4f-71e9-42da-9c6f-4da807292229,2023-08-13 00:00:00.000,
,,,,0,,0,90,0,,2023-08-21 04:36:42.805,,2023-08-21 04:36:42.805,,,,-1,0,0,,,,0.0,,0.0,1313c97c-1e82-436f-a389-f5bb0b890b92.extra_data.json,6+THe69Q8P,0,com.sec.android.app.shealth,0,-1,1313c97c-1e82-436f-a389-f5bb0b890b92,2023-08-14 00:00:00.000,
,,,,0,,0,90,0,,2023-08-21 04:36:42.853,,2023-08-21 04:36:42.853,,,,-1,0,0,,,,0.0,,0.0,4d4659f0-bd6c-407b-b92e-417bc03dc512.extra_data.json,6+THe69Q8P,0,com.sec.android.app.shealth,0,-1,4d4659f0-bd6c-407b-b92e-417bc03dc512,2023-08-15 00:00:00.000,
,,,,0,,0,90,0,,2023-08-21 04:36:42.889,,2023-08-21 04:36:42.889,,,,-1,0,0,,,,0.0,,0.0,d376cf5c-7d0d-4549-bb8f-07386ce485fe.extra_data.json,6+THe69Q8P,0,com.sec.android.app.shealth,0,-1,d376cf5c-7d0d-4549-bb8f-07386ce485fe,2023-08-16 00:00:00.000,
,,,,0,,0,90,0,,2023-08-21 04:36:42.927,,2023-08-21 04:36:42.927,,,,-1,0,0,,,,0.0,,0.0,3e77caf8-f8c7-43a6-aad0-6b9bc16615c8.extra_data.json,6+THe69Q8P,0,com.sec.android.app.shealth,0,-1,3e77caf8-f8c7-43a6-aad0-6b9bc16615c8,2023-08-17 00:00:00.000,
,,,,0,,0,90,0,,2023-08-21 04:36:43.018,,2023-08-21 04:36:43.018,,,,-1,0,0,,,,0.0,,0.0,0218a725-f3b9-4ab4-b304-0bc182e9aebe.extra_data.json,6+THe69Q8P,0,com.sec.android.app.shealth,0,-1,0218a725-f3b9-4ab4-b304-0bc182e9aebe,2023-08-18 00:00:00.000,
,,,,0,,0,90,0,,2023-08-21 04:36:43.044,,2023-08-21 04:36:43.044,,,,-1,0,0,,,,0.0,,0.0,3ab9c1a3-e2a2-445a-b83c-9984dee97543.extra_data.json,6+THe69Q8P,0,com.sec.android.app.shealth,0,-1,3ab9c1a3-e2a2-445a-b83c-9984dee97543,2023-08-19 00:00:00.000,
,,,,3498,,2327025,90,0,,2023-08-23 19:23:18.620,,2023-08-21 07:00:01.891,,,,-1,60000,42,,,,2700.0806,,211.4,adf2a8a2-5e1c-4b49-95df-faa6eb72444d.extra_data.json,6+THe69Q8P,9200,com.sec.android.app.shealth,2317825,31380000,adf2a8a2-5e1c-4b49-95df-faa6eb72444d,2023-08-21 00:00:00.000,
,,,,3737,,2487850,90,0,,2023-08-23 05:55:22.815,,2023-08-22 07:00:01.390,,,,-1,120000,45,,,,2859.6204,,225.10002,04cb2328-35ca-4962-ac4c-cd5387c7886d.extra_data.json,6+THe69Q8P,0,com.sec.android.app.shealth,2487850,35640000,04cb2328-35ca-4962-ac4c-cd5387c7886d,2023-08-22 00:00:00.000,
,,,,6664,,4397897,90,0,,2023-08-29 14:35:02.780,,2023-08-23 07:00:00.465,,,,-1,120000,81,,,,5036.5703,,299.73996,edac251e-0b34-40bf-967e-7fe774e47da5.extra_data.json,6+THe69Q8P,2000,com.sec.android.app.shealth,4395897,34620000,edac251e-0b34-40bf-967e-7fe774e47da5,2023-08-23 00:00:00.000,
,,,,1628,,1071689,90,0,,2023-08-25 07:00:49.995,,2023-08-24 07:00:00.341,,,,-1,120000,18,,,,1220.7799,,49.41999,c65d08dd-9280-4c61-ae05-6033c2848675.extra_data.json,6+THe69Q8P,0,com.sec.android.app.shealth,1071689,39959999,c65d08dd-9280-4c61-ae05-6033c2848675,2023-08-24 00:00:00.000,
,,,,2612,,1692339,90,0,,2023-08-26 07:00:01.424,,2023-08-25 07:00:00.759,,,,-1,240000,31,,,,1985.1703,,79.66999,2b84af06-f9eb-4bb2-a2d2-5958440b7598.extra_data.json,6+THe69Q8P,400,com.sec.android.app.shealth,1691939,26879999,2b84af06-f9eb-4bb2-a2d2-5958440b7598,2023-08-25 00:00:00.000,
,,,,1884,,1221497,90,0,,2023-08-27 05:00:00.389,,2023-08-26 07:00:01.408,,,,-1,60000,22,,,,1450.7897,,58.199978,4ef5e9d5-4ce9-47d3-ad7c-001575e4a3e4.extra_data.json,6+THe69Q8P,400,com.sec.android.app.shealth,1221097,21599999,4ef5e9d5-4ce9-47d3-ad7c-001575e4a3e4,2023-08-26 00:00:00.000,
,,,,1385,,899663,90,0,,2023-08-28 02:07:41.700,,2023-08-27 05:00:00.321,,,,-1,60000,15,,,,1068.0898,,41.959976,e3d3249f-4b38-4bed-b92c-89796f01f696.extra_data.json,6+THe69Q8P,0,com.sec.android.app.shealth,899663,43260000,e3d3249f-4b38-4bed-b92c-89796f01f696,2023-08-27 00:00:00.000,
,,,,2288,,1522671,90,0,,2023-08-29 03:53:15.127,,2023-08-28 05:00:00.256,,,,-1,120000,27,,,,1751.7898,,69.67996,1d61ab9d-f6fe-415d-83f6-d6544bb75843.extra_data.json,6+THe69Q8P,0,com.sec.android.app.shealth,1522671,45900000,1d61ab9d-f6fe-415d-83f6-d6544bb75843,2023-08-28 00:00:00.000,
,,,,3929,,2570209,90,0,,2023-09-25 14:51:32.164,,2023-08-29 05:00:02.137,,,,-1,180000,46,,,,3020.97,,152.18999,66a11ae5-6d3d-43f8-afb9-e02911395ca0.extra_data.json,6+THe69Q8P,18764,com.sec.android.app.shealth,2551445,33659999,66a11ae5-6d3d-43f8-afb9-e02911395ca0,2023-08-29 00:00:00.000,
,,,,2336,,1531604,90,0,,2023-08-31 03:59:24.507,,2023-08-30 04:00:00.314,,,,-1,60000,27,,,,1783.8601,,73.42999,0377276c-e4c5-4b01-81b5-300d3e297133.extra_data.json,6+THe69Q8P,9600,com.sec.android.app.shealth,1522004,32280000,0377276c-e4c5-4b01-81b5-300d3e297133,2023-08-30 00:00:00.000,
,,,,1638,,1029578,90,0,,2023-09-01 01:33:40.417,,2023-08-31 05:00:01.085,,,,-1,240000,18,,,,1246.6901,,50.23,9dce78c0-9f86-48df-8e09-188390d6f460.extra_data.json,6+THe69Q8P,3528,com.sec.android.app.shealth,1026050,66600000,9dce78c0-9f86-48df-8e09-188390d6f460,2023-08-31 00:00:00.000,
,,,,5756,,3762127,90,0,,2023-09-02 03:35:01.703,,2023-09-01 05:00:00.283,,,,-1,180000,68,,,,4407.7197,,177.06996,94caba15-d8b0-4835-a8bf-75ed052c178e.extra_data.json,6+THe69Q8P,0,com.sec.android.app.shealth,3762127,37020000,94caba15-d8b0-4835-a8bf-75ed052c178e,2023-09-01 00:00:00.000,
,,,,2626,,1747346,90,0,,2023-09-03 04:45:58.943,,2023-09-02 05:00:00.280,,,,-1,60000,32,,,,2012.6,,81.64998,aee92b9c-8139-434f-b354-dccb1a4ceb92.extra_data.json,6+THe69Q8P,1200,com.sec.android.app.shealth,1746146,33840000,aee92b9c-8139-434f-b354-dccb1a4ceb92,2023-09-02 00:00:00.000,
,,,,2012,,1294497,90,0,,2023-09-04 04:50:17.658,,2023-09-03 05:00:00.199,,,,-1,120000,23,,,,1542.2201,,61.37999,a838f774-9c7e-4f94-8263-99d0456fc055.extra_data.json,6+THe69Q8P,0,com.sec.android.app.shealth,1294497,30840000,a838f774-9c7e-4f94-8263-99d0456fc055,2023-09-03 00:00:00.000,
,,,,3540,,2321797,90,0,,2023-09-05 02:30:05.946,,2023-09-04 07:00:00.257,,,,-1,180000,42,,,,2679.58,,110.83999,28dee648-f927-4ebb-b508-09defd8b9d9b.extra_data.json,6+THe69Q8P,26800,com.sec.android.app.shealth,2294997,25620000,28dee648-f927-4ebb-b508-09defd8b9d9b,2023-09-04 00:00:00.000,
,,,,1693,,1091756,90,0,,2023-09-05 22:10:35.301,,2023-09-05 07:00:00.382,,,,-1,240000,20,,,,1296.8002,,52.329987,de6dfc7c-5e8c-4c2e-acfb-738e9d74454d.extra_data.json,6+THe69Q8P,8885,com.sec.android.app.shealth,1082871,40620000,de6dfc7c-5e8c-4c2e-acfb-738e9d74454d,2023-09-05 00:00:00.000,
,,,,951,,622918,90,0,,2023-09-07 03:06:28.596,,2023-09-06 07:00:00.570,,,,-1,60000,11,,,,743.0,,28.259989,358bec1e-6009-4de5-ab14-9398ad15533c.extra_data.json,6+THe69Q8P,0,com.sec.android.app.shealth,622918,50520000,358bec1e-6009-4de5-ab14-9398ad15533c,2023-09-06 00:00:00.000,
,,,,2600,,1684928,90,0,,2023-09-08 01:57:57.628,,2023-09-07 05:00:00.227,,,,-1,120000,30,,,,1974.6501,,80.82999,3b3c5413-8f3e-400d-81a3-a76379c36989.extra_data.json,6+THe69Q8P,6248,com.sec.android.app.shealth,1678680,19080000,3b3c5413-8f3e-400d-81a3-a76379c36989,2023-09-07 00:00:00.000,
,,,,3973,,2535454,90,0,,2023-09-09 05:24:11.641,,2023-09-08 07:00:20.284,,,,-1,180000,46,,,,2994.27,,121.299965,b40ad078-76af-41c4-8f8e-b4aa3ae4cc0c.extra_data.json,6+THe69Q8P,0,com.sec.android.app.shealth,2535454,31380000,b40ad078-76af-41c4-8f8e-b4aa3ae4cc0c,2023-09-08 00:00:00.000,
,,,,2254,,1464492,90,0,,2023-09-10 02:11:44.427,,2023-09-09 07:00:01.621,,,,-1,120000,26,,,,1694.9298,,69.08,fb4c228a-5cca-47d4-9dde-c982b1e6dd7d.extra_data.json,6+THe69Q8P,0,com.sec.android.app.shealth,1464492,38640000,fb4c228a-5cca-47d4-9dde-c982b1e6dd7d,2023-09-09 00:00:00.000,
,,,,3186,,1971899,90,0,,2023-09-11 01:15:38.843,,2023-09-10 06:00:00.855,,,,-1,420000,35,,,,2428.67,,96.76,49c2e4c3-097f-46b0-8057-a33eb841dec4.extra_data.json,6+THe69Q8P,0,com.sec.android.app.shealth,1971899,29160000,49c2e4c3-097f-46b0-8057-a33eb841dec4,2023-09-10 00:00:00.000,
,,,,4901,,3022753,90,0,,2023-09-12 03:42:34.595,,2023-09-11 08:48:21.879,,,,-1,240000,54,,,,3773.0403,,154.39,2645a21a-32a3-4b47-8856-e2085ac0d298.extra_data.json,6+THe69Q8P,38311,com.sec.android.app.shealth,2984442,25740000,2645a21a-32a3-4b47-8856-e2085ac0d298,2023-09-11 00:00:00.000,
,,,,2172,,1443358,90,0,,2023-09-13 03:15:25.252,,2023-09-12 05:00:01.264,,,,-1,60000,26,,,,1643.22,,81.329994,ed1e8d22-8d5e-41fe-ae53-1d937d87ebba.extra_data.json,6+THe69Q8P,0,com.sec.android.app.shealth,1443358,36540000,ed1e8d22-8d5e-41fe-ae53-1d937d87ebba,2023-09-12 00:00:00.000,
,,,,2705,,1802204,90,0,,2023-09-14 04:00:00.243,,2023-09-13 04:00:01.127,,,,-1,60000,33,,,,2064.94,,162.70999,4cbf64b9-9f4c-4800-aeee-d229a4306005.extra_data.json,6+THe69Q8P,0,com.sec.android.app.shealth,1802204,40079999,4cbf64b9-9f4c-4800-aeee-d229a4306005,2023-09-13 00:00:00.000,
,,,,2280,,1477625,90,0,,2023-09-14 22:14:38.648,,2023-09-14 04:00:00.225,,,,-1,180000,26,,,,1797.4901,,138.05997,31ce2af4-3151-4a5b-a7b7-eb3c3b5a82ba.extra_data.json,6+THe69Q8P,400,com.sec.android.app.shealth,1477225,27180000,31ce2af4-3151-4a5b-a7b7-eb3c3b5a82ba,2023-09-14 00:00:00.000,
,,,,2951,,1810006,90,0,,2023-09-16 04:20:36.420,,2023-09-15 05:00:00.638,,,,-1,240000,32,,,,2350.8599,,180.37999,a6cbcd7b-2ab4-464a-9dc7-6646728effcf.extra_data.json,6+THe69Q8P,10800,com.sec.android.app.shealth,1799206,29640000,a6cbcd7b-2ab4-464a-9dc7-6646728effcf,2023-09-15 00:00:00.000,
,,,,3027,,1931536,90,0,,2023-09-17 05:00:01.673,,2023-09-16 05:00:01.095,,,,-1,240000,35,,,,2416.7698,,184.49,354137b6-6886-41db-93d1-db8c72e9c1bb.extra_data.json,6+THe69Q8P,5600,com.sec.android.app.shealth,1925936,31619999,354137b6-6886-41db-93d1-db8c72e9c1bb,2023-09-16 00:00:00.000,
,,,,3603,,2318068,90,0,,2023-09-18 03:15:04.902,,2023-09-17 05:00:01.614,,,,-1,420000,42,,,,2880.9597,,218.01994,43786d59-4b56-4a71-a40e-7c1cb6dbf0e8.extra_data.json,6+THe69Q8P,8000,com.sec.android.app.shealth,2310068,27840000,43786d59-4b56-4a71-a40e-7c1cb6dbf0e8,2023-09-17 00:00:00.000,
,,,,3631,,2307310,90,0,,2023-09-19 01:16:31.528,,2023-09-18 04:00:01.843,,,,-1,300000,42,,,,2822.28,,217.76996,8a9f23fb-e418-4bc3-acc8-019525496497.extra_data.json,6+THe69Q8P,0,com.sec.android.app.shealth,2307310,43140000,8a9f23fb-e418-4bc3-acc8-019525496497,2023-09-18 00:00:00.000,
,,,,4381,,2810685,90,0,,2023-09-20 17:42:24.855,,2023-09-19 04:00:00.536,,,,-1,780000,51,,,,3505.94,,269.23,c2fb33be-7e91-4444-b220-a77486df680d.extra_data.json,6+THe69Q8P,0,com.sec.android.app.shealth,2810685,50820000,c2fb33be-7e91-4444-b220-a77486df680d,2023-09-19 00:00:00.000,
,,,,3092,,2025361,90,0,,2023-09-21 01:15:01.316,,2023-09-20 04:00:01.414,,,,-1,60000,36,,,,2421.6907,,187.70996,6021bf7e-3e6b-49e0-bec7-81524afc665a.extra_data.json,6+THe69Q8P,9200,com.sec.android.app.shealth,2016161,49260000,6021bf7e-3e6b-49e0-bec7-81524afc665a,2023-09-20 00:00:00.000,
,,,,1781,,1151729,90,0,,2023-09-22 03:13:43.526,,2023-09-21 04:00:00.849,,,,-1,120000,21,,,,1387.01,,106.79998,99a48ba6-0df7-410d-9f3d-9e7a1c7c1568.extra_data.json,6+THe69Q8P,0,com.sec.android.app.shealth,1151729,40680000,99a48ba6-0df7-410d-9f3d-9e7a1c7c1568,2023-09-21 00:00:00.000,
,,,,1519,,1004472,90,0,,2023-09-23 03:08:16.692,,2023-09-22 04:00:00.226,,,,-1,60000,17,,,,1206.15,,90.76995,5768ef9d-1044-4ee5-9120-3bc6749fdb79.extra_data.json,6+THe69Q8P,0,com.sec.android.app.shealth,1004472,47400000,5768ef9d-1044-4ee5-9120-3bc6749fdb79,2023-09-22 00:00:00.000,
,,,,3494,,2290328,90,0,,2023-09-24 02:46:27.498,,2023-09-23 04:00:00.561,,,,-1,60000,42,,,,2758.9297,,210.47998,c33a492c-57f4-4f16-aa23-3359a649a711.extra_data.json,6+THe69Q8P,0,com.sec.android.app.shealth,2290328,12300000,c33a492c-57f4-4f16-aa23-3359a649a711,2023-09-23 00:00:00.000,
,,,,5436,,3606319,90,0,,2023-09-25 01:11:01.797,,2023-09-24 04:00:00.340,,,,-1,180000,66,,,,4159.2896,,327.0,6519c0db-a7a5-445d-b5c7-d2174d5d5d38.extra_data.json,6+THe69Q8P,0,com.sec.android.app.shealth,3606319,43320000,6519c0db-a7a5-445d-b5c7-d2174d5d5d38,2023-09-24 00:00:00.000,
,,,,3768,,2475307,90,0,,2023-10-12 00:31:14.499,,2023-09-25 04:00:00.452,,,,-1,120000,45,,,,2826.4,,179.64006,86c2a5f9-0225-4679-9fb5-80e049d64d1a.extra_data.json,6+THe69Q8P,400,com.sec.android.app.shealth,2474907,28080000,86c2a5f9-0225-4679-9fb5-80e049d64d1a,2023-09-25 00:00:00.000,
,,,,1610,,1040340,90,0,,2023-09-27 02:35:51.859,,2023-09-26 04:00:00.340,,,,-1,120000,18,,,,1214.35,,48.68,534fb0af-7a3d-433d-abc3-f2c19255bbb7.extra_data.json,6+THe69Q8P,0,com.sec.android.app.shealth,1040340,24240000,534fb0af-7a3d-433d-abc3-f2c19255bbb7,2023-09-26 00:00:00.000,
,,,,2139,,1392138,90,0,,2023-09-28 05:21:46.360,,2023-09-27 05:00:01.075,,,,-1,120000,24,,,,1638.07,,67.15999,18e51623-3369-4651-96b3-74a216cb6699.extra_data.json,6+THe69Q8P,15600,com.sec.android.app.shealth,1376538,53040000,18e51623-3369-4651-96b3-74a216cb6699,2023-09-27 00:00:00.000,
,,,,1997,,1295866,90,0,,2023-09-29 05:09:04.998,,2023-09-28 07:00:00.422,,,,-1,60000,22,,,,1621.0397,,68.729996,7c6aa053-4171-4b07-89a8-bf5a03b8c7b3.extra_data.json,6+THe69Q8P,50000,com.sec.android.app.shealth,1245866,30420000,7c6aa053-4171-4b07-89a8-bf5a03b8c7b3,2023-09-28 00:00:00.000,
,,,,1323,,867677,90,0,,2023-09-30 04:35:00.871,,2023-09-29 07:00:01.270,,,,-1,120000,15,,,,996.01,,40.47,5342f550-52d0-4791-9b7d-20415dd16b11.extra_data.json,6+THe69Q8P,0,com.sec.android.app.shealth,867677,47640000,5342f550-52d0-4791-9b7d-20415dd16b11,2023-09-29 00:00:00.000,
,,,,5738,,3666279,90,0,,2023-10-01 07:00:01.848,,2023-09-30 07:00:00.922,,,,-1,420000,67,,,,4562.51,,345.22992,abb7dbe4-9c09-4703-aae3-8e74ab7f668a.extra_data.json,6+THe69Q8P,3656,com.sec.android.app.shealth,3662623,39419999,abb7dbe4-9c09-4703-aae3-8e74ab7f668a,2023-09-30 00:00:00.000,
,,,,2928,,1872516,90,0,,2023-10-02 06:10:57.704,,2023-10-01 07:00:01.539,,,,-1,300000,34,,,,2255.2798,,175.86,e1f9cd57-6caf-44d7-ad3c-d665f4167bc4.extra_data.json,6+THe69Q8P,0,com.sec.android.app.shealth,1872516,40380000,e1f9cd57-6caf-44d7-ad3c-d665f4167bc4,2023-10-01 00:00:00.000,
,,,,12,,8004,90,0,,2023-10-03 07:00:00.521,,2023-10-02 07:00:00.373,,,,-1,8004,0,,,,9.61,,0.7,a3bb31b9-6fe7-46fe-bc0b-9d05f3c42fde.extra_data.json,6+THe69Q8P,0,com.sec.android.app.shealth,8004,53219999,a3bb31b9-6fe7-46fe-bc0b-9d05f3c42fde,2023-10-02 00:00:00.000,
,,,,2042,,1328172,90,0,,2023-10-04 06:00:01.525,,2023-10-03 07:00:00.410,,,,-1,60000,24,,,,1627.4098,,124.879974,f0839dbd-cc33-4948-bd1f-3d30535d2db3.extra_data.json,6+THe69Q8P,5645,com.sec.android.app.shealth,1322527,36059999,f0839dbd-cc33-4948-bd1f-3d30535d2db3,2023-10-03 00:00:00.000,
,,,,1275,,831022,90,0,,2023-10-05 05:00:00.452,,2023-10-04 06:00:01.413,,,,-1,60000,14,,,,983.18005,,76.539986,a4a77056-01d0-4d17-be47-12c2e5bb47d1.extra_data.json,6+THe69Q8P,0,com.sec.android.app.shealth,831022,37379999,a4a77056-01d0-4d17-be47-12c2e5bb47d1,2023-10-04 00:00:00.000,
,,,,1616,,1060336,90,0,,2023-10-05 23:35:01.285,,2023-10-05 05:00:00.409,,,,-1,180000,18,,,,1244.49,,97.66999,f971213c-4258-4f27-9b74-d0ef7cf1d95f.extra_data.json,6+THe69Q8P,1200,com.sec.android.app.shealth,1059136,36060000,f971213c-4258-4f27-9b74-d0ef7cf1d95f,2023-10-05 00:00:00.000,
,,,,3916,,2564075,90,0,,2023-10-07 03:46:02.091,,2023-10-06 05:00:00.399,,,,-1,120000,46,,,,3016.0596,,236.06999,6b5be3de-99a9-4f24-a31b-516c7b08adf3.extra_data.json,6+THe69Q8P,6400,com.sec.android.app.shealth,2557675,54420000,6b5be3de-99a9-4f24-a31b-516c7b08adf3,2023-10-06 00:00:00.000,
,,,,1776,,1119489,90,0,,2023-10-08 01:38:43.830,,2023-10-07 05:00:00.251,,,,-1,240000,20,,,,1406.8401,,108.249985,8f9abad7-b03d-4520-a5eb-30017102995f.extra_data.json,6+THe69Q8P,6390,com.sec.android.app.shealth,1113099,57720000,8f9abad7-b03d-4520-a5eb-30017102995f,2023-10-07 00:00:00.000,
,,,,1995,,1268484,90,0,,2023-10-09 02:35:47.315,,2023-10-08 05:00:01.130,,,,-1,120000,23,,,,1554.0502,,119.80998,0e87851c-d16e-41b8-9e19-0a4b21e75a78.extra_data.json,6+THe69Q8P,0,com.sec.android.app.shealth,1268484,46980000,0e87851c-d16e-41b8-9e19-0a4b21e75a78,2023-10-08 00:00:00.000,
,,,,1410,,892266,90,0,,2023-10-10 03:47:20.059,,2023-10-09 05:00:01.388,,,,-1,180000,15,,,,1096.5902,,84.649994,03849fb6-a918-4c0a-91de-5db32d2be1c1.extra_data.json,6+THe69Q8P,0,com.sec.android.app.shealth,892266,62340000,03849fb6-a918-4c0a-91de-5db32d2be1c1,2023-10-09 00:00:00.000,
,,,,3290,,2096688,90,0,,2023-10-11 01:56:06.347,,2023-10-10 05:00:00.327,,,,-1,120000,37,,,,2553.4502,,197.32999,90810db7-7c07-4b90-95a1-f4e830dc1cbd.extra_data.json,6+THe69Q8P,0,com.sec.android.app.shealth,2096688,22620000,90810db7-7c07-4b90-95a1-f4e830dc1cbd,2023-10-10 00:00:00.000,
,,,,4076,,2757645,90,0,,2023-10-12 02:02:02.547,,2023-10-11 05:00:01.189,,,,-1,695946,50,,,,3059.02,,254.6199,3e212488-b385-45bf-ba6e-fc8e6d21018d.extra_data.json,6+THe69Q8P,3200,com.sec.android.app.shealth,2754445,44040000,3e212488-b385-45bf-ba6e-fc8e6d21018d,2023-10-11 00:00:00.000,
,,,,1512,,970335,90,0,,2023-10-13 01:55:10.069,,2023-10-12 05:00:00.288,,,,-1,120000,17,,,,1122.8201,,46.169994,fd7b9806-08be-4e11-a0e9-17b400b975cb.extra_data.json,6+THe69Q8P,0,com.sec.android.app.shealth,970335,45300000,fd7b9806-08be-4e11-a0e9-17b400b975cb,2023-10-12 00:00:00.000,
,,,,1448,,934317,90,0,,2023-10-14 04:00:01.919,,2023-10-13 04:00:00.367,,,,-1,120000,16,,,,1088.25,,44.729996,681d3fce-d035-4689-9384-0ad485ded8d5.extra_data.json,6+THe69Q8P,0,com.sec.android.app.shealth,934317,50099999,681d3fce-d035-4689-9384-0ad485ded8d5,2023-10-13 00:00:00.000,
,,,,2644,,1728609,90,0,,2023-10-15 04:27:12.990,,2023-10-14 04:00:01.891,,,,-1,120000,31,,,,1993.5299,,81.29998,19641c23-d011-430f-8fec-11550b9eefc4.extra_data.json,6+THe69Q8P,3200,com.sec.android.app.shealth,1725409,21659999,19641c23-d011-430f-8fec-11550b9eefc4,2023-10-14 00:00:00.000,
,,,,3033,,1967038,90,0,,2023-10-16 03:50:07.882,,2023-10-15 04:27:12.962,,,,-1,240000,35,,,,2311.9307,,93.72998,b255d746-a5fe-4e66-89a4-4acf8a77a608.extra_data.json,6+THe69Q8P,3600,com.sec.android.app.shealth,1963438,34140000,b255d746-a5fe-4e66-89a4-4acf8a77a608,2023-10-15 00:00:00.000,
,,,,1982,,1301257,90,0,,2023-10-16 22:55:03.309,,2023-10-16 04:00:00.319,,,,-1,60000,23,,,,1485.3401,,61.329987,0a85afc3-c659-4f23-879f-9526376b007e.extra_data.json,6+THe69Q8P,0,com.sec.android.app.shealth,1301257,39120000,0a85afc3-c659-4f23-879f-9526376b007e,2023-10-16 00:00:00.000,
,,,,1377,,913359,90,0,,2023-10-18 00:15:02.560,,2023-10-17 04:00:00.276,,,,-1,60000,16,,,,1095.7802,,46.649998,451d14ae-c7ad-4d29-bc2b-0027e20248d8.extra_data.json,6+THe69Q8P,1600,com.sec.android.app.shealth,911759,46860000,451d14ae-c7ad-4d29-bc2b-0027e20248d8,2023-10-17 00:00:00.000,
,,,,1029,,660535,90,0,,2023-10-19 01:10:02.156,,2023-10-18 04:00:00.309,,,,-1,60000,11,,,,849.11,,37.189995,acc3f530-5add-4421-9069-ea1ead605d59.extra_data.json,6+THe69Q8P,3600,com.sec.android.app.shealth,656935,57360000,acc3f530-5add-4421-9069-ea1ead605d59,2023-10-18 00:00:00.000,
,,,,3038,,1984721,90,0,,2023-10-20 04:24:11.278,,2023-10-19 05:00:00.317,,,,-1,120000,36,,,,2298.0103,,93.06999,1a218c5a-b1b4-4260-aba0-59e2df61cd0e.extra_data.json,6+THe69Q8P,2000,com.sec.android.app.shealth,1982721,44580000,1a218c5a-b1b4-4260-aba0-59e2df61cd0e,2023-10-19 00:00:00.000,
,,,,3735,,2436857,90,0,,2023-10-21 03:28:25.483,,2023-10-20 05:00:00.860,,,,-1,120000,44,,,,2808.4797,,114.76999,69eeeffd-0fd4-46f5-801f-92e4f46128a0.extra_data.json,6+THe69Q8P,2000,com.sec.android.app.shealth,2434857,39000000,69eeeffd-0fd4-46f5-801f-92e4f46128a0,2023-10-20 00:00:00.000,
,,,,4384,,2737908,90,0,,2023-10-22 04:00:01.333,,2023-10-21 05:00:00.360,,,,-1,300000,50,,,,3344.0002,,133.46999,61c0c5ee-a161-463b-8f10-492cb44c01a2.extra_data.json,6+THe69Q8P,1200,com.sec.android.app.shealth,2736708,44099999,61c0c5ee-a161-463b-8f10-492cb44c01a2,2023-10-21 00:00:00.000,
,,,,2336,,1486694,90,0,,2023-10-23 02:47:51.131,,2023-10-22 04:00:01.222,,,,-1,180000,26,,,,1773.0203,,73.869995,bf403f51-1a8a-4317-9520-a838296787ce.extra_data.json,6+THe69Q8P,12842,com.sec.android.app.shealth,1473852,23340000,bf403f51-1a8a-4317-9520-a838296787ce,2023-10-22 00:00:00.000,
,,,,3128,,2003471,90,0,,2023-10-24 05:17:55.720,,2023-10-23 05:00:00.289,,,,-1,180000,36,,,,2355.2002,,96.04001,fb863592-dcc9-4c82-aa72-a65b74675a5c.extra_data.json,6+THe69Q8P,800,com.sec.android.app.shealth,2002671,27300000,fb863592-dcc9-4c82-aa72-a65b74675a5c,2023-10-23 00:00:00.000,
,,,,3866,,2517595,90,0,,2023-10-25 03:31:09.962,,2023-10-24 06:00:01.340,,,,-1,180000,45,,,,2901.6497,,118.03003,089b2ec6-3504-4d70-afa2-72cb337b3938.extra_data.json,6+THe69Q8P,0,com.sec.android.app.shealth,2517595,36000000,089b2ec6-3504-4d70-afa2-72cb337b3938,2023-10-24 00:00:00.000,
,,,,2614,,1731231,90,0,,2023-10-26 06:47:17.761,,2023-10-25 06:00:01.022,,,,-1,60000,31,,,,1998.1504,,81.960014,e0f54f52-1979-4968-837f-fa772720850b.extra_data.json,6+THe69Q8P,8400,com.sec.android.app.shealth,1722831,20640000,e0f54f52-1979-4968-837f-fa772720850b,2023-10-25 00:00:00.000,
,,,,1575,,1028424,90,0,,2023-10-27 04:30:59.337,,2023-10-26 07:00:00.287,,,,-1,60000,18,,,,1182.87,,48.190002,fb3f4934-4446-4996-a848-1abcb40f5f56.extra_data.json,6+THe69Q8P,0,com.sec.android.app.shealth,1028424,17160000,fb3f4934-4446-4996-a848-1abcb40f5f56,2023-10-26 00:00:00.000,
,,,,3319,,2150538,90,0,,2023-10-28 03:53:29.133,,2023-10-27 05:00:00.549,,,,-1,180000,38,,,,2527.2505,,101.35998,d2d4d3cb-83fc-450c-8726-c5edb7ebf27a.extra_data.json,6+THe69Q8P,400,com.sec.android.app.shealth,2150138,27960000,d2d4d3cb-83fc-450c-8726-c5edb7ebf27a,2023-10-27 00:00:00.000,
,,,,2404,,1581765,90,0,,2023-10-29 02:20:38.808,,2023-10-28 04:00:00.369,,,,-1,120000,28,,,,1845.06,,73.94999,a21e95ba-7275-4a77-a38b-4404900840ff.extra_data.json,6+THe69Q8P,4400,com.sec.android.app.shealth,1577365,25620000,a21e95ba-7275-4a77-a38b-4404900840ff,2023-10-28 00:00:00.000,
,,,,4403,,2899798,90,0,,2023-10-30 05:11:02.388,,2023-10-29 04:00:01.289,,,,-1,120000,53,,,,3311.6504,,136.25,45b57a30-e287-4479-8cb1-e9094f5d863b.extra_data.json,6+THe69Q8P,9200,com.sec.android.app.shealth,2890598,31800000,45b57a30-e287-4479-8cb1-e9094f5d863b,2023-10-29 00:00:00.000,
,,,,3272,,2129594,90,0,,2023-10-31 04:17:49.433,,2023-10-30 05:00:00.245,,,,-1,60000,38,,,,2470.4197,,99.89,1611cfbc-8991-4496-b2b5-ab652c49f19d.extra_data.json,6+THe69Q8P,800,com.sec.android.app.shealth,2128794,45600000,1611cfbc-8991-4496-b2b5-ab652c49f19d,2023-10-30 00:00:00.000,
,,,,1737,,1121766,90,0,,2023-11-01 06:19:51.516,,2023-10-31 05:00:00.342,,,,-1,180000,20,,,,1350.4799,,55.980003,022c1354-1d96-485e-adc6-bf7bfa6cc5d0.extra_data.json,6+THe69Q8P,16000,com.sec.android.app.shealth,1105766,27060000,022c1354-1d96-485e-adc6-bf7bfa6cc5d0,2023-10-31 00:00:00.000,
,,,,1686,,1114527,90,0,,2023-11-01 22:22:22.452,,2023-11-01 07:00:00.236,,,,-1,60000,20,,,,1261.95,,51.88999,ce9e9fdd-992b-4f55-9472-a8eb5a007e2b.extra_data.json,6+THe69Q8P,0,com.sec.android.app.shealth,1114527,38460000,ce9e9fdd-992b-4f55-9472-a8eb5a007e2b,2023-11-01 00:00:00.000,
,,,,3935,,2592654,90,0,,2023-11-03 05:53:39.484,,2023-11-02 07:00:00.268,,,,-1,180000,47,,,,2985.52,,120.920006,42dbda6a-a37b-433d-813e-9b2d8541be3c.extra_data.json,6+THe69Q8P,3600,com.sec.android.app.shealth,2589054,20700000,42dbda6a-a37b-433d-813e-9b2d8541be3c,2023-11-02 00:00:00.000,
,,,,1487,,988063,90,0,,2023-11-04 06:42:55.370,,2023-11-03 07:00:00.269,,,,-1,60000,17,,,,1144.4202,,46.469986,f5e4764b-c5a2-4cc3-8b0d-82e381ea9a1a.extra_data.json,6+THe69Q8P,1600,com.sec.android.app.shealth,986463,25800000,f5e4764b-c5a2-4cc3-8b0d-82e381ea9a1a,2023-11-03 00:00:00.000,
,,,,4363,,2855097,90,0,,2023-11-05 03:16:41.765,,2023-11-04 07:00:00.426,,,,-1,240000,52,,,,3295.9001,,133.64001,e40342f3-a9a1-4248-8300-673719965680.extra_data.json,6+THe69Q8P,0,com.sec.android.app.shealth,2855097,22080000,e40342f3-a9a1-4248-8300-673719965680,2023-11-04 00:00:00.000,
,,,,2612,,1727065,90,0,,2023-11-06 07:17:37.808,,2023-11-05 05:00:00.296,,,,-1,120000,31,,,,2000.2301,,83.88998,ff30fef6-4901-4afc-968b-22be92ff6cd3.extra_data.json,6+THe69Q8P,9600,com.sec.android.app.shealth,1717465,40140000,ff30fef6-4901-4afc-968b-22be92ff6cd3,2023-11-05 00:00:00.000,
,,,,5184,,3367840,90,0,,2023-11-07 06:13:58.007,,2023-11-06 08:00:00.406,,,,-1,300000,62,,,,3866.7698,,159.11,e650dcf1-a21e-412c-9274-56819f91b322.extra_data.json,6+THe69Q8P,0,com.sec.android.app.shealth,3367840,36360000,e650dcf1-a21e-412c-9274-56819f91b322,2023-11-06 00:00:00.000,
,,,,3346,,2149351,90,0,,2023-11-08 05:55:01.263,,2023-11-07 08:00:00.305,,,,-1,120000,38,,,,2535.5608,,103.62999,7b3fa922-0c21-4656-a538-e610aa8fb01f.extra_data.json,6+THe69Q8P,0,com.sec.android.app.shealth,2149351,30240000,7b3fa922-0c21-4656-a538-e610aa8fb01f,2023-11-07 00:00:00.000,
,,,,233,,154076,90,0,,2023-11-09 05:25:26.935,,2023-11-08 07:00:00.291,,,,-1,18809,2,,,,183.7,,8.299999,41d9c929-8cd5-4a6d-b35c-9df9bef64c82.extra_data.json,6+THe69Q8P,2000,com.sec.android.app.shealth,152076,36419999,41d9c929-8cd5-4a6d-b35c-9df9bef64c82,2023-11-08 00:00:00.000,
,,,,1095,,724865,90,0,,2023-11-09 23:39:08.430,,2023-11-09 05:23:55.187,,,,-1,60000,13,,,,867.2601,,65.72998,6f5558ce-b6da-4354-9502-819be3f78d50.extra_data.json,6+THe69Q8P,1200,com.sec.android.app.shealth,723665,55080000,6f5558ce-b6da-4354-9502-819be3f78d50,2023-11-09 00:00:00.000,
,,,,519,,346173,90,0,,2023-11-10 23:35:01.566,,2023-11-10 05:00:10.651,,,,-1,40687,5,,,,407.24002,,31.159994,20057c5a-6bea-4717-84b0-d8c010da7db5.extra_data.json,6+THe69Q8P,0,com.sec.android.app.shealth,346173,51300000,20057c5a-6bea-4717-84b0-d8c010da7db5,2023-11-10 00:00:00.000,
,,,,2632,,1686573,90,0,,2023-11-12 00:15:01.792,,2023-11-11 06:00:00.981,,,,-1,600000,31,,,,2024.3301,,158.22,795f8b75-3e78-482e-9513-538fdaa6d401.extra_data.json,6+THe69Q8P,0,com.sec.android.app.shealth,1686573,26040000,795f8b75-3e78-482e-9513-538fdaa6d401,2023-11-11 00:00:00.000,
,,,,0,,0,90,0,,2023-11-12 06:00:00.371,,2023-11-12 06:00:00.371,,,,-1,0,0,,,,0.0,,0.0,6f379e25-1c83-4c67-8c20-24a8794854a7.extra_data.json,6+THe69Q8P,0,com.sec.android.app.shealth,0,-1,6f379e25-1c83-4c67-8c20-24a8794854a7,2023-11-12 00:00:00.000,
,,,,0,,0,90,0,,2023-11-13 06:00:00.348,,2023-11-13 06:00:00.348,,,,-1,0,0,,,,0.0,,0.0,9020fb60-31c5-4fa0-b574-574223ad83bf.extra_data.json,6+THe69Q8P,0,com.sec.android.app.shealth,0,-1,9020fb60-31c5-4fa0-b574-574223ad83bf,2023-11-13 00:00:00.000,
,,,,1730,,1153153,90,0,,2023-11-15 06:15:00.969,,2023-11-14 06:00:01.084,,,,-1,60000,21,,,,1324.33,,104.48,76dab179-94be-46bf-b9ab-d6544dc4c035.extra_data.json,6+THe69Q8P,0,com.sec.android.app.shealth,1153153,65040000,76dab179-94be-46bf-b9ab-d6544dc4c035,2023-11-14 00:00:00.000,
,,,,730,,473450,90,0,,2023-11-15 23:15:49.918,,2023-11-15 06:00:01.137,,,,-1,120000,7,,,,557.03,,43.839996,436461f5-e107-495a-937d-dc8c8d774225.extra_data.json,6+THe69Q8P,0,com.sec.android.app.shealth,473450,59760000,436461f5-e107-495a-937d-dc8c8d774225,2023-11-15 00:00:00.000,
,,,,679,,441464,90,0,,2023-11-17 09:47:29.400,,2023-11-16 06:00:01.372,,,,-1,120000,7,,,,514.13,,40.82,c48f0f32-21d7-4cc5-b85b-a7fa54f7a0a7.extra_data.json,6+THe69Q8P,0,com.sec.android.app.shealth,441464,45779999,c48f0f32-21d7-4cc5-b85b-a7fa54f7a0a7,2023-11-16 00:00:00.000,
,,,,33,,22011,90,0,,2023-11-18 05:00:00.683,,2023-11-17 09:47:26.916,,,,-1,14007,0,,,,29.48,,2.6399999,14e37ebf-7677-4534-b0fc-ca5427d48f33.extra_data.json,6+THe69Q8P,0,com.sec.android.app.shealth,22011,61079999,14e37ebf-7677-4534-b0fc-ca5427d48f33,2023-11-17 00:00:00.000,
,,,,476,,317492,90,0,,2023-11-19 01:54:08.555,,2023-11-18 05:00:00.511,,,,-1,46023,5,,,,373.42004,,28.500002,8bb0faf4-842c-42b9-b593-a84a290c393a.extra_data.json,6+THe69Q8P,0,com.sec.android.app.shealth,317492,33900000,8bb0faf4-842c-42b9-b593-a84a290c393a,2023-11-18 00:00:00.000,
,,,,990,,643535,90,0,,2023-11-20 04:52:44.383,,2023-11-19 07:00:00.272,,,,-1,180000,11,,,,787.8,,59.849995,e3c60660-ac28-48d5-a891-aba148b272a9.extra_data.json,6+THe69Q8P,0,com.sec.android.app.shealth,643535,44700000,e3c60660-ac28-48d5-a891-aba148b272a9,2023-11-19 00:00:00.000,
,,,,1036,,663515,90,0,,2023-11-21 03:26:28.606,,2023-11-20 08:00:00.258,,,,-1,180000,12,,,,800.08997,,62.169994,933b28f6-35c1-4873-bf4a-a1d0c262841d.extra_data.json,6+THe69Q8P,0,com.sec.android.app.shealth,663515,60900000,933b28f6-35c1-4873-bf4a-a1d0c262841d,2023-11-20 00:00:00.000,
,,,,1044,,692316,90,0,,2023-11-22 06:10:55.062,,2023-11-21 08:00:00.331,,,,-1,60000,12,,,,806.64996,,62.66,1f5a7da2-889a-4433-87dd-923dbce101c5.extra_data.json,6+THe69Q8P,0,com.sec.android.app.shealth,692316,45660000,1f5a7da2-889a-4433-87dd-923dbce101c5,2023-11-21 00:00:00.000,
,,,,723,,464142,90,0,,2023-11-23 00:35:01.143,,2023-11-22 07:00:00.596,,,,-1,120000,7,,,,571.29004,,43.209988,4fdde9ae-d17b-4470-b113-a9fda1d25725.extra_data.json,6+THe69Q8P,0,com.sec.android.app.shealth,464142,32040000,4fdde9ae-d17b-4470-b113-a9fda1d25725,2023-11-22 00:00:00.000,
,,,,2565,,1667053,90,0,,2023-11-24 05:35:01.383,,2023-11-23 05:38:08.538,,,,-1,120000,30,,,,2005.5701,,155.45996,ae7b9a91-a0c0-4c90-ac59-d8f93b0f9954.extra_data.json,6+THe69Q8P,400,com.sec.android.app.shealth,1666653,13620000,ae7b9a91-a0c0-4c90-ac59-d8f93b0f9954,2023-11-23 00:00:00.000,
,,,,1890,,1214307,90,0,,2023-11-25 01:22:03.901,,2023-11-24 06:00:00.329,,,,-1,120000,22,,,,1469.4202,,113.84,2c92ffe9-d7bb-46c7-baf9-f6511978fc77.extra_data.json,6+THe69Q8P,0,com.sec.android.app.shealth,1214307,18240000,2c92ffe9-d7bb-46c7-baf9-f6511978fc77,2023-11-24 00:00:00.000,
,,,,494,,329498,90,0,,2023-11-25 21:17:50.915,,2023-11-25 06:00:02.122,,,,-1,50025,5,,,,382.73,,30.449997,d4e523b1-9e07-45de-8ed8-6ffffd50d2fd.extra_data.json,6+THe69Q8P,0,com.sec.android.app.shealth,329498,42660000,d4e523b1-9e07-45de-8ed8-6ffffd50d2fd,2023-11-25 00:00:00.000,
,,,,2089,,1349321,90,0,,2023-11-27 05:48:06.092,,2023-11-26 06:00:00.299,,,,-1,120000,24,,,,1636.3203,,127.59,ab2e6fb9-9911-4a4f-b17a-125ad0e521a0.extra_data.json,6+THe69Q8P,8778,com.sec.android.app.shealth,1340543,17580000,ab2e6fb9-9911-4a4f-b17a-125ad0e521a0,2023-11-26 00:00:00.000,
,,,,4620,,2742366,90,0,,2023-11-28 08:00:00.349,,2023-11-27 07:00:00.344,,,,-1,300000,50,,,,4712.7393,,396.56992,1aa27777-0bc1-4bee-aed7-6472740239ec.extra_data.json,6+THe69Q8P,16000,com.sec.android.app.shealth,2726366,29459999,1aa27777-0bc1-4bee-aed7-6472740239ec,2023-11-27 00:00:00.000,
,,,,2800,,1844934,90,0,,2023-11-29 08:15:14.824,,2023-11-28 08:00:00.318,,,,-1,180000,33,,,,2231.2502,,175.17001,8f388ee4-faf7-4630-b69e-3566818353d1.extra_data.json,6+THe69Q8P,2800,com.sec.android.app.shealth,1842134,26280000,8f388ee4-faf7-4630-b69e-3566818353d1,2023-11-28 00:00:00.000,
,,,,1734,,1120440,90,0,,2023-11-30 06:06:50.940,,2023-11-29 08:00:00.310,,,,-1,120000,20,,,,1346.1199,,103.969986,65dab338-98da-48b8-8603-e844717e6d42.extra_data.json,6+THe69Q8P,0,com.sec.android.app.shealth,1120440,51660000,65dab338-98da-48b8-8603-e844717e6d42,2023-11-29 00:00:00.000,
,,,,1297,,838329,90,0,,2023-12-01 02:58:11.429,,2023-11-30 07:00:00.335,,,,-1,180000,14,,,,1010.5,,78.369995,5381ca9c-16a2-4dae-8f5a-8f4fe9cf9f1c.extra_data.json,6+THe69Q8P,0,com.sec.android.app.shealth,838329,27420000,5381ca9c-16a2-4dae-8f5a-8f4fe9cf9f1c,2023-11-30 00:00:00.000,
,,,,1693,,1101794,90,0,,2023-12-02 05:55:02.210,,2023-12-01 06:21:05.940,,,,-1,120000,20,,,,1317.92,,102.14001,76518482-448e-4747-be51-a5896203b549.extra_data.json,6+THe69Q8P,0,com.sec.android.app.shealth,1101794,35220000,76518482-448e-4747-be51-a5896203b549,2023-12-01 00:00:00.000,
,,,,2016,,1319176,90,0,,2023-12-03 07:00:00.323,,2023-12-02 06:00:00.231,,,,-1,180000,23,,,,1553.59,,121.30001,a14dd41a-8932-4ef4-899a-9edcb4786d06.extra_data.json,6+THe69Q8P,0,com.sec.android.app.shealth,1319176,27299999,a14dd41a-8932-4ef4-899a-9edcb4786d06,2023-12-02 00:00:00.000,
,,,,1827,,1139425,90,0,,2023-12-04 08:01:11.996,,2023-12-03 07:00:00.306,,,,-1,180000,20,,,,1439.4598,,110.54999,d842b6d7-9701-46cb-bcfc-5484f778e326.extra_data.json,6+THe69Q8P,5361,com.sec.android.app.shealth,1134064,31319999,d842b6d7-9701-46cb-bcfc-5484f778e326,2023-12-03 00:00:00.000,
,,,,735,,446710,90,0,,2023-12-05 08:00:00.702,,2023-12-04 08:00:01.423,,,,-1,180000,7,,,,577.30005,,44.07,bdacaef0-9594-4599-9ed1-1773a87910e4.extra_data.json,6+THe69Q8P,0,com.sec.android.app.shealth,446710,63419999,bdacaef0-9594-4599-9ed1-1773a87910e4,2023-12-04 00:00:00.000,
,,,,2355,,1525483,90,0,,2023-12-06 06:41:45.458,,2023-12-05 08:00:00.564,,,,-1,180000,27,,,,1825.3501,,142.66998,d55ed318-1c67-4b37-8045-86a0f74fbd1f.extra_data.json,6+THe69Q8P,5600,com.sec.android.app.shealth,1519883,41940000,d55ed318-1c67-4b37-8045-86a0f74fbd1f,2023-12-05 00:00:00.000,
,,,,1659,,1088424,90,0,,2023-12-07 05:59:54.494,,2023-12-06 07:00:00.478,,,,-1,120000,20,,,,1264.95,,99.55998,d45fe115-edf4-403d-92ad-d9413f282174.extra_data.json,6+THe69Q8P,0,com.sec.android.app.shealth,1088424,43080000,d45fe115-edf4-403d-92ad-d9413f282174,2023-12-06 00:00:00.000,
,,,,1108,,739036,90,0,,2023-12-08 00:43:16.159,,2023-12-07 07:00:00.568,,,,-1,42021,13,,,,841.8101,,66.619995,b882ca3c-a0f3-458b-95de-21212db9f677.extra_data.json,6+THe69Q8P,0,com.sec.android.app.shealth,739036,48660000,b882ca3c-a0f3-458b-95de-21212db9f677,2023-12-07 00:00:00.000,
,,,,3709,,2469841,90,0,,2023-12-08 23:05:09.945,,2023-12-08 07:11:35.406,,,,-1,120000,45,,,,2791.6997,,223.68999,35b4259e-8f00-4c11-ba92-23e28ac34ab5.extra_data.json,6+THe69Q8P,0,com.sec.android.app.shealth,2469841,41100000,35b4259e-8f00-4c11-ba92-23e28ac34ab5,2023-12-08 00:00:00.000,
,,,,5237,,3478982,90,0,,2023-12-10 01:58:34.217,,2023-12-09 07:00:00.057,,,,-1,120000,63,,,,3943.3608,,316.00998,b8ad6b31-3a9f-4f37-9845-80fef5270d8d.extra_data.json,6+THe69Q8P,0,com.sec.android.app.shealth,3478982,37140000,b8ad6b31-3a9f-4f37-9845-80fef5270d8d,2023-12-09 00:00:00.000,
,,,,12,,8004,90,0,,2023-12-11 00:33:13.072,,2023-12-10 07:00:01.174,,,,-1,8004,0,,,,9.45,,0.7,2910a331-b24d-4ff2-a904-a97b2b57b8f7.extra_data.json,6+THe69Q8P,0,com.sec.android.app.shealth,8004,63180000,2910a331-b24d-4ff2-a904-a97b2b57b8f7,2023-12-10 00:00:00.000,
,,,,0,,0,90,0,,2023-12-11 07:15:46.871,,2023-12-11 07:15:46.871,,,,-1,0,0,,,,0.0,,0.0,d775ec47-51a4-41fc-b385-ba6e418dca4f.extra_data.json,6+THe69Q8P,0,com.sec.android.app.shealth,0,-1,d775ec47-51a4-41fc-b385-ba6e418dca4f,2023-12-11 00:00:00.000,
,,,,534,,356178,90,0,,2023-12-13 00:44:44.350,,2023-12-12 07:24:05.412,,,,-1,32683,5,,,,399.58997,,32.46,651bc047-dc3a-4bf4-a23d-b635c248b15b.extra_data.json,6+THe69Q8P,0,com.sec.android.app.shealth,356178,43380000,651bc047-dc3a-4bf4-a23d-b635c248b15b,2023-12-12 00:00:00.000,
,,,,1369,,912322,90,0,,2023-12-14 04:55:02.073,,2023-12-13 07:00:00.526,,,,-1,43755,16,,,,1036.83,,83.69,03a67017-50c3-4725-9ddb-f6ffeffa1de8.extra_data.json,6+THe69Q8P,1200,com.sec.android.app.shealth,911122,57000000,03a67017-50c3-4725-9ddb-f6ffeffa1de8,2023-12-13 00:00:00.000,
,,,,3057,,2014963,90,0,,2023-12-15 04:50:06.370,,2023-12-14 07:00:01.319,,,,-1,60000,36,,,,2424.8997,,195.26,3a3ec21a-d0cf-456c-9f0b-186c40887bab.extra_data.json,6+THe69Q8P,28000,com.sec.android.app.shealth,1986963,39240000,3a3ec21a-d0cf-456c-9f0b-186c40887bab,2023-12-14 00:00:00.000,
,,,,885,,590295,90,0,,2023-12-16 05:56:14.005,,2023-12-15 09:42:04.519,,,,-1,41354,10,,,,668.43994,,53.29,ab685a48-b90c-425a-9591-2080bcf3e1f5.extra_data.json,6+THe69Q8P,0,com.sec.android.app.shealth,590295,29220000,ab685a48-b90c-425a-9591-2080bcf3e1f5,2023-12-15 00:00:00.000,
,,,,1350,,900450,90,0,,2023-12-17 02:42:17.200,,2023-12-16 07:00:02.138,,,,-1,40020,16,,,,1015.68994,,81.94,19e0097b-7ee0-47a2-bec3-a93b4e1743be.extra_data.json,6+THe69Q8P,0,com.sec.android.app.shealth,900450,48720000,19e0097b-7ee0-47a2-bec3-a93b4e1743be,2023-12-16 00:00:00.000,
,,,,4873,,3241263,90,0,,2023-12-18 06:29:31.360,,2023-12-17 07:37:34.348,,,,-1,120000,60,,,,3703.5308,,294.91,7f46b088-929f-45c8-80de-ad6b66c3c081.extra_data.json,6+THe69Q8P,400,com.sec.android.app.shealth,3240863,33480000,7f46b088-929f-45c8-80de-ad6b66c3c081,2023-12-17 00:00:00.000,
,,,,1363,,907519,90,0,,2023-12-19 02:36:11.607,,2023-12-18 07:00:01.404,,,,-1,49358,16,,,,1045.38,,82.63,ab3b44f3-925c-455e-8ab3-64ad48db5dc5.extra_data.json,6+THe69Q8P,2400,com.sec.android.app.shealth,905119,25620000,ab3b44f3-925c-455e-8ab3-64ad48db5dc5,2023-12-18 00:00:00.000,
,,,,475,,316825,90,0,,2023-12-20 05:16:56.886,,2023-12-19 07:00:00.456,,,,-1,34017,5,,,,357.57004,,28.59,073b4c60-a40a-4d6d-bca9-5d94c9f13d11.extra_data.json,6+THe69Q8P,0,com.sec.android.app.shealth,316825,70260000,073b4c60-a40a-4d6d-bca9-5d94c9f13d11,2023-12-19 00:00:00.000,
,,,,2391,,1591134,90,0,,2023-12-21 05:41:32.583,,2023-12-20 07:04:12.460,,,,-1,60000,28,,,,1841.0801,,144.97,86c68551-cab0-4a1f-a1a9-1aa17ba12660.extra_data.json,6+THe69Q8P,2400,com.sec.android.app.shealth,1588734,29400000,86c68551-cab0-4a1f-a1a9-1aa17ba12660,2023-12-20 00:00:00.000,
,,,,1569,,1046256,90,0,,2023-12-22 03:15:04.770,,2023-12-21 07:00:00.374,,,,-1,48024,18,,,,1194.9103,,95.240005,1351f165-ce19-4f13-a5ad-79c999a47c45.extra_data.json,6+THe69Q8P,400,com.sec.android.app.shealth,1045856,26100000,1351f165-ce19-4f13-a5ad-79c999a47c45,2023-12-21 00:00:00.000,
,,,,0,,0,90,0,,2023-12-22 07:00:00.427,,2023-12-22 07:00:00.427,,,,-1,0,0,,,,0.0,,0.0,e7413fe9-c16b-478b-8923-b2d344cbd0e1.extra_data.json,6+THe69Q8P,0,com.sec.android.app.shealth,0,-1,e7413fe9-c16b-478b-8923-b2d344cbd0e1,2023-12-22 00:00:00.000,
,,,,1066,,708991,90,0,,2023-12-24 05:14:23.020,,2023-12-23 08:14:52.689,,,,-1,60000,12,,,,807.33997,,64.52999,bd130c5a-2da6-44b5-beb8-10507775c819.extra_data.json,6+THe69Q8P,0,com.sec.android.app.shealth,708991,65880000,bd130c5a-2da6-44b5-beb8-10507775c819,2023-12-23 00:00:00.000,
,,,,1055,,703685,90,0,,2023-12-25 03:39:23.770,,2023-12-24 07:00:01.767,,,,-1,60000,12,,,,794.9701,,63.850002,b07d67d3-1b02-4710-9436-fd829ad895a7.extra_data.json,6+THe69Q8P,0,com.sec.android.app.shealth,703685,44640000,b07d67d3-1b02-4710-9436-fd829ad895a7,2023-12-24 00:00:00.000,
,,,,1030,,687010,90,0,,2023-12-26 01:41:32.048,,2023-12-25 07:00:00.435,,,,-1,48691,12,,,,774.08997,,62.340004,74f47aa2-f1a3-4e6b-b248-435764165db6.extra_data.json,6+THe69Q8P,0,com.sec.android.app.shealth,687010,21600000,74f47aa2-f1a3-4e6b-b248-435764165db6,2023-12-25 00:00:00.000,
,,,,828,,552276,90,0,,2023-12-27 00:15:02.711,,2023-12-26 07:49:16.689,,,,-1,34684,10,,,,620.61,,50.1,f537c97d-23b8-40d9-b90d-579f6d18d949.extra_data.json,6+THe69Q8P,0,com.sec.android.app.shealth,552276,45660000,f537c97d-23b8-40d9-b90d-579f6d18d949,2023-12-26 00:00:00.000,
,,,,1305,,870435,90,0,,2023-12-28 06:55:18.793,,2023-12-27 07:00:00.703,,,,-1,36018,15,,,,971.6301,,79.51999,c0fdd2c1-4738-4e31-b4ad-48ad378f64a3.extra_data.json,6+THe69Q8P,0,com.sec.android.app.shealth,870435,29400000,c0fdd2c1-4738-4e31-b4ad-48ad378f64a3,2023-12-27 00:00:00.000,
,,,,3415,,2269237,90,0,,2023-12-29 02:57:51.160,,2023-12-28 07:00:00.516,,,,-1,60000,41,,,,2588.86,,206.02995,7d9999f5-a17b-4290-a4be-82682198f845.extra_data.json,6+THe69Q8P,800,com.sec.android.app.shealth,2268437,44820000,7d9999f5-a17b-4290-a4be-82682198f845,2023-12-28 00:00:00.000,
,,,,3387,,2259129,90,0,,2023-12-30 07:00:26.209,,2023-12-29 08:22:15.768,,,,-1,49358,41,,,,2557.25,,204.12,fe59faa9-fdb6-4a55-9645-4991fdcea92d.extra_data.json,6+THe69Q8P,0,com.sec.android.app.shealth,2259129,52440000,fe59faa9-fdb6-4a55-9645-4991fdcea92d,2023-12-29 00:00:00.000,
,,,,253,,168751,90,0,,2023-12-31 04:04:51.181,,2023-12-30 07:00:02.004,,,,-1,38686,2,,,,189.66,,15.159998,f995258e-b44f-4db7-80de-9222261a04f1.extra_data.json,6+THe69Q8P,0,com.sec.android.app.shealth,168751,48300000,f995258e-b44f-4db7-80de-9222261a04f1,2023-12-30 00:00:00.000,
,,,,1645,,1097215,90,0,,2024-01-01 02:44:31.908,,2023-12-31 07:00:00.865,,,,-1,50692,20,,,,1244.77,,99.01998,7e12b60f-fca7-4ca6-8253-318bfacc788a.extra_data.json,6+THe69Q8P,0,com.sec.android.app.shealth,1097215,52800000,7e12b60f-fca7-4ca6-8253-318bfacc788a,2023-12-31 00:00:00.000,
,,,,0,,0,90,0,,2024-01-01 07:00:00.931,,2024-01-01 07:00:00.931,,,,-1,0,0,,,,0.0,,0.0,a030f71c-4e64-4285-8adf-fb0d2f58f86d.extra_data.json,6+THe69Q8P,0,com.sec.android.app.shealth,0,-1,a030f71c-4e64-4285-8adf-fb0d2f58f86d,2024-01-01 00:00:00.000,
,,,,1532,,1021844,90,0,,2024-01-03 08:23:38.665,,2024-01-02 08:21:28.452,,,,-1,60000,18,,,,1165.3102,,91.88999,e5437707-7b1c-4af9-a5e2-ab01e58f26ca.extra_data.json,6+THe69Q8P,0,com.sec.android.app.shealth,1021844,36479999,e5437707-7b1c-4af9-a5e2-ab01e58f26ca,2024-01-02 00:00:00.000,
,,,,1555,,1035821,90,0,,2024-01-04 05:31:56.596,,2024-01-03 08:23:37.909,,,,-1,60000,18,,,,1178.9598,,94.03999,8e7ef42b-61bd-49d3-bb42-0c492c2b8ee8.extra_data.json,6+THe69Q8P,0,com.sec.android.app.shealth,1035821,61800000,8e7ef42b-61bd-49d3-bb42-0c492c2b8ee8,2024-01-03 00:00:00.000,
,,,,24,,16008,90,0,,2024-01-04 23:11:25.157,,2024-01-04 07:33:34.063,,,,-1,16008,0,,,,18.46,,1.44,c5e17a7e-1cea-400f-8792-83f2201e7cc6.extra_data.json,6+THe69Q8P,0,com.sec.android.app.shealth,16008,57720000,c5e17a7e-1cea-400f-8792-83f2201e7cc6,2024-01-04 00:00:00.000,
,,,,1038,,692346,90,0,,2024-01-06 04:55:52.608,,2024-01-05 07:41:34.616,,,,-1,49358,12,,,,801.97003,,62.260002,f2324bce-2010-49d7-91dc-484c7eba1af1.extra_data.json,6+THe69Q8P,0,com.sec.android.app.shealth,692346,55920000,f2324bce-2010-49d7-91dc-484c7eba1af1,2024-01-05 00:00:00.000,
,,,,3249,,2161687,90,0,,2024-01-07 05:11:50.051,,2024-01-06 07:00:00.475,,,,-1,120000,40,,,,2438.4797,,195.87997,2c13d7c9-d905-4ec0-82ec-8b87cb4f2034.extra_data.json,6+THe69Q8P,0,com.sec.android.app.shealth,2161687,64740000,2c13d7c9-d905-4ec0-82ec-8b87cb4f2034,2024-01-06 00:00:00.000,
,,,,3456,,2305152,90,0,,2024-01-08 04:22:27.607,,2024-01-07 08:20:24.346,,,,-1,120000,42,,,,2670.2397,,208.6,9aea4baf-5140-414d-99c7-7e9e9f547e32.extra_data.json,6+THe69Q8P,0,com.sec.android.app.shealth,2305152,36780000,9aea4baf-5140-414d-99c7-7e9e9f547e32,2024-01-07 00:00:00.000,
,,,,0,,0,90,0,,2024-01-08 07:45:20.881,,2024-01-08 07:45:20.881,,,,-1,0,0,,,,0.0,,0.0,545b6002-f285-4935-a976-6ae6c5b8f103.extra_data.json,6+THe69Q8P,0,com.sec.android.app.shealth,0,-1,545b6002-f285-4935-a976-6ae6c5b8f103,2024-01-08 00:00:00.000,
0,,0,0,3254,300,2119649,90,0,62610110,2024-02-06 06:25:29.798,10,2024-01-09 07:00:00.442,0.0,30,30,-1,300000,38,12,0,8,2487.5505,0,195.82994,b61de471-63c7-4be8-9a11-099164c257d6.extra_data.json,6+THe69Q8P,800,com.sec.android.app.shealth,2118849,27120000,b61de471-63c7-4be8-9a11-099164c257d6,2024-01-09 00:00:00.000,
0,,0,0,2654,300,1753393,90,0,62610110,2024-02-06 06:25:29.656,10,2024-01-10 07:08:14.883,0.0,30,30,-1,120000,32,10,0,8,2032.5498,0,159.27998,77761dbc-2d55-4e58-ab0b-c46a3308099d.extra_data.json,6+THe69Q8P,0,com.sec.android.app.shealth,1753393,22020000,77761dbc-2d55-4e58-ab0b-c46a3308099d,2024-01-10 00:00:00.000,
0,,0,0,3177,300,1973233,90,0,62610110,2024-02-06 06:25:29.533,10,2024-01-11 07:53:21.390,0.0,30,30,-1,300000,35,5,0,8,2544.9702,0,208.43999,c87cf315-dd05-4fef-8264-d2f5d766f906.extra_data.json,6+THe69Q8P,82094,com.sec.android.app.shealth,1891139,36900000,c87cf315-dd05-4fef-8264-d2f5d766f906,2024-01-11 00:00:00.000,
0,,0,0,1727,300,1099006,90,0,62610110,2024-02-06 06:25:29.357,10,2024-01-12 06:04:49.553,0.0,30,30,-1,120000,20,7,0,8,1334.9199,0,103.76001,a3016f06-2a6a-42b5-b0b2-cbb2e4687157.extra_data.json,6+THe69Q8P,0,com.sec.android.app.shealth,1099006,48600000,a3016f06-2a6a-42b5-b0b2-cbb2e4687157,2024-01-12 00:00:00.000,
0,,0,0,776,300,504192,90,0,62610110,2024-02-06 06:25:29.206,10,2024-01-13 07:21:55.903,0.0,30,30,-1,60000,8,1,0,8,602.60004,0,46.349995,bfd18cda-7f51-4e3c-8ba3-a7cbb03fbeec.extra_data.json,6+THe69Q8P,0,com.sec.android.app.shealth,504192,79680000,bfd18cda-7f51-4e3c-8ba3-a7cbb03fbeec,2024-01-13 00:00:00.000,
0,,0,0,0,300,0,90,0,62610110,2024-02-06 06:25:29.083,10,2024-01-14 06:01:16.977,0.0,30,30,-1,0,0,0,0,8,0.0,0,0.0,2eac36d0-52c9-4b4b-8eab-6d5104a7551d.extra_data.json,6+THe69Q8P,0,com.sec.android.app.shealth,0,-1,2eac36d0-52c9-4b4b-8eab-6d5104a7551d,2024-01-14 00:00:00.000,
0,,0,0,1307,300,838996,90,0,62610110,2024-02-06 06:25:28.977,10,2024-01-15 06:00:00.271,0.0,30,30,-1,120000,14,3,0,8,1029.02,0,78.25999,e4f69dd2-25ef-472d-bded-4afbd6eb8fea.extra_data.json,6+THe69Q8P,0,com.sec.android.app.shealth,838996,45300000,e4f69dd2-25ef-472d-bded-4afbd6eb8fea,2024-01-15 00:00:00.000,
0,,0,0,2672,300,1696736,90,0,62610110,2024-02-06 06:25:28.819,10,2024-01-16 06:00:00.632,0.0,30,30,-1,180000,31,6,0,8,2138.89,0,161.78995,f9a83023-e645-4f8a-b221-27d44b2b4615.extra_data.json,6+THe69Q8P,10800,com.sec.android.app.shealth,1685936,56040000,f9a83023-e645-4f8a-b221-27d44b2b4615,2024-01-16 00:00:00.000,
0,,0,0,837,300,558279,90,0,62610110,2024-02-06 06:25:28.689,10,2024-01-17 06:00:42.538,0.0,30,30,-1,52026,10,9,0,8,672.68,0,49.92999,825d4a17-f0ac-4851-abef-0c57eaccb40b.extra_data.json,6+THe69Q8P,0,com.sec.android.app.shealth,558279,26039999,825d4a17-f0ac-4851-abef-0c57eaccb40b,2024-01-17 00:00:00.000,
0,,0,0,2752,300,1801740,90,0,62610110,2024-02-06 06:25:28.563,10,2024-01-18 08:02:45.242,0.0,30,30,-1,60000,32,7,0,8,2176.9001,0,166.33,aee1cc5c-99f8-4525-969d-3dc5ea35805d.extra_data.json,6+THe69Q8P,7600,com.sec.android.app.shealth,1794140,45600000,aee1cc5c-99f8-4525-969d-3dc5ea35805d,2024-01-18 00:00:00.000,
0,,0,0,1381,300,914452,90,0,62610110,2024-02-06 06:25:28.403,10,2024-01-19 05:36:37.164,0.0,30,30,-1,60000,16,6,0,8,1104.2001,0,85.479996,c350d941-79b1-4505-ab55-5574ae69c300.extra_data.json,6+THe69Q8P,10000,com.sec.android.app.shealth,904452,54300000,c350d941-79b1-4505-ab55-5574ae69c300,2024-01-19 00:00:00.000,
0,,0,0,1411,300,925706,90,0,62610110,2024-02-06 06:25:28.250,10,2024-01-20 07:21:57.771,0.0,30,30,-1,60000,16,6,0,8,1099.1698,0,84.43998,75ff9814-1289-4d06-bdf7-592f3c31e919.extra_data.json,6+THe69Q8P,0,com.sec.android.app.shealth,925706,35100000,75ff9814-1289-4d06-bdf7-592f3c31e919,2024-01-20 00:00:00.000,
0,,0,0,340,300,226780,90,0,62610110,2024-02-06 06:25:28.134,10,2024-01-21 06:06:08.435,0.0,30,30,-1,41354,3,4,0,8,274.92,0,20.13,8806c296-a159-4ad3-a5ce-3a6f59c235b2.extra_data.json,6+THe69Q8P,0,com.sec.android.app.shealth,226780,31440000,8806c296-a159-4ad3-a5ce-3a6f59c235b2,2024-01-21 00:00:00.000,
0,,0,0,37,300,24679,90,0,62610110,2024-02-06 06:25:26.000,10,2024-01-22 08:45:32.674,0.0,30,30,-1,24679,0,1,0,8,28.770006,0,2.1999996,984d2b0c-5242-4fe6-9537-5d4df14c1ee3.extra_data.json,6+THe69Q8P,0,com.sec.android.app.shealth,24679,74580000,984d2b0c-5242-4fe6-9537-5d4df14c1ee3,2024-01-22 00:00:00.000,
0,,0,0,764,300,502191,90,0,62610110,2024-02-06 06:25:25.892,10,2024-01-23 07:27:51.872,0.0,30,30,-1,120000,8,5,0,8,597.1099,0,45.609997,cd35cfc3-56ee-4a38-bb28-e26eb0e58f75.extra_data.json,6+THe69Q8P,0,com.sec.android.app.shealth,502191,42600000,cd35cfc3-56ee-4a38-bb28-e26eb0e58f75,2024-01-23 00:00:00.000,
0,,0,0,3895,300,2460840,90,0,62610110,2024-02-06 06:25:25.787,10,2024-01-24 06:36:24.367,0.0,30,30,-1,240000,44,7,0,8,3062.85,0,234.67996,99dd5f0e-2a3b-4724-808e-50cae1c7a5e4.extra_data.json,6+THe69Q8P,3102,com.sec.android.app.shealth,2457738,29040000,99dd5f0e-2a3b-4724-808e-50cae1c7a5e4,2024-01-24 00:00:00.000,
0,,0,0,1325,300,860917,90,0,62610110,2024-02-06 06:25:25.670,10,2024-01-25 06:12:33.886,0.0,30,30,-1,180000,15,4,0,8,1026.81,0,79.35999,d2d0b2d2-5a81-4a41-a919-1d7ca58441c6.extra_data.json,6+THe69Q8P,0,com.sec.android.app.shealth,860917,31440000,d2d0b2d2-5a81-4a41-a919-1d7ca58441c6,2024-01-25 00:00:00.000,
0,,0,0,2725,300,1760506,90,0,62610110,2024-02-06 06:25:25.549,10,2024-01-26 06:00:00.744,0.0,30,30,-1,180000,32,4,0,8,2118.07,0,163.87996,478bd9d9-19ce-4ccc-a004-f7057f18bfef.extra_data.json,6+THe69Q8P,1200,com.sec.android.app.shealth,1759306,50520000,478bd9d9-19ce-4ccc-a004-f7057f18bfef,2024-01-26 00:00:00.000,
0,,0,0,675,300,433490,90,0,62610110,2024-02-06 06:25:25.383,10,2024-01-27 06:00:00.571,0.0,30,30,-1,180000,7,5,0,8,536.38,0,40.65001,1fe8e645-45cd-477c-a2b4-2a2296a4c0c8.extra_data.json,6+THe69Q8P,0,com.sec.android.app.shealth,433490,19439999,1fe8e645-45cd-477c-a2b4-2a2296a4c0c8,2024-01-27 00:00:00.000,
0,,0,0,2842,300,1847837,90,0,62610110,2024-02-06 06:25:25.207,10,2024-01-28 07:00:00.650,0.0,30,30,-1,240000,33,5,0,8,2170.33,0,170.64998,5fdef88a-8c31-46fe-8c95-6fcb4553f3af.extra_data.json,6+THe69Q8P,0,com.sec.android.app.shealth,1847837,49380000,5fdef88a-8c31-46fe-8c95-6fcb4553f3af,2024-01-28 00:00:00.000,
0,,0,0,730,300,466676,90,0,62610110,2024-02-06 06:25:25.059,10,2024-01-29 08:00:00.553,0.0,30,30,-1,120000,7,3,0,8,566.57996,0,44.269974,7e1e2f14-24dc-4373-b1d6-0c8f3c557622.extra_data.json,6+THe69Q8P,1200,com.sec.android.app.shealth,465476,44100000,7e1e2f14-24dc-4373-b1d6-0c8f3c557622,2024-01-29 00:00:00.000,
0,,0,0,993,300,653570,90,0,62610110,2024-02-06 06:25:24.913,10,2024-01-30 08:00:00.451,0.0,30,30,-1,120000,11,3,0,8,773.42004,0,59.43998,7a5ba2ca-a6bb-4d1f-bbea-6dc48b8a0046.extra_data.json,6+THe69Q8P,0,com.sec.android.app.shealth,653570,61740000,7a5ba2ca-a6bb-4d1f-bbea-6dc48b8a0046,2024-01-30 00:00:00.000,
0,,0,0,1106,300,700200,90,0,62610110,2024-02-06 06:25:24.766,10,2024-01-31 07:00:00.490,0.0,30,30,-1,240000,12,7,0,8,877.5502,0,66.08997,ddf57dd3-9df8-4e9b-89db-ebbc38b0f0ee.extra_data.json,6+THe69Q8P,0,com.sec.android.app.shealth,700200,19980000,ddf57dd3-9df8-4e9b-89db-ebbc38b0f0ee,2024-01-31 00:00:00.000,
0,,0,0,2142,300,1424015,90,0,62610110,2024-02-06 06:25:24.631,10,2024-02-01 06:59:10.262,0.0,30,30,-1,60000,25,9,0,8,1686.5099,0,128.27,7995391d-65c7-4c32-a2ed-f7bc4f28a8af.extra_data.json,6+THe69Q8P,0,com.sec.android.app.shealth,1424015,40380000,7995391d-65c7-4c32-a2ed-f7bc4f28a8af,2024-02-01 00:00:00.000,
0,,0,0,2591,300,1653680,90,0,62610110,2024-02-06 06:25:24.509,10,2024-02-02 05:00:00.705,0.0,30,30,-1,120000,30,7,0,8,2054.36,0,157.77997,cbd52dbf-a8eb-44db-8e20-579051fe2149.extra_data.json,6+THe69Q8P,10923,com.sec.android.app.shealth,1642757,40380000,cbd52dbf-a8eb-44db-8e20-579051fe2149,2024-02-02 00:00:00.000,
0,,0,0,160,300,106720,90,0,62610110,2024-02-04 23:58:11.322,10,2024-02-03 06:00:00.895,0.0,30,30,-1,44022,1,4,0,8,130.35999,0,9.509999,82bef3b3-37e2-4b35-bdc7-8719d83f53b2.extra_data.json,6+THe69Q8P,0,com.sec.android.app.shealth,106720,26639999,82bef3b3-37e2-4b35-bdc7-8719d83f53b2,2024-02-03 00:00:00.000,
0,,0,0,1276,300,841057,90,0,62610110,2024-02-05 02:59:32.924,10,2024-02-04 07:00:00.694,0.0,30,30,-1,60000,15,5,0,8,994.05994,0,76.479996,4b61d628-ab82-4944-a6f0-ac2a2eb51047.extra_data.json,6+THe69Q8P,0,com.sec.android.app.shealth,841057,41940000,4b61d628-ab82-4944-a6f0-ac2a2eb51047,2024-02-04 00:00:00.000,
0,62610110,0,0,1276,300,850825,90,0,62610110,2024-02-06 06:50:40.734,10,2024-02-05 07:00:00.312,0.0,30,30,-1,60000,15,4,0,8,1003.05005,0,76.609985,e44580cc-5353-409b-8e90-ea905e278d50.extra_data.json,6+THe69Q8P,400,com.sec.android.app.shealth,850425,56040000,e44580cc-5353-409b-8e90-ea905e278d50,2024-02-05 00:00:00.000,
0,62610110,0,0,4248,300,2724822,90,0,62610110,2024-02-07 02:54:00.960,10,2024-02-06 07:00:00.382,0.0,30,30,-1,360000,50,8,0,8,3274.8704,0,256.28992,11a36257-ac6d-4efc-bfbc-522326595272.extra_data.json,6+THe69Q8P,6021,com.sec.android.app.shealth,2718801,21780000,11a36257-ac6d-4efc-bfbc-522326595272,2024-02-06 00:00:00.000,
0,62610110,0,0,822,300,519473,90,0,62610110,2024-02-08 08:00:01.953,10,2024-02-07 08:00:01.619,0.0,30,30,-1,60000,8,2,0,8,632.21014,0,49.379974,b4eec5f4-9465-4526-b643-0d46fc0571e0.extra_data.json,6+THe69Q8P,0,com.sec.android.app.shealth,519473,78719999,b4eec5f4-9465-4526-b643-0d46fc0571e0,2024-02-07 00:00:00.000,
0,62610110,0,0,1926,300,1266453,90,0,62610110,2024-02-09 03:55:01.186,10,2024-02-08 08:00:01.359,0.0,30,30,-1,120000,23,3,0,8,1471.57,0,115.63998,a51a6ada-eec3-4965-91ba-109b23252deb.extra_data.json,6+THe69Q8P,0,com.sec.android.app.shealth,1266453,64320000,a51a6ada-eec3-4965-91ba-109b23252deb,2024-02-08 00:00:00.000,
0,62610110,0,0,12807,300,8417823,90,0,62610110,2024-02-10 06:55:01.455,10,2024-02-09 08:00:00.545,0.0,30,30,-1,300000,155,9,0,8,9804.5625,0,768.9799,4a35773c-341a-4fc7-8a0c-21f3a17af5fa.extra_data.json,6+THe69Q8P,2000,com.sec.android.app.shealth,8415823,38880000,4a35773c-341a-4fc7-8a0c-21f3a17af5fa,2024-02-09 00:00:00.000,
0,62610110,0,0,1154,300,735581,90,0,62610110,2024-02-11 06:26:21.742,10,2024-02-10 08:00:00.947,0.0,30,30,-1,120000,13,5,0,8,903.22003,0,69.159996,b875fbae-017e-410e-a366-326c204c78b6.extra_data.json,6+THe69Q8P,0,com.sec.android.app.shealth,735581,39120000,b875fbae-017e-410e-a366-326c204c78b6,2024-02-10 00:00:00.000,
0,62610110,0,0,3431,300,2120400,90,0,62610110,2024-02-12 02:46:32.517,10,2024-02-11 07:00:00.343,0.0,30,30,-1,420000,37,4,0,8,2692.8604,0,210.13997,650809ca-4acf-4df8-ba56-1a5764ec2a25.extra_data.json,6+THe69Q8P,20604,com.sec.android.app.shealth,2099796,58620000,650809ca-4acf-4df8-ba56-1a5764ec2a25,2024-02-11 00:00:00.000,
0,62610110,0,0,3336,300,2135284,90,0,62610110,2024-02-13 02:06:43.481,10,2024-02-12 07:00:00.402,0.0,30,30,-1,180000,38,5,0,8,2579.1,0,200.42995,72834ddb-303b-4978-b519-8b288679b4f2.extra_data.json,6+THe69Q8P,0,com.sec.android.app.shealth,2135284,36660000,72834ddb-303b-4978-b519-8b288679b4f2,2024-02-12 00:00:00.000,
0,62610110,0,0,2607,300,1675204,90,0,62610110,2024-02-14 01:40:25.401,10,2024-02-13 07:00:00.617,0.0,30,30,-1,120000,30,7,0,8,1995.8099,0,156.59998,9a5ad654-9cc6-41a7-8dd7-8a3329635a98.extra_data.json,6+THe69Q8P,0,com.sec.android.app.shealth,1675204,26760000,9a5ad654-9cc6-41a7-8dd7-8a3329635a98,2024-02-13 00:00:00.000,
0,62610110,0,0,2792,300,1820670,90,0,62610110,2024-02-15 06:44:43.062,10,2024-02-14 07:00:00.645,0.0,30,30,-1,120000,33,8,0,8,2144.48,0,167.64,47faa99a-0c9e-46cb-a7ee-252253114907.extra_data.json,6+THe69Q8P,0,com.sec.android.app.shealth,1820670,27540000,47faa99a-0c9e-46cb-a7ee-252253114907,2024-02-14 00:00:00.000,
0,62610110,0,0,909,300,590872,90,0,62610110,2024-02-16 04:35:01.564,10,2024-02-15 07:00:00.886,0.0,30,30,-1,120000,10,3,0,8,705.04004,0,54.479992,6f1bd24a-c566-41ff-9cd4-e4901a0c177d.extra_data.json,6+THe69Q8P,0,com.sec.android.app.shealth,590872,31860000,6f1bd24a-c566-41ff-9cd4-e4901a0c177d,2024-02-15 00:00:00.000,
0,62610110,0,0,901,300,595601,90,0,62610110,2024-02-17 03:15:00.903,10,2024-02-16 07:00:00.348,0.0,30,30,-1,60000,10,3,0,8,708.3,0,53.98999,d3a8ab61-d674-4d1a-ae4f-3429e2ddb8ed.extra_data.json,6+THe69Q8P,0,com.sec.android.app.shealth,595601,60360000,d3a8ab61-d674-4d1a-ae4f-3429e2ddb8ed,2024-02-16 00:00:00.000,
0,62610110,0,0,561,300,374187,90,0,62610110,2024-02-17 23:50:26.284,10,2024-02-17 06:00:00.484,0.0,30,30,-1,60000,6,3,0,8,442.28003,0,33.560005,35602271-4918-429b-b76d-5e9430a20870.extra_data.json,6+THe69Q8P,0,com.sec.android.app.shealth,374187,51720000,35602271-4918-429b-b76d-5e9430a20870,2024-02-17 00:00:00.000,
0,62610110,0,0,1374,300,901664,90,0,62610110,2024-02-19 04:12:27.572,10,2024-02-18 05:00:01.121,0.0,30,30,-1,60000,16,4,0,8,1063.5499,0,82.47999,d0c64b9d-3cbb-4c41-83de-7e9078264c26.extra_data.json,6+THe69Q8P,0,com.sec.android.app.shealth,901664,59460000,d0c64b9d-3cbb-4c41-83de-7e9078264c26,2024-02-18 00:00:00.000,
0,62610110,0,0,1609,300,1015947,90,0,62610110,2024-02-20 04:21:35.803,10,2024-02-19 05:00:00.386,0.0,30,30,-1,240000,17,2,0,8,1307.1097,0,103.97999,a8ce08eb-67c1-4657-9770-82e49331f53e.extra_data.json,6+THe69Q8P,34090,com.sec.android.app.shealth,981857,38880000,a8ce08eb-67c1-4657-9770-82e49331f53e,2024-02-19 00:00:00.000,
0,62610110,0,0,427,300,284809,90,0,62610110,2024-02-21 04:54:51.079,10,2024-02-20 06:00:00.583,0.0,30,30,-1,48691,4,2,0,8,329.59003,0,25.619995,516733b9-2f8f-433d-b360-d4b3ceebe906.extra_data.json,6+THe69Q8P,0,com.sec.android.app.shealth,284809,66600000,516733b9-2f8f-433d-b360-d4b3ceebe906,2024-02-20 00:00:00.000,
0,62610110,0,0,1113,300,716455,90,0,62610110,2024-02-22 03:35:01.082,10,2024-02-21 06:00:00.380,0.0,30,30,-1,60000,12,3,0,8,885.7201,0,69.66998,d0ba981d-9a59-4794-a3a7-25bfa040e760.extra_data.json,6+THe69Q8P,12800,com.sec.android.app.shealth,703655,36120000,d0ba981d-9a59-4794-a3a7-25bfa040e760,2024-02-21 00:00:00.000,
0,62610110,0,0,1978,300,1275015,90,0,62610110,2024-02-23 06:43:40.722,10,2024-02-22 10:16:47.680,0.0,30,30,-1,120000,23,7,0,8,1559.8497,0,121.079994,a94145cf-6926-400c-8cb3-8bc4314a613c.extra_data.json,6+THe69Q8P,11200,com.sec.android.app.shealth,1263815,30420000,a94145cf-6926-400c-8cb3-8bc4314a613c,2024-02-22 00:00:00.000,
0,62610110,0,0,1668,300,1083058,90,0,62610110,2024-02-24 04:55:01.233,10,2024-02-23 08:00:00.503,0.0,30,30,-1,180000,20,10,0,8,1348.5802,0,100.129974,bd2d2a59-f63f-4937-8cbf-98cbd21a56a9.extra_data.json,6+THe69Q8P,0,com.sec.android.app.shealth,1083058,28440000,bd2d2a59-f63f-4937-8cbf-98cbd21a56a9,2024-02-23 00:00:00.000,
0,62610110,0,0,1440,300,943745,90,0,62610110,2024-02-25 04:25:18.512,10,2024-02-24 07:00:00.419,0.0,30,30,-1,60000,16,10,0,8,1137.77,0,86.42998,cc0a9fcf-c5d4-44da-b486-61b0844c079e.extra_data.json,6+THe69Q8P,0,com.sec.android.app.shealth,943745,20700000,cc0a9fcf-c5d4-44da-b486-61b0844c079e,2024-02-24 00:00:00.000,
0,62610110,0,0,4160,300,2638719,90,0,62610110,2024-02-26 03:48:49.153,10,2024-02-25 05:00:00.452,0.0,30,30,-1,240000,47,4,0,8,3181.1099,0,250.09991,aee5916a-20dc-42b3-acab-1a48b385e297.extra_data.json,6+THe69Q8P,0,com.sec.android.app.shealth,2638719,43080000,aee5916a-20dc-42b3-acab-1a48b385e297,2024-02-25 00:00:00.000,
0,62610110,0,0,411,300,274137,90,0,62610110,2024-02-26 23:33:47.552,10,2024-02-26 05:00:00.706,0.0,30,30,-1,60000,4,3,0,8,317.45996,0,24.699991,75078616-4b00-483c-b93b-62c9b2328da7.extra_data.json,6+THe69Q8P,0,com.sec.android.app.shealth,274137,59340000,75078616-4b00-483c-b93b-62c9b2328da7,2024-02-26 00:00:00.000,
0,62610110,0,0,1683,300,1077055,90,0,62610110,2024-02-28 04:06:34.841,10,2024-02-27 05:25:14.177,0.0,30,30,-1,180000,18,8,0,8,1329.8302,0,100.590004,ae7081fb-2a76-47b0-831d-c5715462ee8e.extra_data.json,6+THe69Q8P,0,com.sec.android.app.shealth,1077055,15900000,ae7081fb-2a76-47b0-831d-c5715462ee8e,2024-02-27 00:00:00.000,
0,62610110,0,0,2301,300,1519306,90,0,62610110,2024-02-29 05:24:43.718,10,2024-02-28 06:00:00.484,0.0,30,30,-1,120000,27,10,0,8,1802.88,0,137.86998,4652f64e-55cc-476a-8661-e2c6789ef2d1.extra_data.json,6+THe69Q8P,0,com.sec.android.app.shealth,1519306,32040000,4652f64e-55cc-476a-8661-e2c6789ef2d1,2024-02-28 00:00:00.000,
0,62610110,0,0,2053,300,1361924,90,0,62610110,2024-03-01 02:14:31.694,10,2024-02-29 06:27:17.721,0.0,30,30,-1,60000,24,12,0,8,1603.0096,0,123.15996,3da94ea4-9ed0-4b28-a984-0356a6f5f5b3.extra_data.json,6+THe69Q8P,0,com.sec.android.app.shealth,1361924,34680000,3da94ea4-9ed0-4b28-a984-0356a6f5f5b3,2024-02-29 00:00:00.000,
0,62610110,0,0,1893,300,1217732,90,0,62610110,2024-03-02 04:17:31.171,10,2024-03-01 05:00:00.754,0.0,30,30,-1,240000,22,8,0,8,1474.48,0,113.41997,e8b881fc-7f26-4897-918f-6e8a8af573a4.extra_data.json,6+THe69Q8P,0,com.sec.android.app.shealth,1217732,39780000,e8b881fc-7f26-4897-918f-6e8a8af573a4,2024-03-01 00:00:00.000,
0,62610110,0,0,1365,300,910425,90,0,62610110,2024-03-03 04:52:36.400,10,2024-03-02 06:00:00.434,0.0,30,30,-1,60000,16,8,0,8,1070.8903,0,81.549995,d3efadaf-43dd-4365-abae-56aae74efd37.extra_data.json,6+THe69Q8P,0,com.sec.android.app.shealth,910425,22920000,d3efadaf-43dd-4365-abae-56aae74efd37,2024-03-02 00:00:00.000,
0,62610110,0,0,76,300,50692,90,0,62610110,2024-03-04 05:49:20.721,10,2024-03-03 06:00:00.451,0.0,30,30,-1,12673,0,1,0,8,59.6,0,4.49,8b286589-93d9-421c-b0c1-3b190ee9cb21.extra_data.json,6+THe69Q8P,0,com.sec.android.app.shealth,50692,51120000,8b286589-93d9-421c-b0c1-3b190ee9cb21,2024-03-03 00:00:00.000,
0,62610110,0,0,433,300,288811,90,0,62610110,2024-03-05 11:25:26.665,10,2024-03-04 07:00:01.550,0.0,30,30,-1,46690,4,3,0,8,337.83,0,25.81,0b690280-6ed2-4700-8ef5-82cde3ba04fd.extra_data.json,6+THe69Q8P,0,com.sec.android.app.shealth,288811,40919999,0b690280-6ed2-4700-8ef5-82cde3ba04fd,2024-03-04 00:00:00.000,
0,62610110,0,0,3375,300,2107475,90,0,62610110,2024-03-06 08:03:28.633,10,2024-03-05 11:25:25.706,0.0,30,30,-1,480000,38,7,0,8,2644.0908,0,203.10997,f1a9bb1f-ae01-40cb-9cc1-7247fe9dbbe4.extra_data.json,6+THe69Q8P,3600,com.sec.android.app.shealth,2103875,32040000,f1a9bb1f-ae01-40cb-9cc1-7247fe9dbbe4,2024-03-05 00:00:00.000,
0,62610110,0,0,2180,300,1394882,90,0,62610110,2024-03-07 05:57:08.570,10,2024-03-06 08:03:28.256,0.0,30,30,-1,120000,25,6,0,8,1713.2301,0,132.35997,714e83c5-7115-4d75-aec5-f66dbb654d0b.extra_data.json,6+THe69Q8P,10400,com.sec.android.app.shealth,1384482,56160000,714e83c5-7115-4d75-aec5-f66dbb654d0b,2024-03-06 00:00:00.000,
0,62610110,0,0,1963,300,1257752,90,0,62610110,2024-03-08 05:06:17.518,10,2024-03-07 07:00:00.451,0.0,30,30,-1,120000,22,8,0,8,1526.7,0,117.629974,3114d399-a096-415a-b55d-6b5c4bc8e853.extra_data.json,6+THe69Q8P,0,com.sec.android.app.shealth,1257752,21240000,3114d399-a096-415a-b55d-6b5c4bc8e853,2024-03-07 00:00:00.000,
0,62610110,0,0,885,300,554187,90,0,62610110,2024-03-09 03:55:01.354,10,2024-03-08 06:00:00.445,0.0,30,30,-1,120000,10,2,0,8,698.69,0,53.070004,51588143-5383-4696-902d-32461d4e62c0.extra_data.json,6+THe69Q8P,0,com.sec.android.app.shealth,554187,38640000,51588143-5383-4696-902d-32461d4e62c0,2024-03-08 00:00:00.000,
0,62610110,0,0,2419,300,1605406,90,0,62610110,2024-03-10 02:43:01.237,10,2024-03-09 06:00:00.569,0.0,30,30,-1,60000,28,8,0,8,1920.6702,0,152.43994,52935ad2-56e2-475b-a6f2-6426adc74df2.extra_data.json,6+THe69Q8P,6000,com.sec.android.app.shealth,1599406,22680000,52935ad2-56e2-475b-a6f2-6426adc74df2,2024-03-09 00:00:00.000,
0,62610110,0,0,3742,300,2481519,90,0,62610110,2024-03-11 05:12:49.149,10,2024-03-10 05:00:00.698,0.0,30,30,-1,120000,45,15,0,8,2995.4104,0,230.09001,7eb6e83f-bdbf-4872-a97b-e85a2b5eb9c0.extra_data.json,6+THe69Q8P,2400,com.sec.android.app.shealth,2479119,19380000,7eb6e83f-bdbf-4872-a97b-e85a2b5eb9c0,2024-03-10 00:00:00.000,
0,62610110,0,0,1462,300,941017,90,0,62610110,2024-03-11 21:25:07.513,10,2024-03-11 05:12:48.422,0.0,30,30,-1,120000,16,4,0,8,1135.4099,0,87.779976,c281ce04-70fa-4d4a-9648-e3b3214b0ac9.extra_data.json,6+THe69Q8P,0,com.sec.android.app.shealth,941017,52440000,c281ce04-70fa-4d4a-9648-e3b3214b0ac9,2024-03-11 00:00:00.000,
0,62610110,0,0,3589,300,2357337,90,0,62610110,2024-03-13 05:51:42.924,10,2024-03-12 08:11:16.514,0.0,30,30,-1,60000,43,11,0,8,2788.9497,0,215.76996,d90330e6-dfc4-4ea8-954f-246c12cd9892.extra_data.json,6+THe69Q8P,2400,com.sec.android.app.shealth,2354937,25860000,d90330e6-dfc4-4ea8-954f-246c12cd9892,2024-03-12 00:00:00.000,
0,62610110,0,0,2026,300,1351342,90,0,62610110,2024-03-14 02:55:03.040,10,2024-03-13 05:51:13.712,0.0,30,30,-1,120000,24,10,0,8,1631.6504,0,122.83999,3835ff03-cbfe-496b-a216-3f1883e5fe8f.extra_data.json,6+THe69Q8P,0,com.sec.android.app.shealth,1351342,26220000,3835ff03-cbfe-496b-a216-3f1883e5fe8f,2024-03-13 00:00:00.000,
0,62610110,0,0,2219,300,1464745,90,0,62610110,2024-03-15 04:54:06.494,10,2024-03-14 04:00:00.425,0.0,30,30,-1,60000,26,10,0,8,1736.5201,0,133.67998,7bccc42a-c696-40cb-aa98-c15cfe32bac8.extra_data.json,6+THe69Q8P,800,com.sec.android.app.shealth,1463945,42900000,7bccc42a-c696-40cb-aa98-c15cfe32bac8,2024-03-14 00:00:00.000,
0,62610110,0,0,3476,300,2301726,90,0,62610110,2024-03-16 10:38:46.651,10,2024-03-15 05:00:00.365,0.0,30,30,-1,120000,42,8,0,8,2709.2002,0,210.57002,23409d07-723e-4c5f-b5fd-c28c49933911.extra_data.json,6+THe69Q8P,2000,com.sec.android.app.shealth,2299726,29639999,23409d07-723e-4c5f-b5fd-c28c49933911,2024-03-15 00:00:00.000,
0,62610110,0,0,1785,300,1165796,90,0,62610110,2024-03-17 05:44:38.104,10,2024-03-16 10:38:45.600,0.0,30,30,-1,120000,21,5,0,8,1392.64,0,106.989975,40866c0e-abe9-493c-b023-15bc51b187ec.extra_data.json,6+THe69Q8P,0,com.sec.android.app.shealth,1165796,50100000,40866c0e-abe9-493c-b023-15bc51b187ec,2024-03-16 00:00:00.000,
0,62610110,0,0,790,300,526930,90,0,62610110,2024-03-18 02:59:38.208,10,2024-03-17 06:00:00.488,0.0,30,30,-1,41354,8,7,0,8,617.89996,0,47.319992,3024e0af-3a39-4213-9d45-3c07be7d7aa6.extra_data.json,6+THe69Q8P,0,com.sec.android.app.shealth,526930,39840000,3024e0af-3a39-4213-9d45-3c07be7d7aa6,2024-03-17 00:00:00.000,
0,62610110,0,0,1542,300,1020420,90,0,62610110,2024-03-19 04:39:34.156,10,2024-03-18 04:07:11.055,0.0,30,30,-1,60000,18,8,0,8,1227.4802,0,92.48998,34d38172-0789-4c47-8895-585ceda379e7.extra_data.json,6+THe69Q8P,0,com.sec.android.app.shealth,1020420,36300000,34d38172-0789-4c47-8895-585ceda379e7,2024-03-18 00:00:00.000,
0,62610110,0,0,1005,300,642868,90,0,62610110,2024-03-20 05:00:00.868,10,2024-03-19 05:00:27.793,0.0,30,30,-1,60000,11,3,0,8,778.45996,0,60.33,965ae57d-33a5-483f-94f5-953cab501cf4.extra_data.json,6+THe69Q8P,0,com.sec.android.app.shealth,642868,37439999,965ae57d-33a5-483f-94f5-953cab501cf4,2024-03-19 00:00:00.000,
0,62610110,0,0,882,300,586959,90,0,62610110,2024-03-21 04:49:50.944,10,2024-03-20 05:00:00.471,0.0,30,30,-1,60000,10,4,0,8,692.74994,0,54.219997,4a000d23-1856-49b0-8dfc-4d2ead9e5a4f.extra_data.json,6+THe69Q8P,2000,com.sec.android.app.shealth,584959,66240000,4a000d23-1856-49b0-8dfc-4d2ead9e5a4f,2024-03-20 00:00:00.000,
0,62610110,0,0,390,300,237362,90,0,62610110,2024-03-22 01:35:02.040,10,2024-03-21 05:00:00.529,0.0,30,30,-1,120000,3,2,0,8,306.71997,0,23.379997,bf41abcc-e818-4972-9db6-2ccb95097840.extra_data.json,6+THe69Q8P,0,com.sec.android.app.shealth,237362,71160000,bf41abcc-e818-4972-9db6-2ccb95097840,2024-03-21 00:00:00.000,
0,62610110,0,0,2427,300,1594647,90,0,62610110,2024-03-23 06:30:23.999,10,2024-03-22 05:00:00.554,0.0,30,30,-1,120000,28,9,0,8,1879.3099,0,145.40002,57265193-d5d4-4e09-a473-bcd88d940c73.extra_data.json,6+THe69Q8P,0,com.sec.android.app.shealth,1594647,25680000,57265193-d5d4-4e09-a473-bcd88d940c73,2024-03-22 00:00:00.000,
0,62610110,0,0,3170,300,2111662,90,0,62610110,2024-03-24 07:00:01.510,10,2024-03-23 07:00:00.481,0.0,30,30,-1,60000,38,14,0,8,2434.1794,0,189.86996,4f210aaa-269e-401b-9bd6-6d2ed79e4fea.extra_data.json,6+THe69Q8P,0,com.sec.android.app.shealth,2111662,13439999,4f210aaa-269e-401b-9bd6-6d2ed79e4fea,2024-03-23 00:00:00.000,
0,62610110,0,0,6418,300,4256081,90,0,62610110,2024-03-25 15:20:26.740,10,2024-03-24 07:00:00.947,0.0,30,30,-1,60000,77,13,0,8,4832.811,0,339.27014,97f4bb39-aa43-4d7d-939d-44ad881b6be0.extra_data.json,6+THe69Q8P,32000,com.sec.android.app.shealth,4224081,38100000,97f4bb39-aa43-4d7d-939d-44ad881b6be0,2024-03-24 00:00:00.000,
0,62610110,0,0,3580,300,2382253,90,0,62610110,2024-04-18 01:40:36.388,10,2024-03-25 10:08:40.310,0.0,30,30,-1,60000,43,9,0,8,2624.764,0,185.58928,ebeca60c-d3db-4355-849f-e948c03d7e67.extra_data.json,6+THe69Q8P,8400,com.sec.android.app.shealth,2373853,29880000,ebeca60c-d3db-4355-849f-e948c03d7e67,2024-03-25 00:00:00.000,
0,62610110,0,0,1347,300,898449,90,0,62610110,2024-03-27 02:35:01.560,10,2024-03-26 07:00:00.443,0.0,30,30,-1,40020,15,7,0,8,982.8499,0,42.399998,ff52fc73-77e4-4e5f-8e16-bf3f5b6ec6bb.extra_data.json,6+THe69Q8P,0,com.sec.android.app.shealth,898449,41280000,ff52fc73-77e4-4e5f-8e16-bf3f5b6ec6bb,2024-03-26 00:00:00.000,
0,62610110,0,0,5587,300,3712862,90,0,62610110,2024-03-27 23:59:46.983,10,2024-03-27 10:58:54.585,0.0,30,30,-1,180000,67,7,0,8,4119.7905,0,173.87003,8f657894-ca09-4032-ae5e-953e6c3acdff.extra_data.json,6+THe69Q8P,6956,com.sec.android.app.shealth,3705906,26940000,8f657894-ca09-4032-ae5e-953e6c3acdff,2024-03-27 00:00:00.000,
0,62610110,0,0,2166,300,1430655,90,0,62610110,2024-03-29 02:34:42.662,10,2024-03-28 08:52:22.315,0.0,30,30,-1,300000,25,8,0,8,1597.3401,0,67.26,df07656f-6be0-40ab-bfee-dd9e8d018fb2.extra_data.json,6+THe69Q8P,0,com.sec.android.app.shealth,1430655,27300000,df07656f-6be0-40ab-bfee-dd9e8d018fb2,2024-03-28 00:00:00.000,
0,62610110,0,0,1990,300,1322631,90,0,62610110,2024-03-30 02:18:31.476,10,2024-03-29 13:57:22.209,0.0,30,30,-1,120000,24,7,0,8,1507.6598,0,119.80001,85fe2cf0-506f-4775-8166-2113a7b891ff.extra_data.json,6+THe69Q8P,0,com.sec.android.app.shealth,1322631,25140000,85fe2cf0-506f-4775-8166-2113a7b891ff,2024-03-29 00:00:00.000,
0,62610110,0,0,317,300,211439,90,0,62610110,2024-03-31 00:05:25.782,10,2024-03-30 07:00:00.569,0.0,30,30,-1,30682,3,4,0,8,242.55002,0,19.269999,6905f187-26c1-4217-a5d6-7fbc7bfb33b7.extra_data.json,6+THe69Q8P,0,com.sec.android.app.shealth,211439,29700000,6905f187-26c1-4217-a5d6-7fbc7bfb33b7,2024-03-30 00:00:00.000,
0,62610110,0,0,1010,300,673670,90,0,62610110,2024-04-01 02:35:01.598,10,2024-03-31 07:42:51.859,0.0,30,30,-1,49358,12,4,0,8,763.49994,0,60.919994,12f5049b-b5e9-4ae1-a934-596032ac75be.extra_data.json,6+THe69Q8P,0,com.sec.android.app.shealth,673670,56520000,12f5049b-b5e9-4ae1-a934-596032ac75be,2024-03-31 00:00:00.000,
0,62610110,0,0,866,300,577622,90,0,62610110,2024-04-02 03:06:13.724,10,2024-04-01 07:55:50.112,0.0,30,30,-1,51359,10,4,0,8,652.26,0,52.14,20073329-809b-440e-a4fa-7cdc022bd55d.extra_data.json,6+THe69Q8P,0,com.sec.android.app.shealth,577622,47460000,20073329-809b-440e-a4fa-7cdc022bd55d,2024-04-01 00:00:00.000,
0,62610110,0,0,2754,300,1836918,90,0,62610110,2024-04-03 03:15:26.459,10,2024-04-02 07:00:00.573,0.0,30,30,-1,60000,33,6,0,8,2096.9902,0,165.67001,dcac0514-e67d-4f5c-810e-b4c25113cc1f.extra_data.json,6+THe69Q8P,0,com.sec.android.app.shealth,1836918,44760000,dcac0514-e67d-4f5c-810e-b4c25113cc1f,2024-04-02 00:00:00.000,
0,62610110,0,0,7898,300,5190421,90,0,62610110,2024-04-04 05:37:08.651,10,2024-04-03 07:00:00.775,0.0,30,30,-1,120000,95,13,0,8,6148.1895,0,480.12003,193158b2-7a69-4d67-b82a-9b4cf4ec1c55.extra_data.json,6+THe69Q8P,12800,com.sec.android.app.shealth,5177621,31380000,193158b2-7a69-4d67-b82a-9b4cf4ec1c55,2024-04-03 00:00:00.000,
0,62610110,0,0,2172,300,1437885,90,0,62610110,2024-04-05 05:55:02.731,10,2024-04-04 07:00:00.602,0.0,30,30,-1,120000,25,8,0,8,1692.3002,0,132.67998,e5c79adc-e981-4835-afed-5db56ecc386d.extra_data.json,6+THe69Q8P,7200,com.sec.android.app.shealth,1430685,34200000,e5c79adc-e981-4835-afed-5db56ecc386d,2024-04-04 00:00:00.000,
0,62610110,0,0,2221,300,1471282,90,0,62610110,2024-04-06 04:26:28.795,10,2024-04-05 09:07:40.327,0.0,30,30,-1,120000,26,12,0,8,1732.5099,0,133.81999,c804bbcd-4897-47e6-b732-14e192b254e1.extra_data.json,6+THe69Q8P,0,com.sec.android.app.shealth,1471282,25620000,c804bbcd-4897-47e6-b732-14e192b254e1,2024-04-05 00:00:00.000,
0,62610110,0,0,2185,300,1423276,90,0,62610110,2024-04-07 07:04:25.149,10,2024-04-06 07:52:36.291,0.0,30,30,-1,120000,25,12,0,8,1892.2198,0,151.94997,8568cc41-2e5c-4e5d-958c-22c672081ff8.extra_data.json,6+THe69Q8P,24000,com.sec.android.app.shealth,1399276,18779999,8568cc41-2e5c-4e5d-958c-22c672081ff8,2024-04-06 00:00:00.000,
0,62610110,0,0,799,300,532933,90,0,62610110,2024-04-18 01:40:34.496,10,2024-04-07 06:00:00.597,0.0,30,30,-1,60000,8,5,0,8,639.62994,0,48.729996,446b2be6-7c6b-4e22-b60a-a7badc1895e1.extra_data.json,6+THe69Q8P,0,com.sec.android.app.shealth,532933,30239999,446b2be6-7c6b-4e22-b60a-a7badc1895e1,2024-04-07 00:00:00.000,
0,62610110,0,0,0,300,0,90,0,62610110,2024-04-08 05:00:01.006,10,2024-04-08 05:00:00.608,0.0,30,30,-1,0,0,0,0,8,0.0,0,0.0,5b5f9015-3192-4d9e-a1ee-90144bcd41f4.extra_data.json,6+THe69Q8P,0,com.sec.android.app.shealth,0,-1,5b5f9015-3192-4d9e-a1ee-90144bcd41f4,2024-04-08 00:00:00.000,
0,62610110,0,0,2564,300,1659770,90,0,62610110,2024-04-10 05:47:49.981,10,2024-04-09 05:00:00.743,0.0,30,30,-1,180000,30,9,0,8,2022.8103,0,157.08002,680e265a-e593-4fd8-9485-17d9875f02d6.extra_data.json,6+THe69Q8P,12400,com.sec.android.app.shealth,1647370,26519999,680e265a-e593-4fd8-9485-17d9875f02d6,2024-04-09 00:00:00.000,
0,62610110,0,0,1962,300,1305688,90,0,62610110,2024-04-11 03:15:02.039,10,2024-04-10 05:47:47.431,0.0,30,30,-1,60000,23,10,0,8,1548.5303,0,118.23999,e11dd8c3-8bb5-41ad-a0bc-d77108013763.extra_data.json,6+THe69Q8P,2400,com.sec.android.app.shealth,1303288,12840000,e11dd8c3-8bb5-41ad-a0bc-d77108013763,2024-04-10 00:00:00.000,
0,62610110,0,0,507,300,332803,90,0,62610110,2024-04-12 03:36:30.753,10,2024-04-11 04:00:27.926,0.0,30,30,-1,60000,5,6,0,8,398.43002,0,30.249992,c0231a7f-7f52-45f5-ad70-cb9e93828ab9.extra_data.json,6+THe69Q8P,0,com.sec.android.app.shealth,332803,24720000,c0231a7f-7f52-45f5-ad70-cb9e93828ab9,2024-04-11 00:00:00.000,
0,62610110,0,0,348,300,232116,90,0,62610110,2024-04-13 07:05:32.747,10,2024-04-12 05:48:17.580,0.0,30,30,-1,45356,3,2,0,8,269.3,0,20.869991,8dbad7be-2111-4f57-b5d9-87fd5304a013.extra_data.json,6+THe69Q8P,0,com.sec.android.app.shealth,232116,44759999,8dbad7be-2111-4f57-b5d9-87fd5304a013,2024-04-12 00:00:00.000,
0,62610110,0,0,714,300,476238,90,0,62610110,2024-04-13 23:21:11.761,10,2024-04-13 07:05:31.980,0.0,30,30,-1,52693,7,4,0,8,563.2901,0,42.61,1f10204d-c7d8-40d9-9a79-9af219094bc9.extra_data.json,6+THe69Q8P,0,com.sec.android.app.shealth,476238,44760000,1f10204d-c7d8-40d9-9a79-9af219094bc9,2024-04-13 00:00:00.000,
0,62610110,0,0,7992,300,5039903,90,0,62610110,2024-04-18 01:40:32.783,10,2024-04-14 06:00:00.797,0.0,30,30,-1,900000,92,6,0,8,6180.21,0,480.14017,36283ff5-ccc3-4c3c-91d5-837e6635fd62.extra_data.json,6+THe69Q8P,0,com.sec.android.app.shealth,5039903,21359999,36283ff5-ccc3-4c3c-91d5-837e6635fd62,2024-04-14 00:00:00.000,
0,62610110,0,0,0,300,0,90,0,62610110,2024-04-15 07:00:01.001,10,2024-04-15 07:00:00.524,0.0,30,30,-1,0,0,0,0,8,0.0,0,0.0,94292759-f148-4455-aa10-d894069dee3a.extra_data.json,6+THe69Q8P,0,com.sec.android.app.shealth,0,-1,94292759-f148-4455-aa10-d894069dee3a,2024-04-15 00:00:00.000,
0,62610110,0,0,4672,300,3049898,90,0,62610110,2024-04-17 02:31:33.596,10,2024-04-16 07:08:09.486,0.0,30,30,-1,960000,55,5,0,8,3559.7695,0,280.25992,f4e648d9-fc06-45b3-90d3-8f13b093ce49.extra_data.json,6+THe69Q8P,0,com.sec.android.app.shealth,3049898,37500000,f4e648d9-fc06-45b3-90d3-8f13b093ce49,2024-04-16 00:00:00.000,
0,62610110,0,2089364,4399,300,3631997,90,0,62610110,2024-04-18 07:52:42.889,10,2024-04-17 10:00:18.522,0.0,30,30,-1,1412279,66,6,0,8,3266.8625,0,400.45847,54fa5c8b-1d95-476b-be22-278425c0fe39.extra_data.json,6+THe69Q8P,0,com.sec.android.app.shealth,3631997,27120000,54fa5c8b-1d95-476b-be22-278425c0fe39,2024-04-17 00:00:00.000,
0,62610110,0,0,836,300,546213,90,0,62610110,2024-04-19 05:58:33.251,10,2024-04-18 07:00:00.593,0.0,30,30,-1,60000,10,2,0,8,618.28,0,25.769997,fda4fdb7-d4a6-42e8-9672-1b8e117f0137.extra_data.json,6+THe69Q8P,0,com.sec.android.app.shealth,546213,47640000,fda4fdb7-d4a6-42e8-9672-1b8e117f0137,2024-04-18 00:00:00.000,
0,62610110,0,0,2436,300,1599316,90,0,62610110,2024-04-20 06:56:07.503,10,2024-04-19 07:43:29.788,0.0,30,30,-1,120000,28,5,0,8,1831.0199,0,99.06979,3153a625-ec75-4e41-9a1e-38d06dabd43b.extra_data.json,6+THe69Q8P,0,com.sec.android.app.shealth,1599316,30420000,3153a625-ec75-4e41-9a1e-38d06dabd43b,2024-04-19 00:00:00.000,
0,62610110,0,0,1751,300,1096368,90,0,62610110,2024-04-21 04:37:08.654,10,2024-04-20 07:18:35.211,0.0,30,30,-1,120000,20,9,0,8,1338.93,0,53.94,634af409-e1c0-44d4-bd3e-3ff4ee6e8bbe.extra_data.json,6+THe69Q8P,0,com.sec.android.app.shealth,1096368,45480000,634af409-e1c0-44d4-bd3e-3ff4ee6e8bbe,2024-04-20 00:00:00.000,
0,62610110,0,0,310,300,206770,90,0,62610110,2024-04-22 04:17:29.964,10,2024-04-21 06:15:34.115,0.0,30,30,-1,38019,3,4,0,8,232.79999,0,9.669998,11f95fff-35ee-444b-a5e5-dbc5ffa3da8e.extra_data.json,6+THe69Q8P,0,com.sec.android.app.shealth,206770,40680000,11f95fff-35ee-444b-a5e5-dbc5ffa3da8e,2024-04-21 00:00:00.000,
0,62610110,0,1590236,4793,300,3633517,90,0,62610110,2024-04-30 20:22:12.058,10,2024-04-22 05:00:00.566,3.0,30,30,-1,910982,66,8,0,8,3520.0786,0,312.36264,0b82d809-49eb-4c46-a960-9bdd55bdc680.extra_data.json,6+THe69Q8P,5600,com.sec.android.app.shealth,3627917,30600000,0b82d809-49eb-4c46-a960-9bdd55bdc680,2024-04-22 00:00:00.000,
0,62610110,0,0,1402,300,912366,90,0,62610110,2024-04-24 04:22:04.971,10,2024-04-23 07:26:00.651,0.0,30,30,-1,60000,16,6,0,8,1057.6902,0,42.909996,c5e84969-e90b-490a-973c-0ef3b7dff406.extra_data.json,6+THe69Q8P,0,com.sec.android.app.shealth,912366,43080000,c5e84969-e90b-490a-973c-0ef3b7dff406,2024-04-23 00:00:00.000,
0,62610110,0,0,2557,300,1698122,90,0,62610110,2024-04-25 05:39:02.514,10,2024-04-24 05:00:02.672,0.0,30,30,-1,120000,31,15,0,8,1960.1199,0,78.98999,60e937e1-09f1-4f72-8439-d73fafd86dbe.extra_data.json,6+THe69Q8P,0,com.sec.android.app.shealth,1698122,13680000,60e937e1-09f1-4f72-8439-d73fafd86dbe,2024-04-24 00:00:00.000,
0,62610110,0,0,2137,300,1381177,90,0,62610110,2024-04-26 03:16:35.049,10,2024-04-25 04:00:00.493,0.0,30,30,-1,60000,24,6,0,8,1655.2701,0,103.85998,0d22a8ef-7f0d-48ee-a080-60675be95813.extra_data.json,6+THe69Q8P,3016,com.sec.android.app.shealth,1378161,17760000,0d22a8ef-7f0d-48ee-a080-60675be95813,2024-04-25 00:00:00.000,
0,62610110,0,0,1146,300,726910,90,0,62610110,2024-04-27 00:17:12.203,10,2024-04-26 05:00:00.882,0.0,30,30,-1,120000,13,4,0,8,892.61993,0,68.73999,13b403e1-551e-4722-9a27-f6f5cee48ee9.extra_data.json,6+THe69Q8P,0,com.sec.android.app.shealth,726910,39960000,13b403e1-551e-4722-9a27-f6f5cee48ee9,2024-04-26 00:00:00.000,
0,62610110,0,0,552,300,352783,90,0,62610110,2024-04-28 09:55:22.667,10,2024-04-27 05:00:00.847,0.0,30,30,-1,60000,5,3,0,8,438.35,0,33.43,a3b6e7f6-9bae-4c23-b170-733bbf3c03ff.extra_data.json,6+THe69Q8P,0,com.sec.android.app.shealth,352783,18299999,a3b6e7f6-9bae-4c23-b170-733bbf3c03ff,2024-04-27 00:00:00.000,
0,62610110,0,0,2029,300,1263088,90,0,62610110,2024-04-29 02:13:26.347,10,2024-04-28 09:55:21.051,0.0,30,30,-1,300000,23,7,0,8,1593.81,0,121.459984,d8844100-7f50-4994-bedf-41bbac8981fa.extra_data.json,6+THe69Q8P,0,com.sec.android.app.shealth,1263088,31620000,d8844100-7f50-4994-bedf-41bbac8981fa,2024-04-28 00:00:00.000,
0,62610110,0,0,2114,300,1324242,90,0,62610110,2024-04-30 06:03:38.180,10,2024-04-29 07:00:02.174,0.0,30,30,-1,360000,24,2,0,8,1619.5099,0,127.37998,92cab4ad-93ec-4193-8b0c-d4f55a5c7d67.extra_data.json,6+THe69Q8P,0,com.sec.android.app.shealth,1324242,79800000,92cab4ad-93ec-4193-8b0c-d4f55a5c7d67,2024-04-29 00:00:00.000,
0,62610110,0,0,4402,300,2883007,90,0,62610110,2024-05-01 08:42:55.063,10,2024-04-30 07:00:00.594,0.0,30,30,-1,180000,53,8,0,8,3322.82,0,265.75998,84ed4df0-4615-4c30-bd55-c678ef57e75e.extra_data.json,6+THe69Q8P,1200,com.sec.android.app.shealth,2881807,47100000,84ed4df0-4615-4c30-bd55-c678ef57e75e,2024-04-30 00:00:00.000,
0,62610110,0,0,1607,300,1057933,90,0,62610110,2024-05-02 19:41:42.240,10,2024-05-01 07:04:22.224,0.0,30,30,-1,60000,18,6,0,8,1237.9199,0,97.090004,5444fc2d-9c51-4340-97fb-78d1a93d51ef.extra_data.json,6+THe69Q8P,4800,com.sec.android.app.shealth,1053133,28020000,5444fc2d-9c51-4340-97fb-78d1a93d51ef,2024-05-01 00:00:00.000,
0,62610110,0,0,3154,300,2089797,90,0,62610110,2024-05-03 02:46:07.809,10,2024-05-02 07:44:39.154,0.0,30,30,-1,120000,37,8,0,8,2428.0005,0,191.21996,b0b82cca-2fc8-4e86-bfeb-fc3a49ad550e.extra_data.json,6+THe69Q8P,1600,com.sec.android.app.shealth,2088197,17460000,b0b82cca-2fc8-4e86-bfeb-fc3a49ad550e,2024-05-02 00:00:00.000,
0,62610110,0,0,2673,300,1741417,90,0,62610110,2024-05-04 03:57:00.578,10,2024-05-03 08:11:21.825,0.0,30,30,-1,120000,32,15,0,8,2084.6804,0,162.09996,bffaaf46-4dc0-4e8a-b00d-693f9698df39.extra_data.json,6+THe69Q8P,0,com.sec.android.app.shealth,1741417,17040000,bffaaf46-4dc0-4e8a-b00d-693f9698df39,2024-05-03 00:00:00.000,
0,62610110,0,0,4750,300,3158762,90,0,62610110,2024-05-05 06:55:05.203,10,2024-05-04 07:02:46.192,0.0,30,30,-1,180000,57,11,0,8,3628.6396,0,285.59,54217d2f-7a59-48bb-a617-7fb9695f0ac6.extra_data.json,6+THe69Q8P,0,com.sec.android.app.shealth,3158762,29220000,54217d2f-7a59-48bb-a617-7fb9695f0ac6,2024-05-04 00:00:00.000,
0,62610110,0,0,6761,300,4478692,90,0,62610110,2024-05-06 07:08:19.865,10,2024-05-05 07:00:00.436,0.0,30,30,-1,180000,82,12,0,8,5224.8394,0,407.16998,f6d31f45-3aa8-46a4-a91a-82d08f5b1c35.extra_data.json,6+THe69Q8P,6000,com.sec.android.app.shealth,4472692,30600000,f6d31f45-3aa8-46a4-a91a-82d08f5b1c35,2024-05-05 00:00:00.000,
0,62610110,0,0,5306,300,3536210,90,0,62610110,2024-05-07 02:55:58.224,10,2024-05-06 07:00:00.485,0.0,30,30,-1,120000,64,13,0,8,4086.9,0,320.56998,e413dc75-a5e2-4d3c-93a1-a03710b0a8f9.extra_data.json,6+THe69Q8P,1200,com.sec.android.app.shealth,3535010,20580000,e413dc75-a5e2-4d3c-93a1-a03710b0a8f9,2024-05-06 00:00:00.000,
0,62610110,0,0,6380,300,4170241,90,0,62610110,2024-05-08 05:34:29.670,10,2024-05-07 07:34:43.891,0.0,30,30,-1,600000,76,13,0,8,4891.0586,0,383.23007,7be8c035-2f57-4f94-923f-acb880e42f89.extra_data.json,6+THe69Q8P,0,com.sec.android.app.shealth,4170241,22320000,7be8c035-2f57-4f94-923f-acb880e42f89,2024-05-07 00:00:00.000,
0,62610110,0,0,4168,300,2773933,90,0,62610110,2024-05-09 01:36:18.911,10,2024-05-08 07:55:17.072,0.0,30,30,-1,300000,51,10,0,8,3219.6204,0,252.02003,2d3f6371-28cd-4129-b629-3c5fac62add7.extra_data.json,6+THe69Q8P,0,com.sec.android.app.shealth,2773933,24480000,2d3f6371-28cd-4129-b629-3c5fac62add7,2024-05-08 00:00:00.000,
0,62610110,0,0,2364,300,1570695,90,0,62610110,2024-05-10 07:52:41.433,10,2024-05-09 09:00:28.146,0.0,30,30,-1,180000,28,10,0,8,1812.9207,0,141.99,19a53ea9-8f72-4bfa-9d9d-17945b5e3e96.extra_data.json,6+THe69Q8P,0,com.sec.android.app.shealth,1570695,20339999,19a53ea9-8f72-4bfa-9d9d-17945b5e3e96,2024-05-09 00:00:00.000,
0,62610110,0,0,669,300,446223,90,0,62610110,2024-05-11 01:59:36.648,10,2024-05-10 07:52:40.218,0.0,30,30,-1,48024,7,5,0,8,502.13004,0,40.23,2614f7a4-9503-4732-90a7-f8892877bb8e.extra_data.json,6+THe69Q8P,0,com.sec.android.app.shealth,446223,27000000,2614f7a4-9503-4732-90a7-f8892877bb8e,2024-05-10 00:00:00.000,
0,62610110,0,0,3951,300,2552646,90,0,62610110,2024-05-12 04:25:19.203,10,2024-05-11 07:00:00.534,0.0,30,30,-1,1260000,46,7,0,8,2938.14,0,121.32999,5e03e9f8-f3c8-4487-ab78-499402d9128c.extra_data.json,6+THe69Q8P,0,com.sec.android.app.shealth,2552646,25980000,5e03e9f8-f3c8-4487-ab78-499402d9128c,2024-05-11 00:00:00.000,
0,62610110,0,0,604,300,393500,90,0,62610110,2024-05-12 22:05:32.716,10,2024-05-12 07:00:00.788,0.0,30,30,-1,60000,6,5,0,8,450.17996,0,18.9,287edf16-4fbe-4274-9abf-baa53e927ebb.extra_data.json,6+THe69Q8P,1764,com.sec.android.app.shealth,391736,38460000,287edf16-4fbe-4274-9abf-baa53e927ebb,2024-05-12 00:00:00.000,
0,62610110,0,0,2919,300,1945905,90,0,62610110,2024-05-14 07:15:02.735,10,2024-05-13 07:46:39.738,0.0,30,30,-1,44022,35,12,0,8,2175.9702,0,92.1,760efe3c-eeeb-4426-a2b5-dcf1424dc4bc.extra_data.json,6+THe69Q8P,1600,com.sec.android.app.shealth,1944305,40020000,760efe3c-eeeb-4426-a2b5-dcf1424dc4bc,2024-05-13 00:00:00.000,
0,62610110,0,0,1415,300,915671,90,0,62610110,2024-05-15 00:51:49.252,10,2024-05-14 07:00:02.625,0.0,30,30,-1,120000,16,6,0,8,1072.2301,0,43.379993,cf988f0a-c1e6-44b0-ab9a-72a6cf30ed02.extra_data.json,6+THe69Q8P,0,com.sec.android.app.shealth,915671,29880000,cf988f0a-c1e6-44b0-ab9a-72a6cf30ed02,2024-05-14 00:00:00.000,
0,62610110,0,0,1468,300,979156,90,0,62610110,2024-05-16 03:18:19.809,10,2024-05-15 06:00:01.035,0.0,30,30,-1,60000,17,6,0,8,1105.14,0,46.06999,7899ed87-562d-41c9-b2d8-b59effd36981.extra_data.json,6+THe69Q8P,0,com.sec.android.app.shealth,979156,30360000,7899ed87-562d-41c9-b2d8-b59effd36981,2024-05-15 00:00:00.000,
0,62610110,0,0,3315,300,2195007,90,0,62610110,2024-05-17 00:35:02.271,10,2024-05-16 07:00:00.456,0.0,30,30,-1,120000,40,9,0,8,2467.79,0,103.719986,4c8c7eaa-2be9-49ea-8718-beb485a9e1b8.extra_data.json,6+THe69Q8P,0,com.sec.android.app.shealth,2195007,34680000,4c8c7eaa-2be9-49ea-8718-beb485a9e1b8,2024-05-16 00:00:00.000,
0,62610110,0,0,1264,300,843088,90,0,62610110,2024-05-18 06:09:35.542,10,2024-05-17 07:00:00.598,0.0,30,30,-1,53360,15,9,0,8,950.92993,0,39.009995,1f2f398c-8f93-4db6-b855-81bd1ccc0517.extra_data.json,6+THe69Q8P,0,com.sec.android.app.shealth,843088,37140000,1f2f398c-8f93-4db6-b855-81bd1ccc0517,2024-05-17 00:00:00.000,
0,62610110,0,0,489,300,326133,90,0,62610110,2024-05-19 03:48:41.860,10,2024-05-18 07:00:00.508,0.0,30,30,-1,60000,5,3,0,8,364.03,0,15.259997,0cc89448-8e0d-4465-9d4d-65f27ee1759c.extra_data.json,6+THe69Q8P,0,com.sec.android.app.shealth,326133,38100000,0cc89448-8e0d-4465-9d4d-65f27ee1759c,2024-05-18 00:00:00.000,
0,62610110,0,0,3754,300,2471632,90,0,62610110,2024-05-20 06:10:51.774,10,2024-05-19 07:00:02.542,0.0,30,30,-1,120000,45,11,0,8,2839.0598,0,172.96999,73d8bafe-14f1-443b-8b1d-8b4d52c9d873.extra_data.json,6+THe69Q8P,0,com.sec.android.app.shealth,2471632,25800000,73d8bafe-14f1-443b-8b1d-8b4d52c9d873,2024-05-19 00:00:00.000,
0,62610110,0,0,435,300,281414,90,0,62610110,2024-05-20 20:49:30.570,10,2024-05-20 07:00:00.384,0.0,30,30,-1,60000,4,1,0,8,334.90997,0,26.309992,ab0311eb-1f1a-4444-a9bf-5dcebaf14bf3.extra_data.json,6+THe69Q8P,0,com.sec.android.app.shealth,281414,48780000,ab0311eb-1f1a-4444-a9bf-5dcebaf14bf3,2024-05-20 00:00:00.000,
0,62610110,0,0,1435,300,927647,90,0,62610110,2024-05-22 07:25:45.836,10,2024-05-21 07:00:00.612,0.0,30,30,-1,120000,16,6,0,8,1112.2101,0,86.49999,595eea2a-971a-4d3b-86ce-3e06c80d8717.extra_data.json,6+THe69Q8P,0,com.sec.android.app.shealth,927647,49620000,595eea2a-971a-4d3b-86ce-3e06c80d8717,2024-05-21 00:00:00.000,
0,62610110,0,0,2424,300,1557235,90,0,62610110,2024-05-23 04:45:17.572,10,2024-05-22 06:00:01.199,0.0,30,30,-1,120000,27,9,0,8,1900.0499,0,145.39001,f24db1c1-0d8d-4eba-9525-986379b8bc7f.extra_data.json,6+THe69Q8P,0,com.sec.android.app.shealth,1557235,19260000,f24db1c1-0d8d-4eba-9525-986379b8bc7f,2024-05-22 00:00:00.000,
0,62610110,0,0,1686,300,1088884,90,0,62610110,2024-05-24 06:09:40.793,10,2024-05-23 04:44:52.003,0.0,30,30,-1,60000,20,10,0,8,1335.1001,0,101.289986,abe09605-544f-472b-ad6d-6805cbbdfeec.extra_data.json,6+THe69Q8P,400,com.sec.android.app.shealth,1088484,28920000,abe09605-544f-472b-ad6d-6805cbbdfeec,2024-05-23 00:00:00.000,
0,62610110,0,0,4574,300,2965252,90,0,62610110,2024-05-25 05:39:32.222,10,2024-05-24 05:00:00.579,0.0,30,30,-1,180000,54,9,0,8,3542.94,0,277.78998,adf6a1b9-2af2-476f-91c7-65818b538832.extra_data.json,6+THe69Q8P,6800,com.sec.android.app.shealth,2958452,14400000,adf6a1b9-2af2-476f-91c7-65818b538832,2024-05-24 00:00:00.000,
0,62610110,0,0,1250,300,833750,90,0,62610110,2024-05-26 04:55:01.554,10,2024-05-25 06:00:00.372,0.0,30,30,-1,52693,14,7,0,8,975.02014,0,75.699974,9a85376c-ac2d-40f2-9d1b-1ad0e3e2eb79.extra_data.json,6+THe69Q8P,0,com.sec.android.app.shealth,833750,36060000,9a85376c-ac2d-40f2-9d1b-1ad0e3e2eb79,2024-05-25 00:00:00.000,
0,62610110,0,0,2871,300,1873703,90,0,62610110,2024-05-27 02:35:01.530,10,2024-05-26 05:00:01.843,0.0,30,30,-1,240000,34,11,0,8,2210.9097,0,173.04004,51828087-0960-4827-8314-200a8ed5315e.extra_data.json,6+THe69Q8P,400,com.sec.android.app.shealth,1873303,31080000,51828087-0960-4827-8314-200a8ed5315e,2024-05-26 00:00:00.000,
0,62610110,0,0,570,300,380190,90,0,62610110,2024-05-27 19:14:28.849,10,2024-05-27 05:00:00.504,0.0,30,30,-1,60000,6,3,0,8,441.70996,0,34.200005,a352196b-2e52-4829-9694-a81d5f964d34.extra_data.json,6+THe69Q8P,0,com.sec.android.app.shealth,380190,46080000,a352196b-2e52-4829-9694-a81d5f964d34,2024-05-27 00:00:00.000,
0,62610110,0,0,2120,300,1328304,90,0,62610110,2024-05-29 02:51:25.961,10,2024-05-28 05:00:00.467,0.0,30,30,-1,240000,24,5,0,8,1647.9701,0,127.289986,24b1576c-a03d-48ad-96eb-a8ff88cee1df.extra_data.json,6+THe69Q8P,0,com.sec.android.app.shealth,1328304,25980000,24b1576c-a03d-48ad-96eb-a8ff88cee1df,2024-05-28 00:00:00.000,
0,62610110,0,0,2817,300,1827932,90,0,62610110,2024-05-30 04:55:01.732,10,2024-05-29 05:00:00.577,0.0,30,30,-1,180000,33,11,0,8,2211.4,0,170.09999,fd6877fb-576b-483f-98ca-01438c1e0285.extra_data.json,6+THe69Q8P,3200,com.sec.android.app.shealth,1824732,18960000,fd6877fb-576b-483f-98ca-01438c1e0285,2024-05-29 00:00:00.000,
0,62610110,0,0,1421,300,938409,90,0,62610110,2024-05-31 06:28:41.944,10,2024-05-30 04:00:05.245,0.0,30,30,-1,60000,16,4,0,8,1109.57,0,85.32998,f38ffeaa-5a1e-42a0-9636-aa21c7d9082b.extra_data.json,6+THe69Q8P,0,com.sec.android.app.shealth,938409,44039999,f38ffeaa-5a1e-42a0-9636-aa21c7d9082b,2024-05-30 00:00:00.000,
0,62610110,0,0,1174,300,773690,90,0,62610110,2024-06-01 03:35:01.669,10,2024-05-31 04:00:00.743,0.0,30,30,-1,60000,13,5,0,8,913.5501,0,71.28999,5f993acb-b727-44ce-85d8-1bd257f91052.extra_data.json,6+THe69Q8P,0,com.sec.android.app.shealth,773690,59340000,5f993acb-b727-44ce-85d8-1bd257f91052,2024-05-31 00:00:00.000,
0,62610110,0,0,1722,300,1116468,90,0,62610110,2024-06-02 09:55:02.711,10,2024-06-01 04:00:00.376,0.0,30,30,-1,60000,20,7,0,8,1345.59,0,103.06998,f74e5bac-cf3f-46ad-9f71-a404387ee923.extra_data.json,6+THe69Q8P,0,com.sec.android.app.shealth,1116468,27119999,f74e5bac-cf3f-46ad-9f71-a404387ee923,2024-06-01 00:00:00.000,
0,62610110,0,0,1559,300,1031092,90,0,62610110,2024-06-03 05:00:09.083,10,2024-06-02 05:00:00.591,0.0,30,30,-1,60000,18,3,0,8,1226.13,0,93.65,d66b20b0-09ac-4de2-9475-90dd08bb23ec.extra_data.json,6+THe69Q8P,0,com.sec.android.app.shealth,1031092,53879999,d66b20b0-09ac-4de2-9475-90dd08bb23ec,2024-06-02 00:00:00.000,
0,62610110,0,0,2080,300,1348464,90,0,62610110,2024-06-03 19:55:18.274,10,2024-06-03 05:00:08.436,0.0,30,30,-1,180000,24,3,0,8,1615.3903,0,124.88999,86103584-50e0-4a25-a012-0a8d3d67b82b.extra_data.json,6+THe69Q8P,0,com.sec.android.app.shealth,1348464,45840000,86103584-50e0-4a25-a012-0a8d3d67b82b,2024-06-03 00:00:00.000,
0,62610110,0,0,2639,300,1719983,90,0,62610110,2024-06-05 02:02:41.548,10,2024-06-04 05:00:01.035,0.0,30,30,-1,120000,31,8,0,8,2037.65,0,159.33,80065af9-f3fb-4eb6-b7c9-97d21b696c2d.extra_data.json,6+THe69Q8P,2383,com.sec.android.app.shealth,1717600,29760000,80065af9-f3fb-4eb6-b7c9-97d21b696c2d,2024-06-04 00:00:00.000,
0,62610110,0,0,771,300,509558,90,0,62610110,2024-06-05 20:45:23.229,10,2024-06-05 05:00:00.713,0.0,30,30,-1,120000,8,1,0,8,609.13007,0,46.09998,46354e23-6342-4244-8a9a-e156a2e94076.extra_data.json,6+THe69Q8P,0,com.sec.android.app.shealth,509558,48300000,46354e23-6342-4244-8a9a-e156a2e94076,2024-06-05 00:00:00.000,
0,62610110,0,0,844,300,539513,90,0,62610110,2024-06-07 03:51:00.250,10,2024-06-06 07:00:00.558,0.0,30,30,-1,120000,8,2,0,8,665.1401,0,50.54998,f64f5169-119c-478f-a977-e101135ea141.extra_data.json,6+THe69Q8P,0,com.sec.android.app.shealth,539513,46440000,f64f5169-119c-478f-a977-e101135ea141,2024-06-06 00:00:00.000,
0,62610110,0,0,1721,300,1086363,90,0,62610110,2024-06-08 03:35:02.339,10,2024-06-07 07:00:00.629,0.0,30,30,-1,120000,20,7,0,8,1352.78,0,103.149994,c0dc722b-17a4-4520-9f3a-1c9d08751660.extra_data.json,6+THe69Q8P,0,com.sec.android.app.shealth,1086363,31140000,c0dc722b-17a4-4520-9f3a-1c9d08751660,2024-06-07 00:00:00.000,
0,62610110,0,0,256,300,170752,90,0,62610110,2024-06-09 01:15:00.982,10,2024-06-08 06:00:02.576,0.0,30,30,-1,23345,2,4,0,8,201.87003,0,15.169999,28f501d9-f3e4-4049-8951-273393c14a01.extra_data.json,6+THe69Q8P,0,com.sec.android.app.shealth,170752,24780000,28f501d9-f3e4-4049-8951-273393c14a01,2024-06-08 00:00:00.000,
0,62610110,0,0,703,300,468871,90,0,62610110,2024-06-10 02:12:51.330,10,2024-06-09 05:00:11.980,0.0,30,30,-1,60000,7,4,0,8,542.18994,0,42.32999,c3053f2d-516a-4f25-b862-cba6539ba42a.extra_data.json,6+THe69Q8P,0,com.sec.android.app.shealth,468871,26940000,c3053f2d-516a-4f25-b862-cba6539ba42a,2024-06-09 00:00:00.000,
0,62610110,0,0,93,300,62031,90,0,62610110,2024-06-11 09:02:47.843,10,2024-06-10 07:00:00.885,0.0,30,30,-1,22678,1,2,0,8,77.29,0,6.09,073ca3da-4ffb-4559-9d01-006f6dc05dd7.extra_data.json,6+THe69Q8P,0,com.sec.android.app.shealth,62031,82139999,073ca3da-4ffb-4559-9d01-006f6dc05dd7,2024-06-10 00:00:00.000,
0,62610110,0,0,1429,300,943745,90,0,62610110,2024-06-12 10:09:16.226,10,2024-06-11 07:00:00.734,0.0,30,30,-1,120000,16,4,0,8,1100.3501,0,85.75999,c6203fed-ebc3-4c8f-9425-6e0a2f6ee861.extra_data.json,6+THe69Q8P,0,com.sec.android.app.shealth,943745,44219999,c6203fed-ebc3-4c8f-9425-6e0a2f6ee861,2024-06-11 00:00:00.000,
0,62610110,0,0,1935,300,1255174,90,0,62610110,2024-06-13 15:00:09.661,10,2024-06-12 07:00:00.787,0.0,30,30,-1,120000,22,7,0,8,1512.1902,0,115.94001,557b3c6a-ba27-430d-a561-77c918bca11e.extra_data.json,6+THe69Q8P,0,com.sec.android.app.shealth,1255174,41100000,557b3c6a-ba27-430d-a561-77c918bca11e,2024-06-12 00:00:00.000,
0,62610110,0,0,563,300,354784,90,0,62610110,2024-06-14 04:08:56.032,10,2024-06-13 07:00:00.347,0.0,30,30,-1,60000,5,2,0,8,439.50003,0,33.809994,b36ac287-9030-45fa-9b03-d039475b8d81.extra_data.json,6+THe69Q8P,0,com.sec.android.app.shealth,354784,45660000,b36ac287-9030-45fa-9b03-d039475b8d81,2024-06-13 00:00:00.000,
0,62610110,0,0,845,300,554217,90,0,62610110,2024-06-15 04:11:52.056,10,2024-06-14 06:00:01.051,0.0,30,30,-1,120000,10,4,0,8,656.91,0,50.57,b547d14f-4cd6-4ca3-96a0-aac2ebcb077b.extra_data.json,6+THe69Q8P,0,com.sec.android.app.shealth,554217,31920000,b547d14f-4cd6-4ca3-96a0-aac2ebcb077b,2024-06-14 00:00:00.000,
0,62610110,0,0,2357,300,1544652,90,0,62610110,2024-06-16 04:28:14.296,10,2024-06-15 05:00:00.456,0.0,30,30,-1,120000,27,6,0,8,1847.5503,0,142.08997,1152a031-b137-4e3d-a7d7-1cb4897b8885.extra_data.json,6+THe69Q8P,0,com.sec.android.app.shealth,1544652,25620000,1152a031-b137-4e3d-a7d7-1cb4897b8885,2024-06-15 00:00:00.000,
0,62610110,0,0,944,300,619583,90,0,62610110,2024-06-17 01:55:48.641,10,2024-06-16 07:00:00.670,0.0,30,30,-1,60000,11,2,0,8,728.93005,0,56.82,1c3122ad-44cc-4ac9-8b52-5a74e8889bfd.extra_data.json,6+THe69Q8P,0,com.sec.android.app.shealth,619583,38100000,1c3122ad-44cc-4ac9-8b52-5a74e8889bfd,2024-06-16 00:00:00.000,
0,62610110,0,0,553,300,354117,90,0,62610110,2024-06-18 05:58:37.201,10,2024-06-17 07:00:00.418,0.0,30,30,-1,180000,5,3,0,8,432.25995,0,33.10999,6a55fec7-2fb1-4589-8fbc-f26b5ee394e2.extra_data.json,6+THe69Q8P,0,com.sec.android.app.shealth,354117,49740000,6a55fec7-2fb1-4589-8fbc-f26b5ee394e2,2024-06-17 00:00:00.000,
0,62610110,0,0,1615,300,1059106,90,0,62610110,2024-06-19 05:53:22.396,10,2024-06-18 07:00:00.688,0.0,30,30,-1,60000,18,7,0,8,1264.83,0,96.78999,bf7894dd-8bca-408e-98e2-eb961f56ca82.extra_data.json,6+THe69Q8P,0,com.sec.android.app.shealth,1059106,21120000,bf7894dd-8bca-408e-98e2-eb961f56ca82,2024-06-18 00:00:00.000,
0,62610110,0,0,1733,300,1141814,90,0,62610110,2024-06-20 04:35:02.325,10,2024-06-19 06:00:00.372,0.0,30,30,-1,120000,21,8,0,8,1340.9199,0,103.71997,60ea0142-221b-4990-b453-45bceb2fa867.extra_data.json,6+THe69Q8P,0,com.sec.android.app.shealth,1141814,47820000,60ea0142-221b-4990-b453-45bceb2fa867,2024-06-19 00:00:00.000,
0,62610110,0,0,836,300,542878,90,0,62610110,2024-06-21 00:15:02.179,10,2024-06-20 05:00:00.451,0.0,30,30,-1,120000,10,5,0,8,647.36,0,50.129986,08f03daf-1ac6-411c-a58d-f93324ee7191.extra_data.json,6+THe69Q8P,0,com.sec.android.app.shealth,542878,32160000,08f03daf-1ac6-411c-a58d-f93324ee7191,2024-06-20 00:00:00.000,
0,62610110,0,0,763,300,493621,90,0,62610110,2024-06-22 05:55:02.556,10,2024-06-21 04:00:05.039,0.0,30,30,-1,60000,8,2,0,8,603.30005,0,46.619976,0ba4762f-5368-44be-bba2-02bf709212be.extra_data.json,6+THe69Q8P,4800,com.sec.android.app.shealth,488821,50699999,0ba4762f-5368-44be-bba2-02bf709212be,2024-06-21 00:00:00.000,
0,62610110,0,0,1727,300,1104949,90,0,62610110,2024-06-22 21:35:01.703,10,2024-06-22 04:00:00.834,0.0,30,30,-1,180000,20,5,0,8,1334.13,0,103.70997,3189b6ae-6024-405c-97ac-babd84910dd3.extra_data.json,6+THe69Q8P,0,com.sec.android.app.shealth,1104949,34560000,3189b6ae-6024-405c-97ac-babd84910dd3,2024-06-22 00:00:00.000,
0,62610110,0,0,1901,300,1235104,90,0,62610110,2024-06-24 00:34:21.931,10,2024-06-23 04:00:00.607,0.0,30,30,-1,120000,22,5,0,8,1459.96,0,114.18001,bd760f96-5730-4ad4-96f0-17e08bb7999e.extra_data.json,6+THe69Q8P,0,com.sec.android.app.shealth,1235104,37140000,bd760f96-5730-4ad4-96f0-17e08bb7999e,2024-06-23 00:00:00.000,
0,62610110,0,0,2358,300,1560690,90,0,62610110,2024-06-25 14:57:42.801,10,2024-06-24 04:00:01.916,0.0,30,30,-1,120000,28,7,0,8,1826.0599,0,142.36998,bc658086-7ad2-473c-93e7-acf9c7c714b6.extra_data.json,6+THe69Q8P,0,com.sec.android.app.shealth,1560690,29519999,bc658086-7ad2-473c-93e7-acf9c7c714b6,2024-06-24 00:00:00.000,
0,62610110,0,0,4161,300,2730888,90,0,62610110,2024-06-26 02:19:33.641,10,2024-06-25 05:00:00.602,0.0,30,30,-1,120000,50,11,0,8,3238.9304,0,249.41994,c4af699c-e06d-461e-a376-0ad4837c7333.extra_data.json,6+THe69Q8P,400,com.sec.android.app.shealth,2730488,35820000,c4af699c-e06d-461e-a376-0ad4837c7333,2024-06-25 00:00:00.000,
0,62610110,0,0,1976,300,1289027,90,0,62610110,2024-06-27 16:00:09.312,10,2024-06-26 04:00:00.824,0.0,30,30,-1,60000,23,6,0,8,1542.1001,0,119.71998,5b09afcd-9244-430c-8158-76a9a66e82e8.extra_data.json,6+THe69Q8P,1200,com.sec.android.app.shealth,1287827,33719999,5b09afcd-9244-430c-8158-76a9a66e82e8,2024-06-26 00:00:00.000,
0,62610110,0,0,1180,300,780997,90,0,62610110,2024-06-28 02:07:55.416,10,2024-06-27 04:00:00.432,0.0,30,30,-1,60000,14,5,0,8,912.27,0,71.01998,2ee28535-21d5-42a3-b978-2f8873e6338e.extra_data.json,6+THe69Q8P,0,com.sec.android.app.shealth,780997,43080000,2ee28535-21d5-42a3-b978-2f8873e6338e,2024-06-27 00:00:00.000,
0,62610110,0,0,1939,300,1259175,90,0,62610110,2024-06-29 04:00:02.669,10,2024-06-28 04:00:01.383,0.0,30,30,-1,60000,22,6,0,8,1535.5599,0,116.56998,113e0568-4401-48b7-b068-f120e60a53a9.extra_data.json,6+THe69Q8P,2000,com.sec.android.app.shealth,1257175,29819999,113e0568-4401-48b7-b068-f120e60a53a9,2024-06-28 00:00:00.000,
0,62610110,0,0,1347,300,898449,90,0,62610110,2024-06-30 04:11:58.853,10,2024-06-29 04:00:02.290,0.0,30,30,-1,60000,15,5,0,8,1051.93,0,80.71999,b0f253fe-d60d-40f6-933b-12d26014eec9.extra_data.json,6+THe69Q8P,0,com.sec.android.app.shealth,898449,28499999,b0f253fe-d60d-40f6-933b-12d26014eec9,2024-06-29 00:00:00.000,
0,62610110,0,0,5297,300,3479838,90,0,62610110,2024-07-01 06:00:56.999,10,2024-06-30 04:11:57.741,0.0,30,30,-1,180000,63,17,0,8,4200.0596,0,318.86,89ecd3fd-c0b4-4a76-97ad-55c2eaa7eb33.extra_data.json,6+THe69Q8P,2400,com.sec.android.app.shealth,3477438,10499999,89ecd3fd-c0b4-4a76-97ad-55c2eaa7eb33,2024-06-30 00:00:00.000,
0,62610110,0,0,6537,300,4259751,90,0,62610110,2024-07-02 03:37:57.008,10,2024-07-01 06:00:56.482,0.0,30,30,-1,420000,77,11,0,8,5005.6494,0,397.08975,fa1806f0-d60d-427f-ab1c-6bc7c62cc8a4.extra_data.json,6+THe69Q8P,2800,com.sec.android.app.shealth,4256951,25380000,fa1806f0-d60d-427f-ab1c-6bc7c62cc8a4,2024-07-01 00:00:00.000,
0,62610110,0,0,7146,300,4682984,90,0,62610110,2024-07-03 04:33:49.061,10,2024-07-02 06:26:54.918,0.0,30,30,-1,240000,86,13,0,8,5461.441,0,429.80997,77efac42-c007-4a8e-bcbe-c74d8eb969e9.extra_data.json,6+THe69Q8P,0,com.sec.android.app.shealth,4682984,16260000,77efac42-c007-4a8e-bcbe-c74d8eb969e9,2024-07-02 00:00:00.000,
0,62610110,0,0,2904,300,1928265,90,0,62610110,2024-07-04 06:58:55.972,10,2024-07-03 06:00:00.434,0.0,30,30,-1,120000,35,12,0,8,2308.1992,0,176.26001,2eb3f3b7-8ade-4e50-aafd-d22f221ac304.extra_data.json,6+THe69Q8P,4000,com.sec.android.app.shealth,1924265,27240000,2eb3f3b7-8ade-4e50-aafd-d22f221ac304,2024-07-03 00:00:00.000,
0,62610110,0,0,1667,300,1071882,90,0,62610110,2024-07-05 06:35:02.648,10,2024-07-04 07:00:00.351,0.0,30,30,-1,180000,18,6,0,8,1359.3397,0,100.64,bf9fd50b-c264-4fb0-a32f-b573c01cae02.extra_data.json,6+THe69Q8P,800,com.sec.android.app.shealth,1071082,67980000,bf9fd50b-c264-4fb0-a32f-b573c01cae02,2024-07-04 00:00:00.000,
0,62610110,0,0,5105,300,3377834,90,0,62610110,2024-07-06 04:15:04.173,10,2024-07-05 07:00:00.550,0.0,30,30,-1,120000,62,14,0,8,3959.89,0,307.98993,e91dfab5-350f-44e7-8a52-6638f4f6ac71.extra_data.json,6+THe69Q8P,1600,com.sec.android.app.shealth,3376234,22020000,e91dfab5-350f-44e7-8a52-6638f4f6ac71,2024-07-05 00:00:00.000,
0,62610110,0,0,5736,300,3768458,90,0,62610110,2024-07-07 03:15:19.996,10,2024-07-06 05:00:00.537,0.0,30,30,-1,120000,68,20,0,8,4585.06,0,355.80988,119bdb9d-f650-4fc8-872f-f9ac55954b0d.extra_data.json,6+THe69Q8P,30800,com.sec.android.app.shealth,3737658,8520000,119bdb9d-f650-4fc8-872f-f9ac55954b0d,2024-07-06 00:00:00.000,
0,62610110,0,0,4829,300,3106514,90,0,62610110,2024-07-08 01:46:45.620,10,2024-07-07 04:00:00.668,0.0,30,30,-1,180000,56,7,0,8,3778.15,0,298.06998,9e9f4b0d-21e4-414b-9623-cac0986ede78.extra_data.json,6+THe69Q8P,37995,com.sec.android.app.shealth,3068519,35760000,9e9f4b0d-21e4-414b-9623-cac0986ede78,2024-07-07 00:00:00.000,
0,62610110,0,0,662,300,438856,90,0,62610110,2024-07-09 03:15:01.754,10,2024-07-08 04:00:00.671,0.0,30,30,-1,60000,7,2,0,8,515.24,0,39.65,51e0ff66-4b26-44d6-b6a4-0b7f010c14c7.extra_data.json,6+THe69Q8P,0,com.sec.android.app.shealth,438856,49020000,51e0ff66-4b26-44d6-b6a4-0b7f010c14c7,2024-07-08 00:00:00.000,
0,62610110,0,0,2360,300,1485866,90,0,62610110,2024-07-10 04:09:18.962,10,2024-07-09 04:00:00.650,0.0,30,30,-1,120000,26,5,0,8,1863.0796,0,141.31998,591c4d58-518b-4f4b-8480-37e246598764.extra_data.json,6+THe69Q8P,0,com.sec.android.app.shealth,1485866,34500000,591c4d58-518b-4f4b-8480-37e246598764,2024-07-09 00:00:00.000,
0,62610110,0,0,1755,300,1048891,90,0,62610110,2024-07-10 21:35:03.044,10,2024-07-10 05:00:00.517,0.0,30,30,-1,120000,18,4,0,8,1382.7302,0,105.34997,18497d41-29d2-4c73-98c5-c1157f68a5fd.extra_data.json,6+THe69Q8P,0,com.sec.android.app.shealth,1048891,39420000,18497d41-29d2-4c73-98c5-c1157f68a5fd,2024-07-10 00:00:00.000,
0,62610110,0,0,6156,300,4020374,90,0,62610110,2024-07-12 02:35:01.642,10,2024-07-11 05:00:02.086,0.0,30,30,-1,120000,73,13,0,8,4770.25,0,371.85004,885c9c87-0063-453e-9e97-385d30862114.extra_data.json,6+THe69Q8P,4000,com.sec.android.app.shealth,4016374,32700000,885c9c87-0063-453e-9e97-385d30862114,2024-07-11 00:00:00.000,
0,62610110,0,0,5531,300,3562914,90,0,62610110,2024-07-13 04:54:50.189,10,2024-07-12 05:00:06.314,0.0,30,30,-1,300000,65,10,0,8,4317.4,0,332.68994,c472c62c-aac3-447c-83c1-7cb40a5f3a61.extra_data.json,6+THe69Q8P,400,com.sec.android.app.shealth,3562514,31560000,c472c62c-aac3-447c-83c1-7cb40a5f3a61,2024-07-12 00:00:00.000,
0,62610110,0,0,4598,300,3057438,90,0,62610110,2024-07-14 06:35:28.026,10,2024-07-13 05:00:01.145,0.0,30,30,-1,60000,55,15,0,8,3540.2593,0,276.89993,d44d507c-ffa2-44c7-b47b-f5d668942512.extra_data.json,6+THe69Q8P,0,com.sec.android.app.shealth,3057438,14820000,d44d507c-ffa2-44c7-b47b-f5d668942512,2024-07-13 00:00:00.000,
0,62610110,0,0,1369,300,910425,90,0,62610110,2024-07-15 02:06:16.917,10,2024-07-14 07:00:02.293,0.0,30,30,-1,60000,16,5,0,8,1069.2699,0,82.27,6fe05cf3-d49e-48e4-965e-29128bcc92d2.extra_data.json,6+THe69Q8P,0,com.sec.android.app.shealth,910425,35400000,6fe05cf3-d49e-48e4-965e-29128bcc92d2,2024-07-14 00:00:00.000,
0,62610110,0,0,1737,300,1158579,90,0,62610110,2024-07-16 06:51:34.110,10,2024-07-15 08:29:34.226,0.0,30,30,-1,52026,21,5,0,8,1316.8099,0,104.799995,63aa194b-d782-4980-a4da-c79530f90532.extra_data.json,6+THe69Q8P,0,com.sec.android.app.shealth,1158579,29160000,63aa194b-d782-4980-a4da-c79530f90532,2024-07-15 00:00:00.000,
0,62610110,0,0,3179,300,2114626,90,0,62610110,2024-07-17 04:55:06.218,10,2024-07-16 07:00:00.707,0.0,30,30,-1,60000,38,10,0,8,2427.4495,0,191.67996,bfa4e0fb-2fa3-41eb-b60a-43b218e7fade.extra_data.json,6+THe69Q8P,1600,com.sec.android.app.shealth,2113026,21720000,bfa4e0fb-2fa3-41eb-b60a-43b218e7fade,2024-07-16 00:00:00.000,
0,62610110,0,0,1011,300,674337,90,0,62610110,2024-07-18 05:55:20.068,10,2024-07-17 08:22:18.424,0.0,30,30,-1,46690,12,5,0,8,772.3899,0,60.939995,4a09f3cb-5286-48d3-bfc5-c0e88849d7bc.extra_data.json,6+THe69Q8P,0,com.sec.android.app.shealth,674337,23220000,4a09f3cb-5286-48d3-bfc5-c0e88849d7bc,2024-07-17 00:00:00.000,
0,62610110,0,0,2313,300,1541703,90,0,62610110,2024-07-19 06:35:08.474,10,2024-07-18 07:00:01.975,0.0,30,30,-1,42021,27,15,0,8,1769.7704,0,140.78001,f6ae5426-1a4d-4821-bc8d-84da6a31b4fa.extra_data.json,6+THe69Q8P,1600,com.sec.android.app.shealth,1540103,33960000,f6ae5426-1a4d-4821-bc8d-84da6a31b4fa,2024-07-18 00:00:00.000,
0,62610110,0,0,1739,300,1156548,90,0,62610110,2024-07-20 03:55:23.885,10,2024-07-19 07:00:02.083,0.0,30,30,-1,60000,21,6,0,8,1329.9899,0,104.54,f95a9e86-a124-4eb2-ba1b-5047d34949f0.extra_data.json,6+THe69Q8P,0,com.sec.android.app.shealth,1156548,34980000,f95a9e86-a124-4eb2-ba1b-5047d34949f0,2024-07-19 00:00:00.000,
0,62610110,0,0,983,300,655661,90,0,62610110,2024-07-21 06:54:25.050,10,2024-07-20 07:00:00.898,0.0,30,30,-1,51359,11,7,0,8,750.06,0,59.109993,ed81ec94-13d8-46e3-8b1c-2cf6968c60e3.extra_data.json,6+THe69Q8P,0,com.sec.android.app.shealth,655661,46260000,ed81ec94-13d8-46e3-8b1c-2cf6968c60e3,2024-07-20 00:00:00.000,
0,62610110,0,0,957,300,638319,90,0,62701610,2024-07-22 03:15:03.845,10,2024-07-21 07:00:00.366,0.0,30,30,-1,52693,11,3,0,8,731.8502,0,57.269985,d6b3e5f0-1819-4fb7-998f-d9f4e46db894.extra_data.json,6+THe69Q8P,0,com.sec.android.app.shealth,638319,54780000,d6b3e5f0-1819-4fb7-998f-d9f4e46db894,2024-07-21 00:00:00.000,
0,62701610,0,0,0,300,0,90,0,62701610,2024-07-22 16:48:44.794,10,2024-07-22 07:00:10.533,0.0,30,30,-1,0,0,0,0,8,0.0,0,0.0,8fec6a4d-0836-429a-a3bd-13231fbfb5f8.extra_data.json,6+THe69Q8P,0,com.sec.android.app.shealth,0,-1,8fec6a4d-0836-429a-a3bd-13231fbfb5f8,2024-07-22 00:00:00.000,
0,62701610,0,0,499,300,327867,90,0,62701610,2024-07-24 04:31:04.699,10,2024-07-23 07:00:12.325,0.0,30,30,-1,60000,5,3,0,8,386.77002,0,30.47999,c90c1cd4-f56a-40dd-8169-1b1d4a57cb19.extra_data.json,6+THe69Q8P,400,com.sec.android.app.shealth,327467,46860000,c90c1cd4-f56a-40dd-8169-1b1d4a57cb19,2024-07-23 00:00:00.000,
0,62701610,0,0,1908,300,1253898,90,0,62701610,2024-07-25 01:12:44.268,10,2024-07-24 07:00:00.492,0.0,30,30,-1,240000,22,9,0,8,1466.8298,0,115.19998,3839188c-2bb7-4a87-b562-b7929eb2fd88.extra_data.json,6+THe69Q8P,4000,com.sec.android.app.shealth,1249898,24240000,3839188c-2bb7-4a87-b562-b7929eb2fd88,2024-07-24 00:00:00.000,
0,62701610,0,0,1956,300,1303288,90,0,62701610,2024-07-26 02:15:02.009,10,2024-07-25 07:13:20.123,0.0,30,30,-1,120000,23,9,0,8,1506.0402,0,118.23,6b050b51-5550-4c59-9382-1fc64c414c2e.extra_data.json,6+THe69Q8P,0,com.sec.android.app.shealth,1303288,22140000,6b050b51-5550-4c59-9382-1fc64c414c2e,2024-07-25 00:00:00.000,
0,62701610,0,0,2455,300,1636121,90,0,62701610,2024-07-27 05:35:24.977,10,2024-07-26 07:40:28.707,0.0,30,30,-1,180000,30,7,0,8,1856.6503,0,147.94995,d104feed-0021-465a-b525-23c719e8ea74.extra_data.json,6+THe69Q8P,0,com.sec.android.app.shealth,1636121,41820000,d104feed-0021-465a-b525-23c719e8ea74,2024-07-26 00:00:00.000,
0,62701610,0,0,2666,300,1765768,90,0,62701610,2024-07-28 04:36:57.092,10,2024-07-27 07:00:00.804,0.0,30,30,-1,120000,32,8,0,8,2053.27,0,160.63998,8b6d5720-5b71-41e9-8d73-342d528a9a53.extra_data.json,6+THe69Q8P,2400,com.sec.android.app.shealth,1763368,42180000,8b6d5720-5b71-41e9-8d73-342d528a9a53,2024-07-27 00:00:00.000,
0,62701610,0,0,219,300,144204,90,0,62701610,2024-07-29 03:28:39.052,10,2024-07-28 07:00:02.390,0.0,30,30,-1,35351,2,4,0,8,174.01001,0,14.069998,f5ac36cf-9ac4-4550-9791-a229d80eb28a.extra_data.json,6+THe69Q8P,2800,com.sec.android.app.shealth,141404,36720000,f5ac36cf-9ac4-4550-9791-a229d80eb28a,2024-07-28 00:00:00.000,
0,62701610,0,0,2535,300,1683314,90,0,62701610,2024-07-30 04:55:12.661,10,2024-07-29 07:00:00.856,0.0,30,30,-1,120000,31,6,0,8,1938.9802,0,153.16997,5f1dbecd-b393-4b47-9682-d01b37896fff.extra_data.json,6+THe69Q8P,1200,com.sec.android.app.shealth,1682114,57180000,5f1dbecd-b393-4b47-9682-d01b37896fff,2024-07-29 00:00:00.000,
0,62701610,0,0,1006,300,671002,90,0,62701610,2024-07-31 05:08:28.620,10,2024-07-30 07:00:00.698,0.0,30,30,-1,48691,12,7,0,8,769.28,0,60.499996,cb86cb06-332c-463f-8268-2e79ed881324.extra_data.json,6+THe69Q8P,0,com.sec.android.app.shealth,671002,38640000,cb86cb06-332c-463f-8268-2e79ed881324,2024-07-30 00:00:00.000,
0,62701610,0,0,2525,300,1668714,90,0,62701610,2024-08-01 06:48:22.226,10,2024-07-31 07:00:00.962,0.0,30,30,-1,120000,30,9,0,8,1949.8099,0,152.04002,f551cfd5-842d-426e-a72c-4fbef3597feb.extra_data.json,6+THe69Q8P,0,com.sec.android.app.shealth,1668714,29880000,f551cfd5-842d-426e-a72c-4fbef3597feb,2024-07-31 00:00:00.000,
0,62701610,0,0,1052,300,700082,90,0,62701610,2024-08-02 05:04:14.397,10,2024-08-01 07:00:00.472,0.0,30,30,-1,52026,12,8,0,8,804.3899,0,64.12999,84ecffb6-00a4-4a11-85a2-96c4355e0bf0.extra_data.json,6+THe69Q8P,2400,com.sec.android.app.shealth,697682,43200000,84ecffb6-00a4-4a11-85a2-96c4355e0bf0,2024-08-01 00:00:00.000,
0,62701610,0,0,1690,300,1126696,90,0,62701610,2024-08-03 00:44:08.949,10,2024-08-02 07:43:05.276,0.0,30,30,-1,60000,20,5,0,8,1301.6799,0,102.18001,50882941-38fe-4c45-8a62-b17f2bb5861b.extra_data.json,6+THe69Q8P,800,com.sec.android.app.shealth,1125896,45420000,50882941-38fe-4c45-8a62-b17f2bb5861b,2024-08-02 00:00:00.000,
0,62701610,0,0,4471,300,2974890,90,0,62701610,2024-08-04 06:43:54.490,10,2024-08-03 07:14:23.711,0.0,30,30,-1,60000,54,10,0,8,3495.5396,0,274.24002,7e2409fd-0ecf-4e8d-9d78-128c24faec33.extra_data.json,6+THe69Q8P,6800,com.sec.android.app.shealth,2968090,25200000,7e2409fd-0ecf-4e8d-9d78-128c24faec33,2024-08-03 00:00:00.000,
0,62701610,0,0,2598,300,1732866,90,0,62701610,2024-08-05 04:39:46.440,10,2024-08-04 07:00:00.488,0.0,30,30,-1,48024,31,11,0,8,1975.6901,0,156.38,40701f15-a53f-4c50-aae8-aead14d4ca6b.extra_data.json,6+THe69Q8P,0,com.sec.android.app.shealth,1732866,22020000,40701f15-a53f-4c50-aae8-aead14d4ca6b,2024-08-04 00:00:00.000,
0,62701610,0,0,1151,300,767717,90,0,62701610,2024-08-06 08:05:45.951,10,2024-08-05 07:00:25.186,0.0,30,30,-1,40020,13,5,0,8,880.39,0,68.97999,f697212a-71d5-461e-a3d2-38704ff71e04.extra_data.json,6+THe69Q8P,0,com.sec.android.app.shealth,767717,30779999,f697212a-71d5-461e-a3d2-38704ff71e04,2024-08-05 00:00:00.000,
0,62701610,0,0,2390,300,1594130,90,0,62701610,2024-08-07 05:05:19.463,10,2024-08-06 08:05:41.515,0.0,30,30,-1,48024,28,9,0,8,1819.3,0,143.98997,ca38d90b-1186-4011-b09e-afb19c1f57cf.extra_data.json,6+THe69Q8P,0,com.sec.android.app.shealth,1594130,32040000,ca38d90b-1186-4011-b09e-afb19c1f57cf,2024-08-06 00:00:00.000,
0,62701610,0,0,161,300,107387,90,0,62701610,2024-08-07 21:39:09.605,10,2024-08-07 07:00:02.089,0.0,30,30,-1,30015,1,1,0,8,121.72,0,9.659999,8fc374fc-cf1b-4653-bb3a-b29cb62ec31b.extra_data.json,6+THe69Q8P,0,com.sec.android.app.shealth,107387,51240000,8fc374fc-cf1b-4653-bb3a-b29cb62ec31b,2024-08-07 00:00:00.000,
0,62701610,0,0,562,300,374854,90,0,62701610,2024-08-09 01:53:11.073,10,2024-08-08 08:11:03.576,0.0,30,30,-1,40020,6,2,0,8,436.57,0,33.559994,8c05addf-234d-4ec9-b074-3abd376264da.extra_data.json,6+THe69Q8P,0,com.sec.android.app.shealth,374854,51660000,8c05addf-234d-4ec9-b074-3abd376264da,2024-08-08 00:00:00.000,
0,62701610,0,0,2497,300,1665499,90,0,62701610,2024-08-10 04:34:47.395,10,2024-08-09 07:46:58.439,0.0,30,30,-1,60000,30,5,0,8,1915.65,0,149.62,ea1af927-8cd0-4e3a-bf40-4ecdb0abb609.extra_data.json,6+THe69Q8P,0,com.sec.android.app.shealth,1665499,61380000,ea1af927-8cd0-4e3a-bf40-4ecdb0abb609,2024-08-09 00:00:00.000,
0,62701610,0,0,2643,300,1762851,90,0,62701610,2024-08-11 01:34:40.261,10,2024-08-10 07:00:01.775,0.0,30,30,-1,240000,32,3,0,8,1999.8901,0,158.97003,c0e022e6-2cce-424f-90ce-e18fdceff3b3.extra_data.json,6+THe69Q8P,0,com.sec.android.app.shealth,1762851,60120000,c0e022e6-2cce-424f-90ce-e18fdceff3b3,2024-08-10 00:00:00.000,
0,62701610,0,0,174,300,116058,90,0,62701610,2024-08-12 07:00:18.986,10,2024-08-11 07:00:32.577,0.0,30,30,-1,22678,1,2,0,8,132.81,0,10.460001,2da238cb-edcd-405a-a68d-b50333d75ac9.extra_data.json,6+THe69Q8P,0,com.sec.android.app.shealth,116058,34139999,2da238cb-edcd-405a-a68d-b50333d75ac9,2024-08-11 00:00:00.000,
0,62701610,0,0,812,300,541604,90,0,62701610,2024-08-13 02:35:02.002,10,2024-08-12 07:00:03.341,0.0,30,30,-1,48691,10,4,0,8,620.74994,0,48.850002,46fc3cbb-7dc0-4e16-8c09-41063b77eb89.extra_data.json,6+THe69Q8P,0,com.sec.android.app.shealth,541604,26700000,46fc3cbb-7dc0-4e16-8c09-41063b77eb89,2024-08-12 00:00:00.000,
0,62701610,0,0,155,300,103385,90,0,62701610,2024-08-14 06:34:42.927,10,2024-08-13 07:00:01.160,0.0,30,30,-1,22011,1,3,0,8,119.049995,0,9.24,8a7abf98-34ce-4816-a0ce-2d438bafe5b2.extra_data.json,6+THe69Q8P,0,com.sec.android.app.shealth,103385,41160000,8a7abf98-34ce-4816-a0ce-2d438bafe5b2,2024-08-13 00:00:00.000,
0,62701610,0,0,81,300,54027,90,0,62701610,2024-08-15 06:35:14.938,10,2024-08-14 07:00:00.605,0.0,30,30,-1,17342,0,1,0,8,60.440002,0,4.93,81a89a6b-28bf-4464-b16f-1fa00b65fcbf.extra_data.json,6+THe69Q8P,0,com.sec.android.app.shealth,54027,83580000,81a89a6b-28bf-4464-b16f-1fa00b65fcbf,2024-08-14 00:00:00.000,
0,62701610,0,0,739,300,490882,90,0,62701610,2024-08-16 05:15:15.885,10,2024-08-15 07:00:21.863,0.0,30,30,-1,60000,8,8,0,8,564.18994,0,44.58,a126f901-36aa-4caf-b25f-bdf0f699cda7.extra_data.json,6+THe69Q8P,0,com.sec.android.app.shealth,490882,35340000,a126f901-36aa-4caf-b25f-bdf0f699cda7,2024-08-15 00:00:00.000,
0,62701610,0,0,3818,300,2452924,90,0,62701610,2024-08-17 04:35:11.488,10,2024-08-16 07:00:01.262,0.0,30,30,-1,180000,44,10,0,8,2889.91,0,178.81999,f4452746-07b8-48bf-82f4-d35ceaa7c054.extra_data.json,6+THe69Q8P,4000,com.sec.android.app.shealth,2448924,21480000,f4452746-07b8-48bf-82f4-d35ceaa7c054,2024-08-16 00:00:00.000,
0,62701610,0,0,670,300,421484,90,0,62701610,2024-08-17 21:30:56.811,10,2024-08-17 05:00:01.033,0.0,30,30,-1,60000,7,2,0,8,508.1499,0,20.309994,3b22c4c5-3871-4b80-bf8f-1bf28b826abc.extra_data.json,6+THe69Q8P,0,com.sec.android.app.shealth,421484,34380000,3b22c4c5-3871-4b80-bf8f-1bf28b826abc,2024-08-17 00:00:00.000,
0,62701610,0,0,1844,300,1120230,90,0,62701610,2024-08-19 02:29:12.666,10,2024-08-18 05:00:17.291,0.0,30,30,-1,180000,20,4,0,8,1403.0199,0,55.789986,a8327d3b-28e6-4f07-877b-7492935d6df1.extra_data.json,6+THe69Q8P,0,com.sec.android.app.shealth,1120230,30540000,a8327d3b-28e6-4f07-877b-7492935d6df1,2024-08-18 00:00:00.000,
0,62701610,0,0,2497,300,1555054,90,0,62701610,2024-08-20 02:59:08.525,10,2024-08-19 05:00:00.558,0.0,30,30,-1,180000,27,6,0,8,1884.7297,0,75.94997,d99ee21e-d658-4e53-8b54-41872b17034b.extra_data.json,6+THe69Q8P,0,com.sec.android.app.shealth,1555054,46440000,d99ee21e-d658-4e53-8b54-41872b17034b,2024-08-19 00:00:00.000,
0,62701610,0,0,1032,300,662211,90,0,62701610,2024-08-21 14:15:31.338,10,2024-08-20 05:00:01.088,0.0,30,30,-1,60000,12,4,0,8,788.63995,0,31.339994,e02f2890-e7d4-408c-a565-c129bc642981.extra_data.json,6+THe69Q8P,0,com.sec.android.app.shealth,662211,34679999,e02f2890-e7d4-408c-a565-c129bc642981,2024-08-20 00:00:00.000,
0,62701610,0,0,170,300,113390,90,0,62701610,2024-08-22 02:53:48.803,10,2024-08-21 05:00:00.613,0.0,30,30,-1,32683,1,3,0,8,129.17,0,5.1999993,5351f4ac-9d9b-491d-9a75-2aa17d0f4973.extra_data.json,6+THe69Q8P,0,com.sec.android.app.shealth,113390,41820000,5351f4ac-9d9b-491d-9a75-2aa17d0f4973,2024-08-21 00:00:00.000,
0,62701610,0,0,1913,300,1215004,90,0,62701610,2024-08-23 04:30:20.144,10,2024-08-22 05:00:00.587,0.0,30,30,-1,180000,22,5,0,8,1442.0399,0,58.1,848698eb-2631-4ef8-bca5-73b3f08719ea.extra_data.json,6+THe69Q8P,0,com.sec.android.app.shealth,1215004,30120000,848698eb-2631-4ef8-bca5-73b3f08719ea,2024-08-22 00:00:00.000,
0,62701610,0,0,1983,300,1307169,90,0,62710150,2024-08-24 06:56:47.752,10,2024-08-23 06:00:00.637,0.0,30,30,-1,180000,23,7,0,8,1494.27,0,61.799984,1ef4df5c-f216-4387-a514-0201334b1be4.extra_data.json,6+THe69Q8P,2000,com.sec.android.app.shealth,1305169,28860000,1ef4df5c-f216-4387-a514-0201334b1be4,2024-08-23 00:00:00.000,
0,62710150,0,0,681,300,454227,90,0,62710150,2024-08-25 00:37:34.327,10,2024-08-24 07:00:02.185,0.0,30,30,-1,46023,7,7,0,8,521.73004,0,40.739994,80c7b9fa-c2db-4e38-99ed-8ac55f326388.extra_data.json,6+THe69Q8P,0,com.sec.android.app.shealth,454227,24960000,80c7b9fa-c2db-4e38-99ed-8ac55f326388,2024-08-24 00:00:00.000,
0,62710150,0,0,2655,300,1761427,90,0,62710150,2024-08-26 01:47:45.330,10,2024-08-25 07:00:00.428,0.0,30,30,-1,60000,32,9,0,8,2029.52,0,159.41003,1b2c5e68-8246-4eb8-a86d-8aebb6406374.extra_data.json,6+THe69Q8P,0,com.sec.android.app.shealth,1761427,34920000,1b2c5e68-8246-4eb8-a86d-8aebb6406374,2024-08-25 00:00:00.000,
0,62710150,0,0,2009,300,1328604,90,0,62710150,2024-08-27 06:49:47.169,10,2024-08-26 07:00:00.802,0.0,30,30,-1,60000,24,8,0,8,1528.9702,0,120.929985,13844033-190b-4cdc-82df-90f219062936.extra_data.json,6+THe69Q8P,0,com.sec.android.app.shealth,1328604,34920000,13844033-190b-4cdc-82df-90f219062936,2024-08-26 00:00:00.000,
0,62710150,0,0,2732,300,1818611,90,0,62710150,2024-08-28 07:15:23.656,10,2024-08-27 07:00:01.780,0.0,30,30,-1,60000,33,8,0,8,2083.3806,0,164.80997,630add98-b983-4f32-b509-9037df5257e7.extra_data.json,6+THe69Q8P,2400,com.sec.android.app.shealth,1816211,35040000,630add98-b983-4f32-b509-9037df5257e7,2024-08-27 00:00:00.000,
0,62710150,0,0,1812,300,1203845,90,0,62710150,2024-08-29 07:00:32.841,10,2024-08-28 07:00:03.116,0.0,30,30,-1,240000,22,8,0,8,1372.56,0,108.96999,d1ff165c-64c7-4759-8277-8fe632f92130.extra_data.json,6+THe69Q8P,0,com.sec.android.app.shealth,1203845,43860000,d1ff165c-64c7-4759-8277-8fe632f92130,2024-08-28 00:00:00.000,
0,62710150,0,0,6792,300,4508013,90,0,62710150,2024-08-30 07:21:47.956,10,2024-08-29 07:00:04.992,0.0,30,30,-1,180000,83,13,0,8,5195.808,0,408.06998,dde6b0ea-e2aa-4a5d-894f-1b5f2ed7148c.extra_data.json,6+THe69Q8P,0,com.sec.android.app.shealth,4508013,32760000,dde6b0ea-e2aa-4a5d-894f-1b5f2ed7148c,2024-08-29 00:00:00.000,
0,62710150,0,0,863,300,556613,90,0,62720090,2024-08-31 06:59:02.552,10,2024-08-30 07:00:00.959,0.0,30,30,-1,120000,10,5,0,8,698.83997,0,56.129997,890e2da8-787e-41c5-9e31-09fb6c47556d.extra_data.json,6+THe69Q8P,10400,com.sec.android.app.shealth,546213,41340000,890e2da8-787e-41c5-9e31-09fb6c47556d,2024-08-30 00:00:00.000,
0,62720090,0,0,2507,300,1666295,90,0,62720090,2024-09-01 06:59:58.266,10,2024-08-31 07:00:00.503,0.0,30,30,-1,60000,30,14,0,8,2006.9398,0,154.10995,fc8c2abb-a3be-45fa-920e-c4b98d6c8893.extra_data.json,6+THe69Q8P,8800,com.sec.android.app.shealth,1657495,16740000,fc8c2abb-a3be-45fa-920e-c4b98d6c8893,2024-08-31 00:00:00.000,
0,62720090,0,0,1264,300,833926,90,0,62720090,2024-09-02 06:56:50.745,10,2024-09-01 06:00:00.766,0.0,30,30,-1,120000,14,10,0,8,1006.38007,0,76.789986,388eb79e-74e2-4202-92a4-09d178a646b9.extra_data.json,6+THe69Q8P,1600,com.sec.android.app.shealth,832326,40800000,388eb79e-74e2-4202-92a4-09d178a646b9,2024-09-01 00:00:00.000,
0,62720090,0,0,4988,300,3230854,90,0,62720090,2024-09-03 03:57:58.596,10,2024-09-02 07:00:00.675,0.0,30,30,-1,180000,58,13,0,8,3926.2397,0,300.54996,3eca046a-f3b5-43f4-8b78-6322fa1788c2.extra_data.json,6+THe69Q8P,1600,com.sec.android.app.shealth,3229254,25920000,3eca046a-f3b5-43f4-8b78-6322fa1788c2,2024-09-02 00:00:00.000,
0,62720090,0,0,327,300,218109,90,0,62720090,2024-09-04 04:06:03.057,10,2024-09-03 05:00:00.482,0.0,30,30,-1,60000,3,1,0,8,257.27,0,19.539991,6b31fae7-ff9c-4b07-8dcf-dfdd5064681f.extra_data.json,6+THe69Q8P,0,com.sec.android.app.shealth,218109,38580000,6b31fae7-ff9c-4b07-8dcf-dfdd5064681f,2024-09-03 00:00:00.000,
0,62720090,0,0,3535,300,2338144,90,0,62720090,2024-09-05 06:49:01.491,10,2024-09-04 05:00:00.539,0.0,30,30,-1,60000,42,14,0,8,2772.26,0,212.74995,824ad631-c6f6-4e67-92f1-834eb66ec2a3.extra_data.json,6+THe69Q8P,2400,com.sec.android.app.shealth,2335744,28320000,824ad631-c6f6-4e67-92f1-834eb66ec2a3,2024-09-04 00:00:00.000,
0,62720090,0,0,5863,300,3795565,90,0,62720090,2024-09-06 06:15:02.537,10,2024-09-05 07:00:00.629,0.0,30,30,-1,120000,68,13,0,8,4811.1797,0,382.1798,ae341b21-e961-4ca2-b6e6-8b1d5980c8f2.extra_data.json,6+THe69Q8P,30800,com.sec.android.app.shealth,3764765,21420000,ae341b21-e961-4ca2-b6e6-8b1d5980c8f2,2024-09-05 00:00:00.000,
0,62720090,0,0,2177,300,1389848,90,0,62720090,2024-09-07 05:59:15.660,10,2024-09-06 07:00:02.283,0.0,30,30,-1,120000,25,8,0,8,1739.77,0,132.97998,9b64d0f3-56c1-4e1b-803b-7a7d159c4797.extra_data.json,6+THe69Q8P,0,com.sec.android.app.shealth,1389848,22980000,9b64d0f3-56c1-4e1b-803b-7a7d159c4797,2024-09-06 00:00:00.000,
0,62720090,0,0,4663,300,3088593,90,0,62720090,2024-09-08 04:57:51.040,10,2024-09-07 06:00:00.604,0.0,30,30,-1,180000,56,18,0,8,3631.03,0,280.41,d8ed0338-2d1a-4445-8236-0659d3dff265.extra_data.json,6+THe69Q8P,1200,com.sec.android.app.shealth,3087393,21000000,d8ed0338-2d1a-4445-8236-0659d3dff265,2024-09-07 00:00:00.000,
0,62720090,0,0,5840,300,3780083,90,0,62720090,2024-09-09 04:35:11.798,10,2024-09-08 05:00:00.623,0.0,30,30,-1,1080000,70,8,0,8,4472.4795,0,351.59985,286b1fcb-9fec-4673-9c63-ee3cf5e800cf.extra_data.json,6+THe69Q8P,0,com.sec.android.app.shealth,3780083,36120000,286b1fcb-9fec-4673-9c63-ee3cf5e800cf,2024-09-08 00:00:00.000,
0,62720090,0,0,1241,300,824382,90,0,62720090,2024-09-10 04:18:54.135,10,2024-09-09 05:00:00.903,0.0,30,30,-1,60000,14,6,0,8,964.75995,0,74.33999,15e503b8-b6ac-4d40-9d37-3d9407b442aa.extra_data.json,6+THe69Q8P,0,com.sec.android.app.shealth,824382,42060000,15e503b8-b6ac-4d40-9d37-3d9407b442aa,2024-09-09 00:00:00.000,
0,62720090,0,0,2150,300,1407649,90,0,62720090,2024-09-11 02:52:37.430,10,2024-09-10 04:19:25.919,0.0,30,30,-1,120000,25,10,0,8,1719.61,0,132.63995,0defe137-990c-4940-8c26-5ce2b5d5873c.extra_data.json,6+THe69Q8P,2400,com.sec.android.app.shealth,1405249,27000000,0defe137-990c-4940-8c26-5ce2b5d5873c,2024-09-10 00:00:00.000,
0,62720090,0,0,2740,300,1749211,90,0,62720090,2024-09-12 01:45:15.582,10,2024-09-11 04:00:00.935,0.0,30,30,-1,180000,32,7,0,8,2141.6099,0,164.48001,a92d0ebf-09ad-46ee-a06f-32e8f387cb6f.extra_data.json,6+THe69Q8P,0,com.sec.android.app.shealth,1749211,42720000,a92d0ebf-09ad-46ee-a06f-32e8f387cb6f,2024-09-11 00:00:00.000,
0,62720090,0,0,898,300,597898,90,0,62720090,2024-09-13 03:05:42.907,10,2024-09-12 04:00:01.368,0.0,30,30,-1,60000,10,6,0,8,717.54004,0,55.47,ea0febdc-5f52-4394-9fe9-7c513ec65983.extra_data.json,6+THe69Q8P,1600,com.sec.android.app.shealth,596298,51300000,ea0febdc-5f52-4394-9fe9-7c513ec65983,2024-09-12 00:00:00.000,
0,62720090,0,0,1244,300,825716,90,0,62720090,2024-09-14 04:42:04.025,10,2024-09-13 05:00:01.300,0.0,30,30,-1,60000,14,9,0,8,987.9799,0,74.63,ae1cee99-f7fc-414b-9519-8c149e9189cc.extra_data.json,6+THe69Q8P,0,com.sec.android.app.shealth,825716,34500000,ae1cee99-f7fc-414b-9519-8c149e9189cc,2024-09-13 00:00:00.000,
0,62720090,0,0,2713,300,1772202,90,0,62720090,2024-09-15 06:34:08.978,10,2024-09-14 05:00:00.455,0.0,30,30,-1,120000,32,10,0,8,2132.0,0,162.44995,e1bfd350-82b4-4cba-af34-7340e2232876.extra_data.json,6+THe69Q8P,800,com.sec.android.app.shealth,1771402,17580000,e1bfd350-82b4-4cba-af34-7340e2232876,2024-09-14 00:00:00.000,
0,62720090,0,0,830,300,538876,90,0,62720090,2024-09-16 00:54:27.306,10,2024-09-15 07:00:00.630,0.0,30,30,-1,60000,8,3,0,8,650.71,0,49.699997,0394271f-9e3f-4b13-a5c2-05bafb94b34a.extra_data.json,6+THe69Q8P,0,com.sec.android.app.shealth,538876,49140000,0394271f-9e3f-4b13-a5c2-05bafb94b34a,2024-09-15 00:00:00.000,
0,62720090,0,0,435,300,283415,90,0,62720090,2024-09-17 07:05:29.881,10,2024-09-16 07:00:01.158,0.0,30,30,-1,60000,4,2,0,8,337.77997,0,26.089998,bfe00e9c-7f13-4486-9fd6-f1996e1c3c4b.extra_data.json,6+THe69Q8P,0,com.sec.android.app.shealth,283415,45120000,bfe00e9c-7f13-4486-9fd6-f1996e1c3c4b,2024-09-16 00:00:00.000,
0,62720090,0,0,3266,300,2143716,90,0,62720090,2024-09-18 06:55:02.678,10,2024-09-17 07:00:24.979,0.0,30,30,-1,120000,38,5,0,8,2507.5403,0,199.01996,7fbf85e6-edf3-4039-8644-5c486f259a67.extra_data.json,6+THe69Q8P,10800,com.sec.android.app.shealth,2132916,54300000,7fbf85e6-edf3-4039-8644-5c486f259a67,2024-09-17 00:00:00.000,
0,62720090,0,0,3064,300,2010136,90,0,62720090,2024-09-19 05:55:08.082,10,2024-09-18 07:00:00.863,0.0,30,30,-1,120000,36,14,0,8,2508.7605,0,194.75998,149d73e5-689f-4d8e-901a-c7ce3bae0a59.extra_data.json,6+THe69Q8P,17200,com.sec.android.app.shealth,1992936,14700000,149d73e5-689f-4d8e-901a-c7ce3bae0a59,2024-09-18 00:00:00.000,
0,62720090,0,0,1466,300,961754,90,0,62720090,2024-09-20 05:00:02.927,10,2024-09-19 06:00:00.749,0.0,30,30,-1,60000,17,10,0,8,1165.53,0,87.75998,18d25c17-6122-47b7-8209-7f9488aee8e0.extra_data.json,6+THe69Q8P,0,com.sec.android.app.shealth,961754,40499999,18d25c17-6122-47b7-8209-7f9488aee8e0,2024-09-19 00:00:00.000,
0,62720090,0,0,2598,300,1715003,90,0,62720090,2024-09-21 05:12:27.561,10,2024-09-20 05:00:01.580,0.0,30,30,-1,120000,31,11,0,8,2053.67,0,156.60995,dd3f3a0f-6576-4b10-be2b-9e5805004b53.extra_data.json,6+THe69Q8P,1600,com.sec.android.app.shealth,1713403,38400000,dd3f3a0f-6576-4b10-be2b-9e5805004b53,2024-09-20 00:00:00.000,
0,62720090,0,0,5630,300,3680098,90,0,62720090,2024-09-21 23:55:21.024,10,2024-09-21 05:00:03.032,0.0,30,30,-1,480000,67,10,0,8,4342.8105,0,339.25,5260147a-0af1-4a8c-8c94-097db994080d.extra_data.json,6+THe69Q8P,2800,com.sec.android.app.shealth,3677298,20160000,5260147a-0af1-4a8c-8c94-097db994080d,2024-09-21 00:00:00.000,
0,62720090,0,0,494,300,329498,90,0,62720090,2024-09-23 03:53:52.671,10,2024-09-22 04:00:00.738,0.0,30,30,-1,34684,5,5,0,8,397.7,0,30.07,899de7ab-6e86-400c-bcf8-66857b89ba59.extra_data.json,6+THe69Q8P,0,com.sec.android.app.shealth,329498,32640000,899de7ab-6e86-400c-bcf8-66857b89ba59,2024-09-22 00:00:00.000,
0,62720090,0,0,2005,300,1284522,90,0,62720090,2024-09-24 06:55:02.424,10,2024-09-23 05:00:00.696,0.0,30,30,-1,120000,23,12,0,8,1578.16,0,119.44998,edee7311-2eaf-49e8-aee2-56e135d71164.extra_data.json,6+THe69Q8P,0,com.sec.android.app.shealth,1284522,30960000,edee7311-2eaf-49e8-aee2-56e135d71164,2024-09-23 00:00:00.000,
0,62720090,0,0,549,300,362151,90,0,62720090,2024-09-24 20:50:47.624,10,2024-09-24 07:00:01.639,0.0,30,30,-1,60000,6,1,0,8,418.32,0,33.039997,666c841e-cf67-4487-a56f-7b5a4a58e21d.extra_data.json,6+THe69Q8P,0,com.sec.android.app.shealth,362151,48240000,666c841e-cf67-4487-a56f-7b5a4a58e21d,2024-09-24 00:00:00.000,
0,62720090,0,0,1446,300,947050,90,0,62720090,2024-09-26 04:59:41.589,10,2024-09-25 07:00:00.638,0.0,30,30,-1,60000,16,6,0,8,1123.76,0,86.600006,a74c7bce-b12e-4f4f-9b7d-8dad6f346720.extra_data.json,6+THe69Q8P,0,com.sec.android.app.shealth,947050,41100000,a74c7bce-b12e-4f4f-9b7d-8dad6f346720,2024-09-25 00:00:00.000,
0,62720090,0,0,1937,300,1291712,90,0,62720090,2024-09-27 04:26:40.454,10,2024-09-26 06:00:00.655,0.0,30,30,-1,60000,23,15,0,8,1537.19,0,117.42,2c264cba-1b12-467b-ba91-322baa9597d7.extra_data.json,6+THe69Q8P,400,com.sec.android.app.shealth,1291312,7620000,2c264cba-1b12-467b-ba91-322baa9597d7,2024-09-26 00:00:00.000,
0,62720090,0,0,1256,300,828618,90,0,62720090,2024-09-28 03:22:02.226,10,2024-09-27 05:00:00.808,0.0,30,30,-1,120000,14,6,0,8,1023.75995,0,81.40999,a75789c3-364c-4b13-aff3-fcaec7f1ca5a.extra_data.json,6+THe69Q8P,5600,com.sec.android.app.shealth,823018,66420000,a75789c3-364c-4b13-aff3-fcaec7f1ca5a,2024-09-27 00:00:00.000,
0,62720090,0,0,3591,300,2355176,90,0,62720090,2024-09-29 03:22:50.866,10,2024-09-28 05:00:00.950,0.0,30,30,-1,120000,42,13,0,8,2915.7495,0,225.36989,797c2812-65c6-40da-913f-1292cdb0dcea.extra_data.json,6+THe69Q8P,28800,com.sec.android.app.shealth,2326376,28200000,797c2812-65c6-40da-913f-1292cdb0dcea,2024-09-28 00:00:00.000,
0,62720090,0,0,2076,300,1335214,90,0,62720090,2024-09-30 03:55:24.228,10,2024-09-29 04:00:02.495,0.0,30,30,-1,180000,24,6,0,8,1574.7397,0,124.92997,3dc868f6-5658-4736-9f77-e9e4b252c31a.extra_data.json,6+THe69Q8P,0,com.sec.android.app.shealth,1335214,37560000,3dc868f6-5658-4736-9f77-e9e4b252c31a,2024-09-29 00:00:00.000,
0,62720090,0,0,1905,300,1175651,90,0,62720090,2024-09-30 23:30:53.537,10,2024-09-30 04:00:00.638,0.0,30,30,-1,240000,21,5,0,8,1472.1901,0,114.56,e681516e-6772-4e9e-a319-c62a5d5df3b0.extra_data.json,6+THe69Q8P,0,com.sec.android.app.shealth,1175651,53520000,e681516e-6772-4e9e-a319-c62a5d5df3b0,2024-09-30 00:00:00.000,
0,62720090,0,0,4119,300,2738003,90,0,62720090,2024-10-02 03:50:21.090,10,2024-10-01 04:00:01.945,0.0,30,30,-1,120000,50,11,0,8,3285.8298,0,247.53993,36fd6fc4-e6a2-4af0-9c55-4041bbd735aa.extra_data.json,6+THe69Q8P,4000,com.sec.android.app.shealth,2734003,27720000,36fd6fc4-e6a2-4af0-9c55-4041bbd735aa,2024-10-01 00:00:00.000,
0,62720090,0,0,1254,300,836418,90,0,62720090,2024-10-03 03:21:10.396,10,2024-10-02 04:00:00.669,0.0,30,30,-1,43355,14,11,0,8,980.4201,0,75.28998,7675e299-19d4-4e01-a806-26791a63ac88.extra_data.json,6+THe69Q8P,0,com.sec.android.app.shealth,836418,40380000,7675e299-19d4-4e01-a806-26791a63ac88,2024-10-02 00:00:00.000,
0,62720090,0,0,2571,300,1704954,90,0,62720090,2024-10-04 04:00:02.170,10,2024-10-03 04:00:00.624,0.0,30,30,-1,60000,31,10,0,8,2013.6702,0,154.78001,08d905fb-0fc9-41b7-bfda-614a366a4fb6.extra_data.json,6+THe69Q8P,2800,com.sec.android.app.shealth,1702154,15659999,08d905fb-0fc9-41b7-bfda-614a366a4fb6,2024-10-03 00:00:00.000,
0,62720090,0,0,895,300,568030,90,0,62720090,2024-10-05 03:08:35.915,10,2024-10-04 04:00:01.186,0.0,30,30,-1,120000,10,2,0,8,696.1,0,54.069992,f7d7dafb-e51c-4f91-a1a9-a8bf525bff4e.extra_data.json,6+THe69Q8P,1200,com.sec.android.app.shealth,566830,80640000,f7d7dafb-e51c-4f91-a1a9-a8bf525bff4e,2024-10-04 00:00:00.000,
0,62720090,0,0,1621,300,1053770,90,0,62720090,2024-10-06 04:33:47.372,10,2024-10-05 04:00:00.774,0.0,30,30,-1,180000,18,8,0,8,1270.5199,0,96.71,a1dde5a2-62b9-43c6-a176-ba563857c555.extra_data.json,6+THe69Q8P,0,com.sec.android.app.shealth,1053770,30720000,a1dde5a2-62b9-43c6-a176-ba563857c555,2024-10-05 00:00:00.000,
0,62720090,0,0,1214,300,788971,90,0,62720090,2024-10-07 04:00:01.939,10,2024-10-06 04:00:01.065,0.0,30,30,-1,60000,14,5,0,8,945.89,0,72.639984,a3771d09-e435-45b0-9805-21cba2eae40f.extra_data.json,6+THe69Q8P,0,com.sec.android.app.shealth,788971,29039999,a3771d09-e435-45b0-9805-21cba2eae40f,2024-10-06 00:00:00.000,
0,62720090,0,0,1635,300,1069718,90,0,62720090,2024-10-08 04:37:56.104,10,2024-10-07 04:00:01.048,0.0,30,30,-1,120000,18,7,0,8,1259.8301,0,98.20997,97ce5d6b-4ca8-42a2-ba0b-63c334016882.extra_data.json,6+THe69Q8P,0,com.sec.android.app.shealth,1069718,20400000,97ce5d6b-4ca8-42a2-ba0b-63c334016882,2024-10-07 00:00:00.000,
0,62720090,0,0,2037,300,1341562,90,0,62720090,2024-10-09 05:15:01.839,10,2024-10-08 04:00:01.195,0.0,30,30,-1,60000,23,14,0,8,1634.6396,0,126.99998,557c3827-a5bc-41b0-ae09-7be53ad7ab42.extra_data.json,6+THe69Q8P,23600,com.sec.android.app.shealth,1317962,18000000,557c3827-a5bc-41b0-ae09-7be53ad7ab42,2024-10-08 00:00:00.000,
0,62720090,0,0,2473,300,1624350,90,0,62720090,2024-10-10 07:35:07.017,10,2024-10-09 06:00:27.701,0.0,30,30,-1,60000,30,14,0,8,1997.6302,0,154.66,4a5d3a38-b40f-4c77-8d09-0d6ed11fd050.extra_data.json,6+THe69Q8P,3600,com.sec.android.app.shealth,1620750,15240000,4a5d3a38-b40f-4c77-8d09-0d6ed11fd050,2024-10-09 00:00:00.000,
0,62720090,0,0,4287,300,2833962,90,0,62720090,2024-10-11 03:15:21.499,10,2024-10-10 07:00:01.420,0.0,30,30,-1,120000,52,17,0,8,3393.2107,0,258.53992,f2f0843e-feba-49b3-882b-a91d9e1c6175.extra_data.json,6+THe69Q8P,2000,com.sec.android.app.shealth,2831962,6840000,f2f0843e-feba-49b3-882b-a91d9e1c6175,2024-10-10 00:00:00.000,
0,62720090,0,0,1484,300,975064,90,0,62720090,2024-10-12 05:00:02.433,10,2024-10-11 05:00:02.182,0.0,30,30,-1,120000,17,8,0,8,1163.16,0,89.53999,23aefca3-3ab6-48c2-885d-cf64ac049357.extra_data.json,6+THe69Q8P,0,com.sec.android.app.shealth,975064,34559999,23aefca3-3ab6-48c2-885d-cf64ac049357,2024-10-11 00:00:00.000,
0,62720090,0,0,960,300,634257,90,0,62720090,2024-10-13 04:13:10.956,10,2024-10-12 05:00:01.300,0.0,30,30,-1,120000,11,4,0,8,742.6,0,59.059982,075a1bf0-1408-4ad4-b499-3ed5808b79e5.extra_data.json,6+THe69Q8P,0,com.sec.android.app.shealth,634257,45060000,075a1bf0-1408-4ad4-b499-3ed5808b79e5,2024-10-12 00:00:00.000,
0,62720090,0,0,3805,300,2501356,90,0,62720090,2024-10-14 06:06:41.504,10,2024-10-13 05:00:00.679,0.0,30,30,-1,60000,44,12,0,8,3209.98,0,253.63994,406ae8e3-c675-4fae-81d0-772d730b0b5d.extra_data.json,6+THe69Q8P,54800,com.sec.android.app.shealth,2446556,16140000,406ae8e3-c675-4fae-81d0-772d730b0b5d,2024-10-13 00:00:00.000,
0,62720090,0,0,3273,300,2072376,90,0,62720090,2024-10-15 03:47:32.758,10,2024-10-14 07:00:00.910,0.0,30,30,-1,420000,37,4,0,8,2544.3103,0,196.32997,d7f0619a-e592-469e-b38d-bad03a7d3fa2.extra_data.json,6+THe69Q8P,0,com.sec.android.app.shealth,2072376,44340000,d7f0619a-e592-469e-b38d-bad03a7d3fa2,2024-10-14 00:00:00.000,
0,62720090,0,0,2994,300,1996998,90,0,62720090,2024-10-16 03:55:05.946,10,2024-10-15 07:14:47.195,0.0,30,30,-1,60000,36,17,0,8,2381.7903,0,180.13992,a8a7ef5e-c093-4d44-abde-b12a7311736b.extra_data.json,6+THe69Q8P,0,com.sec.android.app.shealth,1996998,10980000,a8a7ef5e-c093-4d44-abde-b12a7311736b,2024-10-15 00:00:00.000,
0,62720090,0,0,4510,300,2936918,90,0,62720090,2024-10-17 04:57:32.284,10,2024-10-16 05:00:02.633,0.0,30,30,-1,180000,53,13,0,8,3647.0596,0,284.72998,e358f122-953e-4d03-9c2a-678a08d33a70.extra_data.json,6+THe69Q8P,30951,com.sec.android.app.shealth,2905967,21900000,e358f122-953e-4d03-9c2a-678a08d33a70,2024-10-16 00:00:00.000,
0,62720090,0,0,2037,300,1352616,90,0,62820030,2024-11-06 12:46:28.176,10,2024-10-17 05:00:00.702,0.0,30,30,-1,60000,24,12,0,8,1596.8198,0,121.40996,3a39c337-d77e-4da0-960f-c7479d02857b.extra_data.json,6+THe69Q8P,0,com.sec.android.app.shealth,1352616,86400000,3a39c337-d77e-4da0-960f-c7479d02857b,2024-10-17 00:00:00.000,
0,62720090,0,0,2804,300,1855472,90,0,62820030,2024-11-14 21:41:03.132,10,2024-10-18 04:00:01.300,0.0,30,30,-1,60000,33,12,0,8,2190.7097,0,171.42993,7e2360b6-beff-43fb-8e20-9586949792e8.extra_data.json,6+THe69Q8P,4000,com.sec.android.app.shealth,1851472,86400000,7e2360b6-beff-43fb-8e20-9586949792e8,2024-10-18 00:00:00.000,
0,62720090,0,0,3663,300,2440389,90,0,62720090,2024-10-20 04:45:05.935,10,2024-10-19 04:00:00.715,0.0,30,30,-1,60000,44,18,0,8,2914.75,0,218.51991,5bfcfb44-8130-4cc0-9a57-596fb2c31b25.extra_data.json,6+THe69Q8P,1200,com.sec.android.app.shealth,2439189,15840000,5bfcfb44-8130-4cc0-9a57-596fb2c31b25,2024-10-19 00:00:00.000,
0,62720090,0,0,2816,300,1822756,90,0,62720090,2024-10-21 05:26:23.726,10,2024-10-20 05:00:00.644,0.0,30,30,-1,120000,33,13,0,8,2239.8599,0,173.81,47df3e1d-8fab-4fb5-8874-e47ec72ddb5f.extra_data.json,6+THe69Q8P,10000,com.sec.android.app.shealth,1812756,17280000,47df3e1d-8fab-4fb5-8874-e47ec72ddb5f,2024-10-20 00:00:00.000,
0,62720090,0,0,4306,300,2789965,90,0,62720090,2024-10-22 03:44:03.889,10,2024-10-21 06:00:00.750,0.0,30,30,-1,240000,51,12,0,8,3423.421,0,265.70993,723eaf80-d803-4add-b58d-ee499563c476.extra_data.json,6+THe69Q8P,5600,com.sec.android.app.shealth,2784365,23220000,723eaf80-d803-4add-b58d-ee499563c476,2024-10-21 00:00:00.000,
0,62720090,0,0,1567,300,1031752,90,0,62720090,2024-10-23 06:33:19.501,10,2024-10-22 07:00:02.663,0.0,30,30,-1,180000,17,4,0,8,1314.0299,0,105.499985,d77a46a1-1c30-440b-aca7-f53545f40c4d.extra_data.json,6+THe69Q8P,14000,com.sec.android.app.shealth,1017752,51480000,d77a46a1-1c30-440b-aca7-f53545f40c4d,2024-10-22 00:00:00.000,
0,62720090,0,0,2168,300,1399066,90,0,62820030,2024-11-14 21:40:59.860,10,2024-10-23 07:00:01.115,0.0,30,30,-1,540000,25,6,0,8,1646.8795,0,130.34995,64bb7986-24c5-491b-a26c-9315c85fa5e6.extra_data.json,6+THe69Q8P,0,com.sec.android.app.shealth,1399066,86400000,64bb7986-24c5-491b-a26c-9315c85fa5e6,2024-10-23 00:00:00.000,
0,62810050,0,0,2262,300,1457912,90,0,62820030,2024-11-14 21:40:59.463,10,2024-10-24 07:00:00.465,0.0,30,30,-1,120000,26,9,0,8,1767.3899,0,135.6,c718041a-8ad5-4fd7-9674-a6d68db0d080.extra_data.json,6+THe69Q8P,0,com.sec.android.app.shealth,1457912,86400000,c718041a-8ad5-4fd7-9674-a6d68db0d080,2024-10-24 00:00:00.000,
0,62810050,0,0,6605,300,4324921,90,0,62820030,2024-11-14 21:40:59.043,10,2024-10-25 07:00:01.283,0.0,30,30,-1,120000,78,19,0,8,5327.0,0,410.19992,b34b4c74-e2e8-4e9f-9d6d-c99b0c584efd.extra_data.json,6+THe69Q8P,14400,com.sec.android.app.shealth,4310521,86400000,b34b4c74-e2e8-4e9f-9d6d-c99b0c584efd,2024-10-25 00:00:00.000,
0,62810050,0,0,1304,300,846113,90,0,62820030,2024-11-14 21:40:58.507,10,2024-10-26 07:00:00.510,0.0,30,30,-1,60000,14,8,0,8,1075.67,0,84.73,1ff9608d-5a80-4b92-a9a7-42a87713b443.extra_data.json,6+THe69Q8P,26400,com.sec.android.app.shealth,819713,86400000,1ff9608d-5a80-4b92-a9a7-42a87713b443,2024-10-26 00:00:00.000,
0,62810050,0,0,1516,300,1009036,90,0,62820030,2024-11-14 21:40:58.157,10,2024-10-27 05:00:00.534,0.0,30,30,-1,53360,17,9,0,8,1216.9501,0,91.14998,a508cc14-9313-4106-be02-7ef9a8651b47.extra_data.json,6+THe69Q8P,3200,com.sec.android.app.shealth,1005836,86400000,a508cc14-9313-4106-be02-7ef9a8651b47,2024-10-27 00:00:00.000,
0,62810050,0,0,3119,300,2043448,90,0,62820030,2024-11-14 21:40:57.833,10,2024-10-28 04:00:00.694,0.0,30,30,-1,120000,37,9,0,8,2387.5498,0,187.53998,16599e09-a693-4b75-ac5f-8b76c2f8b350.extra_data.json,6+THe69Q8P,0,com.sec.android.app.shealth,2043448,86400000,16599e09-a693-4b75-ac5f-8b76c2f8b350,2024-10-28 00:00:00.000,
0,62810050,0,0,1546,300,980977,90,0,62820030,2024-11-14 21:40:57.593,10,2024-10-29 04:00:00.373,0.0,30,30,-1,240000,17,3,0,8,1192.1399,0,92.79995,3f452c73-a774-4e53-be59-8ca42cec159b.extra_data.json,6+THe69Q8P,0,com.sec.android.app.shealth,980977,86400000,3f452c73-a774-4e53-be59-8ca42cec159b,2024-10-29 00:00:00.000,
0,62810050,0,0,5498,300,3628755,90,0,62820030,2024-11-26 20:19:27.462,10,2024-10-30 04:00:00.883,0.0,30,30,-1,120000,66,18,0,8,4380.5986,0,333.9699,3e2956e0-7c6b-4959-9631-f953c71aa718.extra_data.json,6+THe69Q8P,10400,com.sec.android.app.shealth,3618355,86400000,3e2956e0-7c6b-4959-9631-f953c71aa718,2024-10-30 00:00:00.000,
0,62810050,0,0,2659,300,1738689,90,0,62820030,2024-11-26 20:19:27.058,10,2024-10-31 05:00:00.318,0.0,30,30,-1,240000,31,9,0,8,2034.0796,0,159.67998,bf3af10b-d57a-47d4-9e60-9878c1140b50.extra_data.json,6+THe69Q8P,0,com.sec.android.app.shealth,1738689,86400000,bf3af10b-d57a-47d4-9e60-9878c1140b50,2024-10-31 00:00:00.000,
0,62810050,0,0,1199,300,795728,90,0,62820030,2024-11-26 20:19:26.692,10,2024-11-01 05:00:00.820,0.0,30,30,-1,60000,14,7,0,8,943.6501,0,72.79997,d9cb37e8-eb8b-49d8-95cc-b83018b3a59e.extra_data.json,6+THe69Q8P,6000,com.sec.android.app.shealth,789728,86400000,d9cb37e8-eb8b-49d8-95cc-b83018b3a59e,2024-11-01 00:00:00.000,
0,62810050,0,0,1857,300,1209758,90,0,62820030,2024-11-26 20:19:26.313,10,2024-11-02 05:00:00.666,0.0,30,30,-1,120000,22,10,0,8,1469.0499,0,111.58,654b9b71-82cf-470f-8436-644023415e66.extra_data.json,6+THe69Q8P,0,com.sec.android.app.shealth,1209758,86400000,654b9b71-82cf-470f-8436-644023415e66,2024-11-02 00:00:00.000,
0,62810050,0,0,2946,300,1888992,90,0,62820030,2024-11-26 20:19:25.849,10,2024-11-03 07:00:00.921,0.0,30,30,-1,120000,34,5,0,8,2337.72,0,186.54,df82489c-961b-4ed4-88da-88fab657681b.extra_data.json,6+THe69Q8P,17600,com.sec.android.app.shealth,1871392,86400000,df82489c-961b-4ed4-88da-88fab657681b,2024-11-03 00:00:00.000,
0,62810050,0,0,2762,300,1786016,90,0,62820030,2024-11-26 20:19:25.317,10,2024-11-04 08:00:03.515,0.0,30,30,-1,240000,32,8,0,8,2124.6099,0,165.89,7f41f3ab-3495-4b72-8486-5d9e6bc035fc.extra_data.json,6+THe69Q8P,0,com.sec.android.app.shealth,1786016,86400000,7f41f3ab-3495-4b72-8486-5d9e6bc035fc,2024-11-04 00:00:00.000,
0,62810050,0,0,1363,300,888324,90,0,62820030,2024-11-26 20:19:24.866,10,2024-11-05 08:00:02.522,0.0,30,30,-1,60000,15,4,0,8,1049.0099,0,81.70997,28cc3dc4-6c3b-44f7-a5f6-c584c312561e.extra_data.json,6+THe69Q8P,0,com.sec.android.app.shealth,888324,86400000,28cc3dc4-6c3b-44f7-a5f6-c584c312561e,2024-11-05 00:00:00.000,
0,62810050,0,0,1817,300,1178497,90,0,62820030,2024-11-26 20:19:24.557,10,2024-11-06 08:00:00.623,0.0,30,30,-1,60000,21,9,0,8,1473.9003,0,113.02999,d45d7f54-45b7-4d9b-b5f5-9e30a242979a.extra_data.json,6+THe69Q8P,4000,com.sec.android.app.shealth,1174497,86400000,d45d7f54-45b7-4d9b-b5f5-9e30a242979a,2024-11-06 00:00:00.000,
0,62820030,0,0,3147,300,2065845,90,0,62820030,2024-11-26 20:19:24.184,10,2024-11-07 08:00:00.660,0.0,30,30,-1,120000,37,12,0,8,2470.4797,0,188.5099,5db44569-61f6-43ba-af4d-58df66b2e3af.extra_data.json,6+THe69Q8P,1600,com.sec.android.app.shealth,2064245,86400000,5db44569-61f6-43ba-af4d-58df66b2e3af,2024-11-07 00:00:00.000,
0,62820030,0,0,2704,300,1743458,90,0,62820030,2024-11-26 20:19:23.256,10,2024-11-08 08:00:22.679,0.0,30,30,-1,180000,31,14,0,8,2161.46,0,166.29999,6813827d-6d5a-417d-8544-e6b717b9a786.extra_data.json,6+THe69Q8P,6800,com.sec.android.app.shealth,1736658,86400000,6813827d-6d5a-417d-8544-e6b717b9a786,2024-11-08 00:00:00.000,
0,62820030,0,0,5276,300,3500264,90,0,62820030,2024-11-26 20:19:22.472,10,2024-11-09 06:00:00.471,0.0,30,30,-1,120000,64,17,0,8,4176.68,0,317.02988,6e691162-a70a-4694-9d2e-ec8bf714c746.extra_data.json,6+THe69Q8P,4000,com.sec.android.app.shealth,3496264,86400000,6e691162-a70a-4694-9d2e-ec8bf714c746,2024-11-09 00:00:00.000,
0,62820030,0,0,4324,300,2822177,90,0,62850050,2024-12-07 21:25:56.522,10,2024-11-10 05:00:01.859,0.0,30,30,-1,180000,52,13,0,8,3409.85,0,260.22998,e06484dc-c74d-45d4-bdae-e4e6f43f412a.extra_data.json,6+THe69Q8P,400,com.sec.android.app.shealth,2821777,86400000,e06484dc-c74d-45d4-bdae-e4e6f43f412a,2024-11-10 00:00:00.000,
0,62820030,0,0,1753,300,1125686,90,0,62850050,2024-12-07 21:25:56.136,10,2024-11-11 06:00:00.543,0.0,30,30,-1,300000,20,7,0,8,1370.8899,0,104.75995,3f8f0d7f-6a36-4356-89dd-cb14d84552de.extra_data.json,6+THe69Q8P,0,com.sec.android.app.shealth,1125686,86400000,3f8f0d7f-6a36-4356-89dd-cb14d84552de,2024-11-11 00:00:00.000,
0,62820030,0,0,1420,300,932376,90,0,62850050,2024-12-07 21:25:55.688,10,2024-11-12 06:00:00.493,0.0,30,30,-1,60000,16,7,0,8,1100.7401,0,84.96998,32d4fb64-61cc-4358-9981-568709e97bc2.extra_data.json,6+THe69Q8P,0,com.sec.android.app.shealth,932376,86400000,32d4fb64-61cc-4358-9981-568709e97bc2,2024-11-12 00:00:00.000,
0,62820030,0,0,2066,300,1262283,90,0,62850050,2024-12-07 21:25:55.124,10,2024-11-13 05:00:00.640,0.0,30,30,-1,180000,22,4,0,8,1653.92,0,127.429985,eeaee6ec-e20c-40b8-b2be-2d1a963985ad.extra_data.json,6+THe69Q8P,15916,com.sec.android.app.shealth,1246367,86400000,eeaee6ec-e20c-40b8-b2be-2d1a963985ad,2024-11-13 00:00:00.000,
0,62820030,0,0,5320,300,3507348,90,0,62850050,2024-12-07 21:25:54.618,10,2024-11-14 05:00:00.607,0.0,30,30,-1,180000,63,14,0,8,4226.1494,0,331.00995,a5688ff3-6749-4e9c-9b01-302e8f691ca4.extra_data.json,6+THe69Q8P,36400,com.sec.android.app.shealth,3470948,86400000,a5688ff3-6749-4e9c-9b01-302e8f691ca4,2024-11-14 00:00:00.000,
0,62820030,0,0,2244,300,1466374,90,0,62850050,2024-12-07 21:25:53.884,10,2024-11-15 06:00:03.473,0.0,30,30,-1,120000,26,9,0,8,1805.4897,0,140.38998,0afe6c91-e31e-45c3-93a5-94c778ef3d8c.extra_data.json,6+THe69Q8P,4400,com.sec.android.app.shealth,1461974,86400000,0afe6c91-e31e-45c3-93a5-94c778ef3d8c,2024-11-15 00:00:00.000,
0,62820030,0,0,2755,300,1825519,90,0,62850050,2024-12-07 21:25:52.856,10,2024-11-16 06:00:00.867,0.0,30,30,-1,180000,33,10,0,8,2111.97,0,165.17998,1fc4dc4c-b930-4f98-ae62-ccef4963a904.extra_data.json,6+THe69Q8P,0,com.sec.android.app.shealth,1825519,86400000,1fc4dc4c-b930-4f98-ae62-ccef4963a904,2024-11-16 00:00:00.000,
0,62820030,0,0,4127,300,2736521,90,0,62850050,2024-12-07 21:25:52.538,10,2024-11-17 07:00:58.290,0.0,30,30,-1,480000,50,11,0,8,3123.3896,0,248.53996,80060b54-ae70-4455-9a2b-0f6bdccce275.extra_data.json,6+THe69Q8P,0,com.sec.android.app.shealth,2736521,86400000,80060b54-ae70-4455-9a2b-0f6bdccce275,2024-11-17 00:00:00.000,
0,62820030,0,0,2736,300,1822154,90,0,62850050,2024-12-07 21:25:52.147,10,2024-11-18 07:00:02.926,0.0,30,30,-1,300000,33,9,0,8,2073.3198,0,164.35999,b2da7f41-d014-4fb0-8bff-d89e484cb7f2.extra_data.json,6+THe69Q8P,0,com.sec.android.app.shealth,1822154,86400000,b2da7f41-d014-4fb0-8bff-d89e484cb7f2,2024-11-18 00:00:00.000,
0,62820030,0,0,2391,300,1562571,90,0,62850050,2024-12-07 21:25:51.821,10,2024-11-19 07:00:03.610,0.0,30,30,-1,480000,28,7,0,8,1818.6401,0,143.68999,60cfec7d-abb8-46b3-9b75-081b1c03b8c3.extra_data.json,6+THe69Q8P,0,com.sec.android.app.shealth,1562571,86400000,60cfec7d-abb8-46b3-9b75-081b1c03b8c3,2024-11-19 00:00:00.000,
0,62820030,0,0,1139,300,759713,90,0,62850050,2024-12-07 21:25:51.465,10,2024-11-20 07:00:23.634,0.0,30,30,-1,48024,13,5,0,8,867.44006,0,68.310005,b2879456-b91d-4932-a68b-476bcd3b4dc0.extra_data.json,6+THe69Q8P,0,com.sec.android.app.shealth,759713,86400000,b2879456-b91d-4932-a68b-476bcd3b4dc0,2024-11-20 00:00:00.000,
0,62820030,0,0,3131,300,2065015,90,0,62850050,2024-12-07 21:25:51.071,10,2024-11-21 07:00:00.672,0.0,30,30,-1,180000,37,9,0,8,2402.4607,0,188.41002,b23a0243-120f-49db-8f36-7a60627aa17e.extra_data.json,6+THe69Q8P,800,com.sec.android.app.shealth,2064215,86400000,b23a0243-120f-49db-8f36-7a60627aa17e,2024-11-21 00:00:00.000,
0,62820030,0,0,765,300,510255,90,0,62850050,2024-12-07 21:25:50.780,10,2024-11-22 08:00:00.548,0.0,30,30,-1,47357,8,11,0,8,615.8301,0,46.93,3ca235eb-6941-49a7-bb5d-bd9fd59e9ec7.extra_data.json,6+THe69Q8P,0,com.sec.android.app.shealth,510255,86400000,3ca235eb-6941-49a7-bb5d-bd9fd59e9ec7,2024-11-22 00:00:00.000,
0,62820030,0,0,4005,300,2632481,90,0,62850050,2024-12-07 21:25:50.332,10,2024-11-23 06:00:00.601,0.0,30,30,-1,120000,47,14,0,8,3183.3801,0,242.40996,0865ab39-de10-4876-bee5-584db6da46db.extra_data.json,6+THe69Q8P,2800,com.sec.android.app.shealth,2629681,86400000,0865ab39-de10-4876-bee5-584db6da46db,2024-11-23 00:00:00.000,
0,62820030,0,0,1809,300,1193233,90,0,62850050,2024-12-07 21:25:49.913,10,2024-11-24 05:00:01.652,0.0,30,30,-1,60000,21,8,0,8,1415.9701,0,108.28999,c1fab5e2-b24f-4123-a81a-adb50f184f4e.extra_data.json,6+THe69Q8P,0,com.sec.android.app.shealth,1193233,86400000,c1fab5e2-b24f-4123-a81a-adb50f184f4e,2024-11-24 00:00:00.000,
0,62820030,0,0,4531,300,2936787,90,0,62850050,2024-12-07 21:25:49.507,10,2024-11-25 05:00:20.757,0.0,30,30,-1,120000,53,15,0,8,3963.3306,0,322.14996,7512f8a2-1e5e-4feb-90de-6ee565fb6910.extra_data.json,6+THe69Q8P,81600,com.sec.android.app.shealth,2855187,86400000,7512f8a2-1e5e-4feb-90de-6ee565fb6910,2024-11-25 00:00:00.000,
0,62820030,0,0,3521,300,2293294,90,0,62850050,2024-12-07 21:25:49.141,10,2024-11-26 06:00:02.354,0.0,30,30,-1,60000,41,12,0,8,2920.3604,0,229.31998,bee2078c-9761-4c6a-8f10-650f1df22d88.extra_data.json,6+THe69Q8P,57600,com.sec.android.app.shealth,2235694,86400000,bee2078c-9761-4c6a-8f10-650f1df22d88,2024-11-26 00:00:00.000,
0,62820030,0,0,4267,300,2786698,90,0,62850050,2024-12-07 21:25:48.595,10,2024-11-27 07:00:00.656,0.0,30,30,-1,120000,51,15,0,8,3593.6008,0,277.59995,06b9e480-d289-43df-892b-2f742d9f215d.extra_data.json,6+THe69Q8P,24655,com.sec.android.app.shealth,2762043,86400000,06b9e480-d289-43df-892b-2f742d9f215d,2024-11-27 00:00:00.000,
0,62820030,0,0,1390,300,924727,90,0,62850050,2024-12-07 21:25:47.461,10,2024-11-28 05:00:00.520,0.0,30,30,-1,60000,16,8,0,8,1084.97,0,85.31001,c827c721-a90a-4004-8ecb-4e1fa123228f.extra_data.json,6+THe69Q8P,3600,com.sec.android.app.shealth,921127,86400000,c827c721-a90a-4004-8ecb-4e1fa123228f,2024-11-28 00:00:00.000,
0,62820030,0,0,2784,300,1813738,90,0,62850050,2024-12-07 21:25:46.971,10,2024-11-29 05:00:00.988,0.0,30,30,-1,120000,32,4,0,8,2397.5305,0,189.08003,5e642c1c-f3d3-4a20-b598-8c3162006709.extra_data.json,6+THe69Q8P,39949,com.sec.android.app.shealth,1773789,86400000,5e642c1c-f3d3-4a20-b598-8c3162006709,2024-11-29 00:00:00.000,
0,62820030,0,0,4255,300,2751995,90,0,62850050,2024-12-07 21:25:46.500,10,2024-11-30 06:00:02.823,0.0,30,30,-1,180000,50,11,0,8,3632.0593,0,288.74994,b91cb971-f770-4f98-b24b-e449a9d1e7bb.extra_data.json,6+THe69Q8P,64435,com.sec.android.app.shealth,2687560,86400000,b91cb971-f770-4f98-b24b-e449a9d1e7bb,2024-11-30 00:00:00.000,
0,62820030,0,0,8961,300,5863528,90,0,62850050,2024-12-07 21:25:46.023,10,2024-12-01 06:00:00.454,0.0,30,30,-1,120000,107,13,0,8,7469.5015,0,588.95984,65601e97-3fd9-463a-8c64-ae0fdbbea9a0.extra_data.json,6+THe69Q8P,74182,com.sec.android.app.shealth,5789346,86400000,65601e97-3fd9-463a-8c64-ae0fdbbea9a0,2024-12-01 00:00:00.000,
0,62820030,0,0,2768,300,1794609,90,0,62850050,2024-12-07 21:25:45.623,10,2024-12-02 05:00:00.762,0.0,30,30,-1,120000,32,9,0,8,2251.84,0,174.34998,3873f8bb-850f-491b-90cc-7fbd798fb331.extra_data.json,6+THe69Q8P,9200,com.sec.android.app.shealth,1785409,86400000,3873f8bb-850f-491b-90cc-7fbd798fb331,2024-12-02 00:00:00.000,
0,62820030,0,0,791,300,527597,90,0,62850050,2024-12-07 21:25:45.347,10,2024-12-03 06:00:00.948,0.0,30,30,-1,53360,8,5,0,8,625.92,0,48.37,f7caedda-3562-4462-b476-f53d04bf7dae.extra_data.json,6+THe69Q8P,0,com.sec.android.app.shealth,527597,86400000,f7caedda-3562-4462-b476-f53d04bf7dae,2024-12-03 00:00:00.000,
0,62820030,0,0,990,300,639504,90,0,62850050,2024-12-07 21:25:44.980,10,2024-12-04 05:00:01.200,0.0,30,30,-1,47357,11,9,0,8,962.5399,0,81.52999,1406be6c-490f-446c-aca8-bd96d26b2c9b.extra_data.json,6+THe69Q8P,31200,com.sec.android.app.shealth,608304,86400000,1406be6c-490f-446c-aca8-bd96d26b2c9b,2024-12-04 00:00:00.000,
0,62820030,0,0,4136,300,2671702,90,0,62850050,2024-12-07 21:25:44.563,10,2024-12-05 06:00:00.479,0.0,30,30,-1,120000,48,16,0,8,3263.8906,0,247.45996,f0ed45dc-cf16-4ccd-9fa3-4bf33cbdc61e.extra_data.json,6+THe69Q8P,0,com.sec.android.app.shealth,2671702,86400000,f0ed45dc-cf16-4ccd-9fa3-4bf33cbdc61e,2024-12-05 00:00:00.000,
0,62820030,0,0,2522,300,1640373,90,0,62850050,2024-12-07 21:55:31.660,10,2024-12-06 06:00:02.009,0.0,30,30,-1,60000,30,7,0,8,1954.0198,0,151.91998,fc49dfd1-890e-4e24-a85e-b6b3c17ec191.extra_data.json,6+THe69Q8P,400,com.sec.android.app.shealth,1639973,86400000,fc49dfd1-890e-4e24-a85e-b6b3c17ec191,2024-12-06 00:00:00.000,
0,62820030,0,0,2905,300,1917965,90,0,62850050,2024-12-08 21:16:10.601,10,2024-12-07 06:00:00.662,0.0,30,30,-1,60000,34,14,0,8,2271.57,0,175.10997,47e74743-83f1-4e3c-a56a-fe53096f2bee.extra_data.json,6+THe69Q8P,400,com.sec.android.app.shealth,1917565,86400000,47e74743-83f1-4e3c-a56a-fe53096f2bee,2024-12-07 00:00:00.000,
0,62850050,0,0,817,300,535511,90,0,62850050,2024-12-09 14:43:26.737,10,2024-12-08 07:00:16.276,0.0,30,30,-1,60000,8,5,0,8,632.47003,0,48.999977,5c683ab2-f907-4c38-959e-918a25e95d12.extra_data.json,6+THe69Q8P,0,com.sec.android.app.shealth,535511,86400000,5c683ab2-f907-4c38-959e-918a25e95d12,2024-12-08 00:00:00.000,
0,62850050,0,0,1937,300,1236296,90,0,62850050,2024-12-10 08:02:17.034,10,2024-12-09 07:00:02.472,0.0,30,30,-1,240000,22,5,0,8,1549.9302,0,119.19997,3645ba4a-aca9-4f98-a87b-cf780085b749.extra_data.json,6+THe69Q8P,17200,com.sec.android.app.shealth,1219096,86400000,3645ba4a-aca9-4f98-a87b-cf780085b749,2024-12-09 00:00:00.000,
0,62850050,0,0,2573,300,1676522,90,0,62850050,2024-12-11 08:52:45.102,10,2024-12-10 07:00:00.631,0.0,30,30,-1,120000,30,8,0,8,2043.2999,0,158.13997,e7ec9d39-b8af-434d-938a-f717f9ff37a3.extra_data.json,6+THe69Q8P,5200,com.sec.android.app.shealth,1671322,86400000,e7ec9d39-b8af-434d-938a-f717f9ff37a3,2024-12-10 00:00:00.000,
0,62850050,0,0,1011,300,663605,90,0,62850050,2024-12-12 06:53:46.403,10,2024-12-11 07:00:00.387,0.0,30,30,-1,60000,12,6,0,8,791.9399,0,60.60999,468bcb9d-3950-4b31-a5b7-d75e70746994.extra_data.json,6+THe69Q8P,0,com.sec.android.app.shealth,663605,86400000,468bcb9d-3950-4b31-a5b7-d75e70746994,2024-12-11 00:00:00.000,
0,62850050,0,0,4276,300,2819420,90,0,62850050,2024-12-13 06:15:14.605,10,2024-12-12 06:00:00.806,0.0,30,30,-1,60000,51,15,0,8,3413.2407,0,259.02,c196c231-b9a5-4c68-9504-0be6f5bb1688.extra_data.json,6+THe69Q8P,4800,com.sec.android.app.shealth,2814620,86400000,c196c231-b9a5-4c68-9504-0be6f5bb1688,2024-12-12 00:00:00.000,
0,62850050,0,0,2096,300,1367363,90,0,62850050,2024-12-14 07:52:19.093,10,2024-12-13 06:00:01.014,0.0,30,30,-1,120000,24,12,0,8,1682.8798,0,127.01997,3c53d2ab-693a-48fa-84ce-a7eca446d44d.extra_data.json,6+THe69Q8P,800,com.sec.android.app.shealth,1366563,86400000,3c53d2ab-693a-48fa-84ce-a7eca446d44d,2024-12-13 00:00:00.000,
0,62850050,0,0,4337,300,2869334,90,0,62850050,2024-12-15 20:11:59.880,10,2024-12-14 07:00:01.161,0.0,30,30,-1,60000,52,13,0,8,3407.8704,0,264.5999,581d43c6-96a3-4a74-9c28-3b5db8c881f5.extra_data.json,6+THe69Q8P,20000,com.sec.android.app.shealth,2849334,86400000,581d43c6-96a3-4a74-9c28-3b5db8c881f5,2024-12-14 00:00:00.000,
0,62850050,0,0,471,300,314157,90,0,62850050,2024-12-16 17:15:01.686,10,2024-12-15 07:10:36.172,0.0,30,30,-1,60000,5,4,0,8,363.16003,0,28.429993,64f97a89-f136-4b7b-998f-693fbf30c2e0.extra_data.json,6+THe69Q8P,0,com.sec.android.app.shealth,314157,86400000,64f97a89-f136-4b7b-998f-693fbf30c2e0,2024-12-15 00:00:00.000,
0,62850050,0,0,1046,300,697682,90,0,62850050,2024-12-17 14:44:37.146,10,2024-12-16 07:03:40.320,0.0,30,30,-1,53360,12,8,0,8,803.37,0,62.70999,1a012bf6-4df1-4010-9863-5f218c364515.extra_data.json,6+THe69Q8P,0,com.sec.android.app.shealth,697682,86400000,1a012bf6-4df1-4010-9863-5f218c364515,2024-12-16 00:00:00.000,
0,62850050,0,0,1397,300,924297,90,0,62850050,2024-12-18 15:05:31.749,10,2024-12-17 07:00:02.049,0.0,30,30,-1,60000,16,8,0,8,1082.6699,0,86.08997,9a24a31e-5517-4b91-b6cf-cce48abf0468.extra_data.json,6+THe69Q8P,3200,com.sec.android.app.shealth,921097,86400000,9a24a31e-5517-4b91-b6cf-cce48abf0468,2024-12-17 00:00:00.000,
0,62850050,0,0,1805,300,1170435,90,0,62850050,2024-12-19 15:35:01.309,10,2024-12-18 07:00:00.584,0.0,30,30,-1,300000,21,10,0,8,1414.6603,0,109.789986,1fe03062-1561-4583-ae03-812f643d6b4d.extra_data.json,6+THe69Q8P,0,com.sec.android.app.shealth,1170435,86400000,1fe03062-1561-4583-ae03-812f643d6b4d,2024-12-18 00:00:00.000,
0,62850050,0,0,1923,300,1282641,90,0,62850050,2024-12-20 10:35:03.061,10,2024-12-19 07:46:18.726,0.0,30,30,-1,60000,23,10,0,8,1474.5801,0,115.360016,2c39e005-dd6d-48ca-a394-23b0a395e9aa.extra_data.json,6+THe69Q8P,0,com.sec.android.app.shealth,1282641,86400000,2c39e005-dd6d-48ca-a394-23b0a395e9aa,2024-12-19 00:00:00.000,
0,62850050,0,0,3939,300,2612252,90,0,62850050,2024-12-21 17:50:26.891,10,2024-12-20 07:00:02.478,0.0,30,30,-1,60000,47,10,0,8,3035.9302,0,237.91998,7f9e8b7f-6f4b-42eb-8638-b1651860d292.extra_data.json,6+THe69Q8P,400,com.sec.android.app.shealth,2611852,86400000,7f9e8b7f-6f4b-42eb-8638-b1651860d292,2024-12-20 00:00:00.000,
0,62850050,0,0,2817,300,1866843,90,0,62850050,2024-12-22 08:30:16.615,10,2024-12-21 07:48:59.725,0.0,30,30,-1,180000,34,9,0,8,2157.7297,0,169.37999,ead5b756-3302-4ab3-9c6d-ced6e111210e.extra_data.json,6+THe69Q8P,0,com.sec.android.app.shealth,1866843,86400000,ead5b756-3302-4ab3-9c6d-ced6e111210e,2024-12-21 00:00:00.000,
0,62850050,0,0,1617,300,1073676,90,0,62850050,2025-01-18 20:25:14.250,10,2024-12-22 07:00:00.745,0.0,30,30,-1,60000,18,10,0,8,1244.2001,0,97.46999,7bbb070a-42a9-464b-b7da-7143b7cbbd47.extra_data.json,6+THe69Q8P,1200,com.sec.android.app.shealth,1072476,86400000,7bbb070a-42a9-464b-b7da-7143b7cbbd47,2024-12-22 00:00:00.000,
0,62850050,0,0,3537,300,2313673,90,0,62850050,2025-01-18 20:25:14.088,10,2024-12-23 07:00:11.137,0.0,30,30,-1,300000,42,7,0,8,2716.1501,0,213.91002,c7c6bca8-c3e4-4482-9326-730f90232810.extra_data.json,6+THe69Q8P,5045,com.sec.android.app.shealth,2308628,86400000,c7c6bca8-c3e4-4482-9326-730f90232810,2024-12-23 00:00:00.000,
0,62850050,0,0,2733,300,1819516,90,0,62850050,2025-01-18 20:25:13.954,10,2024-12-24 07:58:35.403,0.0,30,30,-1,120000,33,10,0,8,2096.1704,0,163.86996,7dc3009a-3ad5-4b26-9600-929498607c24.extra_data.json,6+THe69Q8P,0,com.sec.android.app.shealth,1819516,86400000,7dc3009a-3ad5-4b26-9600-929498607c24,2024-12-24 00:00:00.000,
0,62850050,0,0,1519,300,1007241,90,0,62850050,2025-01-18 20:25:13.824,10,2024-12-25 07:00:00.580,0.0,30,30,-1,60000,17,10,0,8,1165.6199,0,92.87999,3f699d7c-a88a-417e-9e08-c3da9e22d1f9.extra_data.json,6+THe69Q8P,4800,com.sec.android.app.shealth,1002441,86400000,3f699d7c-a88a-417e-9e08-c3da9e22d1f9,2024-12-25 00:00:00.000,
0,62850050,0,0,2583,300,1706066,90,0,62850050,2025-01-18 20:25:13.697,10,2024-12-26 08:42:37.027,0.0,30,30,-1,120000,31,8,0,8,1968.9797,0,155.24998,7f796f03-d742-4637-83ae-41bd43def105.extra_data.json,6+THe69Q8P,0,com.sec.android.app.shealth,1706066,86400000,7f796f03-d742-4637-83ae-41bd43def105,2024-12-26 00:00:00.000,
0,62850050,0,0,1963,300,1280460,90,0,62850050,2025-01-18 20:25:13.528,10,2024-12-27 07:00:01.072,0.0,30,30,-1,420000,23,9,0,8,1506.3398,0,117.86999,f5ce7a91-c2fd-4818-b4a6-a955e2561304.extra_data.json,6+THe69Q8P,0,com.sec.android.app.shealth,1280460,86400000,f5ce7a91-c2fd-4818-b4a6-a955e2561304,2024-12-27 00:00:00.000,
0,62850050,0,0,6893,300,4568740,90,0,62850050,2025-01-18 20:25:13.405,10,2024-12-28 07:00:02.801,0.0,30,30,-1,420000,84,11,0,8,5281.0415,0,414.38007,31778b49-b0fc-48b0-90d2-88927de230eb.extra_data.json,6+THe69Q8P,0,com.sec.android.app.shealth,4568740,86400000,31778b49-b0fc-48b0-90d2-88927de230eb,2024-12-28 00:00:00.000,
0,62850050,0,0,1339,300,893113,90,0,62850050,2025-01-26 04:22:03.293,10,2024-12-29 07:00:00.478,0.0,30,30,-1,50025,15,4,0,8,1024.1799,0,80.560005,6635af41-9e43-4014-bc8d-ab4e04972a92.extra_data.json,6+THe69Q8P,0,com.sec.android.app.shealth,893113,86400000,6635af41-9e43-4014-bc8d-ab4e04972a92,2024-12-29 00:00:00.000,
0,62850050,0,0,3438,300,2290181,90,0,62850050,2025-01-26 04:22:03.150,10,2024-12-30 07:01:01.832,0.0,30,30,-1,60000,42,14,0,8,2640.031,0,206.50996,1b272e87-7a75-42b3-8ff5-c2937f7e3204.extra_data.json,6+THe69Q8P,400,com.sec.android.app.shealth,2289781,86400000,1b272e87-7a75-42b3-8ff5-c2937f7e3204,2024-12-30 00:00:00.000,
0,62850050,0,0,176,300,117392,90,0,62850050,2025-01-26 04:22:03.027,10,2024-12-31 07:00:00.515,0.0,30,30,-1,30682,1,2,0,8,132.9,0,10.609999,fbcd83fa-c817-472e-9ba3-b9d81ca92433.extra_data.json,6+THe69Q8P,0,com.sec.android.app.shealth,117392,86400000,fbcd83fa-c817-472e-9ba3-b9d81ca92433,2024-12-31 00:00:00.000,
0,62850050,0,0,10,300,6670,90,0,62850050,2025-01-26 04:22:02.920,10,2025-01-01 08:57:18.871,0.0,30,30,-1,6670,0,0,0,8,7.28,0,0.61,48e14b80-1885-4237-80c1-ef174d64946e.extra_data.json,6+THe69Q8P,0,com.sec.android.app.shealth,6670,86400000,48e14b80-1885-4237-80c1-ef174d64946e,2025-01-01 00:00:00.000,
0,62850050,0,0,5224,300,3390548,90,0,62850050,2025-01-26 04:22:02.780,10,2025-01-02 07:45:16.388,0.0,30,30,-1,360000,62,8,0,8,4034.3308,0,313.90988,c4d0b4c8-daa5-448c-bd99-348e182a588e.extra_data.json,6+THe69Q8P,0,com.sec.android.app.shealth,3390548,86400000,c4d0b4c8-daa5-448c-bd99-348e182a588e,2025-01-02 00:00:00.000,
0,62850050,0,0,6101,300,4062607,90,0,62900750,2025-01-31 01:57:50.483,10,2025-01-03 07:00:04.071,0.0,30,30,-1,60000,74,13,0,8,4659.27,0,366.58,1c5a555e-373e-4eb5-9666-bbfe42a45122.extra_data.json,6+THe69Q8P,0,com.sec.android.app.shealth,4062607,86400000,1c5a555e-373e-4eb5-9666-bbfe42a45122,2025-01-03 00:00:00.000,
0,62850050,0,0,1070,300,713690,90,0,62900750,2025-01-31 01:57:49.775,10,2025-01-04 07:00:00.625,0.0,30,30,-1,60000,12,4,0,8,822.80005,0,64.6,d008be12-19ef-4f9f-99e9-8b9eca094ae7.extra_data.json,6+THe69Q8P,0,com.sec.android.app.shealth,713690,86400000,d008be12-19ef-4f9f-99e9-8b9eca094ae7,2025-01-04 00:00:00.000,
0,62850050,0,0,1317,300,878439,90,0,62900750,2025-01-31 01:57:48.230,10,2025-01-05 07:00:01.015,0.0,30,30,-1,60000,15,3,0,8,1019.8899,0,78.72998,12da9190-6056-459b-a8fa-ef7c5a158f9d.extra_data.json,6+THe69Q8P,0,com.sec.android.app.shealth,878439,86400000,12da9190-6056-459b-a8fa-ef7c5a158f9d,2025-01-05 00:00:00.000,
0,62850050,0,0,1169,300,779723,90,0,62900750,2025-01-31 01:57:47.498,10,2025-01-06 07:00:02.186,0.0,30,30,-1,50692,13,5,0,8,876.83984,0,70.5,9b83dc8c-bd26-47e1-81e7-6e1b3607f789.extra_data.json,6+THe69Q8P,0,com.sec.android.app.shealth,779723,86400000,9b83dc8c-bd26-47e1-81e7-6e1b3607f789,2025-01-06 00:00:00.000,
0,62850050,0,0,7121,300,4686513,90,0,62900750,2025-01-31 01:57:47.319,10,2025-01-07 07:00:00.740,0.0,30,30,-1,300000,86,11,0,8,5533.299,0,429.84006,430311a1-b160-4ad2-a916-19930b226d77.extra_data.json,6+THe69Q8P,5200,com.sec.android.app.shealth,4681313,86400000,430311a1-b160-4ad2-a916-19930b226d77,2025-01-07 00:00:00.000,
0,62850050,0,0,1728,300,1152576,90,0,62900750,2025-01-31 01:57:46.955,10,2025-01-08 07:00:00.346,0.0,30,30,-1,50025,21,8,0,8,1329.18,0,103.59999,e83b2716-2d2e-41ea-bd49-f8e5f419f8c8.extra_data.json,6+THe69Q8P,0,com.sec.android.app.shealth,1152576,86400000,e83b2716-2d2e-41ea-bd49-f8e5f419f8c8,2025-01-08 00:00:00.000,
0,62850050,0,0,3003,300,1972169,90,0,62900750,2025-01-31 01:57:46.750,10,2025-01-09 07:00:00.399,0.0,30,30,-1,180000,35,11,0,8,2290.7195,0,180.2399,03e5601b-167a-4b57-a01c-7fb7494bd269.extra_data.json,6+THe69Q8P,0,com.sec.android.app.shealth,1972169,86400000,03e5601b-167a-4b57-a01c-7fb7494bd269,2025-01-09 00:00:00.000,
0,62850050,0,0,2290,300,1520700,90,0,62900750,2025-01-31 01:57:46.519,10,2025-01-10 07:00:00.510,0.0,30,30,-1,120000,27,9,0,8,1770.8701,0,137.26999,0cd6a468-729d-4e69-94ef-0542bec6713c.extra_data.json,6+THe69Q8P,0,com.sec.android.app.shealth,1520700,86400000,0cd6a468-729d-4e69-94ef-0542bec6713c,2025-01-10 00:00:00.000,
0,62850050,0,0,3352,300,2235517,90,0,62900750,2025-01-31 01:57:46.344,10,2025-01-11 07:00:00.550,0.0,30,30,-1,60000,41,13,0,8,2567.171,0,201.79994,1e932d52-5060-4962-be26-5f2007bac9fd.extra_data.json,6+THe69Q8P,400,com.sec.android.app.shealth,2235117,86400000,1e932d52-5060-4962-be26-5f2007bac9fd,2025-01-11 00:00:00.000,
0,62850050,0,0,2239,300,1424382,90,0,62900750,2025-01-31 01:57:46.093,10,2025-01-12 07:00:19.246,0.0,30,30,-1,360000,25,5,0,8,1724.23,0,134.43002,b3825905-0c56-421e-8a44-a4761d2a0e86.extra_data.json,6+THe69Q8P,0,com.sec.android.app.shealth,1424382,86400000,b3825905-0c56-421e-8a44-a4761d2a0e86,2025-01-12 00:00:00.000,
0,62850050,0,0,1652,300,1079679,90,0,62900750,2025-01-31 01:57:45.878,10,2025-01-13 07:02:00.410,0.0,30,30,-1,60000,18,7,0,8,1281.86,0,99.50001,221bab43-fa5f-46d6-bbd5-7b66b75e9485.extra_data.json,6+THe69Q8P,1200,com.sec.android.app.shealth,1078479,86400000,221bab43-fa5f-46d6-bbd5-7b66b75e9485,2025-01-13 00:00:00.000,
0,62850050,0,0,3961,300,2613629,90,0,62900750,2025-01-31 01:57:45.698,10,2025-01-14 08:50:08.760,0.0,30,30,-1,180000,47,8,0,8,3055.7214,0,239.78001,6f6d8cba-0cf6-4087-8aef-2cd870088bd9.extra_data.json,6+THe69Q8P,1200,com.sec.android.app.shealth,2612429,86400000,6f6d8cba-0cf6-4087-8aef-2cd870088bd9,2025-01-14 00:00:00.000,
0,62850050,0,0,2595,300,1661197,90,0,62900750,2025-01-31 01:57:45.497,10,2025-01-15 07:00:19.199,0.0,30,30,-1,240000,30,8,0,8,2025.2699,0,156.07999,8cb8d036-8d13-4403-b58f-7d3bb7f6bb29.extra_data.json,6+THe69Q8P,0,com.sec.android.app.shealth,1661197,86400000,8cb8d036-8d13-4403-b58f-7d3bb7f6bb29,2025-01-15 00:00:00.000,
0,62850050,0,0,192,300,128064,90,0,62900750,2025-02-13 01:20:00.527,10,2025-01-16 07:00:22.834,0.0,30,30,-1,31349,2,3,0,8,145.76,0,11.55,1998163f-6a9f-4d0f-b484-8f1244086ebe.extra_data.json,6+THe69Q8P,0,com.sec.android.app.shealth,128064,86400000,1998163f-6a9f-4d0f-b484-8f1244086ebe,2025-01-16 00:00:00.000,
0,62850050,0,0,1882,300,1237399,90,0,62900750,2025-02-13 01:20:00.254,10,2025-01-17 07:00:00.958,0.0,30,30,-1,360000,22,5,0,8,1459.6699,0,114.25001,d14ab6f9-ac6f-49b2-a3f2-adb339e0d934.extra_data.json,6+THe69Q8P,7725,com.sec.android.app.shealth,1229674,86400000,d14ab6f9-ac6f-49b2-a3f2-adb339e0d934,2025-01-17 00:00:00.000,
0,62850050,0,0,2218,300,1479406,90,0,62900750,2025-02-15 04:41:27.333,10,2025-01-18 07:00:00.723,0.0,30,30,-1,42688,26,13,0,8,1685.78,0,133.67,65d3a28b-6545-4b6d-bb28-d5a5674839ff.extra_data.json,6+THe69Q8P,0,com.sec.android.app.shealth,1479406,86400000,65d3a28b-6545-4b6d-bb28-d5a5674839ff,2025-01-18 00:00:00.000,
0,62850050,0,0,2063,300,1368654,90,0,62900750,2025-02-15 04:41:26.812,10,2025-01-19 07:00:01.157,0.0,30,30,-1,120000,24,8,0,8,1591.5801,0,123.95998,dc184ae7-c121-4330-b467-0ebf0a51493f.extra_data.json,6+THe69Q8P,0,com.sec.android.app.shealth,1368654,86400000,dc184ae7-c121-4330-b467-0ebf0a51493f,2025-01-19 00:00:00.000,
0,62850050,0,0,2641,300,1724414,90,0,62900750,2025-02-15 04:41:26.103,10,2025-01-20 07:00:00.465,0.0,30,30,-1,240000,31,8,0,8,2045.6,0,160.31999,7da968d2-01c4-4500-ab0b-45f701be4b68.extra_data.json,6+THe69Q8P,2400,com.sec.android.app.shealth,1722014,86400000,7da968d2-01c4-4500-ab0b-45f701be4b68,2025-01-20 00:00:00.000,
0,62850050,0,0,710,300,473570,90,0,62900750,2025-02-15 04:41:25.645,10,2025-01-21 07:00:00.525,0.0,30,30,-1,41354,7,3,0,8,545.43005,0,42.50999,408e33cb-6877-4af3-a34c-bb2c00844849.extra_data.json,6+THe69Q8P,0,com.sec.android.app.shealth,473570,86400000,408e33cb-6877-4af3-a34c-bb2c00844849,2025-01-21 00:00:00.000,
0,62850050,0,0,3545,300,2332749,90,0,62900750,2025-02-18 16:25:31.958,10,2025-01-22 07:00:02.201,0.0,30,30,-1,180000,42,8,0,8,2736.31,0,214.85,dde78a45-b57e-41f2-a747-f2cd79b92a32.extra_data.json,6+THe69Q8P,400,com.sec.android.app.shealth,2332349,86400000,dde78a45-b57e-41f2-a747-f2cd79b92a32,2025-01-22 00:00:00.000,
0,62850050,0,0,1421,300,947807,90,0,62900750,2025-02-18 16:25:31.638,10,2025-01-23 07:00:00.716,0.0,30,30,-1,60000,16,10,0,8,1085.8099,0,85.69997,6dac9ac4-5bbc-4b87-bc3b-151069e9be5f.extra_data.json,6+THe69Q8P,0,com.sec.android.app.shealth,947807,86400000,6dac9ac4-5bbc-4b87-bc3b-151069e9be5f,2025-01-23 00:00:00.000,
0,62850050,0,0,2275,300,1494820,90,0,62900750,2025-02-18 16:25:31.276,10,2025-01-24 07:00:00.654,0.0,30,30,-1,120000,26,6,0,8,1737.05,0,137.18999,16265731-d04c-4db7-b295-f7056fcba62b.extra_data.json,6+THe69Q8P,800,com.sec.android.app.shealth,1494020,86400000,16265731-d04c-4db7-b295-f7056fcba62b,2025-01-24 00:00:00.000,
0,62850050,0,0,343,300,228781,90,0,62930070,2025-02-21 08:12:43.431,10,2025-01-25 07:00:01.226,0.0,30,30,-1,32016,3,4,0,8,263.80005,0,20.459995,e6ef469d-2a7c-41b3-8b96-2ee66eccebf6.extra_data.json,6+THe69Q8P,0,com.sec.android.app.shealth,228781,86400000,e6ef469d-2a7c-41b3-8b96-2ee66eccebf6,2025-01-25 00:00:00.000,
0,62850050,0,0,1398,300,932466,90,0,62930070,2025-02-21 08:12:43.006,10,2025-01-26 07:00:00.841,0.0,30,30,-1,60000,16,4,0,8,1071.0199,0,84.83,17007719-ac8b-4acb-b0b5-e48f7de01e5a.extra_data.json,6+THe69Q8P,0,com.sec.android.app.shealth,932466,86400000,17007719-ac8b-4acb-b0b5-e48f7de01e5a,2025-01-26 00:00:00.000,
0,62850050,0,0,778,300,518926,90,0,62930070,2025-02-21 08:12:42.604,10,2025-01-27 07:00:00.886,0.0,30,30,-1,33350,8,6,0,8,601.82996,0,46.739994,054b84b4-9ced-48f0-a647-9bdf68705163.extra_data.json,6+THe69Q8P,0,com.sec.android.app.shealth,518926,86400000,054b84b4-9ced-48f0-a647-9bdf68705163,2025-01-27 00:00:00.000,
0,62850050,0,0,1147,300,765049,90,0,62930070,2025-02-21 08:12:42.256,10,2025-01-28 07:00:00.509,0.0,30,30,-1,52026,13,6,0,8,883.69,0,68.75,f7737181-6770-4070-a664-5e9c17cf9263.extra_data.json,6+THe69Q8P,0,com.sec.android.app.shealth,765049,86400000,f7737181-6770-4070-a664-5e9c17cf9263,2025-01-28 00:00:00.000,
0,62900750,0,0,2212,300,1435901,90,0,62930070,2025-02-21 08:12:42.001,10,2025-01-29 07:00:00.698,0.0,30,30,-1,300000,25,7,0,8,1717.5509,0,134.19997,bd2ba0ff-203d-49d0-806d-19b8cf66a204.extra_data.json,6+THe69Q8P,0,com.sec.android.app.shealth,1435901,86400000,bd2ba0ff-203d-49d0-806d-19b8cf66a204,2025-01-29 00:00:00.000,
0,62900750,0,840000,2446,300,1557764,90,0,62930070,2025-02-21 08:12:41.757,10,2025-01-30 07:00:00.799,0.0,30,30,-1,900000,27,6,0,8,1993.39,0,158.56999,acd88ce8-dae5-463a-b122-cad96c1502fb.extra_data.json,6+THe69Q8P,2800,com.sec.android.app.shealth,1554964,86400000,acd88ce8-dae5-463a-b122-cad96c1502fb,2025-01-30 00:00:00.000,
0,62900750,0,0,683,300,455561,90,0,62930070,2025-02-21 08:12:41.502,10,2025-01-31 07:00:00.847,0.0,30,30,-1,34017,7,3,0,8,528.3701,0,40.769993,2de3ca98-fdf7-4d98-920e-7ab31067cb61.extra_data.json,6+THe69Q8P,0,com.sec.android.app.shealth,455561,86400000,2de3ca98-fdf7-4d98-920e-7ab31067cb61,2025-01-31 00:00:00.000,
0,62900750,0,0,1918,300,1279306,90,0,62930070,2025-02-21 08:12:41.273,10,2025-02-01 07:00:00.731,0.0,30,30,-1,60000,23,6,0,8,1449.2,0,115.87999,739a42b9-58bd-4c55-83e5-1218a2342a98.extra_data.json,6+THe69Q8P,0,com.sec.android.app.shealth,1279306,86400000,739a42b9-58bd-4c55-83e5-1218a2342a98,2025-02-01 00:00:00.000,
0,62900750,0,0,1099,300,718269,90,0,62930070,2025-02-21 08:12:40.990,10,2025-02-02 07:00:00.779,0.0,30,30,-1,300000,12,2,0,8,843.29004,0,66.0,21841f1f-b51a-4d51-8c2c-d6323bc426fb.extra_data.json,6+THe69Q8P,0,com.sec.android.app.shealth,718269,86400000,21841f1f-b51a-4d51-8c2c-d6323bc426fb,2025-02-02 00:00:00.000,
0,62900750,0,0,6,300,4002,90,0,62930070,2025-02-21 08:12:40.775,10,2025-02-03 07:00:00.716,0.0,30,30,-1,4002,0,0,0,8,4.72,0,0.35,46ffb0d9-f8b0-410b-9b8c-14d0bd565e0c.extra_data.json,6+THe69Q8P,0,com.sec.android.app.shealth,4002,86400000,46ffb0d9-f8b0-410b-9b8c-14d0bd565e0c,2025-02-03 00:00:00.000,
0,62900750,0,0,183,300,122061,90,0,62930070,2025-02-21 08:12:40.565,10,2025-02-04 07:00:02.286,0.0,30,30,-1,35351,2,2,0,8,139.56999,0,10.939997,97e8ce2f-e25d-45b0-8103-2bc32d611b88.extra_data.json,6+THe69Q8P,0,com.sec.android.app.shealth,122061,86400000,97e8ce2f-e25d-45b0-8103-2bc32d611b88,2025-02-04 00:00:00.000,
0,62900750,0,0,413,300,275471,90,0,62930070,2025-02-21 08:12:40.320,10,2025-02-05 07:00:00.510,0.0,30,30,-1,36018,4,3,0,8,312.05002,0,24.8,26618f26-5764-4768-8bab-4821c52b7eb1.extra_data.json,6+THe69Q8P,0,com.sec.android.app.shealth,275471,86400000,26618f26-5764-4768-8bab-4821c52b7eb1,2025-02-05 00:00:00.000,
0,62900750,0,0,2716,300,1796021,90,0,62930070,2025-02-21 08:12:40.082,10,2025-02-06 08:50:25.735,0.0,30,30,-1,240000,32,6,0,8,2062.7397,0,163.02998,4cbe3bbc-ec30-4cea-b894-758719cc3253.extra_data.json,6+THe69Q8P,0,com.sec.android.app.shealth,1796021,86400000,4cbe3bbc-ec30-4cea-b894-758719cc3253,2025-02-06 00:00:00.000,
0,62900750,0,0,12,300,8004,90,0,62930070,2025-02-21 08:12:39.786,10,2025-02-07 07:00:01.062,0.0,30,30,-1,8004,0,0,0,8,9.45,0,0.7,181d7ebe-6025-4f6f-aa2f-4384341240d6.extra_data.json,6+THe69Q8P,0,com.sec.android.app.shealth,8004,86400000,181d7ebe-6025-4f6f-aa2f-4384341240d6,2025-02-07 00:00:00.000,
0,62900750,0,0,3944,300,2586149,90,0,62930070,2025-02-21 08:12:39.465,10,2025-02-08 10:21:38.297,0.0,30,30,-1,180000,47,8,0,8,3042.8008,0,236.77994,65f0186d-714e-4b5d-87b7-e8d777f2a886.extra_data.json,6+THe69Q8P,400,com.sec.android.app.shealth,2585749,86400000,65f0186d-714e-4b5d-87b7-e8d777f2a886,2025-02-08 00:00:00.000,
0,62900750,0,0,371,300,245426,90,0,62930070,2025-03-08 16:02:52.406,10,2025-02-09 07:08:17.579,0.0,30,30,-1,60000,4,1,0,8,286.30002,0,22.21,719e6f1f-4caf-4b00-b1c3-7b59f3f13b30.extra_data.json,6+THe69Q8P,0,com.sec.android.app.shealth,245426,86400000,719e6f1f-4caf-4b00-b1c3-7b59f3f13b30,2025-02-09 00:00:00.000,
0,62900750,0,0,182,300,121394,90,0,62930070,2025-03-08 16:02:52.202,10,2025-02-10 09:26:37.602,0.0,30,30,-1,32683,2,4,0,8,135.5,0,10.8899975,f0ec559a-f23a-4d05-b39d-4731770e0e44.extra_data.json,6+THe69Q8P,0,com.sec.android.app.shealth,121394,86400000,f0ec559a-f23a-4d05-b39d-4731770e0e44,2025-02-10 00:00:00.000,
0,62900750,0,0,32,300,21344,90,0,62930070,2025-03-08 16:02:52.071,10,2025-02-11 07:00:01.194,0.0,30,30,-1,9338,0,0,0,8,23.61,0,1.9,30d04dd0-90a1-4ffe-a028-2d22896f600c.extra_data.json,6+THe69Q8P,0,com.sec.android.app.shealth,21344,86400000,30d04dd0-90a1-4ffe-a028-2d22896f600c,2025-02-11 00:00:00.000,
0,62900750,0,0,595,300,396865,90,0,62930070,2025-03-08 16:02:51.936,10,2025-02-12 07:00:00.707,0.0,30,30,-1,42021,6,3,0,8,453.53006,0,36.289997,4c9bcae7-7311-46dc-8fa8-45474c39173d.extra_data.json,6+THe69Q8P,0,com.sec.android.app.shealth,396865,86400000,4c9bcae7-7311-46dc-8fa8-45474c39173d,2025-02-12 00:00:00.000,
0,62900750,0,0,1523,300,1015841,90,0,62930070,2025-03-08 16:02:51.795,10,2025-02-13 07:00:01.921,0.0,30,30,-1,60000,17,5,0,8,1156.22,0,91.54999,4cdeeaf0-a8cf-4d76-9274-1ae38a6e72d8.extra_data.json,6+THe69Q8P,0,com.sec.android.app.shealth,1015841,86400000,4cdeeaf0-a8cf-4d76-9274-1ae38a6e72d8,2025-02-13 00:00:00.000,
0,62900750,0,0,1385,300,913033,90,0,62930070,2025-03-08 16:02:51.654,10,2025-02-14 10:37:36.972,0.0,30,30,-1,60000,16,4,0,8,1053.17,0,83.3,cc2cf0c3-31f5-46fa-b9a8-2a86be43ec33.extra_data.json,6+THe69Q8P,0,com.sec.android.app.shealth,913033,86400000,cc2cf0c3-31f5-46fa-b9a8-2a86be43ec33,2025-02-14 00:00:00.000,
0,62900750,0,0,182,300,121394,90,0,62930070,2025-03-08 16:02:51.468,10,2025-02-15 07:00:26.293,0.0,30,30,-1,30682,2,4,0,8,138.01001,0,10.989998,d216fc7b-a877-414a-9423-6e7936d5e3ac.extra_data.json,6+THe69Q8P,0,com.sec.android.app.shealth,121394,86400000,d216fc7b-a877-414a-9423-6e7936d5e3ac,2025-02-15 00:00:00.000,
0,62900750,0,0,2467,300,1642791,90,0,62930070,2025-03-08 16:02:51.248,10,2025-02-16 07:00:01.280,0.0,30,30,-1,120000,30,6,0,8,1913.7999,0,148.33997,939b39bc-8517-41f5-aeff-ce74d614f3b6.extra_data.json,6+THe69Q8P,0,com.sec.android.app.shealth,1642791,86400000,939b39bc-8517-41f5-aeff-ce74d614f3b6,2025-02-16 00:00:00.000,
0,62900750,0,0,475,300,304759,90,0,62930070,2025-03-08 16:02:51.076,10,2025-02-17 07:00:01.421,0.0,30,30,-1,60000,5,4,0,8,368.88998,0,28.379997,2158dde1-f18f-400f-b7b5-edef104940d8.extra_data.json,6+THe69Q8P,0,com.sec.android.app.shealth,304759,86400000,2158dde1-f18f-400f-b7b5-edef104940d8,2025-02-17 00:00:00.000,
0,62900750,0,0,1871,300,1247957,90,0,62930070,2025-03-08 16:02:50.866,10,2025-02-18 07:00:00.735,0.0,30,30,-1,60000,22,7,0,8,1476.2098,0,111.39994,0395d366-56de-444d-81bc-4c43ad477784.extra_data.json,6+THe69Q8P,0,com.sec.android.app.shealth,1247957,86400000,0395d366-56de-444d-81bc-4c43ad477784,2025-02-18 00:00:00.000,
0,62900750,0,0,1052,300,701684,90,0,62930070,2025-03-08 16:02:50.495,10,2025-02-19 07:00:00.759,0.0,30,30,-1,60000,12,7,0,8,828.93994,0,62.77998,bf69febc-3c1c-4069-8bad-ae2ab27d5430.extra_data.json,6+THe69Q8P,0,com.sec.android.app.shealth,701684,86400000,bf69febc-3c1c-4069-8bad-ae2ab27d5430,2025-02-19 00:00:00.000,
0,62920010,0,0,1340,300,893780,90,0,62930070,2025-03-08 16:02:49.872,10,2025-02-20 07:00:00.470,0.0,30,30,-1,120000,15,6,0,8,1062.1902,0,80.57999,e931fbcc-1d48-4ac4-a6f7-233b1846eafb.extra_data.json,6+THe69Q8P,0,com.sec.android.app.shealth,893780,86400000,e931fbcc-1d48-4ac4-a6f7-233b1846eafb,2025-02-20 00:00:00.000,
0,62920010,0,0,1826,300,1210733,90,0,62930070,2025-03-08 16:02:49.377,10,2025-02-21 07:00:00.642,0.0,30,30,-1,44022,21,12,0,8,1566.7496,0,122.769966,06606be4-ab42-4113-8eba-3e553d584da2.extra_data.json,6+THe69Q8P,10800,com.sec.android.app.shealth,1199933,86400000,06606be4-ab42-4113-8eba-3e553d584da2,2025-02-21 00:00:00.000,
0,62930070,0,0,2641,300,1719376,90,0,62930070,2025-03-08 16:02:48.667,10,2025-02-22 06:00:00.563,0.0,30,30,-1,60000,31,9,0,8,2086.08,0,160.20998,a9aef0ca-39d4-4520-bfee-565a570bcfa4.extra_data.json,6+THe69Q8P,0,com.sec.android.app.shealth,1719376,86400000,a9aef0ca-39d4-4520-bfee-565a570bcfa4,2025-02-22 00:00:00.000,
0,62930070,0,0,2551,300,1645192,90,0,62930070,2025-03-08 16:02:47.919,10,2025-02-23 06:00:00.816,0.0,30,30,-1,120000,28,9,0,8,2233.3403,0,179.20001,1e337426-be51-4090-b9ce-631513521817.extra_data.json,6+THe69Q8P,43773,com.sec.android.app.shealth,1601419,86400000,1e337426-be51-4090-b9ce-631513521817,2025-02-23 00:00:00.000,
0,62930070,0,0,2084,300,1381994,90,0,62930070,2025-03-08 16:02:47.298,10,2025-02-24 06:00:00.712,0.0,30,30,-1,60000,24,12,0,8,1615.7704,0,125.56998,5728ccb9-3a30-4708-944b-c2516c39edf1.extra_data.json,6+THe69Q8P,4833,com.sec.android.app.shealth,1377161,86400000,5728ccb9-3a30-4708-944b-c2516c39edf1,2025-02-24 00:00:00.000,
0,62930070,0,0,3442,300,2191952,90,0,62930070,2025-03-08 16:02:46.720,10,2025-02-25 06:00:00.522,0.0,30,30,-1,120000,38,11,0,8,2775.9507,0,217.52997,862f521d-fa66-46ca-8148-a12f2df1d847.extra_data.json,6+THe69Q8P,43562,com.sec.android.app.shealth,2148390,86400000,862f521d-fa66-46ca-8148-a12f2df1d847,2025-02-25 00:00:00.000,
0,62930070,0,0,385,300,246730,90,0,62930070,2025-03-08 16:02:46.194,10,2025-02-26 06:00:00.705,0.0,30,30,-1,60000,4,1,0,8,298.44,0,23.11,0ff7cf85-fdc2-4eb6-96fd-51847bac894b.extra_data.json,6+THe69Q8P,0,com.sec.android.app.shealth,246730,86400000,0ff7cf85-fdc2-4eb6-96fd-51847bac894b,2025-02-26 00:00:00.000,
0,62930070,0,0,2069,300,1305746,90,0,62930070,2025-03-08 16:02:45.458,10,2025-02-27 06:00:03.926,0.0,30,30,-1,120000,23,6,0,8,1619.4299,0,124.08997,e8a61c03-d3ac-44fb-86be-74fa2fad64b6.extra_data.json,6+THe69Q8P,0,com.sec.android.app.shealth,1305746,86400000,e8a61c03-d3ac-44fb-86be-74fa2fad64b6,2025-02-27 00:00:00.000,
0,62930070,0,0,2661,300,1730018,90,0,62930070,2025-03-08 16:02:44.498,10,2025-02-28 06:00:00.381,0.0,30,30,-1,120000,31,10,0,8,2094.7302,0,160.25996,c24d94c9-29c2-4492-8ea9-75dce87135f4.extra_data.json,6+THe69Q8P,0,com.sec.android.app.shealth,1730018,86400000,c24d94c9-29c2-4492-8ea9-75dce87135f4,2025-02-28 00:00:00.000,
0,62930070,0,0,2568,300,1702761,90,0,62930070,2025-03-08 16:02:43.881,10,2025-03-01 06:00:00.590,0.0,30,30,-1,120000,31,8,0,8,2006.3599,0,153.70001,06bec4e1-5c91-4ad7-b6e2-ce4cc151a586.extra_data.json,6+THe69Q8P,0,com.sec.android.app.shealth,1702761,86400000,06bec4e1-5c91-4ad7-b6e2-ce4cc151a586,2025-03-01 00:00:00.000,
0,62930070,0,0,4445,300,2722607,90,0,62930070,2025-03-08 16:02:43.154,10,2025-03-02 07:00:00.430,0.0,30,30,-1,240000,48,6,0,8,3509.14,0,273.53995,33f12719-d0ae-470f-9c3d-98d14b4f4680.extra_data.json,6+THe69Q8P,29830,com.sec.android.app.shealth,2692777,86400000,33f12719-d0ae-470f-9c3d-98d14b4f4680,2025-03-02 00:00:00.000,
0,62930070,0,0,7234,300,4663250,90,0,62930070,2025-03-08 16:02:42.505,10,2025-03-03 07:00:22.071,0.0,30,30,-1,180000,84,12,0,8,5839.419,0,454.37,c0a1e966-d64f-49ff-8a8e-923efd517d7a.extra_data.json,6+THe69Q8P,48666,com.sec.android.app.shealth,4614584,86400000,c0a1e966-d64f-49ff-8a8e-923efd517d7a,2025-03-03 00:00:00.000,
0,62930070,0,0,3087,300,1960742,90,0,62930070,2025-03-08 16:02:42.139,10,2025-03-04 07:00:02.732,0.0,30,30,-1,120000,34,12,0,8,2505.47,0,198.03998,8d77de28-c6a6-44e0-a835-76d755e54196.extra_data.json,6+THe69Q8P,56000,com.sec.android.app.shealth,1904742,86400000,8d77de28-c6a6-44e0-a835-76d755e54196,2025-03-04 00:00:00.000,
0,62930070,0,0,1634,300,1068444,90,0,62930070,2025-03-08 16:02:41.752,10,2025-03-05 07:00:01.720,0.0,30,30,-1,180000,18,4,0,8,1266.9996,0,97.75997,86009982-1496-44d5-8d2a-0fcf814144c2.extra_data.json,6+THe69Q8P,0,com.sec.android.app.shealth,1068444,86400000,86009982-1496-44d5-8d2a-0fcf814144c2,2025-03-05 00:00:00.000,
0,62930070,0,0,4349,300,2787504,90,0,62930070,2025-03-08 16:02:41.448,10,2025-03-06 07:00:03.230,0.0,30,30,-1,180000,51,13,0,8,3449.959,0,267.73004,53a44ce0-06f8-452c-9536-11f10a026875.extra_data.json,6+THe69Q8P,5200,com.sec.android.app.shealth,2782304,86400000,53a44ce0-06f8-452c-9536-11f10a026875,2025-03-06 00:00:00.000,
0,62930070,0,0,7040,300,4441363,90,0,62930070,2025-03-08 19:35:11.469,10,2025-03-07 08:00:03.993,0.0,30,30,-1,360000,82,10,0,8,5465.27,0,422.82996,c3a8dab9-bd46-49fc-8f6b-a31013aea1e2.extra_data.json,6+THe69Q8P,800,com.sec.android.app.shealth,4440563,86400000,c3a8dab9-bd46-49fc-8f6b-a31013aea1e2,2025-03-07 00:00:00.000,
0,62930070,0,0,4010,300,2600386,90,0,62930070,2025-03-09 12:55:03.267,10,2025-03-08 08:00:03.130,0.0,30,30,-1,120000,47,13,0,8,3247.9304,0,250.84004,cf454ab4-d8b9-437b-b9ee-dbfc84120232.extra_data.json,6+THe69Q8P,14000,com.sec.android.app.shealth,2586386,86400000,cf454ab4-d8b9-437b-b9ee-dbfc84120232,2025-03-08 00:00:00.000,
0,62930070,0,0,8023,300,5204705,90,0,62930070,2025-03-10 07:55:03.867,10,2025-03-09 07:00:08.944,0.0,30,30,-1,960000,95,9,0,8,6165.888,0,481.1597,286f3188-2a15-4238-b821-1aeecd5b5a74.extra_data.json,6+THe69Q8P,0,com.sec.android.app.shealth,5204705,86400000,286f3188-2a15-4238-b821-1aeecd5b5a74,2025-03-09 00:00:00.000,
0,62930070,0,0,5685,300,3667870,90,0,62930070,2025-03-11 07:15:01.960,10,2025-03-10 07:00:00.729,0.0,30,30,-1,300000,67,9,0,8,4371.609,0,341.30984,bbd8df3b-7feb-4d5b-a17e-d72c3f2ca8ed.extra_data.json,6+THe69Q8P,0,com.sec.android.app.shealth,3667870,86400000,bbd8df3b-7feb-4d5b-a17e-d72c3f2ca8ed,2025-03-10 00:00:00.000,
0,62930070,0,0,5580,300,3546726,90,0,62950170,2025-04-08 03:20:47.324,10,2025-03-11 07:00:01.987,0.0,30,30,-1,540000,65,12,0,8,4394.799,0,340.74994,e39d4b63-9331-477a-9241-54260e32431b.extra_data.json,6+THe69Q8P,400,com.sec.android.app.shealth,3546326,86400000,e39d4b63-9331-477a-9241-54260e32431b,2025-03-11 00:00:00.000,
0,62930070,0,0,1000,300,664033,90,0,62950170,2025-04-08 03:20:47.009,10,2025-03-12 07:00:37.600,0.0,30,30,-1,60000,11,6,0,8,788.56995,0,60.649998,d219f1d2-9a45-403e-81bb-338877fb4fc1.extra_data.json,6+THe69Q8P,4400,com.sec.android.app.shealth,659633,86400000,d219f1d2-9a45-403e-81bb-338877fb4fc1,2025-03-12 00:00:00.000,
0,62930070,0,0,1688,300,1081087,90,0,62950170,2025-04-08 03:20:46.588,10,2025-03-13 06:00:01.367,0.0,30,30,-1,60000,20,5,0,8,1308.8198,0,101.380005,e28305b4-b5d8-45e6-80e9-902b99de1685.extra_data.json,6+THe69Q8P,0,com.sec.android.app.shealth,1081087,86400000,e28305b4-b5d8-45e6-80e9-902b99de1685,2025-03-13 00:00:00.000,
0,62930070,0,0,1947,300,1231709,90,0,62950170,2025-04-08 03:20:46.205,10,2025-03-14 06:00:00.734,0.0,30,30,-1,120000,22,7,0,8,1525.06,0,116.70997,a72b2e2b-fdff-4a7f-ba20-ee33104fb4df.extra_data.json,6+THe69Q8P,0,com.sec.android.app.shealth,1231709,86400000,a72b2e2b-fdff-4a7f-ba20-ee33104fb4df,2025-03-14 00:00:00.000,
0,62930070,0,0,3648,300,2381300,90,0,62950170,2025-04-08 03:20:45.897,10,2025-03-15 06:00:04.113,0.0,30,30,-1,120000,43,11,0,8,2925.2087,0,225.17001,d0a70136-7bd2-4269-b6e0-ef411a6ff556.extra_data.json,6+THe69Q8P,13600,com.sec.android.app.shealth,2367700,86400000,d0a70136-7bd2-4269-b6e0-ef411a6ff556,2025-03-15 00:00:00.000,
0,62930070,0,0,7134,300,4593259,90,0,62950170,2025-04-08 03:20:45.502,10,2025-03-16 07:00:06.094,0.0,30,30,-1,300000,84,13,0,8,5590.9814,0,429.08994,9f0e7777-5edf-43ea-998d-d0d0889d851e.extra_data.json,6+THe69Q8P,7200,com.sec.android.app.shealth,4586059,86400000,9f0e7777-5edf-43ea-998d-d0d0889d851e,2025-03-16 00:00:00.000,
0,62930070,0,0,2392,300,1595464,90,0,62950170,2025-04-08 03:20:45.152,10,2025-03-17 07:00:00.980,0.0,30,30,-1,60000,28,9,0,8,1850.9298,0,143.41,1a5db87e-d202-4de3-9dc8-82e5e7732503.extra_data.json,6+THe69Q8P,0,com.sec.android.app.shealth,1595464,86400000,1a5db87e-d202-4de3-9dc8-82e5e7732503,2025-03-17 00:00:00.000,
0,62930070,0,0,4126,300,2720943,90,0,62950170,2025-04-08 03:20:44.771,10,2025-03-18 07:00:05.123,0.0,30,30,-1,180000,50,8,0,8,3171.9502,0,249.30005,613f6b0d-efce-41e1-8caf-3b7f09a6dcd2.extra_data.json,6+THe69Q8P,400,com.sec.android.app.shealth,2720543,86400000,613f6b0d-efce-41e1-8caf-3b7f09a6dcd2,2025-03-18 00:00:00.000,
0,62930070,0,0,1904,300,1252536,90,0,62950170,2025-04-08 03:20:44.508,10,2025-03-19 07:00:01.881,0.0,30,30,-1,60000,22,6,0,8,1463.0199,0,114.40999,92c88813-cdcf-43fd-8d36-f7e16d87a86c.extra_data.json,6+THe69Q8P,0,com.sec.android.app.shealth,1252536,86400000,92c88813-cdcf-43fd-8d36-f7e16d87a86c,2025-03-19 00:00:00.000,
0,62930070,0,0,1634,300,1039036,90,0,62950170,2025-04-08 03:20:44.223,10,2025-03-20 07:00:03.124,0.0,30,30,-1,120000,18,6,0,8,1277.37,0,97.759964,e6353623-0908-45db-8b43-da92941efa9f.extra_data.json,6+THe69Q8P,0,com.sec.android.app.shealth,1039036,86400000,e6353623-0908-45db-8b43-da92941efa9f,2025-03-20 00:00:00.000,
0,62930070,0,0,1392,300,922431,90,0,62950170,2025-04-08 03:20:43.888,10,2025-03-21 06:00:01.358,0.0,30,30,-1,60000,16,7,0,8,1098.7101,0,83.26998,6d9c8807-8f57-4454-9f35-77f1cb0aca5d.extra_data.json,6+THe69Q8P,0,com.sec.android.app.shealth,922431,86400000,6d9c8807-8f57-4454-9f35-77f1cb0aca5d,2025-03-21 00:00:00.000,
0,62930070,0,0,5185,300,3418276,90,0,62950170,2025-04-08 03:20:43.600,10,2025-03-22 05:00:00.763,0.0,30,30,-1,60000,62,14,0,8,4159.77,0,314.30994,a25711f2-3f28-4a01-85f7-f2583fe766d4.extra_data.json,6+THe69Q8P,18000,com.sec.android.app.shealth,3400276,86400000,a25711f2-3f28-4a01-85f7-f2583fe766d4,2025-03-22 00:00:00.000,
0,62930070,0,0,2061,300,1328913,90,0,62950170,2025-04-08 03:20:43.298,10,2025-03-23 05:00:00.858,0.0,30,30,-1,60000,24,9,0,8,1666.2495,0,125.56999,71370dc3-1673-4879-a56d-ed2d94972fcb.extra_data.json,6+THe69Q8P,2400,com.sec.android.app.shealth,1326513,86400000,71370dc3-1673-4879-a56d-ed2d94972fcb,2025-03-23 00:00:00.000,
0,62930070,0,0,2092,300,1386129,90,0,62950170,2025-04-08 03:20:42.956,10,2025-03-24 05:00:00.864,0.0,30,30,-1,60000,25,8,0,8,1637.2802,0,125.58,b7167378-27d0-46ea-a12b-f2f4267a19a2.extra_data.json,6+THe69Q8P,800,com.sec.android.app.shealth,1385329,86400000,b7167378-27d0-46ea-a12b-f2f4267a19a2,2025-03-24 00:00:00.000,
0,62930070,0,0,1529,300,989393,90,0,62950170,2025-04-08 03:20:42.599,10,2025-03-25 05:00:00.540,0.0,30,30,-1,60000,17,7,0,8,1317.9501,0,102.36998,3853862a-939e-469e-ab50-bf8402c00e63.extra_data.json,6+THe69Q8P,12856,com.sec.android.app.shealth,976537,86400000,3853862a-939e-469e-ab50-bf8402c00e63,2025-03-25 00:00:00.000,
0,62930070,0,0,2360,300,1523248,90,0,62950170,2025-04-08 03:20:42.281,10,2025-03-26 05:00:01.050,0.0,30,30,-1,360000,27,10,0,8,1864.11,0,141.09995,759f15d5-6030-4c88-8ce3-648bed5812d4.extra_data.json,6+THe69Q8P,0,com.sec.android.app.shealth,1523248,86400000,759f15d5-6030-4c88-8ce3-648bed5812d4,2025-03-26 00:00:00.000,
0,62930070,0,0,642,300,422181,90,0,62950170,2025-04-08 03:20:41.964,10,2025-03-27 05:00:00.621,0.0,30,30,-1,60000,7,4,0,8,498.59,0,38.479992,8eed1e3f-451f-43c7-8b05-bf0758155828.extra_data.json,6+THe69Q8P,0,com.sec.android.app.shealth,422181,86400000,8eed1e3f-451f-43c7-8b05-bf0758155828,2025-03-27 00:00:00.000,
0,62930070,0,0,1407,300,903665,90,0,62950170,2025-04-08 03:20:41.542,10,2025-03-28 04:00:00.216,0.0,30,30,-1,60000,16,5,0,8,1097.5,0,84.39998,5c96e80c-f20a-495e-8a2a-a20cd1bfe1fc.extra_data.json,6+THe69Q8P,0,com.sec.android.app.shealth,903665,86400000,5c96e80c-f20a-495e-8a2a-a20cd1bfe1fc,2025-03-28 00:00:00.000,
0,62930070,0,0,3763,300,2482449,90,0,62950170,2025-04-08 03:20:41.207,10,2025-03-29 05:00:00.592,0.0,30,30,-1,120000,45,19,0,8,3010.75,0,229.31001,5aebed9e-2912-4fca-b47c-801ca61f9571.extra_data.json,6+THe69Q8P,10000,com.sec.android.app.shealth,2472449,86400000,5aebed9e-2912-4fca-b47c-801ca61f9571,2025-03-29 00:00:00.000,
0,62930070,0,0,953,300,598846,90,0,62950170,2025-04-08 03:20:40.819,10,2025-03-30 06:00:00.720,0.0,30,30,-1,120000,10,8,0,8,754.47003,0,56.719982,612e372a-f3d8-46e8-ad05-e1fe67af7010.extra_data.json,6+THe69Q8P,0,com.sec.android.app.shealth,598846,86400000,612e372a-f3d8-46e8-ad05-e1fe67af7010,2025-03-30 00:00:00.000,
0,62930070,0,0,2355,300,1492476,90,0,62950170,2025-04-08 03:20:40.121,10,2025-03-31 07:00:33.377,0.0,30,30,-1,180000,26,6,0,8,1839.5303,0,141.33997,407549e6-7067-492f-b436-1cd2686a6bf3.extra_data.json,6+THe69Q8P,0,com.sec.android.app.shealth,1492476,86400000,407549e6-7067-492f-b436-1cd2686a6bf3,2025-03-31 00:00:00.000,
0,62930070,0,0,948,300,613016,90,0,62950170,2025-04-08 03:20:39.210,10,2025-04-01 07:00:01.698,0.0,30,30,-1,120000,11,2,0,8,745.19995,0,57.84997,e96f7daf-c63d-49e5-bfa7-d394b970d51b.extra_data.json,6+THe69Q8P,800,com.sec.android.app.shealth,612216,86400000,e96f7daf-c63d-49e5-bfa7-d394b970d51b,2025-04-01 00:00:00.000,
0,62930070,0,0,976,300,650191,90,0,62950170,2025-04-08 03:20:38.990,10,2025-04-02 07:00:00.929,0.0,30,30,-1,44689,11,10,0,8,773.9501,0,58.869984,c8ea1c91-65af-4d22-a3d6-69c4e39cde69.extra_data.json,6+THe69Q8P,1200,com.sec.android.app.shealth,648991,86400000,c8ea1c91-65af-4d22-a3d6-69c4e39cde69,2025-04-02 00:00:00.000,
0,62930070,0,0,4018,300,2591050,90,0,62950170,2025-04-08 03:20:38.752,10,2025-04-03 06:00:00.423,0.0,30,30,-1,180000,47,14,0,8,3238.0894,0,248.97997,8c470457-161b-4aeb-b5cc-be4e77dda1fd.extra_data.json,6+THe69Q8P,10000,com.sec.android.app.shealth,2581050,86400000,8c470457-161b-4aeb-b5cc-be4e77dda1fd,2025-04-03 00:00:00.000,
0,62930070,0,0,1981,300,1305866,90,0,62950170,2025-05-01 22:30:22.589,10,2025-04-04 05:00:00.381,0.0,30,30,-1,60000,23,7,0,8,1553.7799,0,118.45999,54464c42-2422-44e0-8722-11854906f868.extra_data.json,6+THe69Q8P,0,com.sec.android.app.shealth,1305866,86400000,54464c42-2422-44e0-8722-11854906f868,2025-04-04 00:00:00.000,
0,62930070,0,0,933,300,614277,90,0,62950170,2025-05-01 22:30:22.381,10,2025-04-05 04:00:00.789,0.0,30,30,-1,60000,11,5,0,8,738.42993,0,55.729992,de8d175e-3c3b-4b94-b09a-f99b56999dd4.extra_data.json,6+THe69Q8P,0,com.sec.android.app.shealth,614277,86400000,de8d175e-3c3b-4b94-b09a-f99b56999dd4,2025-04-05 00:00:00.000,
0,62930070,0,0,4633,300,2973734,90,0,62950170,2025-05-01 22:30:22.241,10,2025-04-06 04:00:00.649,0.0,30,30,-1,180000,53,8,0,8,3970.8997,0,333.5499,0a3cefc1-74a8-4c80-8715-8a6733f0da82.extra_data.json,6+THe69Q8P,115861,com.sec.android.app.shealth,2857873,86400000,0a3cefc1-74a8-4c80-8715-8a6733f0da82,2025-04-06 00:00:00.000,
0,62930070,0,0,1058,300,668214,90,0,62950170,2025-05-01 22:30:22.124,10,2025-04-07 05:00:00.989,0.0,30,30,-1,60000,12,3,0,8,832.02997,0,63.47,d751bec6-f33d-4e13-89e3-f000a5691635.extra_data.json,6+THe69Q8P,0,com.sec.android.app.shealth,668214,86400000,d751bec6-f33d-4e13-89e3-f000a5691635,2025-04-07 00:00:00.000,
0,62950170,0,0,2916,300,1936695,90,0,62950170,2025-05-01 22:30:21.953,10,2025-04-08 05:00:01.484,0.0,30,30,-1,60000,35,12,0,8,2352.3901,0,177.82999,e016a048-32d5-43ea-b62a-eab791e3d663.extra_data.json,6+THe69Q8P,12400,com.sec.android.app.shealth,1924295,86400000,e016a048-32d5-43ea-b62a-eab791e3d663,2025-04-08 00:00:00.000,
0,62950170,0,0,2212,300,1470407,90,0,62950170,2025-05-01 22:30:21.808,10,2025-04-09 04:00:01.638,0.0,30,30,-1,60000,26,11,0,8,1817.14,0,137.08998,3d127bc0-9e1c-41fc-b57d-02195dcd5123.extra_data.json,6+THe69Q8P,2400,com.sec.android.app.shealth,1468007,86400000,3d127bc0-9e1c-41fc-b57d-02195dcd5123,2025-04-09 00:00:00.000,
0,62950170,0,0,2560,300,1653313,90,0,62950170,2025-05-01 22:30:21.669,10,2025-04-10 05:00:01.187,0.0,30,30,-1,120000,30,9,0,8,2041.5898,0,154.25996,f1bb75b8-7de9-4aca-87d8-6a0701114e0a.extra_data.json,6+THe69Q8P,0,com.sec.android.app.shealth,1653313,86400000,f1bb75b8-7de9-4aca-87d8-6a0701114e0a,2025-04-10 00:00:00.000,
0,62950170,0,0,3230,300,2112608,90,0,62950170,2025-05-09 03:36:24.882,10,2025-04-11 04:00:00.843,0.0,30,30,-1,180000,38,7,0,8,2480.0798,0,195.31998,de483ee4-7133-469b-9557-bd64618b13a6.extra_data.json,6+THe69Q8P,2400,com.sec.android.app.shealth,2110208,86400000,de483ee4-7133-469b-9557-bd64618b13a6,2025-04-11 00:00:00.000,
0,62950170,0,0,1785,300,1129524,90,0,62950170,2025-05-09 05:55:04.414,10,2025-04-12 04:00:13.433,0.0,30,30,-1,120000,20,9,0,8,1464.15,0,113.740005,43ea5125-885d-40e7-a72a-33dbcdb233a9.extra_data.json,6+THe69Q8P,34400,com.sec.android.app.shealth,1095124,86400000,43ea5125-885d-40e7-a72a-33dbcdb233a9,2025-04-12 00:00:00.000,
0,62950170,0,0,1957,300,1288554,90,0,62950170,2025-05-09 05:55:04.167,10,2025-04-13 04:00:00.390,0.0,30,30,-1,60000,23,7,0,8,1534.0701,0,116.87,8d77bad2-a346-4068-90e5-de979594b858.extra_data.json,6+THe69Q8P,0,com.sec.android.app.shealth,1288554,86400000,8d77bad2-a346-4068-90e5-de979594b858,2025-04-13 00:00:00.000,
0,62950170,0,0,2038,300,1315114,90,0,62950170,2025-05-09 05:55:03.873,10,2025-04-14 04:00:00.411,0.0,30,30,-1,180000,23,8,0,8,1581.87,0,122.079956,e6d1e75a-a1f5-44c9-910c-05a34578f9e2.extra_data.json,6+THe69Q8P,0,com.sec.android.app.shealth,1315114,86400000,e6d1e75a-a1f5-44c9-910c-05a34578f9e2,2025-04-14 00:00:00.000,
0,62950170,0,0,2985,300,1834465,90,0,62950170,2025-05-09 05:55:03.574,10,2025-04-15 04:00:43.532,0.0,30,30,-1,180000,33,8,0,8,2366.2395,0,180.02998,5ef6c5ae-266b-42f2-ab56-1f939351fdbc.extra_data.json,6+THe69Q8P,4000,com.sec.android.app.shealth,1830465,86400000,5ef6c5ae-266b-42f2-ab56-1f939351fdbc,2025-04-15 00:00:00.000,
0,62950170,0,0,4401,300,2752672,90,0,62950170,2025-05-13 20:30:29.236,10,2025-04-16 04:00:01.185,0.0,30,30,-1,300000,50,13,0,8,3469.2502,0,264.55997,3fabf759-a6f5-4c8a-b641-2402778a742b.extra_data.json,6+THe69Q8P,1200,com.sec.android.app.shealth,2751472,86400000,3fabf759-a6f5-4c8a-b641-2402778a742b,2025-04-16 00:00:00.000,
0,62950170,0,0,4094,300,2493223,90,0,62950170,2025-05-13 20:30:29.011,10,2025-04-17 05:19:11.250,0.0,30,30,-1,480000,45,5,0,8,3227.2795,0,245.64998,56696e2b-8390-49ba-85c6-724e3578879e.extra_data.json,6+THe69Q8P,0,com.sec.android.app.shealth,2493223,86400000,56696e2b-8390-49ba-85c6-724e3578879e,2025-04-17 00:00:00.000,
0,62950170,0,0,4857,300,3132999,90,0,62950170,2025-05-16 05:00:23.517,10,2025-04-18 05:36:01.871,0.0,30,30,-1,180000,57,10,0,8,3808.07,0,292.9099,03e3eae6-d465-42c9-85cc-6c458fda7901.extra_data.json,6+THe69Q8P,400,com.sec.android.app.shealth,3132599,86400000,03e3eae6-d465-42c9-85cc-6c458fda7901,2025-04-18 00:00:00.000,
0,62950170,0,0,1248,300,828917,90,0,62950170,2025-05-16 05:00:22.920,10,2025-04-19 05:00:01.312,0.0,30,30,-1,60000,14,7,0,8,997.04987,0,76.639984,d1ef100b-a9f9-42c5-8c2b-0f63e0e64526.extra_data.json,6+THe69Q8P,1200,com.sec.android.app.shealth,827717,86400000,d1ef100b-a9f9-42c5-8c2b-0f63e0e64526,2025-04-19 00:00:00.000,
0,62950170,0,0,3640,300,2334141,90,0,62950170,2025-05-16 05:00:22.290,10,2025-04-20 05:00:00.868,0.0,30,30,-1,240000,42,17,0,8,2942.9805,0,228.4,ac0edd5e-ef22-4fef-aade-ea9204b8d4ab.extra_data.json,6+THe69Q8P,31200,com.sec.android.app.shealth,2302941,86400000,ac0edd5e-ef22-4fef-aade-ea9204b8d4ab,2025-04-20 00:00:00.000,
0,62950170,0,0,1064,300,683555,90,0,62950170,2025-05-16 05:00:21.620,10,2025-04-21 06:25:11.944,0.0,30,30,-1,120000,12,2,0,8,841.51013,0,63.809963,75c3f05f-7b57-451f-b7ef-8ebc264a97a5.extra_data.json,6+THe69Q8P,0,com.sec.android.app.shealth,683555,86400000,75c3f05f-7b57-451f-b7ef-8ebc264a97a5,2025-04-21 00:00:00.000,
0,62950170,0,0,3380,300,2180093,90,0,62950170,2025-05-16 05:00:21.149,10,2025-04-22 06:00:02.771,0.0,30,30,-1,120000,40,8,0,8,2647.4197,0,203.15001,7778d8fd-6eee-444d-9ac2-ae2a878e5ac7.extra_data.json,6+THe69Q8P,0,com.sec.android.app.shealth,2180093,86400000,7778d8fd-6eee-444d-9ac2-ae2a878e5ac7,2025-04-22 00:00:00.000,
0,62950170,0,0,1981,300,1264344,90,0,62950170,2025-05-16 05:00:20.373,10,2025-04-23 06:00:00.963,0.0,30,30,-1,120000,22,11,0,8,1598.9095,0,121.739975,01b7d627-14f4-4ffc-b8ad-50bb0eb5d121.extra_data.json,6+THe69Q8P,9200,com.sec.android.app.shealth,1255144,86400000,01b7d627-14f4-4ffc-b8ad-50bb0eb5d121,2025-04-23 00:00:00.000,
0,62950170,0,0,4713,300,3108767,90,0,62950170,2025-05-16 05:00:19.513,10,2025-04-24 05:00:00.708,0.0,30,30,-1,60000,56,18,0,8,3712.9097,0,281.66998,d459262e-e35d-4a64-a6b7-5f549650285b.extra_data.json,6+THe69Q8P,0,com.sec.android.app.shealth,3108767,86400000,d459262e-e35d-4a64-a6b7-5f549650285b,2025-04-24 00:00:00.000,
0,62950170,0,0,1801,300,1199398,90,0,62950170,2025-05-16 05:00:18.542,10,2025-04-25 04:00:00.916,0.0,30,30,-1,60000,21,12,0,8,1423.39,0,107.85999,7c75c3b3-1c88-4a60-90a7-d3a40370f632.extra_data.json,6+THe69Q8P,2800,com.sec.android.app.shealth,1196598,86400000,7c75c3b3-1c88-4a60-90a7-d3a40370f632,2025-04-25 00:00:00.000,
0,62950170,0,0,2433,300,1605168,90,0,62950170,2025-05-16 05:00:17.456,10,2025-04-26 05:00:00.885,0.0,30,30,-1,60000,28,12,0,8,1921.8297,0,147.68999,c0a715ec-11cd-49f3-a6ce-d72f2a255d73.extra_data.json,6+THe69Q8P,8400,com.sec.android.app.shealth,1596768,86400000,c0a715ec-11cd-49f3-a6ce-d72f2a255d73,2025-04-26 00:00:00.000,
0,62950170,0,0,2865,300,1838616,90,0,62950170,2025-05-16 05:00:16.534,10,2025-04-27 07:00:01.369,0.0,30,30,-1,180000,33,9,0,8,2275.4102,0,175.02997,57c32c25-91cf-433f-b931-a201e897573c.extra_data.json,6+THe69Q8P,6000,com.sec.android.app.shealth,1832616,86400000,57c32c25-91cf-433f-b931-a201e897573c,2025-04-27 00:00:00.000,
0,62950170,0,0,3791,300,2476057,90,0,62950170,2025-05-16 05:00:15.922,10,2025-04-28 07:00:12.358,0.0,30,30,-1,120000,45,13,0,8,3034.4902,0,230.52994,9139d2c6-e580-4791-990d-c71758c0b121.extra_data.json,6+THe69Q8P,14400,com.sec.android.app.shealth,2461657,86400000,9139d2c6-e580-4791-990d-c71758c0b121,2025-04-28 00:00:00.000,
0,62950170,0,0,1753,300,1148514,90,0,62950170,2025-05-16 05:00:15.243,10,2025-04-29 07:00:00.776,0.0,30,30,-1,60000,21,16,0,8,1396.0498,0,105.17998,2bcef45e-60c7-4b2b-be58-004d021e840d.extra_data.json,6+THe69Q8P,0,com.sec.android.app.shealth,1148514,86400000,2bcef45e-60c7-4b2b-be58-004d021e840d,2025-04-29 00:00:00.000,
0,62950170,0,0,5920,300,3895272,90,0,62950170,2025-05-16 05:00:14.920,10,2025-04-30 06:00:00.763,0.0,30,30,-1,240000,71,13,0,8,4642.509,0,356.5799,10920810-1bb7-4faf-a7cb-73da0bd7d871.extra_data.json,6+THe69Q8P,9600,com.sec.android.app.shealth,3885672,86400000,10920810-1bb7-4faf-a7cb-73da0bd7d871,2025-04-30 00:00:00.000,
0,62950170,0,0,1945,300,1241107,90,0,62950170,2025-05-16 05:00:14.589,10,2025-05-01 06:00:02.141,0.0,30,30,-1,180000,22,3,0,8,1518.96,0,116.46996,1ec5e0b0-9b2b-461f-a139-59bff13e1052.extra_data.json,6+THe69Q8P,0,com.sec.android.app.shealth,1241107,86400000,1ec5e0b0-9b2b-461f-a139-59bff13e1052,2025-05-01 00:00:00.000,
0,62950170,0,0,7094,300,4539151,90,0,62950170,2025-05-16 05:00:14.205,10,2025-05-02 06:00:01.800,0.0,30,30,-1,240000,83,9,0,8,5871.889,0,471.7099,7bbdc24d-6658-4302-aa96-7243c15476bb.extra_data.json,6+THe69Q8P,37961,com.sec.android.app.shealth,4501190,86400000,7bbdc24d-6658-4302-aa96-7243c15476bb,2025-05-02 00:00:00.000,
0,62950170,0,0,2604,300,1678032,90,0,62950170,2025-05-16 05:00:13.904,10,2025-05-03 06:00:01.035,0.0,30,30,-1,180000,30,4,0,8,2086.46,0,166.09999,34706ad3-a559-43cb-8733-ce270b54e9a1.extra_data.json,6+THe69Q8P,11534,com.sec.android.app.shealth,1666498,86400000,34706ad3-a559-43cb-8733-ce270b54e9a1,2025-05-03 00:00:00.000,
0,62950170,0,0,1569,300,1008324,90,0,62950170,2025-05-16 05:00:13.493,10,2025-05-04 06:00:00.919,0.0,30,30,-1,180000,17,2,0,8,1220.7501,0,95.95,f7678b45-d891-49bb-84cc-acd04f2344f6.extra_data.json,6+THe69Q8P,0,com.sec.android.app.shealth,1008324,86400000,f7678b45-d891-49bb-84cc-acd04f2344f6,2025-05-04 00:00:00.000,
0,62950170,0,0,3858,300,2516374,90,0,62950170,2025-05-16 05:00:12.927,10,2025-05-05 06:04:49.734,0.0,30,30,-1,120000,45,7,0,8,3222.4104,0,257.71994,593d2a55-832e-48f3-b054-eee7fb2026ab.extra_data.json,6+THe69Q8P,14000,com.sec.android.app.shealth,2502374,86400000,593d2a55-832e-48f3-b054-eee7fb2026ab,2025-05-05 00:00:00.000,
0,62950170,0,0,2703,300,1674401,90,0,62950170,2025-05-16 05:00:12.473,10,2025-05-06 06:00:02.311,0.0,30,30,-1,120000,30,4,0,8,2181.6504,0,167.88992,f65b997a-4ddd-43b5-afe3-d583346799b7.extra_data.json,6+THe69Q8P,5868,com.sec.android.app.shealth,1668533,86400000,f65b997a-4ddd-43b5-afe3-d583346799b7,2025-05-06 00:00:00.000,
0,62950170,0,0,1920,300,1236895,90,0,62950170,2025-05-16 05:00:11.823,10,2025-05-07 06:00:01.129,0.0,30,30,-1,120000,22,4,0,8,1509.32,0,115.78998,bdc58de8-6920-4a1b-a0cc-c5d33c05adf2.extra_data.json,6+THe69Q8P,6400,com.sec.android.app.shealth,1230495,86400000,bdc58de8-6920-4a1b-a0cc-c5d33c05adf2,2025-05-07 00:00:00.000,
0,62950170,0,0,1350,300,876510,90,0,62950170,2025-05-16 05:00:11.349,10,2025-05-08 06:00:02.530,0.0,30,30,-1,60000,15,5,0,8,1140.2799,0,90.47001,2fa87859-e51f-4bbe-947b-74179527a16e.extra_data.json,6+THe69Q8P,2800,com.sec.android.app.shealth,873710,86400000,2fa87859-e51f-4bbe-947b-74179527a16e,2025-05-08 00:00:00.000,
0,62950170,0,0,2703,300,1770630,90,0,62950170,2025-05-16 05:00:10.888,10,2025-05-09 04:47:12.843,0.0,30,30,-1,60000,32,9,0,8,2170.26,0,167.52997,84a3b5e4-b07e-4a0e-a193-285b12eaaaba.extra_data.json,6+THe69Q8P,3200,com.sec.android.app.shealth,1767430,86400000,84a3b5e4-b07e-4a0e-a193-285b12eaaaba,2025-05-09 00:00:00.000,
0,62950170,0,0,545,300,359483,90,0,62950170,2025-05-16 05:00:10.065,10,2025-05-10 04:00:00.793,0.0,30,30,-1,60000,5,2,0,8,435.22,0,33.649998,e176abf0-95f7-4b02-9c08-8fad94ca81b6.extra_data.json,6+THe69Q8P,0,com.sec.android.app.shealth,359483,86400000,e176abf0-95f7-4b02-9c08-8fad94ca81b6,2025-05-10 00:00:00.000,
0,62950170,0,0,1362,300,908454,90,0,62950170,2025-05-16 05:00:09.314,10,2025-05-11 04:00:02.289,0.0,30,30,-1,60000,16,6,0,8,1102.35,0,85.92,824c437c-563b-4c5a-b656-83f3589ba517.extra_data.json,6+THe69Q8P,0,com.sec.android.app.shealth,908454,86400000,824c437c-563b-4c5a-b656-83f3589ba517,2025-05-11 00:00:00.000,
0,62950170,0,0,1917,300,1272574,90,0,62950170,2025-05-16 05:00:08.499,10,2025-05-12 05:00:03.291,0.0,30,30,-1,180000,23,5,0,8,1568.9001,0,124.58998,e5cf550c-afb9-4fbf-b2fa-02f0deb8280c.extra_data.json,6+THe69Q8P,4000,com.sec.android.app.shealth,1268574,86400000,e5cf550c-afb9-4fbf-b2fa-02f0deb8280c,2025-05-12 00:00:00.000,
0,62950170,0,0,2658,300,1720648,90,0,62950170,2025-05-16 05:00:07.901,10,2025-05-13 05:00:01.027,0.0,30,30,-1,120000,31,12,0,8,2175.2097,0,169.66997,05bbc460-139b-45ff-9e36-742121b3c3f0.extra_data.json,6+THe69Q8P,4000,com.sec.android.app.shealth,1716648,86400000,05bbc460-139b-45ff-9e36-742121b3c3f0,2025-05-13 00:00:00.000,
0,62950170,0,0,969,300,644721,90,0,62950170,2025-05-16 05:00:07.007,10,2025-05-14 05:00:00.694,0.0,30,30,-1,60000,11,6,0,8,839.07,0,67.51999,2016e7eb-fe55-46ee-825f-36da251d1aad.extra_data.json,6+THe69Q8P,2400,com.sec.android.app.shealth,642321,86400000,2016e7eb-fe55-46ee-825f-36da251d1aad,2025-05-14 00:00:00.000,
0,62950170,0,0,2485,300,1605656,90,0,62950170,2025-05-16 14:11:35.834,10,2025-05-15 05:00:00.562,0.0,30,30,-1,180000,28,7,0,8,2012.3097,0,156.63998,b7277dd0-62e7-4097-a660-f6cd5a18640e.extra_data.json,6+THe69Q8P,7516,com.sec.android.app.shealth,1598140,86400000,b7277dd0-62e7-4097-a660-f6cd5a18640e,2025-05-15 00:00:00.000,
0,62950170,0,0,3450,300,2234662,90,0,62950170,2025-05-17 06:51:09.616,10,2025-05-16 06:00:01.906,0.0,30,30,-1,60000,40,10,0,8,2877.11,0,231.94995,77936562-1606-4dbd-8bf8-b7f12ad8ffb0.extra_data.json,6+THe69Q8P,16400,com.sec.android.app.shealth,2218262,86400000,77936562-1606-4dbd-8bf8-b7f12ad8ffb0,2025-05-16 00:00:00.000,
0,62950170,0,0,4281,300,2728138,90,0,62950170,2025-05-18 05:12:07.707,10,2025-05-17 06:00:01.464,0.0,30,30,-1,120000,50,8,0,8,3489.5002,0,274.16,b04d708e-4c45-4785-ba7d-6c7d81fb2ed3.extra_data.json,6+THe69Q8P,17255,com.sec.android.app.shealth,2710883,86400000,b04d708e-4c45-4785-ba7d-6c7d81fb2ed3,2025-05-17 00:00:00.000,
0,62950170,0,0,1537,300,995472,90,0,62950170,2025-05-19 04:42:07.531,10,2025-05-18 05:00:00.707,0.0,30,30,-1,120000,17,8,0,8,1248.7603,0,98.71997,69667c54-4b59-48da-a346-11114bafee1b.extra_data.json,6+THe69Q8P,4400,com.sec.android.app.shealth,991072,86400000,69667c54-4b59-48da-a346-11114bafee1b,2025-05-18 00:00:00.000,
0,62950170,0,0,2115,300,1302483,90,0,63010030,2025-06-16 02:25:48.734,10,2025-05-19 04:00:11.742,0.0,30,30,-1,120000,23,8,0,8,1667.0703,0,129.11998,ca7d6709-d9ee-48e5-bbe6-06522fdf7259.extra_data.json,6+THe69Q8P,2800,com.sec.android.app.shealth,1299683,86400000,ca7d6709-d9ee-48e5-bbe6-06522fdf7259,2025-05-19 00:00:00.000,
0,62950170,0,0,936,300,619079,90,0,63010030,2025-06-16 02:25:48.428,10,2025-05-20 05:00:00.633,0.0,30,30,-1,60000,11,5,0,8,765.87994,0,59.379986,e56781f9-5129-4154-8dc7-f7d35f5b5e49.extra_data.json,6+THe69Q8P,800,com.sec.android.app.shealth,618279,86400000,e56781f9-5129-4154-8dc7-f7d35f5b5e49,2025-05-20 00:00:00.000,
0,62950170,0,0,2195,300,1434861,90,0,63010030,2025-06-16 02:25:47.870,10,2025-05-21 06:00:01.897,0.0,30,30,-1,60000,25,6,0,8,1788.7802,0,141.33994,a0239fe6-2cdd-4e2e-91a6-5b3bd4227d88.extra_data.json,6+THe69Q8P,5600,com.sec.android.app.shealth,1429261,86400000,a0239fe6-2cdd-4e2e-91a6-5b3bd4227d88,2025-05-21 00:00:00.000,
0,62950170,0,0,1935,300,1254173,90,0,63010030,2025-06-16 02:25:47.524,10,2025-05-22 07:00:01.944,0.0,30,30,-1,180000,22,2,0,8,1642.2898,0,133.28998,4418702f-db2c-4b54-88b7-c8b1840a7c86.extra_data.json,6+THe69Q8P,17527,com.sec.android.app.shealth,1236646,86400000,4418702f-db2c-4b54-88b7-c8b1840a7c86,2025-05-22 00:00:00.000,
0,62950170,0,0,1348,300,860442,90,0,63010030,2025-06-16 02:25:47.306,10,2025-05-23 05:46:49.696,0.0,30,30,-1,120000,15,2,0,8,1077.4,0,84.49,cd31390c-bda3-40cb-aafd-873e9ad7285a.extra_data.json,6+THe69Q8P,2800,com.sec.android.app.shealth,857642,86400000,cd31390c-bda3-40cb-aafd-873e9ad7285a,2025-05-23 00:00:00.000,
0,62950170,0,0,2584,300,1660244,90,0,63010030,2025-06-16 02:25:47.140,10,2025-05-24 05:00:00.555,0.0,30,30,-1,120000,30,9,0,8,2157.1997,0,170.48997,7d11b0c1-984f-49c4-8d05-b232c0422f83.extra_data.json,6+THe69Q8P,11600,com.sec.android.app.shealth,1648644,86400000,7d11b0c1-984f-49c4-8d05-b232c0422f83,2025-05-24 00:00:00.000,
0,62950170,0,0,1301,300,851899,90,0,63010030,2025-06-16 02:25:46.958,10,2025-05-25 04:00:01.552,0.0,30,30,-1,60000,14,4,0,8,1087.64,0,87.29999,99238653-b458-4dcc-9802-45ff3281b5a7.extra_data.json,6+THe69Q8P,13993,com.sec.android.app.shealth,837906,86400000,99238653-b458-4dcc-9802-45ff3281b5a7,2025-05-25 00:00:00.000,
0,62950170,0,0,2413,300,1571800,90,0,63010030,2025-06-22 20:43:32.957,10,2025-05-26 04:00:00.725,0.0,30,30,-1,120000,28,9,0,8,1979.7999,0,155.47998,52ebf9de-7539-47b1-9135-4ed53c119a1c.extra_data.json,6+THe69Q8P,11200,com.sec.android.app.shealth,1560600,86400000,52ebf9de-7539-47b1-9135-4ed53c119a1c,2025-05-26 00:00:00.000,
0,62950170,0,0,585,300,378959,90,0,63010030,2025-06-22 20:43:32.879,10,2025-05-27 05:00:00.774,0.0,30,30,-1,60000,6,4,0,8,483.63995,0,36.619987,9fd24f40-64d1-47b6-a551-97f68ef00366.extra_data.json,6+THe69Q8P,800,com.sec.android.app.shealth,378159,86400000,9fd24f40-64d1-47b6-a551-97f68ef00366,2025-05-27 00:00:00.000,
0,62950170,0,0,2626,300,1723642,90,0,63010030,2025-06-22 20:43:32.663,10,2025-05-28 05:00:00.858,0.0,30,30,-1,60000,31,13,0,8,2180.61,0,173.81,609a8d26-e747-4580-9dfa-74f74dcc2157.extra_data.json,6+THe69Q8P,5985,com.sec.android.app.shealth,1717657,86400000,609a8d26-e747-4580-9dfa-74f74dcc2157,2025-05-28 00:00:00.000,
0,62950170,0,0,1764,300,1159983,90,0,63010030,2025-06-22 20:43:32.559,10,2025-05-29 04:00:01.554,0.0,30,30,-1,60000,21,14,0,8,1460.2701,0,114.699974,287e10cd-df02-4267-ac54-14cb2a766719.extra_data.json,6+THe69Q8P,6800,com.sec.android.app.shealth,1153183,86400000,287e10cd-df02-4267-ac54-14cb2a766719,2025-05-29 00:00:00.000,
0,62950170,0,0,1514,300,972438,90,0,63020270,2025-06-26 15:46:51.930,10,2025-05-30 05:00:01.187,0.0,30,30,-1,120000,17,4,0,8,1233.7501,0,97.44997,7e37dc2a-b4fb-497c-9767-cd26e592caea.extra_data.json,6+THe69Q8P,2800,com.sec.android.app.shealth,969638,86400000,7e37dc2a-b4fb-497c-9767-cd26e592caea,2025-05-30 00:00:00.000,
0,63010030,0,0,1810,300,1163551,90,0,63020270,2025-06-26 15:46:51.884,10,2025-05-31 05:00:00.509,0.0,30,30,-1,120000,21,9,0,8,1530.1299,0,122.18999,38261fbe-70ee-49df-9566-53e54e132161.extra_data.json,6+THe69Q8P,14400,com.sec.android.app.shealth,1149151,86400000,38261fbe-70ee-49df-9566-53e54e132161,2025-05-31 00:00:00.000,
0,63010030,0,0,6567,300,4256320,90,0,63020270,2025-06-26 15:46:51.822,10,2025-06-01 06:00:05.328,0.0,30,30,-1,180000,77,10,0,8,5518.0005,0,448.14,6d4791cb-d291-4c48-9b6a-a222ec0ed7a5.extra_data.json,6+THe69Q8P,52460,com.sec.android.app.shealth,4203860,86400000,6d4791cb-d291-4c48-9b6a-a222ec0ed7a5,2025-06-01 00:00:00.000,
0,63010030,0,0,1243,300,815844,90,0,63020270,2025-06-26 15:46:51.774,10,2025-06-02 06:00:00.626,0.0,30,30,-1,60000,14,6,0,8,1046.14,0,84.099976,3aa75041-4760-4718-afb5-532094ea759b.extra_data.json,6+THe69Q8P,800,com.sec.android.app.shealth,815044,86400000,3aa75041-4760-4718-afb5-532094ea759b,2025-06-02 00:00:00.000,
0,63010030,0,0,2005,300,1309566,90,0,63020270,2025-06-26 15:46:51.727,10,2025-06-03 04:00:00.408,0.0,30,30,-1,60000,23,9,0,8,1673.3801,0,133.62001,a02d3409-40c5-4f53-83d2-d95a28252f09.extra_data.json,6+THe69Q8P,10400,com.sec.android.app.shealth,1299166,86400000,a02d3409-40c5-4f53-83d2-d95a28252f09,2025-06-03 00:00:00.000,
0,63010030,0,0,1482,300,976321,90,0,63020270,2025-06-26 15:46:51.668,10,2025-06-04 04:00:00.442,0.0,30,30,-1,60000,17,13,0,8,1292.0702,0,102.350006,922d3d99-55f3-449f-8e4e-3c179dbd31e7.extra_data.json,6+THe69Q8P,7200,com.sec.android.app.shealth,969121,86400000,922d3d99-55f3-449f-8e4e-3c179dbd31e7,2025-06-04 00:00:00.000,
0,63010030,0,0,1425,300,909800,90,0,63020270,2025-06-26 15:46:51.617,10,2025-06-05 06:00:01.536,0.0,30,30,-1,60000,16,4,0,8,1153.5599,0,91.770004,bcbd4828-9711-4ab2-8c09-65297f48f20a.extra_data.json,6+THe69Q8P,6328,com.sec.android.app.shealth,903472,86400000,bcbd4828-9711-4ab2-8c09-65297f48f20a,2025-06-05 00:00:00.000,
0,63010030,0,0,1367,300,893583,90,0,63020270,2025-06-26 15:46:51.543,10,2025-06-06 05:00:00.572,0.0,30,30,-1,60000,15,6,0,8,1190.4102,0,97.39998,4aac7b70-2a5f-4c37-a153-8517612e8a49.extra_data.json,6+THe69Q8P,7200,com.sec.android.app.shealth,886383,86400000,4aac7b70-2a5f-4c37-a153-8517612e8a49,2025-06-06 00:00:00.000,
0,63010030,0,0,3532,300,2296903,90,0,63020270,2025-06-26 15:46:51.464,10,2025-06-07 07:00:00.555,0.0,30,30,-1,120000,42,10,0,8,2831.7202,0,222.87,e6997b94-0677-481d-84f2-15ab97e74f71.extra_data.json,6+THe69Q8P,10685,com.sec.android.app.shealth,2286218,86400000,e6997b94-0677-481d-84f2-15ab97e74f71,2025-06-07 00:00:00.000,
0,63010030,0,0,2965,300,1933629,90,0,63020270,2025-06-26 15:46:51.400,10,2025-06-08 05:00:00.693,0.0,30,30,-1,420000,35,8,0,8,2382.5898,0,186.84996,06c68569-76ce-49db-a75f-66392f513f63.extra_data.json,6+THe69Q8P,3125,com.sec.android.app.shealth,1930504,86400000,06c68569-76ce-49db-a75f-66392f513f63,2025-06-08 00:00:00.000,
0,63010030,0,0,1371,300,905162,90,0,63020270,2025-06-26 15:46:51.350,10,2025-06-09 04:00:00.385,0.0,30,30,-1,120000,16,2,0,8,1079.38,0,83.779976,35460e3d-578a-4b64-9ee9-52b2a80c1bbf.extra_data.json,6+THe69Q8P,800,com.sec.android.app.shealth,904362,86400000,35460e3d-578a-4b64-9ee9-52b2a80c1bbf,2025-06-09 00:00:00.000,
0,63010030,0,0,1767,300,1175624,90,0,63020270,2025-06-26 15:46:51.293,10,2025-06-10 04:00:00.380,0.0,30,30,-1,60000,21,9,0,8,1423.6998,0,111.64999,82a79b6f-7c31-480e-8623-32853e4e4834.extra_data.json,6+THe69Q8P,400,com.sec.android.app.shealth,1175224,86400000,82a79b6f-7c31-480e-8623-32853e4e4834,2025-06-10 00:00:00.000,
0,63010030,0,0,6251,300,4015780,90,0,63020270,2025-07-08 13:19:17.819,10,2025-06-11 05:00:00.696,0.0,30,30,-1,240000,73,10,0,8,5133.239,0,410.28995,1efaaa0d-b580-4bfc-b280-ceb8269698a4.extra_data.json,6+THe69Q8P,38223,com.sec.android.app.shealth,3977557,86400000,1efaaa0d-b580-4bfc-b280-ceb8269698a4,2025-06-11 00:00:00.000,
0,63010030,0,0,1268,300,830754,90,0,63020270,2025-07-08 13:19:17.570,10,2025-06-12 05:00:00.387,0.0,30,30,-1,60000,14,7,0,8,1046.88,0,83.27998,5a1bb19e-73d1-4eaa-b145-ad12102e7309.extra_data.json,6+THe69Q8P,2400,com.sec.android.app.shealth,828354,86400000,5a1bb19e-73d1-4eaa-b145-ad12102e7309,2025-06-12 00:00:00.000,
0,63010030,0,0,1224,300,804475,90,0,63020270,2025-07-08 13:19:17.459,10,2025-06-13 05:00:02.007,0.0,30,30,-1,60000,14,7,0,8,1026.0,0,78.15999,daaaadf8-45d9-4623-93df-3a303e4ae18e.extra_data.json,6+THe69Q8P,800,com.sec.android.app.shealth,803675,86400000,daaaadf8-45d9-4623-93df-3a303e4ae18e,2025-06-13 00:00:00.000,
0,63010030,0,0,1974,300,1263011,90,0,63020270,2025-07-08 13:19:17.349,10,2025-06-14 04:00:00.543,0.0,30,30,-1,180000,22,7,0,8,1614.2002,0,127.289986,1069e927-6e7f-46dc-b510-5bbd3ca2f311.extra_data.json,6+THe69Q8P,7200,com.sec.android.app.shealth,1255811,86400000,1069e927-6e7f-46dc-b510-5bbd3ca2f311,2025-06-14 00:00:00.000,
0,63010030,0,900000,3638,300,2295627,90,0,63020270,2025-07-08 13:19:17.240,10,2025-06-15 06:00:00.751,0.0,30,30,-1,1320000,42,6,0,8,2929.4702,0,229.74998,a4e27ed5-78d4-4975-9d42-02f3085eba7a.extra_data.json,6+THe69Q8P,1200,com.sec.android.app.shealth,2294427,86400000,a4e27ed5-78d4-4975-9d42-02f3085eba7a,2025-06-15 00:00:00.000,
0,63010030,0,0,3079,300,1922210,90,0,63020270,2025-07-08 13:19:17.006,10,2025-06-16 07:00:16.080,0.0,30,30,-1,300000,34,3,0,8,2483.52,0,197.02002,58645eb4-183f-496a-9fa5-c08422af0862.extra_data.json,6+THe69Q8P,8400,com.sec.android.app.shealth,1913810,86400000,58645eb4-183f-496a-9fa5-c08422af0862,2025-06-16 00:00:00.000,
0,63010030,0,0,2581,300,1601431,90,0,63020270,2025-07-08 13:19:16.905,10,2025-06-17 07:00:01.488,0.0,30,30,-1,180000,28,4,0,8,2140.36,0,167.53998,45c5b9be-603c-484c-bfd7-9e1ec84e83f8.extra_data.json,6+THe69Q8P,5600,com.sec.android.app.shealth,1595831,86400000,45c5b9be-603c-484c-bfd7-9e1ec84e83f8,2025-06-17 00:00:00.000,
0,63010030,0,0,1209,300,788064,90,0,63020270,2025-07-08 13:19:16.805,10,2025-06-18 06:00:01.489,0.0,30,30,-1,60000,14,3,0,8,1034.81,0,84.139984,3a9c49c8-d472-46c8-8845-af1b83d664fa.extra_data.json,6+THe69Q8P,6400,com.sec.android.app.shealth,781664,86400000,3a9c49c8-d472-46c8-8845-af1b83d664fa,2025-06-18 00:00:00.000,
0,63010030,0,0,2021,300,1305969,90,0,63020270,2025-07-08 13:19:16.745,10,2025-06-19 05:00:04.419,0.0,30,30,-1,120000,23,7,0,8,1621.29,0,128.06001,20e97427-a96b-48c2-8a60-a013c1b7bee5.extra_data.json,6+THe69Q8P,4399,com.sec.android.app.shealth,1301570,86400000,20e97427-a96b-48c2-8a60-a013c1b7bee5,2025-06-19 00:00:00.000,
0,63010030,0,0,4368,300,2714262,90,0,63020310,2025-07-18 02:38:02.727,10,2025-06-20 07:00:01.794,0.0,30,30,-1,1260000,50,7,0,8,3432.9192,0,266.73,168b8156-6124-4822-9f51-74efbcdb4a53.extra_data.json,6+THe69Q8P,3200,com.sec.android.app.shealth,2711062,86400000,168b8156-6124-4822-9f51-74efbcdb4a53,2025-06-20 00:00:00.000,
0,63010030,0,0,2798,300,1770584,90,0,63020310,2025-07-18 02:38:02.500,10,2025-06-21 07:00:01.399,0.0,30,30,-1,300000,32,8,0,8,2235.4797,0,173.26997,1ef618c5-12d7-42bf-b51c-7e97d96c41aa.extra_data.json,6+THe69Q8P,2000,com.sec.android.app.shealth,1768584,86400000,1ef618c5-12d7-42bf-b51c-7e97d96c41aa,2025-06-21 00:00:00.000,
0,63010030,0,0,1288,300,838491,90,0,63020310,2025-07-18 02:38:02.174,10,2025-06-22 06:00:01.716,0.0,30,30,-1,60000,14,5,0,8,1046.0099,0,82.219986,7a762857-7d3d-4831-9df5-c14cd99747a0.extra_data.json,6+THe69Q8P,2800,com.sec.android.app.shealth,835691,86400000,7a762857-7d3d-4831-9df5-c14cd99747a0,2025-06-22 00:00:00.000,
0,63010030,0,0,2770,300,1697982,90,0,63020310,2025-07-18 02:38:01.968,10,2025-06-23 05:55:10.956,0.0,30,30,-1,780000,31,3,0,8,2158.7202,0,167.51001,3212eb79-711e-423f-9fad-88b376986b8e.extra_data.json,6+THe69Q8P,400,com.sec.android.app.shealth,1697582,86400000,3212eb79-711e-423f-9fad-88b376986b8e,2025-06-23 00:00:00.000,
0,63010030,0,0,3845,300,2500337,90,0,63020310,2025-07-18 02:38:01.749,10,2025-06-24 05:00:01.349,0.0,30,30,-1,120000,45,11,0,8,3131.1497,0,246.22995,c01b9b52-1450-45a5-9e22-95e54da8a523.extra_data.json,6+THe69Q8P,13935,com.sec.android.app.shealth,2486402,86400000,c01b9b52-1450-45a5-9e22-95e54da8a523,2025-06-24 00:00:00.000,
0,63010030,0,0,1171,300,773126,90,0,63020310,2025-07-18 02:38:01.514,10,2025-06-25 06:00:00.342,0.0,30,30,-1,60000,13,6,0,8,958.55005,0,75.51998,53244347-111b-4ff4-8138-58f38d9f3657.extra_data.json,6+THe69Q8P,4383,com.sec.android.app.shealth,768743,86400000,53244347-111b-4ff4-8138-58f38d9f3657,2025-06-25 00:00:00.000,
0,63010030,0,0,2147,300,1410079,90,0,63020310,2025-07-24 03:59:32.321,10,2025-06-26 05:00:00.371,0.0,30,30,-1,60000,25,6,0,8,1716.4202,0,134.42996,693e7c0d-3db4-4193-b6f5-6c4a53c2ae2f.extra_data.json,6+THe69Q8P,4800,com.sec.android.app.shealth,1405279,86400000,693e7c0d-3db4-4193-b6f5-6c4a53c2ae2f,2025-06-26 00:00:00.000,
0,63020270,0,0,5372,300,3508948,90,0,63020310,2025-07-24 03:59:32.226,10,2025-06-27 04:00:01.570,0.0,30,30,-1,120000,64,15,0,8,4288.5806,0,339.77,8271783d-064f-426b-8688-41509966441d.extra_data.json,6+THe69Q8P,27293,com.sec.android.app.shealth,3481655,86400000,8271783d-064f-426b-8688-41509966441d,2025-06-27 00:00:00.000,
0,63020270,0,0,2727,300,1774492,90,0,63020310,2025-07-24 03:59:32.116,10,2025-06-28 04:00:00.356,0.0,30,30,-1,120000,32,6,0,8,2257.72,0,183.13998,21947289-034a-415e-a55b-4de828439ff3.extra_data.json,6+THe69Q8P,16400,com.sec.android.app.shealth,1758092,86400000,21947289-034a-415e-a55b-4de828439ff3,2025-06-28 00:00:00.000,
0,63020270,0,0,1124,300,734974,90,0,63020310,2025-07-26 15:54:50.895,10,2025-06-29 04:00:01.908,0.0,30,30,-1,120000,13,6,0,8,886.25006,0,69.07,dc1ae645-4177-43f7-8a7c-5c95ede5a8d6.extra_data.json,6+THe69Q8P,0,com.sec.android.app.shealth,734974,86400000,dc1ae645-4177-43f7-8a7c-5c95ede5a8d6,2025-06-29 00:00:00.000,
0,63020270,0,0,2365,300,1543283,90,0,63020310,2025-07-26 15:54:50.636,10,2025-06-30 04:00:00.403,0.0,30,30,-1,120000,27,5,0,8,1906.55,0,152.32997,5f549978-d6ce-4e0a-a939-b7ed832b7f4b.extra_data.json,6+THe69Q8P,10000,com.sec.android.app.shealth,1533283,86400000,5f549978-d6ce-4e0a-a939-b7ed832b7f4b,2025-06-30 00:00:00.000,
0,63020270,0,0,2025,300,1323873,90,0,63030110,2025-07-28 23:34:30.307,10,2025-07-01 04:00:00.435,0.0,30,30,-1,120000,23,9,0,8,1660.1101,0,131.98,779c4e98-5451-43b2-90c2-368acf630f07.extra_data.json,6+THe69Q8P,4000,com.sec.android.app.shealth,1319873,86400000,779c4e98-5451-43b2-90c2-368acf630f07,2025-07-01 00:00:00.000,
0,63020270,0,0,2839,300,1835202,90,0,63030110,2025-07-28 23:34:30.208,10,2025-07-02 05:00:01.513,0.0,30,30,-1,120000,33,10,0,8,2327.98,0,186.16992,38d20354-ddd0-4503-ae12-e914fedbba01.extra_data.json,6+THe69Q8P,17200,com.sec.android.app.shealth,1818002,86400000,38d20354-ddd0-4503-ae12-e914fedbba01,2025-07-02 00:00:00.000,
0,63020270,0,0,3034,300,2010216,90,0,63030110,2025-07-28 23:34:30.136,10,2025-07-03 04:00:00.620,0.0,30,30,-1,180000,36,9,0,8,2374.78,0,188.05,7516e316-2e3e-471c-a71c-074c46a4671b.extra_data.json,6+THe69Q8P,4000,com.sec.android.app.shealth,2006216,86400000,7516e316-2e3e-471c-a71c-074c46a4671b,2025-07-03 00:00:00.000,
0,63020270,0,0,3838,300,2480671,90,0,63030110,2025-07-28 23:34:30.062,10,2025-07-04 04:00:02.978,0.0,30,30,-1,240000,45,7,0,8,3068.1204,0,239.23004,137a57f7-3274-4fdc-b398-ff84856d991b.extra_data.json,6+THe69Q8P,4400,com.sec.android.app.shealth,2476271,86400000,137a57f7-3274-4fdc-b398-ff84856d991b,2025-07-04 00:00:00.000,
0,63020270,0,0,2738,300,1802259,90,0,63030110,2025-07-28 23:34:29.999,10,2025-07-05 05:00:02.710,0.0,30,30,-1,240000,32,8,0,8,2189.1697,0,173.41995,c1cb7ea3-5064-4b58-8b2b-8987533c0ffc.extra_data.json,6+THe69Q8P,3600,com.sec.android.app.shealth,1798659,86400000,c1cb7ea3-5064-4b58-8b2b-8987533c0ffc,2025-07-05 00:00:00.000,
0,63020270,0,0,1485,300,984994,90,0,63030110,2025-07-28 23:34:29.931,10,2025-07-06 05:34:29.547,0.0,30,30,-1,60000,17,6,0,8,1215.43,0,97.18997,d55d464f-0ee1-402b-aa06-5cbc44c93dec.extra_data.json,6+THe69Q8P,3200,com.sec.android.app.shealth,981794,86400000,d55d464f-0ee1-402b-aa06-5cbc44c93dec,2025-07-06 00:00:00.000,
0,63020270,0,0,3429,300,2247741,90,0,63030110,2025-07-28 23:34:29.862,10,2025-07-07 05:00:01.975,0.0,30,30,-1,60000,41,11,0,8,2766.0,0,217.34998,3743124e-48d7-49c1-9b86-f495f21fcc02.extra_data.json,6+THe69Q8P,4800,com.sec.android.app.shealth,2242941,86400000,3743124e-48d7-49c1-9b86-f495f21fcc02,2025-07-07 00:00:00.000,
0,63020270,0,0,2293,300,1488993,90,0,63030110,2025-07-28 23:34:29.638,10,2025-07-08 05:00:00.415,0.0,30,30,-1,120000,26,8,0,8,1804.0703,0,140.42,2da2d939-8e41-42d8-b678-c0644d59c482.extra_data.json,6+THe69Q8P,2400,com.sec.android.app.shealth,1486593,86400000,2da2d939-8e41-42d8-b678-c0644d59c482,2025-07-08 00:00:00.000,
0,63020310,0,0,2534,300,1676131,90,0,63030110,2025-07-28 23:34:29.552,10,2025-07-09 07:00:00.880,0.0,30,30,-1,60000,30,8,0,8,2153.81,0,180.67,845b6788-1ddc-4c16-b873-1543415f24cd.extra_data.json,6+THe69Q8P,20000,com.sec.android.app.shealth,1656131,86400000,845b6788-1ddc-4c16-b873-1543415f24cd,2025-07-09 00:00:00.000,
0,63020310,0,0,728,300,485309,90,0,63030110,2025-07-28 23:34:29.486,10,2025-07-10 07:00:01.170,0.0,30,30,-1,46023,8,6,0,8,572.48,0,45.79,353f9d2a-9aeb-4f1b-bbd5-6e055a299522.extra_data.json,6+THe69Q8P,400,com.sec.android.app.shealth,484909,86400000,353f9d2a-9aeb-4f1b-bbd5-6e055a299522,2025-07-10 00:00:00.000,
0,63020310,0,0,500,300,331097,90,0,63030110,2025-07-28 23:34:29.374,10,2025-07-11 07:00:01.150,0.0,30,30,-1,50692,5,3,0,8,416.55,0,34.34,1a591863-9098-4344-b844-727cda8b558f.extra_data.json,6+THe69Q8P,3600,com.sec.android.app.shealth,327497,86400000,1a591863-9098-4344-b844-727cda8b558f,2025-07-11 00:00:00.000,
0,63020310,0,0,1607,300,1046950,90,0,63030110,2025-07-28 23:34:29.310,10,2025-07-12 07:00:00.755,0.0,30,30,-1,240000,18,4,0,8,1238.3796,0,96.90994,b8b879f5-22c3-4493-bb73-7e53b463f043.extra_data.json,6+THe69Q8P,0,com.sec.android.app.shealth,1046950,86400000,b8b879f5-22c3-4493-bb73-7e53b463f043,2025-07-12 00:00:00.000,
0,63020310,0,0,1390,300,917518,90,0,63030110,2025-07-28 23:34:29.222,10,2025-07-13 07:00:00.626,0.0,30,30,-1,40020,16,7,0,8,1136.64,0,92.25,50f26aed-0d80-4897-8267-abd09b26eb1f.extra_data.json,6+THe69Q8P,14400,com.sec.android.app.shealth,903118,86400000,50f26aed-0d80-4897-8267-abd09b26eb1f,2025-07-13 00:00:00.000,
0,63020310,0,0,3975,300,2595207,90,0,63030110,2025-07-28 23:34:29.111,10,2025-07-14 07:00:00.519,0.0,30,30,-1,120000,46,10,0,8,3275.86,0,263.21997,0c0ece9e-ceb9-40ce-a5a9-535bdf2720fa.extra_data.json,6+THe69Q8P,26800,com.sec.android.app.shealth,2568407,86400000,0c0ece9e-ceb9-40ce-a5a9-535bdf2720fa,2025-07-14 00:00:00.000,
0,63020310,0,0,3029,300,2012304,90,0,63030110,2025-07-28 23:34:28.982,10,2025-07-15 08:25:36.588,0.0,30,30,-1,60000,36,8,0,8,2448.1,0,199.58,db4c2160-5da9-479c-a171-9c92ea51589e.extra_data.json,6+THe69Q8P,10000,com.sec.android.app.shealth,2002304,86400000,db4c2160-5da9-479c-a171-9c92ea51589e,2025-07-15 00:00:00.000,
0,63020310,0,0,1376,300,909248,90,0,63030110,2025-07-28 23:34:28.878,10,2025-07-16 07:00:00.994,0.0,30,30,-1,48691,15,7,0,8,1233.5201,0,104.62999,86e32961-98d7-4fa8-be08-31b45e2a52ec.extra_data.json,6+THe69Q8P,12800,com.sec.android.app.shealth,896448,86400000,86e32961-98d7-4fa8-be08-31b45e2a52ec,2025-07-16 00:00:00.000,
0,63020310,0,0,449,300,288484,90,0,63030110,2025-07-28 23:34:28.754,10,2025-07-17 07:00:01.636,0.0,30,30,-1,60000,4,2,0,8,351.96,0,27.599998,592ad3ab-6e81-43d9-9b81-c3fb78039edd.extra_data.json,6+THe69Q8P,400,com.sec.android.app.shealth,288084,86400000,592ad3ab-6e81-43d9-9b81-c3fb78039edd,2025-07-17 00:00:00.000,
0,63020310,0,0,984,300,654726,90,0,63030110,2025-07-28 23:34:28.652,10,2025-07-18 07:00:01.928,0.0,30,30,-1,35351,11,8,0,8,805.81006,0,64.38999,b950b008-b1dc-4056-9c66-d57f62dcc6ad.extra_data.json,6+THe69Q8P,2400,com.sec.android.app.shealth,652326,86400000,b950b008-b1dc-4056-9c66-d57f62dcc6ad,2025-07-18 00:00:00.000,
0,63020310,0,0,601,300,400333,90,0,63030110,2025-07-28 23:34:28.570,10,2025-07-19 07:44:16.297,0.0,30,30,-1,31349,6,4,0,8,493.57004,0,39.09,c0716497-c103-4b65-9d8e-486f4e59357d.extra_data.json,6+THe69Q8P,800,com.sec.android.app.shealth,399533,86400000,c0716497-c103-4b65-9d8e-486f4e59357d,2025-07-19 00:00:00.000,
0,63020310,0,0,1404,300,933103,90,0,63030110,2025-07-28 23:34:27.011,10,2025-07-20 07:00:01.118,0.0,30,30,-1,60000,16,3,0,8,1131.68,0,92.51998,46fc1e20-90f9-48b7-a07d-9ae69ccfa587.extra_data.json,6+THe69Q8P,0,com.sec.android.app.shealth,933103,86400000,46fc1e20-90f9-48b7-a07d-9ae69ccfa587,2025-07-20 00:00:00.000,
0,63020310,0,0,1170,300,777453,90,0,63030110,2025-07-28 23:34:26.881,10,2025-07-21 07:00:01.322,0.0,30,30,-1,52693,13,5,0,8,994.7599,0,82.79999,a44ce2ec-85b1-4bf0-bad5-4754da00c6ad.extra_data.json,6+THe69Q8P,4400,com.sec.android.app.shealth,773053,86400000,a44ce2ec-85b1-4bf0-bad5-4754da00c6ad,2025-07-21 00:00:00.000,
0,63020310,0,0,1186,300,789193,90,0,63030110,2025-07-28 23:34:26.789,10,2025-07-22 07:00:00.484,0.0,30,30,-1,51359,14,6,0,8,977.5098,0,80.01998,4c9d64bb-2390-4e14-b2d5-c9adcea12db3.extra_data.json,6+THe69Q8P,2800,com.sec.android.app.shealth,786393,86400000,4c9d64bb-2390-4e14-b2d5-c9adcea12db3,2025-07-22 00:00:00.000,
0,63020310,0,0,587,300,391529,90,0,63030110,2025-07-28 23:34:26.681,10,2025-07-23 07:00:00.428,0.0,30,30,-1,40687,6,5,0,8,464.09,0,37.25,f503e1f5-2a15-461a-bc86-407a6692ab39.extra_data.json,6+THe69Q8P,0,com.sec.android.app.shealth,391529,86400000,f503e1f5-2a15-461a-bc86-407a6692ab39,2025-07-23 00:00:00.000,
0,63020310,0,0,2087,300,1370666,90,0,63030110,2025-07-28 23:34:26.571,10,2025-07-24 07:00:00.839,0.0,30,30,-1,120000,24,6,0,8,1714.1902,0,136.51997,576fc745-9f8b-4bb7-9d8d-46a6075f71a9.extra_data.json,6+THe69Q8P,5939,com.sec.android.app.shealth,1364727,86400000,576fc745-9f8b-4bb7-9d8d-46a6075f71a9,2025-07-24 00:00:00.000,
0,63020310,0,0,1458,300,970884,90,0,63030110,2025-07-28 23:34:26.508,10,2025-07-25 07:36:37.330,0.0,30,30,-1,48691,17,11,0,8,1190.2001,0,93.97999,204bc7f5-db9e-4f97-9631-26507810689f.extra_data.json,6+THe69Q8P,2400,com.sec.android.app.shealth,968484,86400000,204bc7f5-db9e-4f97-9631-26507810689f,2025-07-25 00:00:00.000,
0,63020310,0,0,1118,300,734069,90,0,63030110,2025-07-28 23:34:26.349,10,2025-07-26 05:00:01.125,0.0,30,30,-1,60000,13,6,0,8,917.06995,0,70.599976,e338a776-73fe-443d-8189-e1fb4b5624e2.extra_data.json,6+THe69Q8P,2400,com.sec.android.app.shealth,731669,86400000,e338a776-73fe-443d-8189-e1fb4b5624e2,2025-07-26 00:00:00.000,
0,63020310,0,0,923,300,612008,90,0,63030110,2025-08-24 02:21:59.949,10,2025-07-27 05:00:00.938,0.0,30,30,-1,60000,11,3,0,8,747.07,0,57.86999,732a9f27-209b-4abd-8265-d2722752da0b.extra_data.json,6+THe69Q8P,2400,com.sec.android.app.shealth,609608,86400000,732a9f27-209b-4abd-8265-d2722752da0b,2025-07-27 00:00:00.000,
0,63020310,0,0,1853,300,1204101,90,0,63030110,2025-08-24 02:21:59.836,10,2025-07-28 04:00:00.847,0.0,30,30,-1,60000,21,7,0,8,1567.7299,0,126.04999,f3df539c-b276-4c2c-a242-0a2e1adbf58f.extra_data.json,6+THe69Q8P,22381,com.sec.android.app.shealth,1181720,86400000,f3df539c-b276-4c2c-a242-0a2e1adbf58f,2025-07-28 00:00:00.000,
0,63030110,0,0,1292,300,838164,90,0,63030110,2025-08-24 02:21:59.736,10,2025-07-29 04:00:00.485,0.0,30,30,-1,120000,14,4,0,8,1038.97,0,81.289986,ff2c2ed1-a78c-4de3-8c59-16fbb7fb16a7.extra_data.json,6+THe69Q8P,3200,com.sec.android.app.shealth,834964,86400000,ff2c2ed1-a78c-4de3-8c59-16fbb7fb16a7,2025-07-29 00:00:00.000,
0,63030110,0,0,2501,300,1631565,90,0,63030110,2025-08-24 02:21:59.650,10,2025-07-30 04:00:00.387,0.0,30,30,-1,180000,30,6,0,8,2013.1802,0,156.29997,ac543e13-58ef-4767-8ccd-f457e0de7fac.extra_data.json,6+THe69Q8P,7600,com.sec.android.app.shealth,1623965,86400000,ac543e13-58ef-4767-8ccd-f457e0de7fac,2025-07-30 00:00:00.000,
0,63030110,0,0,1515,300,999105,90,0,63030110,2025-08-27 07:28:37.233,10,2025-07-31 04:00:00.441,0.0,30,30,-1,120000,17,5,0,8,1186.8802,0,90.47997,02a46f57-bc16-4764-a260-56bad6fdac33.extra_data.json,6+THe69Q8P,2000,com.sec.android.app.shealth,997105,86400000,02a46f57-bc16-4764-a260-56bad6fdac33,2025-07-31 00:00:00.000,
0,63030110,0,0,3058,300,1987388,90,0,63030110,2025-08-27 07:28:37.123,10,2025-08-01 04:00:00.316,0.0,30,30,-1,120000,36,9,0,8,2442.1897,0,190.84996,b650b70a-2214-4dcb-a6d0-61102416b5c9.extra_data.json,6+THe69Q8P,4398,com.sec.android.app.shealth,1982990,86400000,b650b70a-2214-4dcb-a6d0-61102416b5c9,2025-08-01 00:00:00.000,
0,63030110,0,0,1038,300,684707,90,0,63030110,2025-08-27 07:28:37.015,10,2025-08-02 05:00:01.573,0.0,30,30,-1,60000,12,7,0,8,851.1502,0,66.329994,576c9361-5e29-4158-8f1d-5b1d9615928e.extra_data.json,6+THe69Q8P,10400,com.sec.android.app.shealth,674307,86400000,576c9361-5e29-4158-8f1d-5b1d9615928e,2025-08-02 00:00:00.000,
0,63030110,0,0,1645,300,1040205,90,0,63030110,2025-08-27 07:28:36.940,10,2025-08-03 05:00:00.380,0.0,30,30,-1,120000,18,5,0,8,1322.1604,0,103.24997,c78c141c-49ab-40b8-a575-3298f2e8662d.extra_data.json,6+THe69Q8P,3200,com.sec.android.app.shealth,1037005,86400000,c78c141c-49ab-40b8-a575-3298f2e8662d,2025-08-03 00:00:00.000,
0,63030110,0,0,17,300,11339,90,0,63030110,2025-08-27 07:28:36.873,10,2025-08-04 05:00:00.314,0.0,30,30,-1,11339,0,0,0,8,13.630001,0,1.0,2418f01c-b305-4b8b-a2dc-76093e8ffe26.extra_data.json,6+THe69Q8P,0,com.sec.android.app.shealth,11339,86400000,2418f01c-b305-4b8b-a2dc-76093e8ffe26,2025-08-04 00:00:00.000,
0,63030110,0,0,1979,300,1238777,90,0,63030110,2025-09-02 05:50:58.441,10,2025-08-05 05:00:00.649,0.0,30,30,-1,120000,22,4,0,8,1578.25,0,123.83998,f529cd7c-233f-45f6-b4fa-fb9c2884331e.extra_data.json,6+THe69Q8P,6519,com.sec.android.app.shealth,1232258,86400000,f529cd7c-233f-45f6-b4fa-fb9c2884331e,2025-08-05 00:00:00.000,
0,63030110,0,0,2146,300,1367568,90,0,63030110,2025-09-02 05:50:58.232,10,2025-08-06 05:00:00.843,0.0,30,30,-1,120000,24,4,0,8,1745.5303,0,138.75,783febfe-0d3f-46af-ba93-a4e02c6c1e10.extra_data.json,6+THe69Q8P,5516,com.sec.android.app.shealth,1362052,86400000,783febfe-0d3f-46af-ba93-a4e02c6c1e10,2025-08-06 00:00:00.000,
0,63030110,0,0,2999,300,1932089,90,0,63030110,2025-09-02 05:50:57.662,10,2025-08-07 05:00:00.476,0.0,30,30,-1,120000,35,9,0,8,2366.2502,0,183.71996,284fae28-381e-47cb-b95e-911798d9646b.extra_data.json,6+THe69Q8P,0,com.sec.android.app.shealth,1932089,86400000,284fae28-381e-47cb-b95e-911798d9646b,2025-08-07 00:00:00.000,
0,63030110,0,0,1252,300,834283,90,0,63030110,2025-09-02 05:50:57.500,10,2025-08-08 04:00:01.282,0.0,30,30,-1,60000,14,5,0,8,960.6001,0,39.399998,f0c5d5a2-08e3-45d7-8a95-cf4d1561b112.extra_data.json,6+THe69Q8P,1200,com.sec.android.app.shealth,833083,86400000,f0c5d5a2-08e3-45d7-8a95-cf4d1561b112,2025-08-08 00:00:00.000,
0,63030110,0,0,1767,300,1175652,90,0,63030110,2025-09-02 05:50:57.360,10,2025-08-09 04:00:01.651,0.0,30,30,-1,60000,21,5,0,8,1396.8599,0,59.239998,d825fdd8-67a9-4f7d-a54e-a88d812973c6.extra_data.json,6+THe69Q8P,4400,com.sec.android.app.shealth,1171252,86400000,d825fdd8-67a9-4f7d-a54e-a88d812973c6,2025-08-09 00:00:00.000,
0,63030110,0,0,1640,300,1079143,90,0,63030110,2025-09-02 05:50:57.202,10,2025-08-10 04:00:00.466,0.0,30,30,-1,60000,18,5,0,8,1316.2902,0,54.68999,4aa0cb21-3e83-4932-99b5-4c29f1559bf0.extra_data.json,6+THe69Q8P,6000,com.sec.android.app.shealth,1073143,86400000,4aa0cb21-3e83-4932-99b5-4c29f1559bf0,2025-08-10 00:00:00.000,
0,63030110,0,0,1738,300,1114430,90,0,63030110,2025-09-02 05:50:57.107,10,2025-08-11 05:00:02.096,0.0,30,30,-1,120000,20,11,0,8,1393.3601,0,58.74,2e6ba005-39b0-476c-a1fd-40baddb753cd.extra_data.json,6+THe69Q8P,14000,com.sec.android.app.shealth,1100430,86400000,2e6ba005-39b0-476c-a1fd-40baddb753cd,2025-08-11 00:00:00.000,
0,63030110,0,0,3484,300,2251089,90,0,63030110,2025-09-02 05:50:56.987,10,2025-08-12 05:00:00.962,0.0,30,30,-1,120000,41,8,0,8,2719.2505,0,111.26001,d8a8de68-8903-40b0-8509-c493a3116b5f.extra_data.json,6+THe69Q8P,5600,com.sec.android.app.shealth,2245489,86400000,d8a8de68-8903-40b0-8509-c493a3116b5f,2025-08-12 00:00:00.000,
0,63030110,0,0,1706,300,1132876,90,0,63030110,2025-09-02 05:50:56.824,10,2025-08-13 07:00:01.614,0.0,30,30,-1,60000,20,5,0,8,1344.4098,0,55.630005,1dbfd0ba-a0b0-4889-8b15-c155f60804d5.extra_data.json,6+THe69Q8P,400,com.sec.android.app.shealth,1132476,86400000,1dbfd0ba-a0b0-4889-8b15-c155f60804d5,2025-08-13 00:00:00.000,
0,63030110,0,0,1163,300,750255,90,0,63030110,2025-09-02 05:50:56.715,10,2025-08-14 07:00:01.380,0.0,30,30,-1,120000,13,7,0,8,886.7901,0,35.71999,1940a968-c5cc-44e0-8f6f-46bfcf54c585.extra_data.json,6+THe69Q8P,0,com.sec.android.app.shealth,750255,86400000,1940a968-c5cc-44e0-8f6f-46bfcf54c585,2025-08-14 00:00:00.000,
0,63030110,0,0,3216,300,2108070,90,0,63030110,2025-09-02 05:50:56.645,10,2025-08-15 06:00:00.501,0.0,30,30,-1,180000,38,12,0,8,2484.0103,0,102.18001,80779da9-2ce1-4037-adec-5fe48b22a480.extra_data.json,6+THe69Q8P,7200,com.sec.android.app.shealth,2100870,86400000,80779da9-2ce1-4037-adec-5fe48b22a480,2025-08-15 00:00:00.000,
0,63030110,0,0,2851,300,1840752,90,0,63030110,2025-09-02 05:50:56.551,10,2025-08-16 05:00:01.922,0.0,30,30,-1,120000,33,8,0,8,2207.0398,0,91.10001,29524dc8-697e-4800-8930-b3a1460eefb2.extra_data.json,6+THe69Q8P,4800,com.sec.android.app.shealth,1835952,86400000,29524dc8-697e-4800-8930-b3a1460eefb2,2025-08-16 00:00:00.000,
0,63030110,0,0,1041,300,685646,90,0,63030110,2025-09-02 05:50:56.430,10,2025-08-17 04:00:00.873,0.0,30,30,-1,60000,12,6,0,8,802.3401,0,32.389988,3bf57696-0c51-4574-ab4e-94d3a209c537.extra_data.json,6+THe69Q8P,0,com.sec.android.app.shealth,685646,86400000,3bf57696-0c51-4574-ab4e-94d3a209c537,2025-08-17 00:00:00.000,
0,63030110,0,0,916,300,605442,90,0,63030110,2025-09-02 05:50:56.362,10,2025-08-18 04:00:00.388,0.0,30,30,-1,60000,11,5,0,8,710.16,0,28.939993,02018a12-2b52-4f42-a082-9902f06143ad.extra_data.json,6+THe69Q8P,1200,com.sec.android.app.shealth,604242,86400000,02018a12-2b52-4f42-a082-9902f06143ad,2025-08-18 00:00:00.000,
0,63030110,0,0,3374,300,2203047,90,0,63030110,2025-09-16 00:55:55.535,10,2025-08-19 04:00:00.512,0.0,30,30,-1,120000,40,9,0,8,2719.5894,0,115.06001,9685940a-de34-44ff-a720-62e74ee39aaf.extra_data.json,6+THe69Q8P,14800,com.sec.android.app.shealth,2188247,86400000,9685940a-de34-44ff-a720-62e74ee39aaf,2025-08-19 00:00:00.000,
0,63030110,0,0,4654,300,2955659,90,0,63030110,2025-09-16 00:55:55.462,10,2025-08-20 05:00:01.000,0.0,30,30,-1,120000,54,14,0,8,3643.1199,0,150.80003,48bdd45d-ac1c-4f89-8470-86a6f5cbdb84.extra_data.json,6+THe69Q8P,13567,com.sec.android.app.shealth,2942092,86400000,48bdd45d-ac1c-4f89-8470-86a6f5cbdb84,2025-08-20 00:00:00.000,
0,63030110,0,0,379,300,252793,90,0,63030110,2025-09-17 06:45:12.254,10,2025-08-21 06:00:01.784,0.0,30,30,-1,48024,4,4,0,8,303.49002,0,13.11,5557023b-ba6c-438b-a8d0-23bb6e32d7c9.extra_data.json,6+THe69Q8P,0,com.sec.android.app.shealth,252793,86400000,5557023b-ba6c-438b-a8d0-23bb6e32d7c9,2025-08-21 00:00:00.000,
0,63030110,0,0,488,300,310095,90,0,63030110,2025-09-17 06:45:12.190,10,2025-08-22 05:00:01.521,0.0,30,30,-1,60000,5,1,0,8,372.32996,0,15.389999,b619ed32-8da6-4408-8020-7db43751f63c.extra_data.json,6+THe69Q8P,0,com.sec.android.app.shealth,310095,86400000,b619ed32-8da6-4408-8020-7db43751f63c,2025-08-22 00:00:00.000,
0,63030110,0,0,86,300,57362,90,0,63030110,2025-09-17 06:45:12.131,10,2025-08-23 05:00:00.374,0.0,30,30,-1,14007,0,1,0,8,74.41,0,3.54,33715e75-d077-400f-95b5-211d4e6cfd9a.extra_data.json,6+THe69Q8P,0,com.sec.android.app.shealth,57362,86400000,33715e75-d077-400f-95b5-211d4e6cfd9a,2025-08-23 00:00:00.000,
0,63030110,0,0,1477,300,973729,90,0,63030110,2025-09-17 06:45:12.078,10,2025-08-24 05:00:00.492,0.0,30,30,-1,120000,17,9,0,8,1196.45,0,50.82,df419e52-35dc-423c-822d-1a15ef2d963b.extra_data.json,6+THe69Q8P,2000,com.sec.android.app.shealth,971729,86400000,df419e52-35dc-423c-822d-1a15ef2d963b,2025-08-24 00:00:00.000,
0,63030110,0,0,1766,300,1147637,90,0,63030110,2025-09-17 06:45:12.007,10,2025-08-25 04:00:00.631,0.0,30,30,-1,180000,21,2,0,8,1341.1299,0,55.46,59a6840a-cfc4-4f4b-adbd-2aa3bff7af93.extra_data.json,6+THe69Q8P,0,com.sec.android.app.shealth,1147637,86400000,59a6840a-cfc4-4f4b-adbd-2aa3bff7af93,2025-08-25 00:00:00.000,
0,63030110,0,0,1151,300,758184,90,0,63030110,2025-09-17 06:45:11.932,10,2025-08-26 04:00:00.549,0.0,30,30,-1,60000,13,2,0,8,894.83997,0,37.279995,da3e25ed-c1c6-4418-8ad7-8f7c286f0596.extra_data.json,6+THe69Q8P,3200,com.sec.android.app.shealth,754984,86400000,da3e25ed-c1c6-4418-8ad7-8f7c286f0596,2025-08-26 00:00:00.000,
0,63030110,0,0,1045,300,680917,90,0,63030110,2025-09-17 06:45:11.840,10,2025-08-27 07:28:34.147,0.0,30,30,-1,120000,12,4,0,8,790.83,0,32.480003,5d709fad-f4ec-4757-8a79-2ca35f6d6f6b.extra_data.json,6+THe69Q8P,0,com.sec.android.app.shealth,680917,86400000,5d709fad-f4ec-4757-8a79-2ca35f6d6f6b,2025-08-27 00:00:00.000,
0,63030110,0,0,1392,300,892592,90,0,63030110,2025-09-17 06:45:11.762,10,2025-08-28 04:00:00.331,0.0,30,30,-1,120000,15,7,0,8,1123.3298,0,47.180004,fece4c74-a4ac-4c9a-ad61-364cb8e0e0ca.extra_data.json,6+THe69Q8P,4534,com.sec.android.app.shealth,888058,86400000,fece4c74-a4ac-4c9a-ad61-364cb8e0e0ca,2025-08-28 00:00:00.000,
0,63030110,0,0,5417,300,3425379,90,0,63030110,2025-09-26 02:10:55.751,10,2025-08-29 04:00:02.033,0.0,30,30,-1,120000,62,10,0,8,4306.2695,0,180.54997,9a717959-6b8b-4867-8d6d-c1df1350831b.extra_data.json,6+THe69Q8P,36204,com.sec.android.app.shealth,3389175,86400000,9a717959-6b8b-4867-8d6d-c1df1350831b,2025-08-29 00:00:00.000,
0,63030110,0,0,4423,300,2876013,90,0,63030110,2025-09-26 02:10:55.703,10,2025-08-30 06:00:06.956,0.0,30,30,-1,120000,52,8,0,8,3538.4697,0,152.15999,2c5cf88c-e2ce-475d-8d73-fec109982523.extra_data.json,6+THe69Q8P,30989,com.sec.android.app.shealth,2845024,86400000,2c5cf88c-e2ce-475d-8d73-fec109982523,2025-08-30 00:00:00.000,
0,63030110,0,0,671,300,443924,90,0,63030110,2025-09-26 02:10:55.646,10,2025-08-31 06:00:00.806,0.0,30,30,-1,60000,7,2,0,8,528.08,0,22.6,af354ce9-7d64-4c2c-960a-f0f5a2969a80.extra_data.json,6+THe69Q8P,2400,com.sec.android.app.shealth,441524,86400000,af354ce9-7d64-4c2c-960a-f0f5a2969a80,2025-08-31 00:00:00.000,
0,63030110,0,0,797,300,524765,90,0,63030110,2025-09-26 02:10:55.581,10,2025-09-01 06:00:00.423,0.0,30,30,-1,120000,8,1,0,8,622.02,0,26.930002,7f638976-e789-4184-b7e0-4f15479b4e80.extra_data.json,6+THe69Q8P,1200,com.sec.android.app.shealth,523565,86400000,7f638976-e789-4184-b7e0-4f15479b4e80,2025-09-01 00:00:00.000,
0,63030110,0,0,3305,300,2155398,90,0,63030110,2025-09-29 16:32:56.756,10,2025-09-02 06:00:01.722,0.0,30,30,-1,120000,38,6,0,8,2585.7805,0,107.02998,4b80ac06-99a1-406a-aeb3-6f18f018e026.extra_data.json,6+THe69Q8P,5200,com.sec.android.app.shealth,2150198,86400000,4b80ac06-99a1-406a-aeb3-6f18f018e026,2025-09-02 00:00:00.000,
0,63030110,0,0,1643,300,1053545,90,0,63030110,2025-09-29 16:32:56.596,10,2025-09-03 06:00:00.530,0.0,30,30,-1,120000,18,7,0,8,1312.0999,0,54.620003,ddf0f8c5-e8f9-4b8f-969e-0cb23087db56.extra_data.json,6+THe69Q8P,5200,com.sec.android.app.shealth,1048345,86400000,ddf0f8c5-e8f9-4b8f-969e-0cb23087db56,2025-09-03 00:00:00.000,
0,63030110,0,0,2983,300,1920186,90,0,63030110,2025-09-29 16:32:56.457,10,2025-09-04 07:00:00.596,0.0,30,30,-1,180000,34,5,0,8,2285.88,0,93.75,9d7640e3-1580-4ba4-a375-02ed7b559f08.extra_data.json,6+THe69Q8P,1151,com.sec.android.app.shealth,1919035,86400000,9d7640e3-1580-4ba4-a375-02ed7b559f08,2025-09-04 00:00:00.000,
0,63030110,0,0,863,300,553550,90,0,63030110,2025-10-03 02:40:10.491,10,2025-09-05 07:00:01.039,0.0,30,30,-1,60000,10,7,0,8,663.79004,0,27.25,c5f3af21-a4bc-46de-b1a5-9e4ad0a2e38b.extra_data.json,6+THe69Q8P,0,com.sec.android.app.shealth,553550,86400000,c5f3af21-a4bc-46de-b1a5-9e4ad0a2e38b,2025-09-05 00:00:00.000,
0,63030110,0,0,636,300,419940,90,0,63030110,2025-10-03 02:40:10.385,10,2025-09-06 05:00:00.388,0.0,30,30,-1,60000,6,4,0,8,516.24005,0,21.919998,73d69be0-3ab2-4f95-a072-3854b6af2117.extra_data.json,6+THe69Q8P,6400,com.sec.android.app.shealth,413540,86400000,73d69be0-3ab2-4f95-a072-3854b6af2117,2025-09-06 00:00:00.000,
0,63030110,0,0,113,300,75371,90,0,63030110,2025-10-03 02:40:10.297,10,2025-09-07 05:00:01.391,0.0,30,30,-1,19343,1,1,0,8,85.340004,0,3.57,e0163845-916b-4b65-bdd4-add83d43151e.extra_data.json,6+THe69Q8P,0,com.sec.android.app.shealth,75371,86400000,e0163845-916b-4b65-bdd4-add83d43151e,2025-09-07 00:00:00.000,
0,63030110,0,0,1074,300,640110,90,0,63030110,2025-10-03 02:40:10.201,10,2025-09-08 05:00:01.697,0.0,30,30,-1,120000,11,3,0,8,818.43994,0,32.349995,81a98c9c-493a-4d1a-87c3-318d5f75af4a.extra_data.json,6+THe69Q8P,0,com.sec.android.app.shealth,640110,86400000,81a98c9c-493a-4d1a-87c3-318d5f75af4a,2025-09-08 00:00:00.000,
0,63030110,0,0,740,300,477482,90,0,63030110,2025-10-03 02:40:10.090,10,2025-09-09 05:00:01.259,0.0,30,30,-1,120000,7,2,0,8,559.51996,0,22.299997,11009956-5d98-4753-a215-1e9a3f84d063.extra_data.json,6+THe69Q8P,0,com.sec.android.app.shealth,477482,86400000,11009956-5d98-4753-a215-1e9a3f84d063,2025-09-09 00:00:00.000,
0,63030110,0,0,5298,300,3438177,90,0,63030110,2025-10-03 02:40:09.934,10,2025-09-10 05:00:00.432,0.0,30,30,-1,120000,62,14,0,8,4234.67,0,177.6899,9a336bea-1dd9-484f-ae3a-ab8e13f4907a.extra_data.json,6+THe69Q8P,25836,com.sec.android.app.shealth,3412341,86400000,9a336bea-1dd9-484f-ae3a-ab8e13f4907a,2025-09-10 00:00:00.000,
0,63030110,0,0,692,300,459695,90,0,63030110,2025-10-03 02:40:09.836,10,2025-09-11 05:00:00.720,0.0,30,30,-1,38019,7,2,0,8,558.01,0,24.75,af5cc9fb-7827-4b4a-ae0e-903f17fc0501.extra_data.json,6+THe69Q8P,2800,com.sec.android.app.shealth,456895,86400000,af5cc9fb-7827-4b4a-ae0e-903f17fc0501,2025-09-11 00:00:00.000,
0,63030110,0,0,695,300,461696,90,0,63030110,2025-10-03 02:40:09.645,10,2025-09-12 05:00:02.147,0.0,30,30,-1,60000,7,2,0,8,558.19995,0,24.529999,9a3c52bc-e6a9-4b5a-a99b-03759bca947a.extra_data.json,6+THe69Q8P,2800,com.sec.android.app.shealth,458896,86400000,9a3c52bc-e6a9-4b5a-a99b-03759bca947a,2025-09-12 00:00:00.000,
0,63030110,0,0,1177,300,779986,90,0,63030110,2025-10-03 02:40:09.559,10,2025-09-13 05:00:01.334,0.0,30,30,-1,60000,13,6,0,8,950.4398,0,40.809998,b99a9486-5d31-42a6-b101-8152cf27dd5a.extra_data.json,6+THe69Q8P,7600,com.sec.android.app.shealth,772386,86400000,b99a9486-5d31-42a6-b101-8152cf27dd5a,2025-09-13 00:00:00.000,
0,63030110,0,0,2000,300,1327859,90,0,63030110,2025-10-03 02:40:09.450,10,2025-09-14 05:00:00.311,0.0,30,30,-1,49358,23,9,0,8,1618.2799,0,69.8,2d1e3e77-c4e3-414b-ac2c-a63f2325494a.extra_data.json,6+THe69Q8P,9200,com.sec.android.app.shealth,1318659,86400000,2d1e3e77-c4e3-414b-ac2c-a63f2325494a,2025-09-14 00:00:00.000,
0,63030110,0,0,67,300,44689,90,0,63030110,2025-10-03 02:40:09.367,10,2025-09-15 07:00:02.060,0.0,30,30,-1,20677,0,1,0,8,53.4,0,2.29,c9efa49b-d237-4ae3-87ae-107329303240.extra_data.json,6+THe69Q8P,0,com.sec.android.app.shealth,44689,86400000,c9efa49b-d237-4ae3-87ae-107329303240,2025-09-15 00:00:00.000,
0,63030110,0,0,2915,300,1894465,90,0,63030110,2025-10-03 02:40:09.266,10,2025-09-16 07:00:01.185,0.0,30,30,-1,120000,34,13,0,8,2338.3699,0,99.920006,0888f46e-2799-414c-8400-52dfe9fc748b.extra_data.json,6+THe69Q8P,10400,com.sec.android.app.shealth,1884065,86400000,0888f46e-2799-414c-8400-52dfe9fc748b,2025-09-16 00:00:00.000,
0,63030110,0,0,2780,300,1762837,90,0,63030110,2025-10-03 02:40:09.107,10,2025-09-17 06:45:08.393,0.0,30,30,-1,180000,31,5,0,8,2233.1401,0,92.71998,55dfcb97-9b62-4363-895c-e9704174b237.extra_data.json,6+THe69Q8P,25199,com.sec.android.app.shealth,1737638,86400000,55dfcb97-9b62-4363-895c-e9704174b237,2025-09-17 00:00:00.000,
0,63030110,0,0,1556,300,1014681,90,0,63030110,2025-10-03 02:40:09.025,10,2025-09-18 05:00:00.723,0.0,30,30,-1,60000,17,3,0,8,1267.12,0,53.629986,3dbdb62e-9171-4e3e-9c30-4c9720bd4907.extra_data.json,6+THe69Q8P,5600,com.sec.android.app.shealth,1009081,86400000,3dbdb62e-9171-4e3e-9c30-4c9720bd4907,2025-09-18 00:00:00.000,
0,63030110,0,0,2593,300,1663387,90,0,63030110,2025-10-03 02:40:08.930,10,2025-09-19 05:00:02.962,0.0,30,30,-1,120000,30,13,0,8,2083.9397,0,85.96999,264ba14c-0f13-4c13-9289-5d4d09c26b92.extra_data.json,6+THe69Q8P,8800,com.sec.android.app.shealth,1654587,86400000,264ba14c-0f13-4c13-9289-5d4d09c26b92,2025-09-19 00:00:00.000,
0,63030110,0,0,1967,300,1256949,90,0,63030110,2025-10-03 02:40:08.800,10,2025-09-20 07:00:00.439,0.0,30,30,-1,120000,22,7,0,8,1543.2499,0,63.86,bebae9f7-ef7c-4d7c-bf6d-57865447cdad.extra_data.json,6+THe69Q8P,5577,com.sec.android.app.shealth,1251372,86400000,bebae9f7-ef7c-4d7c-bf6d-57865447cdad,2025-09-20 00:00:00.000,
0,63030110,0,0,3458,300,2238843,90,0,63030110,2025-10-03 02:40:08.651,10,2025-09-21 06:44:32.196,0.0,30,30,-1,120000,41,9,0,8,2708.6196,0,112.84001,40670f20-e086-4949-88c6-ed6c1b77c2f8.extra_data.json,6+THe69Q8P,12000,com.sec.android.app.shealth,2226843,86400000,40670f20-e086-4949-88c6-ed6c1b77c2f8,2025-09-21 00:00:00.000,
0,63030110,0,0,5695,300,3675449,90,0,63030110,2025-10-03 02:40:08.429,10,2025-09-22 05:00:00.420,0.0,30,30,-1,180000,66,12,0,8,4593.359,0,198.06992,5d5672bf-169b-472d-a3ff-1b865f6be224.extra_data.json,6+THe69Q8P,26565,com.sec.android.app.shealth,3648884,86400000,5d5672bf-169b-472d-a3ff-1b865f6be224,2025-09-22 00:00:00.000,
0,63030110,0,0,44,300,29348,90,0,63030110,2025-10-03 02:40:08.150,10,2025-09-23 05:00:01.920,0.0,30,30,-1,10005,0,1,0,8,39.42,0,1.8299999,beb12dc9-a47d-488d-ba92-8ebd458e1940.extra_data.json,6+THe69Q8P,0,com.sec.android.app.shealth,29348,86400000,beb12dc9-a47d-488d-ba92-8ebd458e1940,2025-09-23 00:00:00.000,
0,63030110,0,0,4225,300,2745335,90,0,63030110,2025-10-03 02:40:07.949,10,2025-09-24 05:00:01.963,0.0,30,30,-1,120000,50,9,0,8,3286.89,0,138.15999,5b2d13d3-3612-4560-9704-6eb1846f6b53.extra_data.json,6+THe69Q8P,7600,com.sec.android.app.shealth,2737735,86400000,5b2d13d3-3612-4560-9704-6eb1846f6b53,2025-09-24 00:00:00.000,
0,63030110,0,0,2293,300,1495958,90,0,63030110,2025-10-03 02:40:07.802,10,2025-09-25 06:00:02.120,0.0,30,30,-1,120000,26,9,0,8,1772.37,0,72.560005,af70217b-0616-4894-b76c-18223d973ce8.extra_data.json,6+THe69Q8P,6000,com.sec.android.app.shealth,1489958,86400000,af70217b-0616-4894-b76c-18223d973ce8,2025-09-25 00:00:00.000,
0,63030110,0,0,3176,300,2071145,90,0,63030110,2025-10-03 02:40:07.554,10,2025-09-26 07:00:01.405,0.0,30,30,-1,180000,37,5,0,8,2541.07,0,107.17001,23980aca-22b6-4cc0-8c9f-dfcdb2570986.extra_data.json,6+THe69Q8P,17496,com.sec.android.app.shealth,2053649,86400000,23980aca-22b6-4cc0-8c9f-dfcdb2570986,2025-09-26 00:00:00.000,
0,63030110,0,0,2005,300,1242542,90,0,63030110,2025-10-03 02:40:07.261,10,2025-09-27 06:00:00.322,0.0,30,30,-1,120000,22,9,0,8,1618.8401,0,65.899994,af215dff-db6e-4f2f-85d4-3205bec1e5c4.extra_data.json,6+THe69Q8P,4800,com.sec.android.app.shealth,1237742,86400000,af215dff-db6e-4f2f-85d4-3205bec1e5c4,2025-09-27 00:00:00.000,
0,63030110,0,0,1311,300,863867,90,0,63030110,2025-10-03 02:40:07.136,10,2025-09-28 04:00:00.319,0.0,30,30,-1,60000,15,3,0,8,1008.3199,0,42.330006,e864faf8-5744-4426-93ee-177d12c16c68.extra_data.json,6+THe69Q8P,2800,com.sec.android.app.shealth,861067,86400000,e864faf8-5744-4426-93ee-177d12c16c68,2025-09-28 00:00:00.000,
0,63030110,0,0,334,300,221414,90,0,63030110,2025-10-03 02:40:06.833,10,2025-09-29 04:00:00.869,0.0,30,30,-1,60000,3,1,0,8,264.63,0,11.16,0adb3856-3ef6-4df4-9fa3-5238959b95c7.extra_data.json,6+THe69Q8P,393,com.sec.android.app.shealth,221021,86400000,0adb3856-3ef6-4df4-9fa3-5238959b95c7,2025-09-29 00:00:00.000,
0,63030110,0,0,1910,300,1273436,90,0,63030110,2025-10-03 02:40:06.601,10,2025-09-30 04:00:04.735,0.0,30,30,-1,60000,23,6,0,8,1442.0099,0,60.980003,633d0d71-a15e-4705-9f7b-62b52c146ad7.extra_data.json,6+THe69Q8P,800,com.sec.android.app.shealth,1272636,86400000,633d0d71-a15e-4705-9f7b-62b52c146ad7,2025-09-30 00:00:00.000,
0,63030110,0,0,3873,300,2512078,90,0,63030110,2025-10-03 02:40:06.204,10,2025-10-01 04:00:00.493,0.0,30,30,-1,120000,45,10,0,8,2967.3706,0,125.380005,01137ef5-4615-455a-84e0-8c52f4992fd0.extra_data.json,6+THe69Q8P,8400,com.sec.android.app.shealth,2503678,86400000,01137ef5-4615-455a-84e0-8c52f4992fd0,2025-10-01 00:00:00.000,
0,63030110,0,0,1705,300,1118096,90,0,63030110,2025-10-03 21:35:03.113,10,2025-10-02 04:00:00.820,0.0,30,30,-1,60000,20,5,0,8,1336.4801,0,58.440002,8dc131ab-ea8c-4d79-a68b-0cd51ce5f944.extra_data.json,6+THe69Q8P,5600,com.sec.android.app.shealth,1112496,86400000,8dc131ab-ea8c-4d79-a68b-0cd51ce5f944,2025-10-02 00:00:00.000,
0,63030110,0,0,1028,300,679079,90,0,63030110,2025-10-04 04:15:10.226,10,2025-10-03 04:00:11.224,0.0,30,30,-1,60000,12,4,0,8,825.94006,0,35.559998,e1a9a4d5-3367-4202-8afc-9408241d4d01.extra_data.json,6+THe69Q8P,800,com.sec.android.app.shealth,678279,86400000,e1a9a4d5-3367-4202-8afc-9408241d4d01,2025-10-03 00:00:00.000,
0,63030110,0,0,1507,300,977005,90,0,63030110,2025-10-05 07:15:40.496,10,2025-10-04 04:00:00.637,0.0,30,30,-1,120000,17,5,0,8,1147.36,0,47.04,93d49756-cfbd-47c6-bb45-5ac8df485e32.extra_data.json,6+THe69Q8P,0,com.sec.android.app.shealth,977005,86400000,93d49756-cfbd-47c6-bb45-5ac8df485e32,2025-10-04 00:00:00.000,
0,63030110,0,0,2811,300,1810809,90,0,63030110,2025-10-06 16:39:48.927,10,2025-10-05 06:00:00.492,0.0,30,30,-1,300000,33,5,0,8,2180.28,0,90.479996,27ccdf23-8e89-4a74-8ebf-8aa19eeb348a.extra_data.json,6+THe69Q8P,5600,com.sec.android.app.shealth,1805209,86400000,27ccdf23-8e89-4a74-8ebf-8aa19eeb348a,2025-10-05 00:00:00.000,
0,63030110,0,0,2879,300,1818297,90,0,63030110,2025-10-07 07:41:17.758,10,2025-10-06 07:00:01.876,0.0,30,30,-1,180000,33,6,0,8,2258.94,0,91.79,7efea70f-19ec-44bb-ab5e-8e8813783f6a.extra_data.json,6+THe69Q8P,3600,com.sec.android.app.shealth,1814697,86400000,7efea70f-19ec-44bb-ab5e-8e8813783f6a,2025-10-06 00:00:00.000,
0,63030110,0,0,1218,300,806799,90,0,63030110,2025-10-08 11:06:17.653,10,2025-10-07 07:00:00.959,0.0,30,30,-1,60000,14,5,0,8,991.19006,0,41.54,baa15bf6-8372-4027-bbcb-303a527ea69e.extra_data.json,6+THe69Q8P,8400,com.sec.android.app.shealth,798399,86400000,baa15bf6-8372-4027-bbcb-303a527ea69e,2025-10-07 00:00:00.000,
0,63030110,0,0,2155,300,1354433,90,0,63030110,2025-10-09 12:18:33.451,10,2025-10-08 06:00:00.897,0.0,30,30,-1,120000,24,4,0,8,1711.3497,0,71.20998,fcda001b-0baa-4642-930f-d1d6e676cd80.extra_data.json,6+THe69Q8P,8000,com.sec.android.app.shealth,1346433,86400000,fcda001b-0baa-4642-930f-d1d6e676cd80,2025-10-08 00:00:00.000,
0,63030110,0,0,2033,300,1311305,90,0,63030110,2025-10-10 05:30:22.669,10,2025-10-09 06:00:00.509,0.0,30,30,-1,120000,23,6,0,8,1608.6703,0,66.57,438bad78-036e-4e86-a9ce-6ef6fd690932.extra_data.json,6+THe69Q8P,800,com.sec.android.app.shealth,1310505,86400000,438bad78-036e-4e86-a9ce-6ef6fd690932,2025-10-09 00:00:00.000,
0,63030110,0,0,3269,300,2079346,90,0,63030110,2025-10-11 06:15:02.698,10,2025-10-10 05:00:01.763,0.0,30,30,-1,180000,36,8,0,8,2624.7603,0,111.499985,22378dc7-b7f9-4c40-8f94-4987fbc3c213.extra_data.json,6+THe69Q8P,54776,com.sec.android.app.shealth,2024570,86400000,22378dc7-b7f9-4c40-8f94-4987fbc3c213,2025-10-10 00:00:00.000,
0,63030110,0,0,2734,300,1758608,90,0,63030110,2025-10-12 08:55:09.155,10,2025-10-11 05:00:02.041,0.0,30,30,-1,120000,32,9,0,8,2130.4001,0,88.249985,d12b13ed-13d9-4437-99e8-b119e435a9ee.extra_data.json,6+THe69Q8P,2000,com.sec.android.app.shealth,1756608,86400000,d12b13ed-13d9-4437-99e8-b119e435a9ee,2025-10-11 00:00:00.000,
0,63030110,0,0,3632,300,2316986,90,0,63030110,2025-10-13 15:59:53.496,10,2025-10-12 06:00:01.921,0.0,30,30,-1,180000,42,9,0,8,2854.6797,0,118.439995,04aa0e60-606a-421c-b5a0-c7f8096dd68d.extra_data.json,6+THe69Q8P,11173,com.sec.android.app.shealth,2305813,86400000,04aa0e60-606a-421c-b5a0-c7f8096dd68d,2025-10-12 00:00:00.000,
0,63030110,0,0,1328,300,845636,90,0,63030110,2025-10-14 13:01:08.394,10,2025-10-13 07:00:02.100,0.0,30,30,-1,120000,15,3,0,8,999.9502,0,40.69999,98cc8bf2-d444-4df5-8c50-47a44e743f97.extra_data.json,6+THe69Q8P,0,com.sec.android.app.shealth,845636,86400000,98cc8bf2-d444-4df5-8c50-47a44e743f97,2025-10-13 00:00:00.000,
0,63030110,0,0,3765,300,2424877,90,0,63051050,2025-10-16 01:05:45.437,10,2025-10-14 07:00:01.138,0.0,30,30,-1,180000,44,10,0,8,2978.1997,0,123.84999,c58358b7-1b32-46fb-8ec3-5e7a1fcdfb7c.extra_data.json,6+THe69Q8P,11698,com.sec.android.app.shealth,2413179,86400000,c58358b7-1b32-46fb-8ec3-5e7a1fcdfb7c,2025-10-14 00:00:00.000,
0,63030110,0,0,1019,300,677537,90,0,63051050,2025-10-16 01:06:54.405,10,2025-10-15 06:09:12.967,0.0,30,30,-1,53360,12,6,0,8,794.97003,0,33.749996,e8d321f3-e0c4-4780-acea-da985c12da69.extra_data.json,6+THe69Q8P,3200,com.sec.android.app.shealth,674337,86400000,e8d321f3-e0c4-4780-acea-da985c12da69,2025-10-15 00:00:00.000,
