com.samsung.shealth.activity.goal,6305105,1
update_time,create_time,value,time_offset,deviceuuid,pkg_name,set_time,datauuid
2020-03-25 20:24:28.259,2020-03-25 20:24:28.259,60,UTC-0700,jBfEgmLJSx,com.sec.android.app.shealth,1585167868251,889e1a44-17f5-4009-9753-c948889c6a13,
2020-03-25 20:24:28.610,2020-03-25 20:24:28.610,60,UTC-0700,jBfEgmLJSx,com.sec.android.app.shealth,1585167868608,6dbc8eeb-ec9d-4042-a106-a563edbce85f,
2019-10-10 02:46:22.992,2019-10-10 02:46:22.992,60,UTC-0400,rkSVQ0chfP,com.sec.android.app.shealth,1570675582929,9bd9be44-7ec8-4646-aa43-6e8ca2229d10,
2020-04-19 16:52:14.466,2020-04-19 16:52:14.466,60,UTC-0600,jBfEgmLJSx,com.sec.android.app.shealth,1587315134445,92245118-8262-4504-8ad8-bb20a4afb4c4,
2020-04-19 16:52:40.890,2020-04-19 16:52:40.890,60,UTC-0700,jBfEgmLJSx,com.sec.android.app.shealth,1587315160882,367e5eeb-1bf4-4fb6-b008-a4b4ac1ad4cd,
2020-04-19 16:55:49.583,2020-04-19 16:55:49.583,60,UTC-0600,jBfEgmLJSx,com.sec.android.app.shealth,1587315349576,70420716-ca05-4ac8-ac88-10d2b21e5bb2,
2020-04-19 23:00:58.359,2020-04-19 23:00:58.359,60,UTC-0500,jBfEgmLJSx,com.sec.android.app.shealth,1587337258348,c0bb1b00-a89f-4810-a580-d0e822298807,
2020-04-19 23:01:45.695,2020-04-19 23:01:45.695,60,UTC-0600,jBfEgmLJSx,com.sec.android.app.shealth,1587337305693,68d37306-f5c7-4e98-8531-63064e21d5e1,
2020-04-19 23:05:55.678,2020-04-19 23:05:55.678,60,UTC-0500,jBfEgmLJSx,com.sec.android.app.shealth,1587337555677,6ed28e3c-3523-4887-98a2-3584f1e97f23,
2020-04-24 05:08:22.280,2020-04-24 05:08:22.280,60,UTC-0600,jBfEgmLJSx,com.sec.android.app.shealth,1587704902273,d9631d23-0d21-44f2-a33f-83f5f489f3f2,
2020-04-24 05:08:22.327,2020-04-24 05:08:22.327,60,UTC-0600,jBfEgmLJSx,com.sec.android.app.shealth,1587704902326,9d292764-05aa-4291-b4ce-6bb184382838,
2020-04-24 17:34:06.850,2020-04-24 17:34:06.850,60,UTC-0700,jBfEgmLJSx,com.sec.android.app.shealth,1587749646844,0beab876-84a7-436c-a7a2-b1aec713fecd,
2020-04-25 23:12:28.745,2020-04-25 23:12:28.745,60,UTC-0600,jBfEgmLJSx,com.sec.android.app.shealth,1587856348720,38de3599-b18c-4a18-8128-a2838bda8243,
2020-04-25 23:14:27.400,2020-04-25 23:14:27.400,60,UTC-0700,jBfEgmLJSx,com.sec.android.app.shealth,1587856467393,49ea9e13-814d-4b3b-9203-7ba7d2fb70cc,
2020-04-25 23:16:12.747,2020-04-25 23:16:12.747,60,UTC-0600,jBfEgmLJSx,com.sec.android.app.shealth,1587856572741,c815a172-9e80-447f-9a2c-ea3ed40be97a,
2020-04-26 06:32:00.595,2020-04-26 06:32:00.595,60,UTC-0500,jBfEgmLJSx,com.sec.android.app.shealth,1587882720584,b5d99bb1-7eb4-416d-ad29-3beff3a361f1,
2020-04-29 02:48:27.472,2020-04-29 02:48:27.472,60,UTC-0600,jBfEgmLJSx,com.sec.android.app.shealth,1588128507465,ef0a8767-4312-414e-981c-01ce802d28c8,
2020-04-29 12:46:43.075,2020-04-29 12:46:43.075,60,UTC-0700,jBfEgmLJSx,com.sec.android.app.shealth,1588164403067,753e60e2-9035-46f3-9b4a-854341fe6de7,
2020-04-30 21:26:11.623,2020-04-30 21:26:11.623,60,UTC-0600,jBfEgmLJSx,com.sec.android.app.shealth,1588281971620,adf27507-5ea2-4622-ae75-ee571a402158,
2020-04-30 21:27:13.932,2020-04-30 21:27:13.932,60,UTC-0700,jBfEgmLJSx,com.sec.android.app.shealth,1588282033929,45dd670c-ef51-43ee-bf8a-1fd3e2367b3b,
2020-04-30 21:29:49.240,2020-04-30 21:29:49.240,60,UTC-0600,jBfEgmLJSx,com.sec.android.app.shealth,1588282189238,3014efb2-537f-40f1-a6f2-d06f256b5a75,
2020-05-01 04:59:59.438,2020-05-01 04:59:59.438,60,UTC-0500,jBfEgmLJSx,com.sec.android.app.shealth,1588309199436,7d1ba586-3f96-4b03-b895-aef8fcd529c9,
2020-05-01 05:00:00.350,2020-05-01 05:00:00.350,60,UTC-0600,jBfEgmLJSx,com.sec.android.app.shealth,1588309200348,175bdf56-d118-4192-9d2a-7c63b02f3039,
2020-05-01 05:00:15.243,2020-05-01 05:00:15.243,60,UTC-0500,jBfEgmLJSx,com.sec.android.app.shealth,1588309215240,52b10037-57a6-42b5-8a29-5d409aee6c1a,
2020-05-01 05:00:30.892,2020-05-01 05:00:30.892,60,UTC-0600,jBfEgmLJSx,com.sec.android.app.shealth,1588309230891,4484de5a-73b0-4b52-a10b-641b4d9c6bd4,
2020-05-01 05:00:30.912,2020-05-01 05:00:30.912,60,UTC-0600,jBfEgmLJSx,com.sec.android.app.shealth,1588309230909,3d826658-2677-4e74-b08b-c1545d9a92e0,
2020-05-01 05:00:43.257,2020-05-01 05:00:43.257,60,UTC-0500,jBfEgmLJSx,com.sec.android.app.shealth,1588309243254,ca1d1c7f-ba4b-4dde-8de4-9ccd37511f6f,
2020-05-03 06:34:38.412,2020-05-03 06:34:38.412,60,UTC-0600,jBfEgmLJSx,com.sec.android.app.shealth,1588487678402,afc2102f-c1b9-42ae-90e1-4024b4ebfee1,
2020-05-04 12:04:39.705,2020-05-04 12:04:39.705,60,UTC-0700,jBfEgmLJSx,com.sec.android.app.shealth,1588593879702,da2f08e6-049d-40b6-826b-d97ac0a84d4f,
2020-05-04 12:05:28.307,2020-05-04 12:05:28.307,60,UTC-0600,jBfEgmLJSx,com.sec.android.app.shealth,1588593928305,a988073c-91d8-4dc9-8c60-727f94d8a2cd,
2020-05-04 12:05:42.358,2020-05-04 12:05:42.358,60,UTC-0700,jBfEgmLJSx,com.sec.android.app.shealth,1588593942356,d1691a3f-6b97-47ce-848b-57745875cace,
2020-05-04 12:05:49.537,2020-05-04 12:05:49.537,60,UTC-0600,jBfEgmLJSx,com.sec.android.app.shealth,1588593949535,d5f1d8c2-43fe-4926-8586-203001ce71a7,
2020-05-04 12:06:07.323,2020-05-04 12:06:07.323,60,UTC-0700,jBfEgmLJSx,com.sec.android.app.shealth,1588593967322,cf2ab48c-27e8-40f6-ab51-958b24f7ed19,
2020-05-05 22:21:25.983,2020-05-05 22:21:25.983,60,UTC-0600,jBfEgmLJSx,com.sec.android.app.shealth,1588717285978,0e54bbcf-58e1-4aaf-9593-0b0ac2512bfb,
2020-05-06 18:11:38.955,2020-05-06 18:11:38.955,60,UTC-0500,jBfEgmLJSx,com.sec.android.app.shealth,1588788698954,c1e32937-55a9-4899-a402-3ef1be7d8d0a,
2020-05-06 18:12:19.921,2020-05-06 18:12:19.921,60,UTC-0600,jBfEgmLJSx,com.sec.android.app.shealth,1588788739919,538c9c6d-04cb-41dc-9df4-edb4045e97e2,
2020-05-06 18:12:24.525,2020-05-06 18:12:24.525,60,UTC-0500,jBfEgmLJSx,com.sec.android.app.shealth,1588788744524,191c0f7c-7b3b-4837-b4bb-aa23cabd8726,
2020-05-06 18:13:09.734,2020-05-06 18:13:09.734,60,UTC-0600,jBfEgmLJSx,com.sec.android.app.shealth,1588788789733,1adb7a1b-e0d4-4b95-bd13-ba9d67cd4d4d,
2020-05-06 18:13:58.137,2020-05-06 18:13:58.137,60,UTC-0500,jBfEgmLJSx,com.sec.android.app.shealth,1588788838134,37a7374d-422e-451a-a6ae-d4bd3416e3ec,
2020-05-07 15:30:02.493,2020-05-07 15:30:02.493,60,UTC-0400,jBfEgmLJSx,com.sec.android.app.shealth,1588865402492,d88a3620-1e4a-45f1-b56f-3b7e803a1e13,
2020-05-14 12:21:54.956,2020-05-14 12:21:54.956,60,UTC-0500,jBfEgmLJSx,com.sec.android.app.shealth,1589458914949,9ea7a46c-33e7-46e1-bfc5-e39a126824d4,
2020-05-14 12:23:57.841,2020-05-14 12:23:57.841,60,UTC-0400,jBfEgmLJSx,com.sec.android.app.shealth,1589459037840,cd9a2def-ac23-4bcf-9723-702f7029adb5,
2020-05-14 12:24:06.702,2020-05-14 12:24:06.702,60,UTC-0500,jBfEgmLJSx,com.sec.android.app.shealth,1589459046701,02d4d4fd-43c8-4c89-90d0-5eca6ba96890,
2020-05-14 12:24:37.723,2020-05-14 12:24:37.723,60,UTC-0400,jBfEgmLJSx,com.sec.android.app.shealth,1589459077722,ce471ca1-08d6-48af-a8a1-86fc6fc04c9d,
2020-05-14 12:24:39.174,2020-05-14 12:24:39.174,60,UTC-0500,jBfEgmLJSx,com.sec.android.app.shealth,1589459079172,f8b0aead-26a3-4646-9c68-eb40dbe57d7e,
2020-05-15 08:31:46.777,2020-05-15 08:31:46.777,60,UTC-0400,jBfEgmLJSx,com.sec.android.app.shealth,1589531506766,d838233e-9545-4d27-b7cf-08dbf481bb2c,
2020-05-18 09:14:07.183,2020-05-18 09:14:07.183,60,UTC-0500,jBfEgmLJSx,com.sec.android.app.shealth,1589793247169,514daa02-0c9a-4d8a-9792-b91750501f25,
2020-05-20 04:23:12.978,2020-05-20 04:23:12.978,60,UTC-0600,jBfEgmLJSx,com.sec.android.app.shealth,1589948592971,ad4b655e-7dc9-4957-80f0-194e4925fdd9,
2020-05-20 11:13:49.282,2020-05-20 11:13:49.282,60,UTC-0700,jBfEgmLJSx,com.sec.android.app.shealth,1589973229279,224169dc-678b-4971-a257-e17077270fb5,
2020-05-21 05:00:27.744,2020-05-21 05:00:27.744,60,UTC-0600,jBfEgmLJSx,com.sec.android.app.shealth,1590037227743,20b0f859-300a-48c5-ac48-199a50e36009,
2020-05-21 09:27:59.552,2020-05-21 09:27:59.552,60,UTC-0500,jBfEgmLJSx,com.sec.android.app.shealth,1590053279551,89c225a3-ea1a-4a8f-9f9e-651af363ecdb,
2020-05-21 09:32:02.321,2020-05-21 09:32:02.321,60,UTC-0600,jBfEgmLJSx,com.sec.android.app.shealth,1590053522320,d6bc6f36-8ba0-49cd-a418-943482e6200a,
2020-05-21 09:38:16.953,2020-05-21 09:38:16.953,60,UTC-0500,jBfEgmLJSx,com.sec.android.app.shealth,1590053896952,4dbec385-8ca2-48ef-a97e-0e533c06511a,
2020-05-21 09:46:35.645,2020-05-21 09:46:35.645,60,UTC-0600,jBfEgmLJSx,com.sec.android.app.shealth,1590054395644,7bbb62d0-911c-48c0-8c8a-d86c858a1e28,
2020-05-21 09:46:40.270,2020-05-21 09:46:40.270,60,UTC-0500,jBfEgmLJSx,com.sec.android.app.shealth,1590054400269,a1ad4ed8-54c0-41e3-9f66-dddc5277db9f,
2020-05-21 09:47:14.288,2020-05-21 09:47:14.288,60,UTC-0600,jBfEgmLJSx,com.sec.android.app.shealth,1590054434286,a71f9453-feb8-45a2-ae85-a28115d060ea,
2020-05-21 09:49:40.909,2020-05-21 09:49:40.909,60,UTC-0500,jBfEgmLJSx,com.sec.android.app.shealth,1590054580908,dccbf7a4-e6e9-4373-9632-918697f65ada,
2020-05-24 05:53:22.273,2020-05-24 05:53:22.273,60,UTC-0600,jBfEgmLJSx,com.sec.android.app.shealth,1590299602272,ee14efc8-61a2-4326-9fec-14ed46bdd5ee,
2020-05-24 05:53:22.314,2020-05-24 05:53:22.314,60,UTC-0600,jBfEgmLJSx,com.sec.android.app.shealth,1590299602310,43559afc-d570-4874-ad78-98ead1197a6f,
2020-05-24 05:53:31.220,2020-05-24 05:53:31.220,60,UTC-0500,jBfEgmLJSx,com.sec.android.app.shealth,1590299611219,9ac1b924-8d4e-4c74-a4d8-991ea1aa6ab7,
2020-05-24 05:53:43.610,2020-05-24 05:53:43.610,60,UTC-0600,jBfEgmLJSx,com.sec.android.app.shealth,1590299623608,73654364-b188-4337-ae42-d6ede06e9e26,
2020-05-24 05:53:43.652,2020-05-24 05:53:43.652,60,UTC-0600,jBfEgmLJSx,com.sec.android.app.shealth,1590299623640,7dd1faee-25b5-4c74-979a-194e3755ce4f,
2020-05-24 05:53:44.662,2020-05-24 05:53:44.662,60,UTC-0500,jBfEgmLJSx,com.sec.android.app.shealth,1590299624658,40ff9d3d-0ee1-48bd-9dd5-bc84fffb06f4,
2020-05-24 05:59:59.478,2020-05-24 05:59:59.478,60,UTC-0600,jBfEgmLJSx,com.sec.android.app.shealth,1590299999477,5d2806b9-361f-457b-ba12-bb0166056708,
2020-05-24 05:59:59.511,2020-05-24 05:59:59.511,60,UTC-0600,jBfEgmLJSx,com.sec.android.app.shealth,1590299999509,4aea5d1e-907d-4d88-b70c-693ed4712dc6,
2020-05-24 06:01:51.363,2020-05-24 06:01:51.363,60,UTC-0500,jBfEgmLJSx,com.sec.android.app.shealth,1590300111361,23b6a8bf-b051-4822-ad0d-5bd094e1b1a2,
2020-05-24 06:02:24.179,2020-05-24 06:02:24.179,60,UTC-0600,jBfEgmLJSx,com.sec.android.app.shealth,1590300144177,e260f71e-ef9a-41b3-a86c-e4d6cfc009cf,
2020-05-24 06:09:31.329,2020-05-24 06:09:31.329,60,UTC-0500,jBfEgmLJSx,com.sec.android.app.shealth,1590300571328,c3f13782-3e53-4dba-941d-29ff818ac9f4,
2020-05-24 06:09:35.776,2020-05-24 06:09:35.776,60,UTC-0600,jBfEgmLJSx,com.sec.android.app.shealth,1590300575775,04645ac1-f61f-4f89-b5a8-110c51e88674,
2020-05-24 06:12:05.669,2020-05-24 06:12:05.669,60,UTC-0500,jBfEgmLJSx,com.sec.android.app.shealth,1590300725667,026f0fd1-5d61-4af9-a899-b0c31c1b786e,
2020-05-24 06:14:52.600,2020-05-24 06:14:52.600,60,UTC-0600,jBfEgmLJSx,com.sec.android.app.shealth,1590300892599,fc2c0129-11b8-42e8-8169-1030f1bb05b4,
2020-05-24 06:18:22.735,2020-05-24 06:18:22.735,60,UTC-0500,jBfEgmLJSx,com.sec.android.app.shealth,1590301102733,8f2b94da-79f4-4554-ace1-f63cfb07287e,
2020-05-24 06:21:35.092,2020-05-24 06:21:35.092,60,UTC-0600,jBfEgmLJSx,com.sec.android.app.shealth,1590301295090,bc511e45-237e-417a-b67f-5fcec0d6a2f4,
2020-05-24 10:39:39.878,2020-05-24 10:39:39.878,60,UTC-0700,jBfEgmLJSx,com.sec.android.app.shealth,1590316779871,109ee7f7-d0b5-4533-bdb3-e7f474bbeec6,
2020-05-24 10:43:12.259,2020-05-24 10:43:12.259,60,UTC-0600,jBfEgmLJSx,com.sec.android.app.shealth,1590316992255,4261b22a-dbae-420b-9504-624ea009f00e,
2020-05-24 10:43:39.679,2020-05-24 10:43:39.679,60,UTC-0700,jBfEgmLJSx,com.sec.android.app.shealth,1590317019677,8fc7f8b2-0b74-42dd-ae75-5b253100fd0c,
2020-05-27 02:56:54.670,2020-05-27 02:56:54.670,60,UTC-0600,jBfEgmLJSx,com.sec.android.app.shealth,1590548214667,38ff3f31-2b02-4b50-b253-eabcf3a0b1ba,
2020-05-27 09:26:44.100,2020-05-27 09:26:44.100,60,UTC-0500,jBfEgmLJSx,com.sec.android.app.shealth,1590571604048,75a9b73e-19fa-4a5a-88c1-76ace404927c,
2020-05-27 09:26:47.917,2020-05-27 09:26:47.917,60,UTC-0600,jBfEgmLJSx,com.sec.android.app.shealth,1590571607915,927e906c-32b5-42dd-a8c8-e844281fc91e,
2020-05-27 09:27:43.907,2020-05-27 09:27:43.907,60,UTC-0500,jBfEgmLJSx,com.sec.android.app.shealth,1590571663906,6cbca57e-26fa-4e77-9355-f137344e5608,
2020-05-27 09:28:49.656,2020-05-27 09:28:49.656,60,UTC-0600,jBfEgmLJSx,com.sec.android.app.shealth,1590571729655,51d67f6e-1f0c-4408-a778-8345bc9026e5,
2020-05-27 09:30:01.377,2020-05-27 09:30:01.377,60,UTC-0500,jBfEgmLJSx,com.sec.android.app.shealth,1590571801376,1da6ebda-2f7e-4048-8ab0-c85edaae5305,
2020-05-27 09:30:15.261,2020-05-27 09:30:15.261,60,UTC-0600,jBfEgmLJSx,com.sec.android.app.shealth,1590571815260,ecd592df-714f-460e-b6cb-7680a60ab722,
2020-05-27 09:31:11.820,2020-05-27 09:31:11.820,60,UTC-0500,jBfEgmLJSx,com.sec.android.app.shealth,1590571871819,72d089b6-75fa-420f-b7d4-7fcf62faf78a,
2020-05-27 09:31:18.425,2020-05-27 09:31:18.425,60,UTC-0600,jBfEgmLJSx,com.sec.android.app.shealth,1590571878424,273107d9-02a0-4406-9b08-366368f0992e,
2020-05-27 09:32:46.740,2020-05-27 09:32:46.740,60,UTC-0500,jBfEgmLJSx,com.sec.android.app.shealth,1590571966739,0e2d611a-c355-4d83-af5c-16e3b6b7b829,
2020-05-27 09:33:00.854,2020-05-27 09:33:00.854,60,UTC-0600,jBfEgmLJSx,com.sec.android.app.shealth,1590571980852,95dd57cc-7f34-4dc6-9156-4d8334e6249a,
2020-05-27 09:33:15.334,2020-05-27 09:33:15.334,60,UTC-0500,jBfEgmLJSx,com.sec.android.app.shealth,1590571995334,826db602-12bd-40e8-9cc2-0db27e598969,
2020-05-30 20:51:34.771,2020-05-30 20:51:34.771,60,UTC-0600,jBfEgmLJSx,com.sec.android.app.shealth,1590871894753,33fa796f-1e01-4ab4-bb76-5823ca8a7544,
2020-05-30 20:52:59.445,2020-05-30 20:52:59.445,60,UTC-0500,jBfEgmLJSx,com.sec.android.app.shealth,1590871979440,043fb44d-9061-48be-b357-5489d66a7378,
2020-05-30 20:53:30.242,2020-05-30 20:53:30.242,60,UTC-0600,jBfEgmLJSx,com.sec.android.app.shealth,1590872010234,890b19c3-0062-4aeb-bfae-cb975617ab98,
2020-05-30 20:54:02.940,2020-05-30 20:54:02.940,60,UTC-0500,jBfEgmLJSx,com.sec.android.app.shealth,1590872042934,108ebb95-ecd4-4f57-9e9c-d5d50ad29e13,
2020-05-30 20:54:48.676,2020-05-30 20:54:48.676,60,UTC-0600,jBfEgmLJSx,com.sec.android.app.shealth,1590872088666,27d7ceba-cd72-4440-ad77-a5357958958d,
2020-05-31 05:53:09.629,2020-05-31 05:53:09.629,60,UTC-0700,jBfEgmLJSx,com.sec.android.app.shealth,1590904389623,871a7db1-4105-4539-ad55-7dfaedf21974,
2020-06-02 23:24:23.647,2020-06-02 23:24:23.647,60,UTC-0600,jBfEgmLJSx,com.sec.android.app.shealth,1591140263635,4941ec35-b555-4677-bdb0-491337749154,
2020-06-03 16:13:57.976,2020-06-03 16:13:57.976,60,UTC-0500,jBfEgmLJSx,com.sec.android.app.shealth,1591200837967,30ede13d-00fa-482a-bc15-79296a945066,
2020-06-04 07:06:21.575,2020-06-04 07:06:21.575,60,UTC-0400,jBfEgmLJSx,com.sec.android.app.shealth,1591254381572,00593d53-991d-4ea0-9ac5-a513331ba63d,
2020-06-04 07:06:52.071,2020-06-04 07:06:52.071,60,UTC-0500,jBfEgmLJSx,com.sec.android.app.shealth,1591254412069,c2e46abe-a90d-4432-9241-71ca723db109,
2020-06-04 07:07:13.121,2020-06-04 07:07:13.121,60,UTC-0400,jBfEgmLJSx,com.sec.android.app.shealth,1591254433120,818f20cf-a67f-4b5a-bbc8-6a774af00e5f,
2020-06-04 07:07:17.767,2020-06-04 07:07:17.767,60,UTC-0500,jBfEgmLJSx,com.sec.android.app.shealth,1591254437767,29c2f077-aacc-4d7a-b254-79fea3911db5,
2020-06-04 07:13:31.707,2020-06-04 07:13:31.707,60,UTC-0400,jBfEgmLJSx,com.sec.android.app.shealth,1591254811705,96e0a866-e549-4695-804e-e018b95235f9,
2020-06-04 07:13:44.708,2020-06-04 07:13:44.708,60,UTC-0500,jBfEgmLJSx,com.sec.android.app.shealth,1591254824708,f0e76564-315b-47f2-a4ef-da642e1028df,
2020-06-04 07:14:01.097,2020-06-04 07:14:01.097,60,UTC-0400,jBfEgmLJSx,com.sec.android.app.shealth,1591254841096,e8432ed4-a5a0-4fc6-8673-07f93c1d175e,
2020-06-06 15:07:48.076,2020-06-06 15:07:48.076,60,UTC-0500,jBfEgmLJSx,com.sec.android.app.shealth,1591456068070,1c08d588-2f70-4332-ac8c-029970d452ae,
2020-06-09 09:34:00.496,2020-06-09 09:34:00.496,60,UTC-0400,jBfEgmLJSx,com.sec.android.app.shealth,1591695240487,d8900f4e-7611-4075-b831-c099205e50d1,
2020-06-10 22:55:43.870,2020-06-10 22:55:43.870,60,UTC-0500,jBfEgmLJSx,com.sec.android.app.shealth,1591829743866,9bd4025c-3bda-4278-b497-8f6890208d02,
2020-06-10 22:56:05.259,2020-06-10 22:56:05.259,60,UTC-0400,jBfEgmLJSx,com.sec.android.app.shealth,1591829765258,b939ccff-3cef-4740-978b-aa0afdd5f88f,
2020-06-10 23:04:53.485,2020-06-10 23:04:53.485,60,UTC-0500,jBfEgmLJSx,com.sec.android.app.shealth,1591830293484,0eabaaff-a69d-45c7-980b-b3c8afe9ea9c,
2020-06-11 12:45:27.779,2020-06-11 12:45:27.779,60,UTC-0600,jBfEgmLJSx,com.sec.android.app.shealth,1591879527770,4c03e6ed-1759-4820-9c8a-e6dc44597dcf,
2020-06-13 03:13:30.818,2020-06-13 03:13:30.818,60,UTC-0500,jBfEgmLJSx,com.sec.android.app.shealth,1592018010814,eaad01cb-dffc-4360-bce8-ad4883ad11f9,
2020-06-13 03:14:22.355,2020-06-13 03:14:22.355,60,UTC-0600,jBfEgmLJSx,com.sec.android.app.shealth,1592018062354,5cea6fca-cfeb-47a6-8e09-898d37c6b624,
2020-06-13 03:14:30.258,2020-06-13 03:14:30.258,60,UTC-0500,jBfEgmLJSx,com.sec.android.app.shealth,1592018070257,2801934d-a442-499a-8c2d-440fa8a7a26d,
2020-06-13 03:15:11.089,2020-06-13 03:15:11.089,60,UTC-0600,jBfEgmLJSx,com.sec.android.app.shealth,1592018111086,d9d8d718-b100-441a-85b8-25d6f8d0793a,
2020-06-13 03:17:23.934,2020-06-13 03:17:23.934,60,UTC-0500,jBfEgmLJSx,com.sec.android.app.shealth,1592018243933,92ebe777-8c4b-4765-ad1a-e544b547e332,
2020-06-15 16:38:03.717,2020-06-15 16:38:03.717,60,UTC-0600,jBfEgmLJSx,com.sec.android.app.shealth,1592239083710,f210a691-5c12-42d5-9482-d651f1f0d55a,
2020-06-15 16:38:36.909,2020-06-15 16:38:36.909,60,UTC-0500,jBfEgmLJSx,com.sec.android.app.shealth,1592239116903,401c7dc0-03d0-4329-bac9-c1aecdeef019,
2020-06-15 16:42:38.047,2020-06-15 16:42:38.047,60,UTC-0600,jBfEgmLJSx,com.sec.android.app.shealth,1592239358044,7636be35-7240-43a5-86cb-7400064a76a3,
2020-06-16 10:36:56.984,2020-06-16 10:36:56.984,60,UTC-0700,jBfEgmLJSx,com.sec.android.app.shealth,1592303816983,284e00b6-387e-4b18-afc6-f1b40d68fdfc,
2020-06-17 20:52:05.979,2020-06-17 20:52:05.979,60,UTC-0600,jBfEgmLJSx,com.sec.android.app.shealth,1592427125978,7c87a345-044f-4bba-aba8-aeda012d2266,
2020-06-18 10:37:55.717,2020-06-18 10:37:55.717,60,UTC-0500,jBfEgmLJSx,com.sec.android.app.shealth,1592476675695,d887042c-32aa-4666-aed1-8000bd1838f9,
2020-06-18 10:37:56.882,2020-06-18 10:37:56.882,60,UTC-0600,jBfEgmLJSx,com.sec.android.app.shealth,1592476676882,7a44080a-87bd-44d4-8cb9-9ef995a204b0,
2020-06-18 10:39:12.259,2020-06-18 10:39:12.259,60,UTC-0500,jBfEgmLJSx,com.sec.android.app.shealth,1592476752257,5c44754c-1c09-4336-b9f6-86f074ceac4a,
2020-06-18 10:40:40.183,2020-06-18 10:40:40.183,60,UTC-0600,jBfEgmLJSx,com.sec.android.app.shealth,1592476840180,7748f678-f67f-458c-b5c6-8062bebd9941,
2020-06-18 10:40:51.365,2020-06-18 10:40:51.365,60,UTC-0500,jBfEgmLJSx,com.sec.android.app.shealth,1592476851364,e4ce33e6-5848-4e35-bcbb-93a926018031,
2020-06-19 05:32:15.054,2020-06-19 05:32:15.054,60,UTC-0400,jBfEgmLJSx,com.sec.android.app.shealth,1592544735052,b1d7cf1d-2b80-478d-be85-6900f902265a,
2020-06-19 05:32:33.593,2020-06-19 05:32:33.593,60,UTC-0500,jBfEgmLJSx,com.sec.android.app.shealth,1592544753589,a2f737e0-6cf6-4d74-946a-1e1e6b9ae334,
2020-06-19 05:32:48.854,2020-06-19 05:32:48.854,60,UTC-0400,jBfEgmLJSx,com.sec.android.app.shealth,1592544768850,3d82a503-6005-4965-965b-55deede20eb5,
2020-06-19 05:33:12.430,2020-06-19 05:33:12.430,60,UTC-0500,jBfEgmLJSx,com.sec.android.app.shealth,1592544792428,8f62fd20-0cc6-4db3-b65b-a0cd086610ab,
2020-06-19 05:39:57.861,2020-06-19 05:39:57.861,60,UTC-0400,jBfEgmLJSx,com.sec.android.app.shealth,1592545197845,5920f7b3-6a90-4539-8da1-620e6dad6c2b,
2020-06-19 05:40:09.862,2020-06-19 05:40:09.862,60,UTC-0500,jBfEgmLJSx,com.sec.android.app.shealth,1592545209861,9684b4a1-6037-484e-9e69-5f18f6c4a6fa,
2020-06-19 05:40:23.572,2020-06-19 05:40:23.572,60,UTC-0400,jBfEgmLJSx,com.sec.android.app.shealth,1592545223570,8be0a9f0-1f83-45ad-9174-905cb2e78902,
2020-06-21 00:13:42.959,2020-06-21 00:13:42.959,60,UTC-0500,jBfEgmLJSx,com.sec.android.app.shealth,1592698422957,977589ab-7944-46d7-a5c9-91535fe02893,
2020-06-25 21:41:31.231,2020-06-25 21:41:31.231,60,UTC-0600,jBfEgmLJSx,com.sec.android.app.shealth,1593121291214,f1e19a59-ac14-46ce-8505-da022fb2edc3,
2020-06-28 01:31:40.904,2020-06-28 01:31:40.904,60,UTC-0500,jBfEgmLJSx,com.sec.android.app.shealth,1593307900896,65669421-7bd8-44b7-a18b-b4953cebf0f7,
2020-07-01 06:55:01.352,2020-07-01 06:55:01.352,60,UTC-0600,jBfEgmLJSx,com.sec.android.app.shealth,1593586501344,099b698c-d20d-4137-a292-a8c35e7c7789,
2020-07-01 14:39:09.134,2020-07-01 14:39:09.134,60,UTC-0700,jBfEgmLJSx,com.sec.android.app.shealth,1593614349133,c2d3f514-7a9a-4b7e-9f86-610247a11e87,
2020-07-08 19:58:15.540,2020-07-08 19:58:15.540,60,UTC-0600,jBfEgmLJSx,com.sec.android.app.shealth,1594238295534,59fa46b6-59b0-49ee-a109-22f460579d42,
2020-07-08 19:58:51.351,2020-07-08 19:58:51.351,60,UTC-0700,jBfEgmLJSx,com.sec.android.app.shealth,1594238331350,71810b1a-850c-4e73-b6a5-c106d12aa95c,
2020-07-08 20:02:02.745,2020-07-08 20:02:02.745,60,UTC-0600,jBfEgmLJSx,com.sec.android.app.shealth,1594238522743,244ead6d-6c02-4a8c-8d15-eaf881753249,
2020-07-09 02:58:19.434,2020-07-09 02:58:19.434,60,UTC-0500,jBfEgmLJSx,com.sec.android.app.shealth,1594263499433,f47a0f11-952c-4dc5-91be-7d23d43facd8,
2020-07-09 02:59:02.320,2020-07-09 02:59:02.320,60,UTC-0600,jBfEgmLJSx,com.sec.android.app.shealth,1594263542319,7e989110-80e4-4230-8fe3-08459473c31d,
2020-07-09 03:02:19.377,2020-07-09 03:02:19.377,60,UTC-0500,jBfEgmLJSx,com.sec.android.app.shealth,1594263739377,fcde8d6b-c5ec-4ac7-bf61-4d6d30a68346,
2020-07-09 03:03:11.116,2020-07-09 03:03:11.116,60,UTC-0600,jBfEgmLJSx,com.sec.android.app.shealth,1594263791115,2b014af3-905c-4d73-9958-a1f1da137036,
2020-07-09 03:07:26.695,2020-07-09 03:07:26.695,60,UTC-0500,jBfEgmLJSx,com.sec.android.app.shealth,1594264046694,3749291c-3f1a-477d-a09a-d7badd6fe0f9,
2020-07-09 21:11:59.452,2020-07-09 21:11:59.452,60,UTC-0400,jBfEgmLJSx,com.sec.android.app.shealth,1594329119450,2bf127b4-c209-49a3-8151-988e15c8990b,
2020-07-09 21:12:34.607,2020-07-09 21:12:34.607,60,UTC-0500,jBfEgmLJSx,com.sec.android.app.shealth,1594329154606,a6634e53-183d-42e7-a1ac-f999af35930d,
2020-07-09 21:13:26.000,2020-07-09 21:13:26.000,60,UTC-0400,jBfEgmLJSx,com.sec.android.app.shealth,1594329205999,90c08c20-6b48-4c85-9b4c-1080a8eec636,
2020-07-10 11:36:39.770,2020-07-10 11:36:39.770,60,UTC-0500,jBfEgmLJSx,com.sec.android.app.shealth,1594380999767,c223ce0c-ed97-4df5-9e96-4b27ed212f9d,
2020-07-10 11:36:42.949,2020-07-10 11:36:42.949,60,UTC-0400,jBfEgmLJSx,com.sec.android.app.shealth,1594381002948,d7b0c457-3358-4f53-975d-b0c72af4079f,
2020-07-10 11:42:22.963,2020-07-10 11:42:22.963,60,UTC-0500,jBfEgmLJSx,com.sec.android.app.shealth,1594381342962,29efe704-8f0f-458b-99b9-725f169ca00e,
2020-07-10 11:42:26.373,2020-07-10 11:42:26.373,60,UTC-0400,jBfEgmLJSx,com.sec.android.app.shealth,1594381346372,72b280f1-03dc-47f4-8727-6db1a31f0b46,
2020-07-10 11:44:05.291,2020-07-10 11:44:05.291,60,UTC-0500,jBfEgmLJSx,com.sec.android.app.shealth,1594381445290,47c91ea4-3c66-425c-a759-cf6783c339a0,
2020-07-13 01:19:14.425,2020-07-13 01:19:14.425,60,UTC-0600,jBfEgmLJSx,com.sec.android.app.shealth,1594603154419,247753a7-bce1-4e84-a764-7dbfcf99d652,
2020-07-14 08:03:29.694,2020-07-14 08:03:29.694,60,UTC-0500,jBfEgmLJSx,com.sec.android.app.shealth,1594713809682,4108fbbb-15a9-4394-a742-ffa32e2dfe2e,
2020-07-15 01:09:38.241,2020-07-15 01:09:38.241,60,UTC-0400,jBfEgmLJSx,com.sec.android.app.shealth,1594775378233,1feb5b17-54d8-4770-807e-a1c8a3fcd1d5,
2020-07-15 01:09:40.090,2020-07-15 01:09:40.090,60,UTC-0500,jBfEgmLJSx,com.sec.android.app.shealth,1594775380089,a449c005-4927-41f7-8d54-84aef143418c,
2020-07-15 01:10:08.922,2020-07-15 01:10:08.922,60,UTC-0400,jBfEgmLJSx,com.sec.android.app.shealth,1594775408920,9ff5d808-fb91-4d91-a06b-2a2c32efa1a9,
2020-07-15 01:10:17.406,2020-07-15 01:10:17.406,60,UTC-0500,jBfEgmLJSx,com.sec.android.app.shealth,1594775417405,a320c0dc-3443-47ee-90fb-29eb9b9ee90e,
2020-07-15 01:20:01.820,2020-07-15 01:20:01.820,60,UTC-0400,jBfEgmLJSx,com.sec.android.app.shealth,1594776001818,be85ef4b-fcb9-459a-948c-11530c64ed40,
2020-07-16 16:16:17.990,2020-07-16 16:16:17.990,60,UTC-0500,jBfEgmLJSx,com.sec.android.app.shealth,1594916177985,c06b74be-992c-4f6b-a2f5-4687668b27c4,
2020-07-20 07:47:50.045,2020-07-20 07:47:50.045,60,UTC-0400,jBfEgmLJSx,com.sec.android.app.shealth,1595231270044,07ace28a-869e-42fc-9943-6395c94c5b08,
2020-07-22 19:56:36.241,2020-07-22 19:56:36.241,60,UTC-0500,jBfEgmLJSx,com.sec.android.app.shealth,1595447796239,e7e50371-0107-4591-8664-70a8f1f43d77,
2020-07-22 19:56:44.312,2020-07-22 19:56:44.312,60,UTC-0400,jBfEgmLJSx,com.sec.android.app.shealth,1595447804311,ecce7f7c-d9e5-4d67-a0e8-6280c9326091,
2020-07-22 20:06:42.290,2020-07-22 20:06:42.290,60,UTC-0500,jBfEgmLJSx,com.sec.android.app.shealth,1595448402289,ffc7394e-cb9c-4362-8d2a-327e6e6d88c4,
2020-07-22 20:07:04.943,2020-07-22 20:07:04.943,60,UTC-0400,jBfEgmLJSx,com.sec.android.app.shealth,1595448424941,5a8f6f86-03ce-4b54-9c7c-c7ce033f8397,
2020-07-22 20:07:11.608,2020-07-22 20:07:11.608,60,UTC-0500,jBfEgmLJSx,com.sec.android.app.shealth,1595448431608,f3e9983a-98a5-46e9-a523-4c133b320f5b,
2020-07-22 20:07:52.483,2020-07-22 20:07:52.483,60,UTC-0400,jBfEgmLJSx,com.sec.android.app.shealth,1595448472480,c635b440-78dd-4227-b437-1b041cfc8433,
2020-07-22 20:08:12.486,2020-07-22 20:08:12.486,60,UTC-0500,jBfEgmLJSx,com.sec.android.app.shealth,1595448492485,71407701-2801-4ca9-9bc6-728b500660be,
2020-07-23 14:48:41.543,2020-07-23 14:48:41.543,60,UTC-0600,jBfEgmLJSx,com.sec.android.app.shealth,1595515721538,d20f9ab8-799b-4cd3-8097-d8bedc8c50a4,
2020-07-25 02:50:26.952,2020-07-25 02:50:26.952,60,UTC-0500,jBfEgmLJSx,com.sec.android.app.shealth,1595645426951,987a677f-9aca-474f-a9e6-d3fd1ceeb016,
2020-07-25 02:51:24.778,2020-07-25 02:51:24.778,60,UTC-0600,jBfEgmLJSx,com.sec.android.app.shealth,1595645484776,15f3db15-ee4f-4a86-8cd1-0ec183eb518b,
2020-07-25 02:52:30.938,2020-07-25 02:52:30.938,60,UTC-0500,jBfEgmLJSx,com.sec.android.app.shealth,1595645550937,6fb201f1-a63c-4f64-ab04-af06ab41d511,
2020-07-25 23:10:57.811,2020-07-25 23:10:57.811,60,UTC-0400,jBfEgmLJSx,com.sec.android.app.shealth,1595718657810,13782133-bcaf-41c6-b535-f5bd76b95b15,
2020-07-25 23:11:23.740,2020-07-25 23:11:23.740,60,UTC-0500,jBfEgmLJSx,com.sec.android.app.shealth,1595718683739,48ec7cbd-a6a9-475c-adf6-9138030b7a8f,
2020-07-25 23:12:36.528,2020-07-25 23:12:36.528,60,UTC-0400,jBfEgmLJSx,com.sec.android.app.shealth,1595718756527,8d399170-b3e3-4d30-951a-510c1a95696f,
2020-07-25 23:13:04.780,2020-07-25 23:13:04.780,60,UTC-0500,jBfEgmLJSx,com.sec.android.app.shealth,1595718784778,4929fc31-4520-4f98-b109-6dc2eaf6d2eb,
2020-07-25 23:13:37.685,2020-07-25 23:13:37.685,60,UTC-0400,jBfEgmLJSx,com.sec.android.app.shealth,1595718817683,5d37c4d1-801f-49f5-a052-8fbd48810eb9,
2020-07-28 21:57:35.561,2020-07-28 21:57:35.561,60,UTC-0500,jBfEgmLJSx,com.sec.android.app.shealth,1595973455558,5cc0e2d2-7eda-4c43-b3af-6b06fb6c1f7b,
2020-07-28 21:58:03.225,2020-07-28 21:58:03.225,60,UTC-0400,jBfEgmLJSx,com.sec.android.app.shealth,1595973483222,f81c99fb-c64f-450e-b4bb-e7634ee390e0,
2020-07-28 22:03:04.355,2020-07-28 22:03:04.355,60,UTC-0500,jBfEgmLJSx,com.sec.android.app.shealth,1595973784354,19cf5342-74f6-4186-bebf-03ae14457000,
2020-07-28 22:03:15.454,2020-07-28 22:03:15.454,60,UTC-0400,jBfEgmLJSx,com.sec.android.app.shealth,1595973795452,5ee235a9-3873-4a58-8040-58e844904a22,
2020-07-28 22:04:36.764,2020-07-28 22:04:36.764,60,UTC-0500,jBfEgmLJSx,com.sec.android.app.shealth,1595973876763,30e33255-47ae-452a-bcc6-19da33a69984,
2020-07-29 14:36:18.814,2020-07-29 14:36:18.814,60,UTC-0600,jBfEgmLJSx,com.sec.android.app.shealth,1596033378808,d815cc00-c918-41a9-bedf-9377a3e154ca,
2020-07-29 14:38:09.449,2020-07-29 14:38:09.449,60,UTC-0500,jBfEgmLJSx,com.sec.android.app.shealth,1596033489447,32f00170-5347-4419-ae50-ba8d75229056,
2020-07-29 14:39:51.811,2020-07-29 14:39:51.811,60,UTC-0600,jBfEgmLJSx,com.sec.android.app.shealth,1596033591810,9cba3f83-b4e4-4b3b-bfe2-347d60a10915,
2020-07-30 09:17:33.194,2020-07-30 09:17:33.194,60,UTC-0700,jBfEgmLJSx,com.sec.android.app.shealth,1596100653180,08a75200-ca08-49f7-963f-11bef091b775,
2020-07-31 04:05:44.288,2020-07-31 04:05:44.288,60,UTC-0600,jBfEgmLJSx,com.sec.android.app.shealth,1596168344287,90aa7ee5-41f5-4b73-9053-388ead67e167,
2020-07-31 23:12:05.698,2020-07-31 23:12:05.698,60,UTC-0500,jBfEgmLJSx,com.sec.android.app.shealth,1596237125695,76773177-baf6-48d5-8fd5-c8055667b034,
2020-07-31 23:12:06.109,2020-07-31 23:12:06.109,60,UTC-0600,jBfEgmLJSx,com.sec.android.app.shealth,1596237126107,21d44b80-e35e-4a0f-9e67-a8969d1acc2a,
2020-07-31 23:12:25.411,2020-07-31 23:12:25.411,60,UTC-0500,jBfEgmLJSx,com.sec.android.app.shealth,1596237145410,53ab7ed7-6f29-4676-81c4-635be2dce61b,
2020-07-31 23:13:28.246,2020-07-31 23:13:28.246,60,UTC-0600,jBfEgmLJSx,com.sec.android.app.shealth,1596237208245,58482442-4699-4ea4-8620-31c52c9fe1f1,
2020-07-31 23:15:37.089,2020-07-31 23:15:37.089,60,UTC-0500,jBfEgmLJSx,com.sec.android.app.shealth,1596237337088,2b97199e-8a6b-4e22-8897-4f96b03ed2c9,
2020-07-31 23:15:55.831,2020-07-31 23:15:55.831,60,UTC-0600,jBfEgmLJSx,com.sec.android.app.shealth,1596237355825,3ada4eff-262b-4096-8bdc-686a41e62e5f,
2020-07-31 23:18:26.797,2020-07-31 23:18:26.797,60,UTC-0500,jBfEgmLJSx,com.sec.android.app.shealth,1596237506796,76c85788-e7f0-495b-818b-355c5e8b18d5,
2020-07-31 23:19:55.341,2020-07-31 23:19:55.341,60,UTC-0600,jBfEgmLJSx,com.sec.android.app.shealth,1596237595340,a4693f0c-b790-471d-bdcb-ec38ad1a3dba,
2020-07-31 23:20:34.257,2020-07-31 23:20:34.257,60,UTC-0500,jBfEgmLJSx,com.sec.android.app.shealth,1596237634256,2a6807c7-885e-4abc-a0b8-35215c575a61,
2020-07-31 23:20:58.490,2020-07-31 23:20:58.490,60,UTC-0600,jBfEgmLJSx,com.sec.android.app.shealth,1596237658489,913fcdc7-4518-4d3c-b982-77fc9ff04165,
2020-07-31 23:21:40.123,2020-07-31 23:21:40.123,60,UTC-0500,jBfEgmLJSx,com.sec.android.app.shealth,1596237700122,9161fa12-aa5c-4b09-9c49-b90b843fc288,
2020-08-02 00:36:16.031,2020-08-02 00:36:16.031,60,UTC-0400,jBfEgmLJSx,com.sec.android.app.shealth,1596328576029,17100bbb-97ab-47a5-97c7-7a32807328e4,
2020-08-02 00:36:23.607,2020-08-02 00:36:23.607,60,UTC-0500,jBfEgmLJSx,com.sec.android.app.shealth,1596328583606,78d41b80-6799-4f10-8cbb-96ce0d4b5c3d,
2020-08-02 00:36:51.709,2020-08-02 00:36:51.709,60,UTC-0400,jBfEgmLJSx,com.sec.android.app.shealth,1596328611708,67f6aa7d-b349-47ce-8217-58abadd3d5c5,
2020-08-02 00:38:17.223,2020-08-02 00:38:17.223,60,UTC-0500,jBfEgmLJSx,com.sec.android.app.shealth,1596328697221,ce401e17-095b-4926-a6fe-41326f0c3d0b,
2020-08-02 00:38:34.466,2020-08-02 00:38:34.466,60,UTC-0400,jBfEgmLJSx,com.sec.android.app.shealth,1596328714465,7c3f946b-8d5a-4bdb-97ba-1b4f80f6d17a,
2020-08-02 00:39:08.507,2020-08-02 00:39:08.507,60,UTC-0500,jBfEgmLJSx,com.sec.android.app.shealth,1596328748506,8ff57cfd-ac45-460d-89f8-a029e383c840,
2020-08-02 00:39:19.412,2020-08-02 00:39:19.412,60,UTC-0400,jBfEgmLJSx,com.sec.android.app.shealth,1596328759411,0996d4f6-e3b8-4f74-a36e-3325acac0346,
2020-08-02 00:39:25.476,2020-08-02 00:39:25.476,60,UTC-0500,jBfEgmLJSx,com.sec.android.app.shealth,1596328765474,5825e480-3823-43c5-a85f-70e464cf211e,
2020-08-02 00:39:32.475,2020-08-02 00:39:32.475,60,UTC-0400,jBfEgmLJSx,com.sec.android.app.shealth,1596328772474,c22e17ef-fbf3-47ca-82f1-aa174579b751,
2020-08-02 13:49:27.096,2020-08-02 13:49:27.096,60,UTC-0500,jBfEgmLJSx,com.sec.android.app.shealth,1596376167094,9ce173b8-03b4-466c-bab2-d0281f17d591,
2020-08-02 13:49:39.067,2020-08-02 13:49:39.067,60,UTC-0400,jBfEgmLJSx,com.sec.android.app.shealth,1596376179066,74c9a3c1-1fb3-460e-9b31-4b4a3dd32ec6,
2020-08-02 13:51:38.075,2020-08-02 13:51:38.075,60,UTC-0500,jBfEgmLJSx,com.sec.android.app.shealth,1596376298073,0ce2a893-1659-416e-8208-7dd6590a1704,
2020-08-02 13:51:45.543,2020-08-02 13:51:45.543,60,UTC-0400,jBfEgmLJSx,com.sec.android.app.shealth,1596376305542,4383208c-f2bb-42f9-bee2-c7da1d7e3b63,
2020-08-02 13:52:09.338,2020-08-02 13:52:09.338,60,UTC-0500,jBfEgmLJSx,com.sec.android.app.shealth,1596376329337,256eb462-595b-4eef-bde4-aa37dea78902,
2020-08-04 05:52:46.950,2020-08-04 05:52:46.950,60,UTC-0600,jBfEgmLJSx,com.sec.android.app.shealth,1596520366939,5a12fbe0-a93b-44c6-8235-d46b558ec956,
2020-08-04 05:52:47.050,2020-08-04 05:52:47.050,60,UTC-0600,jBfEgmLJSx,com.sec.android.app.shealth,1596520367048,72e6ad67-f63d-42e7-9b89-f4ef0f59f1c8,
2020-08-05 04:06:44.778,2020-08-05 04:06:44.778,60,UTC-0700,jBfEgmLJSx,com.sec.android.app.shealth,1596600404774,9a28b348-8911-4ad2-a6da-75cdd65b6292,
2020-08-06 00:09:35.650,2020-08-06 00:09:35.650,60,UTC-0600,jBfEgmLJSx,com.sec.android.app.shealth,1596672575649,90785f66-9dbf-4b15-89ca-2d61e6fcdef9,
2020-08-06 05:42:36.933,2020-08-06 05:42:36.933,60,UTC-0500,jBfEgmLJSx,com.sec.android.app.shealth,1596692556931,d8778451-06bb-4288-973f-c76053f2c57b,
2020-08-06 05:46:43.960,2020-08-06 05:46:43.960,60,UTC-0600,jBfEgmLJSx,com.sec.android.app.shealth,1596692803958,d37a0c17-ac34-49f5-a6f6-26c275bee4b0,
2020-08-06 05:46:43.996,2020-08-06 05:46:43.996,60,UTC-0600,jBfEgmLJSx,com.sec.android.app.shealth,1596692803996,e0357f5d-4b25-449f-88c1-fd3dec2e348c,
2020-08-06 05:52:40.753,2020-08-06 05:52:40.753,60,UTC-0500,jBfEgmLJSx,com.sec.android.app.shealth,1596693160752,c4f397f1-fca3-4c35-8c05-fb51392ed59a,
2020-08-06 06:00:52.472,2020-08-06 06:00:52.472,60,UTC-0600,jBfEgmLJSx,com.sec.android.app.shealth,1596693652471,840e6dc1-6bc0-4b74-809d-20f4ea50bea0,
2020-08-06 06:01:13.707,2020-08-06 06:01:13.707,60,UTC-0500,jBfEgmLJSx,com.sec.android.app.shealth,1596693673705,c5291667-c342-42d8-a6fb-bf0e07b7954d,
2020-08-06 06:01:24.341,2020-08-06 06:01:24.341,60,UTC-0600,jBfEgmLJSx,com.sec.android.app.shealth,1596693684339,cc343b3a-b7b1-4469-a718-27ef4fd3613a,
2020-08-06 06:04:11.286,2020-08-06 06:04:11.286,60,UTC-0500,jBfEgmLJSx,com.sec.android.app.shealth,1596693851286,2b65ee23-de19-4672-8bf8-aedd71a7143e,
2020-08-11 16:11:44.948,2020-08-11 16:11:44.948,60,UTC-0600,jBfEgmLJSx,com.sec.android.app.shealth,1597162304936,0c5f4981-b2ef-41f5-9c67-c7721197eaf6,
2020-08-15 23:33:07.213,2020-08-15 23:33:07.213,60,UTC-0700,jBfEgmLJSx,com.sec.android.app.shealth,1597534387199,78e9a48c-d8d8-41d7-9e83-ef134963c496,
2020-08-18 22:22:00.049,2020-08-18 22:22:00.049,60,UTC-0600,jBfEgmLJSx,com.sec.android.app.shealth,1597789320036,8f6a95e0-b447-4a26-aaed-05218f8dff66,
2020-08-18 22:22:36.374,2020-08-18 22:22:36.374,60,UTC-0700,jBfEgmLJSx,com.sec.android.app.shealth,1597789356373,cebcd315-5c93-48c2-86ff-f7860bf7a42f,
2020-08-18 22:25:55.898,2020-08-18 22:25:55.898,60,UTC-0600,jBfEgmLJSx,com.sec.android.app.shealth,1597789555897,6dbc0196-f673-4ebc-9bc4-b30cfa44c6ff,
2020-08-19 07:59:54.573,2020-08-19 07:59:54.573,60,UTC-0500,jBfEgmLJSx,com.sec.android.app.shealth,1597823994569,bb8562d0-3ef0-4910-a52b-ef2c2043f2dc,
2020-08-19 08:00:53.210,2020-08-19 08:00:53.210,60,UTC-0600,jBfEgmLJSx,com.sec.android.app.shealth,1597824053209,5daf4dd9-0c4e-43f3-98a1-891a07e6cc64,
2020-08-19 08:03:25.934,2020-08-19 08:03:25.934,60,UTC-0500,jBfEgmLJSx,com.sec.android.app.shealth,1597824205933,362d432a-2ada-4a3e-9922-a7bc4be39768,
2020-08-19 08:03:32.094,2020-08-19 08:03:32.094,60,UTC-0600,jBfEgmLJSx,com.sec.android.app.shealth,1597824212093,ad9aa5e6-8f0f-4e53-b105-71628838596c,
2020-08-19 08:04:58.507,2020-08-19 08:04:58.507,60,UTC-0500,jBfEgmLJSx,com.sec.android.app.shealth,1597824298506,eb310215-d71f-4f1c-909e-7b1fe51e0c2c,
2020-08-19 08:05:13.692,2020-08-19 08:05:13.692,60,UTC-0600,jBfEgmLJSx,com.sec.android.app.shealth,1597824313691,fecdc3cb-2360-44bd-9389-c77d9c62f519,
2020-08-19 08:05:49.113,2020-08-19 08:05:49.113,60,UTC-0500,jBfEgmLJSx,com.sec.android.app.shealth,1597824349113,91e46be0-4f94-4fa0-8d68-81590e067947,
2020-08-20 05:47:01.313,2020-08-20 05:47:01.313,60,UTC-0400,jBfEgmLJSx,com.sec.android.app.shealth,1597902421312,5b1e616f-7259-46e4-adac-d758703fbb54,
2020-08-21 09:39:40.210,2020-08-21 09:39:40.210,60,UTC-0500,jBfEgmLJSx,com.sec.android.app.shealth,1598002780206,867ba608-fdb5-471f-a722-5a7af7330319,
2020-08-21 09:40:21.562,2020-08-21 09:40:21.562,60,UTC-0400,jBfEgmLJSx,com.sec.android.app.shealth,1598002821561,c6b206d8-6223-4530-8fe6-c5462eeed8be,
2020-08-21 09:48:40.186,2020-08-21 09:48:40.186,60,UTC-0500,jBfEgmLJSx,com.sec.android.app.shealth,1598003320184,fdc8e872-0381-4c38-8e25-0eb2c128fe3f,
2020-08-22 03:17:28.638,2020-08-22 03:17:28.638,60,UTC-0600,jBfEgmLJSx,com.sec.android.app.shealth,1598066248636,bf116ab6-6236-41a5-9160-4b96c95893df,
2020-08-25 02:42:43.235,2020-08-25 02:42:43.235,60,UTC-0500,jBfEgmLJSx,com.sec.android.app.shealth,1598323363229,ace8d9a3-a335-4420-85da-0178f4df3cbc,
2020-08-28 03:08:45.032,2020-08-28 03:08:45.032,60,UTC-0400,jBfEgmLJSx,com.sec.android.app.shealth,1598584125029,04f2a656-a211-460d-a107-700ccdd5976e,
2020-09-01 08:25:30.076,2020-09-01 08:25:30.076,60,UTC-0500,jBfEgmLJSx,com.sec.android.app.shealth,1598948730074,01d95ea5-3fe5-4be2-b920-e361444d32c3,
2020-09-01 08:25:48.046,2020-09-01 08:25:48.046,60,UTC-0400,jBfEgmLJSx,com.sec.android.app.shealth,1598948748044,a99d69fc-1f96-48eb-97fe-29e66cb799b8,
2020-09-01 08:28:59.320,2020-09-01 08:28:59.320,60,UTC-0500,jBfEgmLJSx,com.sec.android.app.shealth,1598948939316,b5db9fad-d2fb-4d14-8420-0fce828908ea,
2020-09-03 04:39:29.343,2020-09-03 04:39:29.343,60,UTC-0600,jBfEgmLJSx,com.sec.android.app.shealth,1599107969339,45d2357d-69ae-4b1e-9538-48f2a02867c9,
2020-09-03 10:55:22.792,2020-09-03 10:55:22.792,60,UTC-0700,jBfEgmLJSx,com.sec.android.app.shealth,1599130522790,92e00f04-3281-47f8-af68-52320da7d6df,
2020-09-03 11:10:15.385,2020-09-03 11:10:15.385,60,UTC-0600,jBfEgmLJSx,com.sec.android.app.shealth,1599131415381,99e3ea5f-6d03-4e8a-943f-28399874cd61,
2020-09-03 11:10:37.260,2020-09-03 11:10:37.260,60,UTC-0700,jBfEgmLJSx,com.sec.android.app.shealth,1599131437258,6db50bc3-8386-4ec7-a1b4-79b8d2a6e416,
2020-09-04 22:32:35.712,2020-09-04 22:32:35.712,60,UTC-0600,jBfEgmLJSx,com.sec.android.app.shealth,1599258755709,0680ee62-3541-4d34-896a-7022e651fbcb,
2020-09-05 02:36:25.088,2020-09-05 02:36:25.088,60,UTC-0500,jBfEgmLJSx,com.sec.android.app.shealth,1599273385085,7a61ba5e-f205-4a40-b4d5-bbb0b6be38ce,
2020-09-05 02:37:55.360,2020-09-05 02:37:55.360,60,UTC-0600,jBfEgmLJSx,com.sec.android.app.shealth,1599273475359,0b9c9336-251f-44a0-8d68-70c91843595f,
2020-09-05 02:44:02.718,2020-09-05 02:44:02.718,60,UTC-0500,jBfEgmLJSx,com.sec.android.app.shealth,1599273842715,2437c9fe-59c1-4df4-b0e7-8ac964c1e0ec,
2020-09-05 02:48:29.551,2020-09-05 02:48:29.551,60,UTC-0600,jBfEgmLJSx,com.sec.android.app.shealth,1599274109549,71e3fc79-0c55-4821-9903-82a333bbfd08,
2020-09-05 02:56:08.672,2020-09-05 02:56:08.672,60,UTC-0500,jBfEgmLJSx,com.sec.android.app.shealth,1599274568670,1006c3df-aad0-49a5-9793-fa22cf036354,
2020-09-07 19:51:21.596,2020-09-07 19:51:21.596,60,UTC-0600,jBfEgmLJSx,com.sec.android.app.shealth,1599508281588,1f219005-c861-4e2f-b8d6-d22a4fc7731d,
2020-09-07 19:55:31.053,2020-09-07 19:55:31.053,60,UTC-0500,jBfEgmLJSx,com.sec.android.app.shealth,1599508531052,78572937-6725-4974-b4e5-e38167722552,
2020-09-07 19:56:34.057,2020-09-07 19:56:34.057,60,UTC-0600,jBfEgmLJSx,com.sec.android.app.shealth,1599508594056,1219bf6a-e3ba-411e-b548-ca17f2448d00,
2020-09-07 19:58:15.444,2020-09-07 19:58:15.444,60,UTC-0500,jBfEgmLJSx,com.sec.android.app.shealth,1599508695442,b576fe3f-9fef-4b3d-878a-e209864fe932,
2020-09-07 19:58:19.952,2020-09-07 19:58:19.952,60,UTC-0600,jBfEgmLJSx,com.sec.android.app.shealth,1599508699951,4dcd1af7-4aed-4f21-a7de-07fe6dfa4581,
2020-09-07 19:58:31.748,2020-09-07 19:58:31.748,60,UTC-0500,jBfEgmLJSx,com.sec.android.app.shealth,1599508711747,fed85dcd-15f8-4afa-a17a-b85f028ba19e,
2020-09-07 19:58:49.901,2020-09-07 19:58:49.901,60,UTC-0600,jBfEgmLJSx,com.sec.android.app.shealth,1599508729899,d324fc9a-af55-434e-8ab2-29f83f88f59a,
2020-09-07 19:59:08.469,2020-09-07 19:59:08.469,60,UTC-0500,jBfEgmLJSx,com.sec.android.app.shealth,1599508748468,82e5ebfd-5b6f-40ec-b71f-d575848e2863,
2020-09-07 19:59:58.935,2020-09-07 19:59:58.935,60,UTC-0600,jBfEgmLJSx,com.sec.android.app.shealth,1599508798934,b0b1ca0c-fdd5-4df4-8dbf-3b8c60c5d5b3,
2020-09-07 20:00:18.975,2020-09-07 20:00:18.975,60,UTC-0500,jBfEgmLJSx,com.sec.android.app.shealth,1599508818973,a158f719-0e34-43f7-ae05-d69d18ade829,
2020-09-07 20:30:52.204,2020-09-07 20:30:52.204,60,UTC-0600,jBfEgmLJSx,com.sec.android.app.shealth,1599510652192,4fb9b585-9c4b-4b3d-97a1-138080d52ee7,
2020-09-07 20:31:29.371,2020-09-07 20:31:29.371,60,UTC-0500,jBfEgmLJSx,com.sec.android.app.shealth,1599510689367,af0649c5-c888-4eb2-b9b3-06049ba032da,
2020-09-07 20:32:20.366,2020-09-07 20:32:20.366,60,UTC-0600,jBfEgmLJSx,com.sec.android.app.shealth,1599510740365,737a44dc-2c7f-46a8-a4ba-e01d3e5f631e,
2020-09-07 20:34:33.415,2020-09-07 20:34:33.415,60,UTC-0500,jBfEgmLJSx,com.sec.android.app.shealth,1599510873413,41f58bfe-5968-4f66-841f-ee6b1f0878d9,
2020-09-07 20:34:52.830,2020-09-07 20:34:52.830,60,UTC-0600,jBfEgmLJSx,com.sec.android.app.shealth,1599510892828,e21d01e5-582f-4ace-8679-a62fa80ccc9c,
2020-09-10 04:43:55.380,2020-09-10 04:43:55.380,60,UTC-0700,jBfEgmLJSx,com.sec.android.app.shealth,1599713035378,9a3ec9a5-651b-4fde-a363-6ce49200c75b,
2020-09-11 00:42:26.758,2020-09-11 00:42:26.758,60,UTC-0600,jBfEgmLJSx,com.sec.android.app.shealth,1599784946753,a4cc6c4b-0614-41e0-8299-1ef80ebe7779,
2020-09-11 21:32:33.834,2020-09-11 21:32:33.834,60,UTC-0500,jBfEgmLJSx,com.sec.android.app.shealth,1599859953786,5072928b-8b8f-4a21-9aac-02ed4abd2987,
2020-09-13 04:43:17.788,2020-09-13 04:43:17.788,60,UTC-0400,jBfEgmLJSx,com.sec.android.app.shealth,1599972197771,42752fa6-671d-469d-9efc-7ec0e3aea3f4,
2020-09-14 01:59:11.290,2020-09-14 01:59:11.290,60,UTC-0500,jBfEgmLJSx,com.sec.android.app.shealth,1600048751279,38d25dc9-d6cc-4f11-87cf-576eb0152b83,
2020-09-14 02:00:48.464,2020-09-14 02:00:48.464,60,UTC-0400,jBfEgmLJSx,com.sec.android.app.shealth,1600048848463,042f3545-2b07-4a07-86bd-6905d9ca7349,
2020-09-14 02:01:25.907,2020-09-14 02:01:25.907,60,UTC-0500,jBfEgmLJSx,com.sec.android.app.shealth,1600048885902,5e1ab6d1-bcf4-45d6-bdca-975ce0912ff7,
2020-09-15 19:52:27.875,2020-09-15 19:52:27.875,60,UTC-0400,jBfEgmLJSx,com.sec.android.app.shealth,1600199547870,39296a97-56ca-4c6e-97f7-951a5f26a847,
2020-09-27 18:05:23.446,2020-09-27 18:05:23.446,60,UTC-0500,jBfEgmLJSx,com.sec.android.app.shealth,1601229923441,d7417985-90c5-4a05-a9f2-807a17e59c3c,
2020-09-27 18:05:30.540,2020-09-27 18:05:30.540,60,UTC-0400,jBfEgmLJSx,com.sec.android.app.shealth,1601229930537,3803ffe2-4798-4998-af18-5c6f6ed03a4a,
2020-09-27 18:29:14.529,2020-09-27 18:29:14.529,60,UTC-0500,jBfEgmLJSx,com.sec.android.app.shealth,1601231354528,5092eb65-1799-45b3-97eb-5c745897c4f6,
2020-09-29 10:43:27.100,2020-09-29 10:43:27.100,60,UTC-0400,jBfEgmLJSx,com.sec.android.app.shealth,1601376207082,ecdf9e20-abb5-4ed3-ba83-39e75be832ca,
2020-09-29 10:44:21.936,2020-09-29 10:44:21.936,60,UTC-0500,jBfEgmLJSx,com.sec.android.app.shealth,1601376261933,cd4e0660-73f2-41cf-acae-4747663d9b84,
2020-09-29 10:44:37.450,2020-09-29 10:44:37.450,60,UTC-0400,jBfEgmLJSx,com.sec.android.app.shealth,1601376277448,c3b50cfd-99ee-4b2a-ad47-601569f107cd,
2020-10-02 03:07:52.469,2020-10-02 03:07:52.469,60,UTC-0500,jBfEgmLJSx,com.sec.android.app.shealth,1601608072467,562bb021-7956-4ede-8b57-36ed98c7c7a3,
2020-10-02 03:07:54.856,2020-10-02 03:07:54.856,60,UTC-0400,jBfEgmLJSx,com.sec.android.app.shealth,1601608074854,298d1621-57ae-4cde-b513-79753aec2739,
2020-10-02 03:08:02.804,2020-10-02 03:08:02.804,60,UTC-0500,jBfEgmLJSx,com.sec.android.app.shealth,1601608082803,992b82eb-b65b-4553-a298-c8ef4655152f,
2020-10-02 03:08:07.834,2020-10-02 03:08:07.834,60,UTC-0400,jBfEgmLJSx,com.sec.android.app.shealth,1601608087832,efa08a86-2c8e-4887-8209-d83d0ec74e06,
2020-10-02 03:11:29.017,2020-10-02 03:11:29.017,60,UTC-0500,jBfEgmLJSx,com.sec.android.app.shealth,1601608289014,35460aef-cda3-4f11-ab8c-2ba6b9a8c7d9,
2020-10-02 03:17:54.691,2020-10-02 03:17:54.691,60,UTC-0400,jBfEgmLJSx,com.sec.android.app.shealth,1601608674690,70fe4049-8f3f-40bc-8aa9-143292114a10,
2020-10-02 03:18:44.924,2020-10-02 03:18:44.924,60,UTC-0500,jBfEgmLJSx,com.sec.android.app.shealth,1601608724923,04407497-325c-4c99-81c4-32ba50be1f7d,
2020-10-03 01:49:31.796,2020-10-03 01:49:31.796,60,UTC-0600,jBfEgmLJSx,com.sec.android.app.shealth,1601689771795,c3d14992-c484-4b4a-81b5-ec063abd1d0c,
2020-10-03 01:52:05.975,2020-10-03 01:52:05.975,60,UTC-0500,jBfEgmLJSx,com.sec.android.app.shealth,1601689925974,b99a43ae-d20d-45c9-9650-6ea209202481,
2020-10-03 01:52:34.299,2020-10-03 01:52:34.299,60,UTC-0600,jBfEgmLJSx,com.sec.android.app.shealth,1601689954297,d67c534e-d2ad-4b72-8b6a-224d4d7eedea,
2020-10-03 01:54:28.915,2020-10-03 01:54:28.915,60,UTC-0500,jBfEgmLJSx,com.sec.android.app.shealth,1601690068914,7e4baf88-7f17-4363-94a2-ba855a33170b,
2020-10-03 01:55:53.037,2020-10-03 01:55:53.037,60,UTC-0600,jBfEgmLJSx,com.sec.android.app.shealth,1601690153034,78ed1a8e-0a8c-41e4-bff9-1cdcd345a205,
2020-10-03 19:03:55.689,2020-10-03 19:03:55.689,60,UTC-0700,jBfEgmLJSx,com.sec.android.app.shealth,1601751835680,a1bc7e0f-d899-4392-887c-9c587ff54c01,
2020-10-04 12:18:03.280,2020-10-04 12:18:03.280,60,UTC-0600,jBfEgmLJSx,com.sec.android.app.shealth,1601813883278,fb2c5af1-883d-4c76-acf0-d35a972d420e,
2020-10-05 05:09:01.381,2020-10-05 05:09:01.381,60,UTC-0500,jBfEgmLJSx,com.sec.android.app.shealth,1601874541370,1075388e-a04d-4f1d-bf8d-68f172df0b3c,
2020-10-05 05:11:20.703,2020-10-05 05:11:20.703,60,UTC-0600,jBfEgmLJSx,com.sec.android.app.shealth,1601874680701,b86e50cb-a811-4fda-b44a-3be541d12f32,
2020-10-05 05:11:21.576,2020-10-05 05:11:21.576,60,UTC-0600,jBfEgmLJSx,com.sec.android.app.shealth,1601874681574,8c8c4377-2854-49e5-a2f7-9f1f837fa3e8,
2020-10-05 05:12:22.617,2020-10-05 05:12:22.617,60,UTC-0500,jBfEgmLJSx,com.sec.android.app.shealth,1601874742616,e2bc0bf4-9e9e-47d8-88ea-bf2547ee8c4d,
2020-10-05 05:12:41.129,2020-10-05 05:12:41.129,60,UTC-0600,jBfEgmLJSx,com.sec.android.app.shealth,1601874761128,87a46b56-05a9-4bb6-8b2e-34a8e19c3504,
2020-10-05 05:12:41.159,2020-10-05 05:12:41.159,60,UTC-0600,jBfEgmLJSx,com.sec.android.app.shealth,1601874761158,a108a061-dc42-498f-9f8e-48b7767654dd,
2020-10-05 05:15:08.421,2020-10-05 05:15:08.421,60,UTC-0500,jBfEgmLJSx,com.sec.android.app.shealth,1601874908419,5356cd03-adee-4c22-b7ec-3c0f57b02674,
2020-10-05 05:16:01.657,2020-10-05 05:16:01.657,60,UTC-0600,jBfEgmLJSx,com.sec.android.app.shealth,1601874961656,1d3a7be5-ab7c-4a9d-8a31-f7418783d1b3,
2020-10-05 05:16:01.694,2020-10-05 05:16:01.694,60,UTC-0600,jBfEgmLJSx,com.sec.android.app.shealth,1601874961693,734a8632-86d2-44f0-b1cc-bd6ac394aa86,
2020-10-05 05:16:04.012,2020-10-05 05:16:04.012,60,UTC-0500,jBfEgmLJSx,com.sec.android.app.shealth,1601874964011,34673d7d-22bf-41de-a9f9-58c064c93c14,
2020-10-05 05:17:03.510,2020-10-05 05:17:03.510,60,UTC-0600,jBfEgmLJSx,com.sec.android.app.shealth,1601875023507,c466bf88-5e8e-4b7b-8a86-f45f3ad66143,
2020-10-05 05:17:03.550,2020-10-05 05:17:03.550,60,UTC-0600,jBfEgmLJSx,com.sec.android.app.shealth,1601875023549,a4504951-0fd4-48d4-a157-31806c64f5ef,
2020-10-05 05:17:09.989,2020-10-05 05:17:09.989,60,UTC-0500,jBfEgmLJSx,com.sec.android.app.shealth,1601875029984,35d8c703-9973-45f4-bd33-ff3acc54cd4a,
2020-10-05 05:17:48.696,2020-10-05 05:17:48.696,60,UTC-0600,jBfEgmLJSx,com.sec.android.app.shealth,1601875068694,a0c38151-c94b-4105-adad-d6091a167b38,
2020-10-05 05:17:50.469,2020-10-05 05:17:50.469,60,UTC-0600,jBfEgmLJSx,com.sec.android.app.shealth,1601875070468,ff3ce7ce-a099-4b1e-bed7-46f77dd17562,
2020-10-05 05:18:34.524,2020-10-05 05:18:34.524,60,UTC-0500,jBfEgmLJSx,com.sec.android.app.shealth,1601875114506,306d995a-f0dc-4f47-acf8-29df6639275d,
2020-10-07 14:11:34.557,2020-10-07 14:11:34.557,60,UTC-0400,jBfEgmLJSx,com.sec.android.app.shealth,1602079894554,d5e1a73c-bb73-4600-9f75-3bec5ce2f2ae,
2020-10-07 19:21:20.062,2020-10-07 19:21:20.062,60,UTC-0500,jBfEgmLJSx,com.sec.android.app.shealth,1602098478910,59053460-f1dc-4ed2-a1be-7213cd5e451d,
2020-10-07 19:21:40.655,2020-10-07 19:21:40.655,60,UTC-0400,jBfEgmLJSx,com.sec.android.app.shealth,1602098500653,223e6af4-033a-4591-9a66-3d4f4d17db58,
2020-10-07 19:22:38.903,2020-10-07 19:22:38.903,60,UTC-0500,jBfEgmLJSx,com.sec.android.app.shealth,1602098558901,2e71f7b9-4c59-4db8-a8bf-903773f006c1,
2020-10-08 00:13:44.032,2020-10-08 00:13:44.032,60,UTC-0400,jBfEgmLJSx,com.sec.android.app.shealth,1602116024027,2ddf5354-2ae9-4cd4-bef5-7ee0e6f1bbed,
2020-10-08 00:13:51.400,2020-10-08 00:13:51.400,60,UTC-0500,jBfEgmLJSx,com.sec.android.app.shealth,1602116031396,6d90c7f0-9dff-4e20-bcb5-7bd700009ad6,
2020-10-08 00:20:09.233,2020-10-08 00:20:09.233,60,UTC-0400,jBfEgmLJSx,com.sec.android.app.shealth,1602116409228,448a8e11-5bb1-403f-a5eb-ebbd5eb4c843,
2020-10-11 03:08:57.284,2020-10-11 03:08:57.284,60,UTC-0500,jBfEgmLJSx,com.sec.android.app.shealth,1602385737277,cf844938-8586-4a07-8459-088339bd84de,
2020-10-11 23:25:23.263,2020-10-11 23:25:23.263,60,UTC-0600,jBfEgmLJSx,com.sec.android.app.shealth,1602458723262,b214879f-be9e-4c33-b7ba-5255f213096e,
2020-10-12 06:56:42.851,2020-10-12 06:56:42.851,60,UTC-0700,jBfEgmLJSx,com.sec.android.app.shealth,1602485802850,9ee871ca-e650-41b7-9ef5-057bece8f092,
2020-10-12 06:56:42.871,2020-10-12 06:56:42.871,60,UTC-0700,jBfEgmLJSx,com.sec.android.app.shealth,1602485802871,2166743a-0316-4c34-94fd-5fb8e12ca230,
2020-10-28 11:09:51.806,2020-10-28 11:09:51.806,60,UTC-0600,jBfEgmLJSx,com.sec.android.app.shealth,1603883391805,83932b35-5138-4a23-9557-7340bd811f32,
2020-10-28 11:28:50.164,2020-10-28 11:28:50.164,60,UTC-0700,jBfEgmLJSx,com.sec.android.app.shealth,1603884530162,61e07f94-be26-413d-9263-ccafe0891856,
2020-10-28 12:35:35.022,2020-10-28 12:35:35.022,60,UTC-0600,jBfEgmLJSx,com.sec.android.app.shealth,1603888535021,e76a16f8-256c-4870-a013-52a0c943e922,
2020-11-01 13:17:11.800,2020-11-01 13:17:11.800,60,UTC-0700,jBfEgmLJSx,com.sec.android.app.shealth,1604236631794,96aa1ac0-6346-4302-9b7a-19e9284f7cb4,
2020-11-02 23:14:06.797,2020-11-02 23:14:06.797,60,UTC-0800,jBfEgmLJSx,com.sec.android.app.shealth,1604358846793,91d29e7e-4e15-47a8-9718-71dbeb304552,
2020-11-02 23:16:05.409,2020-11-02 23:16:05.409,60,UTC-0700,jBfEgmLJSx,com.sec.android.app.shealth,1604358965408,79ffa25a-c99f-4732-a0db-dcb8cd4e1c92,
2020-11-02 23:17:00.382,2020-11-02 23:17:00.382,60,UTC-0800,jBfEgmLJSx,com.sec.android.app.shealth,1604359020379,84bae773-a0d3-45be-a98f-aefc4babb54a,
2020-11-05 10:35:20.442,2020-11-05 10:35:20.442,60,UTC-0700,jBfEgmLJSx,com.sec.android.app.shealth,1604572520436,59a03435-a08e-4b06-96fb-eb54fe173bf3,
2020-11-05 10:36:36.396,2020-11-05 10:36:36.396,60,UTC-0800,jBfEgmLJSx,com.sec.android.app.shealth,1604572596390,20c2854f-fa24-4017-a89a-5e7012754e9e,
2020-11-05 10:43:48.737,2020-11-05 10:43:48.737,60,UTC-0700,jBfEgmLJSx,com.sec.android.app.shealth,1604573028736,28d6cb26-0941-4356-b274-20b92913e17b,
2020-11-05 21:42:39.223,2020-11-05 21:42:39.223,60,UTC-0800,jBfEgmLJSx,com.sec.android.app.shealth,1604612559217,a815d6c8-efec-4bb0-b99a-0dab98fc6d79,
2020-11-06 23:55:16.661,2020-11-06 23:55:16.661,60,UTC-0700,jBfEgmLJSx,com.sec.android.app.shealth,1604706916659,03625386-16cf-4387-8b4c-b60890e39da4,
2020-11-06 23:57:51.325,2020-11-06 23:57:51.325,60,UTC-0800,jBfEgmLJSx,com.sec.android.app.shealth,1604707071321,2c00edb3-79b3-48bf-aff9-c0c535fb9b86,
2020-11-07 00:01:53.110,2020-11-07 00:01:53.110,60,UTC-0700,jBfEgmLJSx,com.sec.android.app.shealth,1604707313108,b252c88d-5cfe-4fa3-8456-3b7df5260f2b,
2020-11-07 00:01:57.046,2020-11-07 00:01:57.046,60,UTC-0800,jBfEgmLJSx,com.sec.android.app.shealth,1604707317044,23bcc28c-47df-478f-a30e-3f087be7164f,
2020-11-07 00:02:22.398,2020-11-07 00:02:22.398,60,UTC-0700,jBfEgmLJSx,com.sec.android.app.shealth,1604707342396,c3a13a9f-df2d-49ed-91af-4d254313caff,
2020-11-07 00:02:50.386,2020-11-07 00:02:50.386,60,UTC-0800,jBfEgmLJSx,com.sec.android.app.shealth,1604707370386,073b71c5-6c3d-4f94-b1dd-8fec88a27283,
2020-11-07 00:12:52.744,2020-11-07 00:12:52.744,60,UTC-0700,jBfEgmLJSx,com.sec.android.app.shealth,1604707972740,28c15b60-8b5e-4d9f-b0e7-9e7259ac542b,
2020-11-07 00:14:41.454,2020-11-07 00:14:41.454,60,UTC-0800,jBfEgmLJSx,com.sec.android.app.shealth,1604708081452,6a13062e-3757-4de9-b2a5-0afb9384b336,
2020-11-07 00:15:41.792,2020-11-07 00:15:41.792,60,UTC-0700,jBfEgmLJSx,com.sec.android.app.shealth,1604708141790,d7123d16-3f45-4100-b9b7-881cd4110bec,
2020-11-07 00:16:05.795,2020-11-07 00:16:05.795,60,UTC-0800,jBfEgmLJSx,com.sec.android.app.shealth,1604708165794,ba6f239f-5c55-430d-823c-cab45754aa6d,
2020-11-07 00:23:05.986,2020-11-07 00:23:05.986,60,UTC-0700,jBfEgmLJSx,com.sec.android.app.shealth,1604708585985,931e32d5-d811-43fe-8a87-633b727de7e9,
2020-11-07 11:55:15.658,2020-11-07 11:55:15.658,60,UTC-0600,jBfEgmLJSx,com.sec.android.app.shealth,1604750115641,36a90e3e-ea57-4f31-8407-d5c1f4e616e4,
2020-11-07 11:56:04.245,2020-11-07 11:56:04.245,60,UTC-0700,jBfEgmLJSx,com.sec.android.app.shealth,1604750164244,d8c9b889-ce09-46a4-b8d8-6e7ae6007298,
2020-11-07 11:56:11.034,2020-11-07 11:56:11.034,60,UTC-0600,jBfEgmLJSx,com.sec.android.app.shealth,1604750171033,f4a77ba0-5f3a-4b95-81dd-63155d3c1e30,
2020-11-07 11:56:18.855,2020-11-07 11:56:18.855,60,UTC-0700,jBfEgmLJSx,com.sec.android.app.shealth,1604750178855,d9ff71e2-ba65-4a47-85c6-106287f76459,
2020-11-07 11:57:26.310,2020-11-07 11:57:26.310,60,UTC-0600,jBfEgmLJSx,com.sec.android.app.shealth,1604750246305,d89a94a3-393a-48af-92de-4957f61a3a5d,
2020-11-07 11:57:30.862,2020-11-07 11:57:30.862,60,UTC-0700,jBfEgmLJSx,com.sec.android.app.shealth,1604750250861,dca03542-1d60-44c8-8a81-1973eddaeb92,
2020-11-07 11:58:06.245,2020-11-07 11:58:06.245,60,UTC-0600,jBfEgmLJSx,com.sec.android.app.shealth,1604750286244,585e3ba4-3039-449b-aed5-89038c42140a,
2020-11-07 11:58:27.413,2020-11-07 11:58:27.413,60,UTC-0700,jBfEgmLJSx,com.sec.android.app.shealth,1604750307412,08c789ac-b9dd-4c47-bd50-2bba9430afee,
2020-11-07 11:59:42.181,2020-11-07 11:59:42.181,60,UTC-0600,jBfEgmLJSx,com.sec.android.app.shealth,1604750382177,2218b89f-7368-4fbe-b76d-9af1aafe777e,
2020-11-07 12:00:02.798,2020-11-07 12:00:02.798,60,UTC-0700,jBfEgmLJSx,com.sec.android.app.shealth,1604750402797,0a2c39eb-9baa-4343-b759-b9763b138b2f,
2020-11-07 12:00:29.307,2020-11-07 12:00:29.307,60,UTC-0600,jBfEgmLJSx,com.sec.android.app.shealth,1604750429305,9bfca5ca-2237-4c98-9732-47329dc35c81,
2020-11-08 01:51:49.297,2020-11-08 01:51:49.297,60,UTC-0500,jBfEgmLJSx,com.sec.android.app.shealth,1604800309290,c6c03b89-1909-4693-b87f-d9259dabe465,
2020-11-08 01:55:18.844,2020-11-08 01:55:18.844,60,UTC-0600,jBfEgmLJSx,com.sec.android.app.shealth,1604800518842,857443df-033b-4938-b2ee-061c9fde47d4,
2020-11-08 18:41:10.467,2020-11-08 18:41:10.467,60,UTC-0700,jBfEgmLJSx,com.sec.android.app.shealth,1604860870461,83eab255-c94f-4188-9ed7-0cdbbde9555f,
2020-11-08 18:41:13.148,2020-11-08 18:41:13.148,60,UTC-0600,jBfEgmLJSx,com.sec.android.app.shealth,1604860873147,cb757ce4-c6ff-4e60-9869-0826d07f87ec,
2020-11-08 18:42:27.824,2020-11-08 18:42:27.824,60,UTC-0700,jBfEgmLJSx,com.sec.android.app.shealth,1604860947822,4173defd-ae8d-4ced-a3db-83ed189335b1,
2020-11-08 18:45:16.688,2020-11-08 18:45:16.688,60,UTC-0600,jBfEgmLJSx,com.sec.android.app.shealth,1604861116687,37c1c4b9-89f4-4e6d-baa9-5fe348151fc9,
2020-11-08 18:45:23.740,2020-11-08 18:45:23.740,60,UTC-0700,jBfEgmLJSx,com.sec.android.app.shealth,1604861123735,98e0ae5e-cb84-4134-9134-958a0b6bbcfa,
2020-11-09 05:17:57.765,2020-11-09 05:17:57.765,60,UTC-0600,jBfEgmLJSx,com.sec.android.app.shealth,1604899077761,af6d1dfc-5c32-480c-9370-026849d39cc8,
2020-11-09 05:18:57.189,2020-11-09 05:18:57.189,60,UTC-0700,jBfEgmLJSx,com.sec.android.app.shealth,1604899137188,d261848f-29d6-4d93-b5e9-37094daf0078,
2020-11-10 00:21:10.577,2020-11-10 00:21:10.577,60,UTC-0800,jBfEgmLJSx,com.sec.android.app.shealth,1604967670562,89a944c6-d6c9-4120-a2a4-cd2ace134f30,
2020-11-10 19:54:13.759,2020-11-10 19:54:13.759,60,UTC-0700,jBfEgmLJSx,com.sec.android.app.shealth,1605038053748,02fd7afb-6b3c-4d69-910f-c43e626d24ec,
2020-11-11 01:25:24.841,2020-11-11 01:25:24.841,60,UTC-0600,jBfEgmLJSx,com.sec.android.app.shealth,1605057924831,95e8aaca-ba46-46f9-bccc-5fc83190f307,
2020-11-11 01:29:57.596,2020-11-11 01:29:57.596,60,UTC-0700,jBfEgmLJSx,com.sec.android.app.shealth,1605058197594,5d358e59-3436-40cd-ad3d-2b05b897dd46,
2020-11-11 13:55:50.434,2020-11-11 13:55:50.434,60,UTC-0600,jBfEgmLJSx,com.sec.android.app.shealth,1605102950428,8a45f536-31df-4d17-9336-d928bab68c8e,
2020-11-11 13:59:23.984,2020-11-11 13:59:23.984,60,UTC-0700,jBfEgmLJSx,com.sec.android.app.shealth,1605103163976,0e89125c-62ca-464a-9325-211c901d1d94,
2020-11-11 14:00:48.285,2020-11-11 14:00:48.285,60,UTC-0600,jBfEgmLJSx,com.sec.android.app.shealth,1605103248275,742a13f4-61af-440f-845c-c3045516420f,
2020-11-11 14:02:25.238,2020-11-11 14:02:25.238,60,UTC-0700,jBfEgmLJSx,com.sec.android.app.shealth,1605103345231,68dd4c17-7345-4216-a341-02e59be208da,
2020-11-11 14:02:47.321,2020-11-11 14:02:47.321,60,UTC-0600,jBfEgmLJSx,com.sec.android.app.shealth,1605103367319,b8324729-218c-49b3-a648-24da54918fa6,
2020-11-11 14:03:14.288,2020-11-11 14:03:14.288,60,UTC-0700,jBfEgmLJSx,com.sec.android.app.shealth,1605103394287,93346291-fa68-4c19-b848-baf41868af60,
2020-11-11 14:03:46.566,2020-11-11 14:03:46.566,60,UTC-0600,jBfEgmLJSx,com.sec.android.app.shealth,1605103426563,d016ed2f-e89d-4b74-9091-0395e2b4c6e7,
2020-11-11 23:47:26.949,2020-11-11 23:47:26.949,60,UTC-0500,jBfEgmLJSx,com.sec.android.app.shealth,1605138446947,96753dfe-6dd4-45ad-837b-3c9e0c939e7c,
2020-11-11 23:48:54.831,2020-11-11 23:48:54.831,60,UTC-0600,jBfEgmLJSx,com.sec.android.app.shealth,1605138534830,f6e689b3-92c5-4182-9363-eeb1e6833d9a,
2020-11-14 13:53:33.264,2020-11-14 13:53:33.264,60,UTC-0700,jBfEgmLJSx,com.sec.android.app.shealth,1605362013261,261029bf-15e4-4d97-bafc-bb430f1ec8cf,
2020-11-14 13:54:36.531,2020-11-14 13:54:36.531,60,UTC-0600,jBfEgmLJSx,com.sec.android.app.shealth,1605362076516,c6125194-e96e-45c9-a38d-b4c23d79175b,
2020-11-14 13:56:05.159,2020-11-14 13:56:05.159,60,UTC-0700,jBfEgmLJSx,com.sec.android.app.shealth,1605362165157,49de9be5-0205-4c58-b813-9c168413b850,
2020-11-14 13:57:37.525,2020-11-14 13:57:37.525,60,UTC-0600,jBfEgmLJSx,com.sec.android.app.shealth,1605362257524,44877625-9cb7-486d-b8f3-559c912ff7d9,
2020-11-14 13:58:05.624,2020-11-14 13:58:05.624,60,UTC-0700,jBfEgmLJSx,com.sec.android.app.shealth,1605362285623,195606f2-0d86-4217-8ec0-960ccf7c9805,
2020-11-14 13:58:15.018,2020-11-14 13:58:15.018,60,UTC-0600,jBfEgmLJSx,com.sec.android.app.shealth,1605362295017,d4aa4019-437b-44c5-98e2-579b1f266652,
2020-11-14 13:58:43.922,2020-11-14 13:58:43.922,60,UTC-0700,jBfEgmLJSx,com.sec.android.app.shealth,1605362323920,f38d47d6-84c0-429e-8419-e6b349aef218,
2020-11-15 06:39:15.301,2020-11-15 06:39:15.301,60,UTC-0800,jBfEgmLJSx,com.sec.android.app.shealth,1605422355291,1eeed488-9721-414a-9cbb-0662e8372026,
2020-11-17 21:06:41.956,2020-11-17 21:06:41.956,60,UTC-0700,jBfEgmLJSx,com.sec.android.app.shealth,1605647201945,9afc6d19-fabc-4318-a545-26b8609119a1,
2020-11-17 21:06:53.280,2020-11-17 21:06:53.280,60,UTC-0800,jBfEgmLJSx,com.sec.android.app.shealth,1605647213279,f516e710-4355-4cfe-8217-510b90466e18,
2020-11-17 21:10:43.346,2020-11-17 21:10:43.346,60,UTC-0700,jBfEgmLJSx,com.sec.android.app.shealth,1605647443344,11c3231b-9d08-47e5-9afa-008616f30991,
2020-11-19 02:59:39.071,2020-11-19 02:59:39.071,60,UTC-0600,jBfEgmLJSx,com.sec.android.app.shealth,1605754779059,b48b35ae-cdd0-4886-88d2-231ac50ef1c6,
2020-11-19 03:00:12.416,2020-11-19 03:00:12.416,60,UTC-0700,jBfEgmLJSx,com.sec.android.app.shealth,1605754812413,5881214d-6d91-4109-b667-d0bd04a57ca6,
2020-11-19 03:00:41.437,2020-11-19 03:00:41.437,60,UTC-0600,jBfEgmLJSx,com.sec.android.app.shealth,1605754841431,f4cfabf0-1763-4dc2-a895-0143530af2b4,
2020-11-19 23:58:14.338,2020-11-19 23:58:14.338,60,UTC-0500,jBfEgmLJSx,com.sec.android.app.shealth,1605830294329,e2effb9c-b797-4692-b7d5-c5c97120e80d,
2020-11-19 23:58:43.887,2020-11-19 23:58:43.887,60,UTC-0600,jBfEgmLJSx,com.sec.android.app.shealth,1605830323880,5f0001d2-1f0f-4469-9b2b-cc424dfd8a8f,
2020-11-19 23:58:47.356,2020-11-19 23:58:47.356,60,UTC-0500,jBfEgmLJSx,com.sec.android.app.shealth,1605830327356,b58056b2-25a7-4433-b7b0-aad4b375f12b,
2020-11-19 23:58:57.273,2020-11-19 23:58:57.273,60,UTC-0600,jBfEgmLJSx,com.sec.android.app.shealth,1605830337272,603a57f3-f2c7-455d-a311-d59ba130b744,
2020-11-20 00:04:40.768,2020-11-20 00:04:40.768,60,UTC-0500,jBfEgmLJSx,com.sec.android.app.shealth,1605830680767,a5fbc128-425f-4c45-9933-efa3295e3b73,
2020-11-20 19:21:12.960,2020-11-20 19:21:12.960,60,UTC-0600,jBfEgmLJSx,com.sec.android.app.shealth,1605900072951,00c271f8-7bc3-42e3-a991-28db0edcc150,
2020-11-20 19:21:21.855,2020-11-20 19:21:21.855,60,UTC-0500,jBfEgmLJSx,com.sec.android.app.shealth,1605900081852,8f506e58-0aed-4435-b000-d27eb4c8c102,
2020-11-20 20:05:15.977,2020-11-20 20:05:15.977,60,UTC-0600,jBfEgmLJSx,com.sec.android.app.shealth,1605902715975,33abc8a8-0f65-4677-bec4-54e4292fc268,
2020-11-20 20:11:50.856,2020-11-20 20:11:50.856,60,UTC-0500,jBfEgmLJSx,com.sec.android.app.shealth,1605903110856,f15bc94e-a09f-4a6a-bd67-db84695e1f68,
2020-11-20 20:12:01.712,2020-11-20 20:12:01.712,60,UTC-0600,jBfEgmLJSx,com.sec.android.app.shealth,1605903121707,be5977b0-7cdd-4a1c-a14e-161a5aab8f66,
2020-11-22 01:19:39.313,2020-11-22 01:19:39.313,60,UTC-0700,jBfEgmLJSx,com.sec.android.app.shealth,1606007979310,0979e98d-990f-4c0e-a39d-61bc8f77737d,
2020-11-22 01:20:08.566,2020-11-22 01:20:08.566,60,UTC-0600,jBfEgmLJSx,com.sec.android.app.shealth,1606008008558,cdb28ab6-e5bb-4854-bfc2-c7d325ead398,
2020-11-22 01:21:54.949,2020-11-22 01:21:54.949,60,UTC-0700,jBfEgmLJSx,com.sec.android.app.shealth,1606008114941,1545e7ff-61df-45c4-a969-4dc3421a5f72,
2020-11-22 01:23:24.297,2020-11-22 01:23:24.297,60,UTC-0600,jBfEgmLJSx,com.sec.android.app.shealth,1606008204292,435141fc-0923-4936-aba5-6f85f165cad1,
2020-11-22 01:24:37.184,2020-11-22 01:24:37.184,60,UTC-0700,jBfEgmLJSx,com.sec.android.app.shealth,1606008277183,f86d95ba-0085-45bf-8b05-8d268d2ab19b,
2020-11-22 01:29:33.212,2020-11-22 01:29:33.212,60,UTC-0600,jBfEgmLJSx,com.sec.android.app.shealth,1606008573211,4493e32b-9a93-4b31-9c8f-59b0e282d8e9,
2020-11-22 01:30:19.439,2020-11-22 01:30:19.439,60,UTC-0700,jBfEgmLJSx,com.sec.android.app.shealth,1606008619438,a313916b-75dc-4a05-9ede-ff934b18770d,
2020-11-23 01:40:25.223,2020-11-23 01:40:25.223,60,UTC-0800,jBfEgmLJSx,com.sec.android.app.shealth,1606095625219,10e13351-b4ea-4706-91f8-08ad93391a0e,
2020-11-26 06:37:33.571,2020-11-26 06:37:33.571,60,UTC-0700,jBfEgmLJSx,com.sec.android.app.shealth,1606372653533,8034e805-e4d6-4814-98e2-dbe49ba2bdfb,
2020-11-26 22:28:22.132,2020-11-26 22:28:22.132,60,UTC-0600,jBfEgmLJSx,com.sec.android.app.shealth,1606429696632,4c7c52ec-0077-4288-bce5-30fc699cd94f,
2020-11-26 22:29:03.819,2020-11-26 22:29:03.819,60,UTC-0700,jBfEgmLJSx,com.sec.android.app.shealth,1606429743816,e16abf11-2d9f-4305-937f-4559e1f23bfd,
2020-11-26 22:31:08.244,2020-11-26 22:31:08.244,60,UTC-0600,jBfEgmLJSx,com.sec.android.app.shealth,1606429868237,1e9d33a8-58cc-4b42-872b-a51b24783c3d,
2020-11-26 22:31:35.309,2020-11-26 22:31:35.309,60,UTC-0700,jBfEgmLJSx,com.sec.android.app.shealth,1606429895304,98665c6b-96fa-4a39-a56e-26e8a8ad3dde,
2020-11-26 22:33:38.948,2020-11-26 22:33:38.948,60,UTC-0600,jBfEgmLJSx,com.sec.android.app.shealth,1606430018946,6b49b5ca-cdb0-45bd-a6e2-9636e417c4a0,
2020-11-26 22:35:52.244,2020-11-26 22:35:52.244,60,UTC-0700,jBfEgmLJSx,com.sec.android.app.shealth,1606430152242,b9e9d1f0-e229-4c4d-bf9a-c94d53e0fb1b,
2020-11-26 22:36:17.937,2020-11-26 22:36:17.937,60,UTC-0600,jBfEgmLJSx,com.sec.android.app.shealth,1606430177936,a581dca9-c6c2-4d15-bc2a-29b1c72fc4af,
2020-11-27 16:24:03.224,2020-11-27 16:24:03.224,60,UTC-0500,jBfEgmLJSx,com.sec.android.app.shealth,1606494243218,e458dcb4-1870-40c6-b3b0-4c97e892dfa3,
2020-11-27 16:25:07.820,2020-11-27 16:25:07.820,60,UTC-0600,jBfEgmLJSx,com.sec.android.app.shealth,1606494307819,f68b0242-72c3-42cc-b14f-341b3cfe3abb,
2020-11-27 16:25:17.382,2020-11-27 16:25:17.382,60,UTC-0500,jBfEgmLJSx,com.sec.android.app.shealth,1606494317380,ab43a6e3-a9c1-4e3d-b123-f13b82f530d2,
2020-11-27 16:25:55.610,2020-11-27 16:25:55.610,60,UTC-0600,jBfEgmLJSx,com.sec.android.app.shealth,1606494355609,e8cf77e6-1c69-466c-948b-30705f407392,
2020-11-27 16:26:02.249,2020-11-27 16:26:02.249,60,UTC-0500,jBfEgmLJSx,com.sec.android.app.shealth,1606494362247,63dad922-664d-4676-abca-ee9cb410ce67,
2020-11-27 16:26:22.005,2020-11-27 16:26:22.005,60,UTC-0600,jBfEgmLJSx,com.sec.android.app.shealth,1606494382004,1107d28b-c8d4-43f2-a02f-065b99a49920,
2020-11-27 16:26:29.302,2020-11-27 16:26:29.302,60,UTC-0500,jBfEgmLJSx,com.sec.android.app.shealth,1606494389301,ee719450-180b-48cc-a1c4-206658a4f5c0,
2020-11-28 04:46:47.178,2020-11-28 04:46:47.178,60,UTC-0600,jBfEgmLJSx,com.sec.android.app.shealth,1606538807175,51aa23b0-2d8d-422d-8118-02508dcffba7,
2020-11-28 04:49:31.523,2020-11-28 04:49:31.523,60,UTC-0500,jBfEgmLJSx,com.sec.android.app.shealth,1606538971520,3999a101-ef86-4f2c-9236-60492d5dc7dd,
2020-11-28 04:49:33.552,2020-11-28 04:49:33.552,60,UTC-0600,jBfEgmLJSx,com.sec.android.app.shealth,1606538973549,0b0d825d-b3c1-487b-9f1d-7fa46dbb9169,
2020-11-28 21:05:30.784,2020-11-28 21:05:30.784,60,UTC-0700,jBfEgmLJSx,com.sec.android.app.shealth,1606597530780,abac3ea1-41fd-4bd2-aec3-3552511bdbf1,
2020-12-05 12:56:21.728,2020-12-05 12:56:21.728,60,UTC-0600,jBfEgmLJSx,com.sec.android.app.shealth,1607172981725,2efd82cf-6dcc-44a3-b667-09effb8fd396,
2020-12-06 05:20:55.092,2020-12-06 05:20:55.092,60,UTC-0500,jBfEgmLJSx,com.sec.android.app.shealth,1607232055089,753dd8e0-7ca3-4625-96b1-684bbb60a045,
2020-12-06 16:34:59.771,2020-12-06 16:34:59.771,60,UTC-0600,jBfEgmLJSx,com.sec.android.app.shealth,1607272499768,69bdcd3c-edbf-4494-8afc-fe7c8ab0be43,
2020-12-07 06:59:48.970,2020-12-07 06:59:48.970,60,UTC-0700,jBfEgmLJSx,com.sec.android.app.shealth,1607324388969,f5251095-5fd8-4dbd-9753-257e61a83c80,
2020-12-07 06:59:49.002,2020-12-07 06:59:49.002,60,UTC-0700,jBfEgmLJSx,com.sec.android.app.shealth,1607324389001,c41884fc-bba1-436a-b826-7e37a447db48,
2020-12-07 07:00:13.885,2020-12-07 07:00:13.885,60,UTC-0600,jBfEgmLJSx,com.sec.android.app.shealth,1607324413884,001fa53d-3ec8-408d-9c24-725217ef3333,
2020-12-07 07:04:09.313,2020-12-07 07:04:09.313,60,UTC-0700,jBfEgmLJSx,com.sec.android.app.shealth,1607324649313,f932ea0d-9aa4-4f51-b1f9-724b8bb4462e,
2020-12-08 12:09:59.733,2020-12-08 12:09:59.733,60,UTC-0600,jBfEgmLJSx,com.sec.android.app.shealth,1607429399725,f60659dd-6704-4f7c-a16e-49f44b234d6c,
2020-12-09 04:48:03.693,2020-12-09 04:48:03.693,60,UTC-0500,jBfEgmLJSx,com.sec.android.app.shealth,1607489283687,cee60ee5-df71-4734-8405-74003e916286,
2020-12-09 17:56:42.546,2020-12-09 17:56:42.546,60,UTC-0600,jBfEgmLJSx,com.sec.android.app.shealth,1607536602541,da4000ce-0655-470d-bd62-22d5da5a2bb5,
2020-12-09 17:56:50.362,2020-12-09 17:56:50.362,60,UTC-0500,jBfEgmLJSx,com.sec.android.app.shealth,1607536610361,229a5c51-57a0-466a-a435-6cc17ecd4e71,
2020-12-09 18:05:31.387,2020-12-09 18:05:31.387,60,UTC-0600,jBfEgmLJSx,com.sec.android.app.shealth,1607537131385,9ff77a77-057f-4f32-ba23-e6727c7c8e52,
2020-12-10 08:59:49.851,2020-12-10 08:59:49.851,60,UTC-0700,jBfEgmLJSx,com.sec.android.app.shealth,1607590789843,dd61f3ce-561c-4bcd-bbb4-bd742a9ed31f,
2020-12-10 09:03:51.574,2020-12-10 09:03:51.574,60,UTC-0600,jBfEgmLJSx,com.sec.android.app.shealth,1607591031569,99f5a814-b2cf-4ea7-8de9-b129d9de5348,
2020-12-10 09:03:59.955,2020-12-10 09:03:59.955,60,UTC-0700,jBfEgmLJSx,com.sec.android.app.shealth,1607591039954,9c5b7251-93de-48dd-a86e-a0951bb30223,
2020-12-18 12:56:22.520,2020-12-18 12:56:22.520,60,UTC-0800,jBfEgmLJSx,com.sec.android.app.shealth,1608296182519,9f0b5ee6-8aea-4fde-a1c2-f043c0e751d7,
2020-12-18 12:56:58.038,2020-12-18 12:56:58.038,60,UTC-0700,jBfEgmLJSx,com.sec.android.app.shealth,1608296218036,d7dae34e-bc25-4f80-afb4-65076c222e94,
2020-12-18 12:57:01.257,2020-12-18 12:57:01.257,60,UTC-0800,jBfEgmLJSx,com.sec.android.app.shealth,1608296221256,5438c190-4b3d-4f0b-8b3d-5d1e7fe70e2c,
2020-12-18 13:02:10.256,2020-12-18 13:02:10.256,60,UTC-0700,jBfEgmLJSx,com.sec.android.app.shealth,1608296530256,04a86477-2e8d-44f3-a329-03df04060989,
2020-12-18 13:02:12.742,2020-12-18 13:02:12.742,60,UTC-0800,jBfEgmLJSx,com.sec.android.app.shealth,1608296532741,1cdd7c18-fc4a-49da-b46c-e7f26043d999,
2020-12-18 13:04:23.187,2020-12-18 13:04:23.187,60,UTC-0700,jBfEgmLJSx,com.sec.android.app.shealth,1608296663186,47acbac2-2fc8-4dc6-bff8-cc93bb43e313,
2020-12-18 13:04:26.231,2020-12-18 13:04:26.231,60,UTC-0800,jBfEgmLJSx,com.sec.android.app.shealth,1608296666230,65e03ee7-7a54-4ec3-a386-1c3401e03efd,
2020-12-18 13:38:23.181,2020-12-18 13:38:23.181,60,UTC-0700,jBfEgmLJSx,com.sec.android.app.shealth,1608298703180,ce31a118-2691-4e04-9e2d-8841072cde66,
2020-12-18 13:38:24.414,2020-12-18 13:38:24.414,60,UTC-0800,jBfEgmLJSx,com.sec.android.app.shealth,1608298704412,6be3c4e4-6de3-40b2-912b-a339c183ef06,
2020-12-18 23:19:09.545,2020-12-18 23:19:09.545,60,UTC-0700,jBfEgmLJSx,com.sec.android.app.shealth,1608333549544,1add3492-e2d4-495e-94b8-927f82796465,
2020-12-19 13:18:39.476,2020-12-19 13:18:39.476,60,UTC-0600,jBfEgmLJSx,com.sec.android.app.shealth,1608383919475,ba33e557-3714-4986-a719-d2359f4fb423,
2020-12-19 13:19:11.420,2020-12-19 13:19:11.420,60,UTC-0700,jBfEgmLJSx,com.sec.android.app.shealth,1608383951418,682aad41-f534-43bc-b18f-e0c984637431,
2020-12-19 13:23:01.228,2020-12-19 13:23:01.228,60,UTC-0600,jBfEgmLJSx,com.sec.android.app.shealth,1608384181227,0ec76ffb-0be0-478b-b480-783a2c2add9c,
2020-12-19 13:23:07.558,2020-12-19 13:23:07.558,60,UTC-0700,jBfEgmLJSx,com.sec.android.app.shealth,1608384187557,fa264c69-b95b-4f1d-b4b6-244d4b72e25d,
2020-12-19 13:23:20.066,2020-12-19 13:23:20.066,60,UTC-0600,jBfEgmLJSx,com.sec.android.app.shealth,1608384200065,680fbb9e-5271-4e8a-8f78-1dd29fea73f4,
2020-12-20 19:31:09.050,2020-12-20 19:31:09.050,60,UTC-0500,jBfEgmLJSx,com.sec.android.app.shealth,1608492669049,38c878bc-b0fb-47c7-9f45-67191be9d485,
2020-12-23 09:48:14.179,2020-12-23 09:48:14.179,60,UTC-0600,jBfEgmLJSx,com.sec.android.app.shealth,1608716894177,d1f93e25-e96d-49a7-890c-1b8cb1a88fa5,
2020-12-24 10:54:37.206,2020-12-24 10:54:37.206,60,UTC-0700,jBfEgmLJSx,com.sec.android.app.shealth,1608807277192,c25246ab-62f1-4f27-bd7d-9f31a71164c4,
2020-12-24 10:55:29.353,2020-12-24 10:55:29.353,60,UTC-0600,jBfEgmLJSx,com.sec.android.app.shealth,1608807329350,d44f538a-e81c-495f-bfd7-82f6f3ba675f,
2020-12-24 11:00:31.192,2020-12-24 11:00:31.192,60,UTC-0700,jBfEgmLJSx,com.sec.android.app.shealth,1608807631190,57a0f8db-fdf3-4e72-bca1-e710600e04f7,
2020-12-25 01:09:40.659,2020-12-25 01:09:40.659,60,UTC-0800,jBfEgmLJSx,com.sec.android.app.shealth,1608858580655,a25cc0a8-3806-4816-995e-83910b789791,
2020-12-27 05:42:18.771,2020-12-27 05:42:18.771,60,UTC-0700,jBfEgmLJSx,com.sec.android.app.shealth,1609047738766,9d350a48-e6fa-465f-b653-6c91c30e9c20,
2020-12-27 05:42:31.747,2020-12-27 05:42:31.747,60,UTC-0800,jBfEgmLJSx,com.sec.android.app.shealth,1609047751746,0d7e9e66-230e-4277-a367-bcc06cb5a015,
2020-12-27 05:43:14.255,2020-12-27 05:43:14.255,60,UTC-0700,jBfEgmLJSx,com.sec.android.app.shealth,1609047794254,6f035283-eff4-4be5-af9a-78973534a6f6,
2020-12-27 21:12:54.129,2020-12-27 21:12:54.129,60,UTC-0600,jBfEgmLJSx,com.sec.android.app.shealth,1609103574128,567ec1cd-34e6-407d-8d52-c80791176b30,
2020-12-27 21:13:10.560,2020-12-27 21:13:10.560,60,UTC-0700,jBfEgmLJSx,com.sec.android.app.shealth,1609103590559,79ad60d7-3d2d-400e-89eb-c99d8c05c7a5,
2020-12-27 21:13:39.762,2020-12-27 21:13:39.762,60,UTC-0600,jBfEgmLJSx,com.sec.android.app.shealth,1609103619761,b12405b7-05d0-4b6f-bc59-9e5f7fe90405,
2020-12-27 21:14:45.081,2020-12-27 21:14:45.081,60,UTC-0700,jBfEgmLJSx,com.sec.android.app.shealth,1609103685079,dde6a03b-ec42-46ff-a541-9b91e9173907,
2020-12-27 21:17:34.629,2020-12-27 21:17:34.629,60,UTC-0600,jBfEgmLJSx,com.sec.android.app.shealth,1609103854626,f8da79e8-2eba-4273-9468-ff3c5421dd56,
2020-12-28 19:17:00.664,2020-12-28 19:17:00.664,60,UTC-0500,jBfEgmLJSx,com.sec.android.app.shealth,1609183020661,e340cb2d-3e73-4611-b909-a2b47eba4839,
2020-12-28 19:17:09.409,2020-12-28 19:17:09.409,60,UTC-0600,jBfEgmLJSx,com.sec.android.app.shealth,1609183029408,64e88521-3ecf-431a-932a-412e5b24702f,
2020-12-28 19:17:57.366,2020-12-28 19:17:57.366,60,UTC-0500,jBfEgmLJSx,com.sec.android.app.shealth,1609183077365,2e7e40b0-ed56-488b-a2a1-de25b4f67316,
2020-12-29 00:39:25.288,2020-12-29 00:39:25.288,60,UTC-0600,jBfEgmLJSx,com.sec.android.app.shealth,1609202365275,f1c96f35-4947-4633-9626-82816ca0c840,
2020-12-30 14:04:00.029,2020-12-30 14:04:00.029,60,UTC-0700,jBfEgmLJSx,com.sec.android.app.shealth,1609337040028,b60f202d-facb-458c-b8a1-0347f3eb783d,
2020-12-31 06:44:13.052,2020-12-31 06:44:13.052,60,UTC-0800,jBfEgmLJSx,com.sec.android.app.shealth,1609397053051,7c0d2213-c003-4a85-ad75-2970f5978158,
2020-12-31 06:44:17.439,2020-12-31 06:44:17.439,60,UTC-0700,jBfEgmLJSx,com.sec.android.app.shealth,1609397057438,66071fe2-4b97-4f15-a349-4bd31b1a1f3a,
2020-12-31 06:44:26.373,2020-12-31 06:44:26.373,60,UTC-0800,jBfEgmLJSx,com.sec.android.app.shealth,1609397066372,bd9f5cc5-aacd-416d-8bd6-50180c500a29,
2020-12-31 06:44:34.532,2020-12-31 06:44:34.532,60,UTC-0700,jBfEgmLJSx,com.sec.android.app.shealth,1609397074531,8a0e3437-caef-433f-a16c-8957752a1f05,
2020-12-31 06:44:38.725,2020-12-31 06:44:38.725,60,UTC-0800,jBfEgmLJSx,com.sec.android.app.shealth,1609397078724,06770c38-786c-4482-9ff8-b26a24253261,
2020-12-31 06:44:43.016,2020-12-31 06:44:43.016,60,UTC-0700,jBfEgmLJSx,com.sec.android.app.shealth,1609397083015,1dceb667-e30f-47f8-807e-8c62f4c80fac,
2020-12-31 06:49:04.735,2020-12-31 06:49:04.735,60,UTC-0800,jBfEgmLJSx,com.sec.android.app.shealth,1609397344733,b5b8f029-042b-4f9a-bf4e-e34a4aedcd7e,
2020-12-31 06:49:29.502,2020-12-31 06:49:29.502,60,UTC-0700,jBfEgmLJSx,com.sec.android.app.shealth,1609397369501,8de37138-617c-40e1-9245-288010fb1f76,
2020-12-31 06:51:05.043,2020-12-31 06:51:05.043,60,UTC-0800,jBfEgmLJSx,com.sec.android.app.shealth,1609397465041,013bfabd-31de-4f83-b023-c471390e9228,
2020-12-31 19:34:13.419,2020-12-31 19:34:13.419,60,UTC-0700,jBfEgmLJSx,com.sec.android.app.shealth,1609443249881,6ff36aa5-18fb-40e9-b255-218536e966e8,
2021-01-01 08:59:53.918,2021-01-01 08:59:53.918,60,UTC-0600,jBfEgmLJSx,com.sec.android.app.shealth,1609491593911,e1a09840-5fb7-43cf-bbe2-28688805de15,
2021-01-01 09:00:44.397,2021-01-01 09:00:44.397,60,UTC-0700,jBfEgmLJSx,com.sec.android.app.shealth,1609491644394,0d8b4628-20e3-4f09-9b46-ab02cfc4a2cc,
2021-01-01 09:02:47.071,2021-01-01 09:02:47.071,60,UTC-0600,jBfEgmLJSx,com.sec.android.app.shealth,1609491767064,d20f54ec-a5e6-4470-91eb-746d7d0e4c56,
2021-01-01 09:02:57.348,2021-01-01 09:02:57.348,60,UTC-0700,jBfEgmLJSx,com.sec.android.app.shealth,1609491777346,1a0fa158-9163-434c-9dd6-5bd51494c1e5,
2021-01-01 09:03:19.918,2021-01-01 09:03:19.918,60,UTC-0600,jBfEgmLJSx,com.sec.android.app.shealth,1609491799916,1a541b39-f886-4b55-9f27-483046a845f4,
2021-01-01 09:03:38.185,2021-01-01 09:03:38.185,60,UTC-0700,jBfEgmLJSx,com.sec.android.app.shealth,1609491818183,87043cfb-914c-4a51-9bda-b438e9b203d6,
2021-01-01 09:03:48.224,2021-01-01 09:03:48.224,60,UTC-0600,jBfEgmLJSx,com.sec.android.app.shealth,1609491828208,5bc4166e-7738-4d60-9e1d-92ace8a69b6a,
2021-01-01 09:03:51.602,2021-01-01 09:03:51.602,60,UTC-0700,jBfEgmLJSx,com.sec.android.app.shealth,1609491831601,0ffd50b3-e27f-47f7-9dd9-e18e4d64360d,
2021-01-01 09:04:15.919,2021-01-01 09:04:15.919,60,UTC-0600,jBfEgmLJSx,com.sec.android.app.shealth,1609491855917,527c8360-b294-4c06-b881-31008530fcd6,
2021-01-02 06:50:23.717,2021-01-02 06:50:23.717,60,UTC-0500,jBfEgmLJSx,com.sec.android.app.shealth,1609570223715,5f379372-ffe4-46c3-acf1-19eaf0ef402f,
2021-01-06 00:47:45.946,2021-01-06 00:47:45.946,60,UTC-0600,jBfEgmLJSx,com.sec.android.app.shealth,1609894065927,fe650391-7cb9-4dd7-8bdc-c5a99987ca8a,
2021-01-09 05:21:03.931,2021-01-09 05:21:03.931,60,UTC-0700,jBfEgmLJSx,com.sec.android.app.shealth,1610169663930,c8e5d613-2bd9-4bd6-a696-a66508281b6c,
2021-01-09 05:22:17.515,2021-01-09 05:22:17.515,60,UTC-0600,jBfEgmLJSx,com.sec.android.app.shealth,1610169737513,a9dcc132-1828-416a-a0c1-646953b52b16,
2021-01-09 05:23:34.555,2021-01-09 05:23:34.555,60,UTC-0700,jBfEgmLJSx,com.sec.android.app.shealth,1610169814554,228398f7-cf80-4f98-aec4-72e2f5ddc026,
2021-03-01 15:46:29.665,2021-03-01 15:46:29.665,60,UTC-0500,jBfEgmLJSx,com.sec.android.app.shealth,1614613589663,13d64af4-48b9-4cac-be7a-66a448a3856f,
2021-03-05 07:28:36.331,2021-03-05 07:28:36.331,60,UTC-0600,jBfEgmLJSx,com.sec.android.app.shealth,1614929316330,7b2f7412-b845-46c1-b90f-40561916ed47,
2021-03-05 07:29:21.005,2021-03-05 07:29:21.005,60,UTC-0500,jBfEgmLJSx,com.sec.android.app.shealth,1614929361004,5c3eaaa1-e007-4baf-8dda-291977e9ccc1,
2021-03-05 07:29:24.057,2021-03-05 07:29:24.057,60,UTC-0600,jBfEgmLJSx,com.sec.android.app.shealth,1614929364055,86308cd0-0567-485d-8e4f-f33d74757143,
2021-03-07 01:38:41.248,2021-03-07 01:38:41.248,60,UTC-0700,jBfEgmLJSx,com.sec.android.app.shealth,1615081121237,4d97a468-c356-46f5-ad29-0b588c31461f,
2021-03-09 01:22:20.293,2021-03-09 01:22:20.293,60,UTC-0800,jBfEgmLJSx,com.sec.android.app.shealth,1615252940290,20132ff0-7535-4c6e-8aba-e61702a29be3,
2021-03-09 01:22:21.434,2021-03-09 01:22:21.434,60,UTC-0700,jBfEgmLJSx,com.sec.android.app.shealth,1615252941432,cb863c84-c3bb-440f-b3e8-e0718b208ad2,
2021-03-09 01:23:19.204,2021-03-09 01:23:19.204,60,UTC-0800,jBfEgmLJSx,com.sec.android.app.shealth,1615252999203,9251bdd7-b11a-402f-b013-640178926dba,
2021-03-09 01:24:48.330,2021-03-09 01:24:48.330,60,UTC-0700,jBfEgmLJSx,com.sec.android.app.shealth,1615253088328,1a4d0272-9cee-4287-8d5e-efb7c044d916,
2021-03-09 01:28:17.703,2021-03-09 01:28:17.703,60,UTC-0800,jBfEgmLJSx,com.sec.android.app.shealth,1615253297702,40ecfc4f-6a44-4e4f-8628-2acd0db5e803,
2021-03-09 01:46:19.029,2021-03-09 01:46:19.029,60,UTC-0700,jBfEgmLJSx,com.sec.android.app.shealth,1615254379029,3b7e26c6-282a-45ea-b05e-8db2dbe9b13b,
2021-03-09 01:47:09.817,2021-03-09 01:47:09.817,60,UTC-0800,jBfEgmLJSx,com.sec.android.app.shealth,1615254429816,d735ba34-0307-4dad-8ece-8fc0b24f7d05,
2021-03-11 13:23:41.857,2021-03-11 13:23:41.857,60,UTC-0700,jBfEgmLJSx,com.sec.android.app.shealth,1615469021848,adddaf1d-eb8e-4821-9a53-41f53a742437,
2021-03-11 13:23:48.929,2021-03-11 13:23:48.929,60,UTC-0800,jBfEgmLJSx,com.sec.android.app.shealth,1615469028924,8cfd10e4-5ed7-4560-ac48-f4e496e3b891,
2021-03-11 13:31:41.677,2021-03-11 13:31:41.677,60,UTC-0700,jBfEgmLJSx,com.sec.android.app.shealth,1615469501670,72af0861-2d9a-40fa-a001-40cce8522863,
2021-03-11 13:31:52.872,2021-03-11 13:31:52.872,60,UTC-0800,jBfEgmLJSx,com.sec.android.app.shealth,1615469512865,76aec63f-4989-47d4-a49b-e4881c6a3227,
2021-03-11 13:37:10.992,2021-03-11 13:37:10.992,60,UTC-0700,jBfEgmLJSx,com.sec.android.app.shealth,1615469830984,16d811d0-6b8f-480e-af86-2e304a11e5f9,
2021-03-11 13:39:04.515,2021-03-11 13:39:04.515,60,UTC-0800,jBfEgmLJSx,com.sec.android.app.shealth,1615469944511,fb2b0af7-8871-4f63-b0ab-48f570cecceb,
2021-03-11 13:39:13.320,2021-03-11 13:39:13.320,60,UTC-0700,jBfEgmLJSx,com.sec.android.app.shealth,1615469953319,253a6c2a-45d7-44d5-a141-93fc950bf631,
2021-03-11 13:42:05.254,2021-03-11 13:42:05.254,60,UTC-0800,jBfEgmLJSx,com.sec.android.app.shealth,1615470125247,439dcd44-8e28-46d6-892d-b3617f008aee,
2021-03-11 13:42:09.284,2021-03-11 13:42:09.284,60,UTC-0700,jBfEgmLJSx,com.sec.android.app.shealth,1615470129283,53c19cd4-8461-40af-a38d-00781ec98456,
2021-03-11 13:43:13.912,2021-03-11 13:43:13.912,60,UTC-0800,jBfEgmLJSx,com.sec.android.app.shealth,1615470193902,e83ca025-a4e8-42fc-a710-d06ebf6a8f54,
2021-03-11 13:43:39.856,2021-03-11 13:43:39.856,60,UTC-0700,jBfEgmLJSx,com.sec.android.app.shealth,1615470219854,470ebfd7-25b7-4348-ab39-623c1fb88833,
2021-03-11 13:44:48.989,2021-03-11 13:44:48.989,60,UTC-0800,jBfEgmLJSx,com.sec.android.app.shealth,1615470288984,40a5f01f-b431-41f3-8b81-9322afee5a7b,
2021-03-11 13:44:53.603,2021-03-11 13:44:53.603,60,UTC-0700,jBfEgmLJSx,com.sec.android.app.shealth,1615470293601,8c477e9f-8d07-42f7-a5ba-1830650f20f2,
2021-03-12 09:44:55.763,2021-03-12 09:44:55.763,60,UTC-0800,jBfEgmLJSx,com.sec.android.app.shealth,1615542295761,e01e774e-1475-4529-b935-7c02e10763a6,
2021-03-13 13:25:37.066,2021-03-13 13:25:37.066,60,UTC-0700,jBfEgmLJSx,com.sec.android.app.shealth,1615641937058,4a44fe59-e465-40d2-89fe-d8521b5a50d3,
2021-03-13 13:25:52.422,2021-03-13 13:25:52.422,60,UTC-0800,jBfEgmLJSx,com.sec.android.app.shealth,1615641952411,f17d37c3-4290-4acc-af53-e06945ee2013,
2021-03-13 13:38:39.391,2021-03-13 13:38:39.391,60,UTC-0700,jBfEgmLJSx,com.sec.android.app.shealth,1615642719383,df62f6d5-6e3e-41e4-a1a2-fc7ed8b34442,
2021-03-13 13:42:42.381,2021-03-13 13:42:42.381,60,UTC-0800,jBfEgmLJSx,com.sec.android.app.shealth,1615642962378,0a98f2f5-6d03-4ad1-9e78-f6baaa676073,
2021-03-13 13:42:46.017,2021-03-13 13:42:46.017,60,UTC-0700,jBfEgmLJSx,com.sec.android.app.shealth,1615642966016,2120e32e-6df9-48c8-aff1-3c752b6d879f,
2021-03-14 14:14:13.005,2021-03-14 14:14:13.005,60,UTC-0600,jBfEgmLJSx,com.sec.android.app.shealth,1615731253001,acdc5457-b6d4-4076-9619-c8a0a6372606,
2021-03-14 20:19:14.111,2021-03-14 20:19:14.111,60,UTC-0500,jBfEgmLJSx,com.sec.android.app.shealth,1615753154101,17a36af3-d732-42a1-a3f4-93e976ef4e44,
2021-03-14 20:19:41.356,2021-03-14 20:19:41.356,60,UTC-0600,jBfEgmLJSx,com.sec.android.app.shealth,1615753181352,8ddcbac5-2a28-4752-bea0-f85b46204573,
2021-03-14 20:20:14.278,2021-03-14 20:20:14.278,60,UTC-0500,jBfEgmLJSx,com.sec.android.app.shealth,1615753214273,21052a1d-02d9-4c61-b00c-f2869c9cf9b0,
2021-03-14 20:20:16.890,2021-03-14 20:20:16.890,60,UTC-0600,jBfEgmLJSx,com.sec.android.app.shealth,1615753216887,1508ebf3-7e3c-4292-9cad-e80f6d3f2aa5,
2021-03-14 20:24:17.165,2021-03-14 20:24:17.165,60,UTC-0500,jBfEgmLJSx,com.sec.android.app.shealth,1615753457158,af27c765-cf52-4718-8d49-5c42731298a0,
2021-03-23 02:20:41.104,2021-03-23 02:20:41.104,60,UTC-0400,jBfEgmLJSx,com.sec.android.app.shealth,1616466041102,16f232be-4e67-478a-bc85-59b5eb05cdb5,
2021-03-23 02:21:24.872,2021-03-23 02:21:24.872,60,UTC-0500,jBfEgmLJSx,com.sec.android.app.shealth,1616466084871,a99d0b17-18fb-4548-8f80-57ffe142d1a3,
2021-03-23 02:26:26.760,2021-03-23 02:26:26.760,60,UTC-0400,jBfEgmLJSx,com.sec.android.app.shealth,1616466386751,28bf1ac1-10ca-4b19-bfa5-59274ba42922,
2021-03-23 07:30:08.969,2021-03-23 07:30:08.969,60,UTC-0500,jBfEgmLJSx,com.sec.android.app.shealth,1616484608967,66d990d4-9eb7-41e4-9a9a-eb410b0b325d,
2021-03-23 18:54:30.374,2021-03-23 18:54:30.374,60,UTC-0400,jBfEgmLJSx,com.sec.android.app.shealth,1616525670363,729445ab-2671-4a22-bfdd-db9ce5a00c6b,
2021-03-24 12:42:48.836,2021-03-24 12:42:48.836,60,UTC-0500,jBfEgmLJSx,com.sec.android.app.shealth,1616589768835,689c0cc6-be16-4d92-b9a8-016aaf270425,
2021-03-24 12:48:38.474,2021-03-24 12:48:38.474,60,UTC-0400,jBfEgmLJSx,com.sec.android.app.shealth,1616590118463,f854b774-c1fa-48ec-a50a-4ac685e70ab8,
2021-03-24 12:48:49.969,2021-03-24 12:48:49.969,60,UTC-0500,jBfEgmLJSx,com.sec.android.app.shealth,1616590129968,10d65074-8fc8-4571-bcdc-b154b0bb6155,
2021-03-26 03:07:48.224,2021-03-26 03:07:48.224,60,UTC-0600,jBfEgmLJSx,com.sec.android.app.shealth,1616728068217,c9e6deb4-05a8-4355-b0ea-744044988872,
2021-03-26 03:09:08.105,2021-03-26 03:09:08.105,60,UTC-0500,jBfEgmLJSx,com.sec.android.app.shealth,1616728148091,b18ddd34-9e6d-48ba-9b6a-14961443fa1c,
2021-03-26 03:15:24.242,2021-03-26 03:15:24.242,60,UTC-0600,jBfEgmLJSx,com.sec.android.app.shealth,1616728524232,a8a1615b-cdfa-4b4a-936d-b50bbd06495d,
2021-03-27 21:38:58.341,2021-03-27 21:38:58.341,60,UTC-0700,jBfEgmLJSx,com.sec.android.app.shealth,1616881138333,2a6b820a-693e-41b6-ba83-daa527c23c5f,
2021-03-27 21:39:38.169,2021-03-27 21:39:38.169,60,UTC-0600,jBfEgmLJSx,com.sec.android.app.shealth,1616881178168,b2e44f3d-df80-4ec5-92b3-e14844b69331,
2021-03-27 21:39:47.494,2021-03-27 21:39:47.494,60,UTC-0700,jBfEgmLJSx,com.sec.android.app.shealth,1616881187493,8ab84a9c-0239-4ef0-8573-91b97a2e35a9,
2021-03-27 21:42:54.899,2021-03-27 21:42:54.899,60,UTC-0600,jBfEgmLJSx,com.sec.android.app.shealth,1616881374898,b9b4ec4b-d2de-4d71-b2bb-6342d4ce0256,
2021-03-27 21:44:08.990,2021-03-27 21:44:08.990,60,UTC-0700,jBfEgmLJSx,com.sec.android.app.shealth,1616881448986,5c41cbc1-02f5-4895-85a4-16aa78a9c26b,
2021-03-28 12:15:57.324,2021-03-28 12:15:57.324,60,UTC-0600,jBfEgmLJSx,com.sec.android.app.shealth,1616933757309,65ebeb38-c619-4b50-a36c-da84d3438374,
2021-03-28 12:16:28.140,2021-03-28 12:16:28.140,60,UTC-0700,jBfEgmLJSx,com.sec.android.app.shealth,1616933788139,7135e648-ceb7-498f-9969-2594150c2234,
2021-03-28 12:31:23.466,2021-03-28 12:31:23.466,60,UTC-0600,jBfEgmLJSx,com.sec.android.app.shealth,1616934683462,14c664fa-253f-4b36-84ee-b70d9aecfff7,
2021-04-01 02:43:43.637,2021-04-01 02:43:43.637,60,UTC-0700,jBfEgmLJSx,com.sec.android.app.shealth,1617245023632,a5d2d91d-df40-49bb-bcdb-f27aa9f89c42,
2021-04-01 02:44:07.318,2021-04-01 02:44:07.318,60,UTC-0600,jBfEgmLJSx,com.sec.android.app.shealth,1617245047317,62925a3e-c5ac-4e78-b488-d46b137d5c39,
2021-04-01 02:44:48.381,2021-04-01 02:44:48.381,60,UTC-0700,jBfEgmLJSx,com.sec.android.app.shealth,1617245088379,b33f8089-4319-4001-8da4-5e086282d131,
2021-04-02 01:40:59.464,2021-04-02 01:40:59.464,60,UTC-0600,jBfEgmLJSx,com.sec.android.app.shealth,1617327659463,44bb2284-41d6-46f5-8e56-1e69c8f4b70d,
2021-04-02 06:11:09.245,2021-04-02 06:11:09.245,60,UTC-0500,jBfEgmLJSx,com.sec.android.app.shealth,1617343869243,2855cafa-4810-4c95-9341-809c5fd3e1f3,
2021-04-02 06:16:58.138,2021-04-02 06:16:58.138,60,UTC-0600,jBfEgmLJSx,com.sec.android.app.shealth,1617344218135,6f6aa257-8b96-472d-8c5c-01da00750755,
2021-04-02 06:18:50.831,2021-04-02 06:18:50.831,60,UTC-0500,jBfEgmLJSx,com.sec.android.app.shealth,1617344330829,aee6bd70-a199-42dd-8c5f-34b7478b1468,
2021-04-02 06:23:50.097,2021-04-02 06:23:50.097,60,UTC-0600,jBfEgmLJSx,com.sec.android.app.shealth,1617344630095,42faf19a-42db-46fb-acba-895442b211b0,
2021-04-02 06:24:37.621,2021-04-02 06:24:37.621,60,UTC-0500,jBfEgmLJSx,com.sec.android.app.shealth,1617344677620,2a1ec47d-add5-4077-a638-abe539378f5f,
2021-04-02 06:24:51.233,2021-04-02 06:24:51.233,60,UTC-0600,jBfEgmLJSx,com.sec.android.app.shealth,1617344691230,fdffa0d5-c392-4c14-8175-fb5073dc1f42,
2021-04-02 06:29:38.551,2021-04-02 06:29:38.551,60,UTC-0500,jBfEgmLJSx,com.sec.android.app.shealth,1617344978550,47849f30-e5c1-4899-a30e-ee0c8f594560,
2021-04-03 07:03:15.175,2021-04-03 07:03:15.175,60,UTC-0600,jBfEgmLJSx,com.sec.android.app.shealth,1617433395173,d084a00b-3b44-406b-833d-cecc51fdd384,
2021-04-03 07:05:49.637,2021-04-03 07:05:49.637,60,UTC-0500,jBfEgmLJSx,com.sec.android.app.shealth,1617433549636,4fd66f19-c0e7-42f3-99a9-e45e1803845e,
2021-04-03 07:12:26.884,2021-04-03 07:12:26.884,60,UTC-0600,jBfEgmLJSx,com.sec.android.app.shealth,1617433946871,15511df0-852f-4c8d-aaf5-3eedb9b8ba4f,
2021-04-07 09:04:21.154,2021-04-07 09:04:21.154,60,UTC-0500,jBfEgmLJSx,com.sec.android.app.shealth,1617786261152,55cc332e-c28d-47f5-abf3-bf6d6f02d3f7,
2021-04-07 09:15:32.768,2021-04-07 09:15:32.768,60,UTC-0600,jBfEgmLJSx,com.sec.android.app.shealth,1617786932765,72e932cf-ccd9-4f2e-befc-7515d42bb67c,
2021-04-07 09:18:00.180,2021-04-07 09:18:00.180,60,UTC-0500,jBfEgmLJSx,com.sec.android.app.shealth,1617787080176,0cc9c663-e543-4c22-8b09-9ac238c8c842,
2021-04-11 06:34:06.660,2021-04-11 06:34:06.660,60,UTC-0400,jBfEgmLJSx,com.sec.android.app.shealth,1618122846659,7d645079-4e64-4fec-a30e-d3112d5329d8,
2021-04-11 14:12:13.681,2021-04-11 14:12:13.681,60,UTC-0500,jBfEgmLJSx,com.sec.android.app.shealth,1618150333671,7e80b83e-ea44-4db6-8342-56f391744a1b,
2021-04-11 14:12:36.977,2021-04-11 14:12:36.977,60,UTC-0400,jBfEgmLJSx,com.sec.android.app.shealth,1618150356975,55009cd2-4de0-41ea-9881-1460800bbb00,
2021-04-11 14:13:24.987,2021-04-11 14:13:24.987,60,UTC-0500,jBfEgmLJSx,com.sec.android.app.shealth,1618150404984,af12e911-56cd-4b69-9be0-d5f3fafe515d,
2021-04-11 17:38:54.226,2021-04-11 17:38:54.226,60,UTC-0400,jBfEgmLJSx,com.sec.android.app.shealth,1618162734214,acff8d28-0bb9-452b-9004-f83fe8d0f0dc,
2021-04-11 17:39:14.134,2021-04-11 17:39:14.134,60,UTC-0500,jBfEgmLJSx,com.sec.android.app.shealth,1618162754118,548c9d4e-282b-4620-af35-1ceb3677557f,
2021-04-11 17:45:00.271,2021-04-11 17:45:00.271,60,UTC-0400,jBfEgmLJSx,com.sec.android.app.shealth,1618163100266,8941ee0c-1a11-45fc-ac20-54ec2f683c93,
2021-04-12 03:38:06.284,2021-04-12 03:38:06.284,60,UTC-0500,jBfEgmLJSx,com.sec.android.app.shealth,1618198681348,769e9da5-4bd5-47f8-bec1-b792365e3c54,
2021-04-14 05:13:46.745,2021-04-14 05:13:46.745,60,UTC-0600,jBfEgmLJSx,com.sec.android.app.shealth,1618377226743,69c6ffbd-7cfd-4d95-8a79-f86b2db72b76,
2021-04-14 05:13:46.783,2021-04-14 05:13:46.783,60,UTC-0600,jBfEgmLJSx,com.sec.android.app.shealth,1618377226781,5fd29c91-1f65-4f46-82a2-f5a7c3d8ced0,
2021-04-14 11:28:24.403,2021-04-14 11:28:24.403,60,UTC-0700,jBfEgmLJSx,com.sec.android.app.shealth,1618399704400,b1817f7c-cfd1-4761-a07d-72bc91771a07,
2021-04-16 12:05:32.702,2021-04-16 12:05:32.702,60,UTC-0600,jBfEgmLJSx,com.sec.android.app.shealth,1618574732695,7422d51d-243e-43e2-bd73-790f2b822422,
2021-04-16 12:06:35.033,2021-04-16 12:06:35.033,60,UTC-0700,jBfEgmLJSx,com.sec.android.app.shealth,1618574795032,1c783aaf-f0a9-4e19-aa4b-0758705a187c,
2021-04-16 12:09:00.118,2021-04-16 12:09:00.118,60,UTC-0600,jBfEgmLJSx,com.sec.android.app.shealth,1618574940117,a79d0527-1f6b-4842-9d21-6381900ad5b5,
2021-04-16 18:48:15.940,2021-04-16 18:48:15.940,60,UTC-0500,jBfEgmLJSx,com.sec.android.app.shealth,1618598895939,ae5da6a6-406d-4738-83f2-845cf4306280,
2021-04-16 18:48:19.966,2021-04-16 18:48:19.966,60,UTC-0600,jBfEgmLJSx,com.sec.android.app.shealth,1618598899965,0a6fa4c3-4807-4853-8441-2f589bf0a2f9,
2021-04-16 18:51:07.579,2021-04-16 18:51:07.579,60,UTC-0500,jBfEgmLJSx,com.sec.android.app.shealth,1618599067578,b25a50c0-f9b5-4ad3-8414-e1551d3074a9,
2021-04-16 18:51:09.304,2021-04-16 18:51:09.304,60,UTC-0600,jBfEgmLJSx,com.sec.android.app.shealth,1618599069304,1fb59f28-578e-4188-887f-469bc5fd541f,
2021-04-16 18:52:41.943,2021-04-16 18:52:41.943,60,UTC-0500,jBfEgmLJSx,com.sec.android.app.shealth,1618599161942,b384f042-c802-4ff2-9140-9188780e4b3e,
2021-04-18 00:22:09.896,2021-04-18 00:22:09.896,60,UTC-0400,jBfEgmLJSx,com.sec.android.app.shealth,1618705329894,68c180e1-f8d6-4ee1-ad58-b1c8aa3ee855,
2021-04-18 10:13:21.140,2021-04-18 10:13:21.140,60,UTC-0500,jBfEgmLJSx,com.sec.android.app.shealth,1618740801139,3c357e93-22ee-46b7-9590-a413cab071a3,
2021-04-18 10:13:32.133,2021-04-18 10:13:32.133,60,UTC-0400,jBfEgmLJSx,com.sec.android.app.shealth,1618740812131,4de77bdb-04b7-40c1-99c2-952eb50f8575,
2021-04-18 10:16:13.730,2021-04-18 10:16:13.730,60,UTC-0500,jBfEgmLJSx,com.sec.android.app.shealth,1618740973727,c9a2233b-6798-4c41-83b4-6bcf8ed186f0,
2021-04-18 10:16:41.719,2021-04-18 10:16:41.719,60,UTC-0400,jBfEgmLJSx,com.sec.android.app.shealth,1618741001718,9d86103f-8ec8-4654-b18e-6c9f9929584c,
2021-04-18 10:17:31.741,2021-04-18 10:17:31.741,60,UTC-0500,jBfEgmLJSx,com.sec.android.app.shealth,1618741051737,b53453bd-3540-4cdf-b897-bb4eabb324af,
2021-04-18 15:12:30.635,2021-04-18 15:12:30.635,60,UTC-0400,jBfEgmLJSx,com.sec.android.app.shealth,1618758750632,a07858e6-3817-400a-b81a-f17fc8359f3c,
2021-04-18 15:12:34.712,2021-04-18 15:12:34.712,60,UTC-0500,jBfEgmLJSx,com.sec.android.app.shealth,1618758754711,e74e1183-34c2-4b1b-8f7e-f658128e0721,
2021-04-18 15:13:48.404,2021-04-18 15:13:48.404,60,UTC-0400,jBfEgmLJSx,com.sec.android.app.shealth,1618758828403,5202b2be-6ff8-4710-8572-41c79f0a29c0,
2021-04-18 15:14:46.557,2021-04-18 15:14:46.557,60,UTC-0500,jBfEgmLJSx,com.sec.android.app.shealth,1618758886556,478dd252-59a9-4167-9c1a-670d02c7d600,
2021-04-18 15:15:06.139,2021-04-18 15:15:06.139,60,UTC-0400,jBfEgmLJSx,com.sec.android.app.shealth,1618758906138,ddf6282f-f91e-4ae7-a476-7f020fc97344,
2021-04-20 15:28:55.342,2021-04-20 15:28:55.342,60,UTC-0500,jBfEgmLJSx,com.sec.android.app.shealth,1618932535341,6eba6dd1-da56-4b2f-b2a3-82a1aedf0666,
2021-04-20 15:29:11.126,2021-04-20 15:29:11.126,60,UTC-0400,jBfEgmLJSx,com.sec.android.app.shealth,1618932551125,40e0bd45-39f4-4429-9e94-bc2f6744e88f,
2021-04-20 15:30:05.298,2021-04-20 15:30:05.298,60,UTC-0500,jBfEgmLJSx,com.sec.android.app.shealth,1618932605294,939b0394-8035-4ef9-a45d-0c5b2443feec,
2021-04-21 13:15:45.739,2021-04-21 13:15:45.739,60,UTC-0600,jBfEgmLJSx,com.sec.android.app.shealth,1619010945723,fad620eb-c08e-4be7-9f77-4c0a8662c862,
2021-04-21 22:58:28.226,2021-04-21 22:58:28.226,60,UTC-0700,jBfEgmLJSx,com.sec.android.app.shealth,1619045908224,506d5c97-b229-418f-bb28-a97d7a24eebc,
2021-04-25 00:06:01.319,2021-04-25 00:06:01.319,60,UTC-0600,jBfEgmLJSx,com.sec.android.app.shealth,1619309161317,f69a17d5-8bb0-4b51-b97c-cab71651ee1b,
2021-04-25 05:48:47.984,2021-04-25 05:48:47.984,60,UTC-0500,jBfEgmLJSx,com.sec.android.app.shealth,1619329727983,90abcf71-a75c-4a31-bda6-bac36594888b,
2021-04-25 05:49:17.253,2021-04-25 05:49:17.253,60,UTC-0600,jBfEgmLJSx,com.sec.android.app.shealth,1619329757250,2d6385b3-1bec-436e-a7ce-f7d8c1d5bd04,
2021-04-25 05:49:17.270,2021-04-25 05:49:17.270,60,UTC-0600,jBfEgmLJSx,com.sec.android.app.shealth,1619329757268,603bf6ce-db4d-455f-af2d-e7c3351009e8,
2021-04-25 05:49:40.337,2021-04-25 05:49:40.337,60,UTC-0500,jBfEgmLJSx,com.sec.android.app.shealth,1619329780330,bb22a7e6-409e-4488-8efb-6382cf53342b,
2021-04-25 05:50:07.415,2021-04-25 05:50:07.415,60,UTC-0600,jBfEgmLJSx,com.sec.android.app.shealth,1619329807413,ddce2e1a-b34d-40f3-9f9f-7bbf8315deca,
2021-04-25 05:50:07.470,2021-04-25 05:50:07.470,60,UTC-0600,jBfEgmLJSx,com.sec.android.app.shealth,1619329807469,5ca9f6d2-e684-4ba8-9a55-2dad8bf9dc5b,
2021-04-25 05:50:26.106,2021-04-25 05:50:26.106,60,UTC-0500,jBfEgmLJSx,com.sec.android.app.shealth,1619329826104,9009a6db-72a8-4489-b35a-c5f1fd385dab,
2021-04-25 05:52:17.210,2021-04-25 05:52:17.210,60,UTC-0600,jBfEgmLJSx,com.sec.android.app.shealth,1619329937209,67fb7c30-5514-4fbd-83cb-7141192e9533,
2021-04-25 05:52:17.231,2021-04-25 05:52:17.231,60,UTC-0600,jBfEgmLJSx,com.sec.android.app.shealth,1619329937230,91d5dd27-f6ca-4af1-90b7-0580d5714fae,
2021-04-25 05:53:24.961,2021-04-25 05:53:24.961,60,UTC-0500,jBfEgmLJSx,com.sec.android.app.shealth,1619330004961,ec903cf1-85b0-47af-a28e-49aa802ac342,
2021-04-25 05:54:27.920,2021-04-25 05:54:27.920,60,UTC-0600,jBfEgmLJSx,com.sec.android.app.shealth,1619330067918,a333bc01-82de-4c9b-8869-42db7134cd1c,
2021-04-25 05:54:27.943,2021-04-25 05:54:27.943,60,UTC-0600,jBfEgmLJSx,com.sec.android.app.shealth,1619330067942,7b70e656-a148-49f7-8565-4929910606ff,
2021-04-25 05:54:30.015,2021-04-25 05:54:30.015,60,UTC-0500,jBfEgmLJSx,com.sec.android.app.shealth,1619330070014,440b2fa5-6682-4029-92df-36e7693af00a,
2021-04-25 05:55:01.427,2021-04-25 05:55:01.427,60,UTC-0600,jBfEgmLJSx,com.sec.android.app.shealth,1619330101426,fad4acc2-8e87-494b-919e-c89fb140e19c,
2021-04-25 05:55:01.442,2021-04-25 05:55:01.442,60,UTC-0600,jBfEgmLJSx,com.sec.android.app.shealth,1619330101441,20811a71-9b5f-4add-967b-1591bc4c64be,
2021-04-25 05:56:34.441,2021-04-25 05:56:34.441,60,UTC-0500,jBfEgmLJSx,com.sec.android.app.shealth,1619330194440,53376462-82a5-4b75-b589-7bb26f976dd5,
2021-04-27 10:56:33.958,2021-04-27 10:56:33.958,60,UTC-0400,jBfEgmLJSx,com.sec.android.app.shealth,1619520993955,9d13ca5d-c78a-4a05-bdb6-a0b90b5e09a7,
2021-04-27 15:59:54.693,2021-04-27 15:59:54.693,60,UTC-0500,jBfEgmLJSx,com.sec.android.app.shealth,1619539194691,3e697e1d-7744-44d5-b7e3-8ea8bcc243b5,
2021-04-27 16:00:01.778,2021-04-27 16:00:01.778,60,UTC-0400,jBfEgmLJSx,com.sec.android.app.shealth,1619539201777,5f180139-bbf4-4fe2-aa8f-c8799a8f7aa1,
2021-04-27 16:02:46.191,2021-04-27 16:02:46.191,60,UTC-0500,jBfEgmLJSx,com.sec.android.app.shealth,1619539366188,971bb463-add4-4237-90b7-4316bdf35272,
2021-04-27 16:03:19.909,2021-04-27 16:03:19.909,60,UTC-0400,jBfEgmLJSx,com.sec.android.app.shealth,1619539399908,b0f1c35b-2b8a-421c-841d-47abf0b4ee09,
2021-04-27 16:04:11.292,2021-04-27 16:04:11.292,60,UTC-0500,jBfEgmLJSx,com.sec.android.app.shealth,1619539451291,6a955613-53be-4f22-b661-faa1382050e4,
2021-04-27 16:04:52.019,2021-04-27 16:04:52.019,60,UTC-0400,jBfEgmLJSx,com.sec.android.app.shealth,1619539492017,a62a6c91-56e3-44f6-a32b-f2915a7e748c,
2021-04-27 16:04:54.569,2021-04-27 16:04:54.569,60,UTC-0500,jBfEgmLJSx,com.sec.android.app.shealth,1619539494567,d8d031b4-b550-4f84-ab27-57541d4a8f2d,
2021-04-27 16:05:31.654,2021-04-27 16:05:31.654,60,UTC-0400,jBfEgmLJSx,com.sec.android.app.shealth,1619539531653,2852caf9-7a12-433a-bcab-00930cdcecde,
2021-04-27 16:05:36.889,2021-04-27 16:05:36.889,60,UTC-0500,jBfEgmLJSx,com.sec.android.app.shealth,1619539536881,1a14d676-f036-4c46-8f22-4e7872f96e75,
2021-04-27 20:30:35.848,2021-04-27 20:30:35.848,60,UTC-0400,jBfEgmLJSx,com.sec.android.app.shealth,1619555435846,56af5079-d849-4a50-aad8-ba1f77ee2b98,
2021-04-29 22:37:46.941,2021-04-29 22:37:46.941,60,UTC-0500,jBfEgmLJSx,com.sec.android.app.shealth,1619735866940,9c4af84a-3ce0-4c7a-9a8c-5b3097ede9e4,
2021-05-01 18:51:23.557,2021-05-01 18:51:23.557,60,UTC-0600,jBfEgmLJSx,com.sec.android.app.shealth,1619895083552,94ebc876-3dea-4b2c-99b1-1b0f77d0a653,
2021-05-01 19:17:57.885,2021-05-01 19:17:57.885,60,UTC-0500,jBfEgmLJSx,com.sec.android.app.shealth,1619896677883,2ed1ade2-5a7f-40ee-8346-30a0c236f8fd,
2021-05-01 19:27:28.607,2021-05-01 19:27:28.607,60,UTC-0600,jBfEgmLJSx,com.sec.android.app.shealth,1619897248606,e3b7f18e-8158-49a1-a9bf-a96db357823d,
2021-05-01 19:30:22.335,2021-05-01 19:30:22.335,60,UTC-0500,jBfEgmLJSx,com.sec.android.app.shealth,1619897422333,2cb52552-04c0-4c7c-a4b2-ac3e6e42a205,
2021-05-01 19:30:47.084,2021-05-01 19:30:47.084,60,UTC-0600,jBfEgmLJSx,com.sec.android.app.shealth,1619897447083,1ad3f9f3-bbdd-4a91-a644-db0b13cad80f,
2021-05-02 16:42:36.327,2021-05-02 16:42:36.327,60,UTC-0700,jBfEgmLJSx,com.sec.android.app.shealth,1619973756326,fa816ef8-a85d-41b0-80bf-e516350aeedb,
2021-05-07 12:09:03.406,2021-05-07 12:09:03.406,60,UTC-0600,jBfEgmLJSx,com.sec.android.app.shealth,1620389343405,a8d210e3-c32c-42d6-a819-814b239faf46,
2021-05-08 04:27:44.702,2021-05-08 04:27:44.702,60,UTC-0500,jBfEgmLJSx,com.sec.android.app.shealth,1620448064698,b3a4ca1b-3008-4244-96a3-e3d96933cfae,
2021-05-08 04:28:09.109,2021-05-08 04:28:09.109,60,UTC-0600,jBfEgmLJSx,com.sec.android.app.shealth,1620448089108,bd7dab47-6ce9-4783-b19b-3cccea260278,
2021-05-08 04:41:37.857,2021-05-08 04:41:37.857,60,UTC-0500,jBfEgmLJSx,com.sec.android.app.shealth,1620448897855,77d35e63-517e-4c31-bdd1-3d4bbe7b80bf,
2021-05-08 04:42:47.793,2021-05-08 04:42:47.793,60,UTC-0600,jBfEgmLJSx,com.sec.android.app.shealth,1620448967792,2b71539f-33cc-4eda-ba96-3f6399bd7a9b,
2021-05-08 04:44:20.938,2021-05-08 04:44:20.938,60,UTC-0500,jBfEgmLJSx,com.sec.android.app.shealth,1620449060936,6f51afa4-bea1-4b93-aa5f-9a29c41270ff,
2021-05-08 04:44:56.234,2021-05-08 04:44:56.234,60,UTC-0600,jBfEgmLJSx,com.sec.android.app.shealth,1620449096232,3ba9836d-0fac-4a84-9d7c-7bf29e18dfe2,
2021-05-08 04:46:49.971,2021-05-08 04:46:49.971,60,UTC-0500,jBfEgmLJSx,com.sec.android.app.shealth,1620449209969,43b585bb-828d-456b-a4f1-447a3d17fb59,
2021-05-08 04:48:08.272,2021-05-08 04:48:08.272,60,UTC-0600,jBfEgmLJSx,com.sec.android.app.shealth,1620449288271,712ce316-5019-40c3-87bf-676e4c73684a,
2021-05-08 04:48:39.187,2021-05-08 04:48:39.187,60,UTC-0500,jBfEgmLJSx,com.sec.android.app.shealth,1620449319185,89ddbd81-6bd4-486f-8ab8-1390d0087e10,
2021-05-08 04:49:02.427,2021-05-08 04:49:02.427,60,UTC-0600,jBfEgmLJSx,com.sec.android.app.shealth,1620449342425,c6e6938b-2117-400d-93f3-ef2aa566d48c,
2021-05-08 04:49:37.415,2021-05-08 04:49:37.415,60,UTC-0500,jBfEgmLJSx,com.sec.android.app.shealth,1620449377413,f135e2c9-49bf-4eee-9f76-e55efd3da0c3,
2021-05-08 22:56:41.126,2021-05-08 22:56:41.126,60,UTC-0400,jBfEgmLJSx,com.sec.android.app.shealth,1620514601119,6b730e2e-9879-4a34-8a0b-6576daf2065f,
2021-05-09 09:03:45.997,2021-05-09 09:03:45.997,60,UTC-0500,jBfEgmLJSx,com.sec.android.app.shealth,1620551025993,fb4f6565-3384-49b6-b4ce-b46d6299f751,
2021-05-09 09:04:34.695,2021-05-09 09:04:34.695,60,UTC-0400,jBfEgmLJSx,com.sec.android.app.shealth,1620551074564,7d0a251f-897f-40b9-80a7-4cd5a1730cf9,
2021-05-09 09:04:42.123,2021-05-09 09:04:42.123,60,UTC-0500,jBfEgmLJSx,com.sec.android.app.shealth,1620551082121,0e67975e-0d01-4994-afb6-ce10b00f0d8f,
2021-05-11 16:25:56.643,2021-05-11 16:25:56.643,60,UTC-0400,jBfEgmLJSx,com.sec.android.app.shealth,1620750356637,484a49f2-b4ff-43cf-a1e7-0db2cfb30013,
2021-05-11 16:26:11.084,2021-05-11 16:26:11.084,60,UTC-0500,jBfEgmLJSx,com.sec.android.app.shealth,1620750371082,cc5260d1-4548-4f6d-8c2d-063c5f6e3a57,
2021-05-11 16:26:34.501,2021-05-11 16:26:34.501,60,UTC-0400,jBfEgmLJSx,com.sec.android.app.shealth,1620750394498,ec7abc20-ba30-4c95-92e8-b86f1c5d9985,
2021-05-11 16:26:51.855,2021-05-11 16:26:51.855,60,UTC-0500,jBfEgmLJSx,com.sec.android.app.shealth,1620750411855,40b433c0-6a94-4ef9-b58b-54bbb23e2d24,
2021-05-11 16:27:16.725,2021-05-11 16:27:16.725,60,UTC-0400,jBfEgmLJSx,com.sec.android.app.shealth,1620750436722,46fd3b66-8e88-425f-b366-061ac22bd4c3,
2021-05-12 04:41:25.227,2021-05-12 04:41:25.227,60,UTC-0500,jBfEgmLJSx,com.sec.android.app.shealth,1620794485226,98dcaaef-5dcf-4401-8abf-1bdd2ec84a21,
2021-05-12 04:41:25.252,2021-05-12 04:41:25.252,60,UTC-0500,jBfEgmLJSx,com.sec.android.app.shealth,1620794485247,0472c0d1-d260-4dcf-ae39-e4d00c590e13,
2021-05-12 20:24:03.371,2021-05-12 20:24:03.371,60,UTC-0600,jBfEgmLJSx,com.sec.android.app.shealth,1620851043356,977cfac7-5050-4b06-a01f-b3f46d7a35a8,
2021-05-12 20:24:26.156,2021-05-12 20:24:26.156,60,UTC-0500,jBfEgmLJSx,com.sec.android.app.shealth,1620851066155,16ea5cc5-29c2-44a8-8b40-0a0bd5e28b86,
2021-05-12 20:30:05.324,2021-05-12 20:30:05.324,60,UTC-0600,jBfEgmLJSx,com.sec.android.app.shealth,1620851405322,69538a17-d71f-44f5-b4cf-77de69972a3b,
2021-05-13 12:27:29.736,2021-05-13 12:27:29.736,60,UTC-0700,jBfEgmLJSx,com.sec.android.app.shealth,1620908849733,71e9a84a-68c3-425c-bb85-fb219db812ac,
2021-05-13 12:27:51.684,2021-05-13 12:27:51.684,60,UTC-0600,jBfEgmLJSx,com.sec.android.app.shealth,1620908871683,b8dfd904-f071-4b1f-9c49-c0a582a6436a,
2021-05-13 12:28:33.430,2021-05-13 12:28:33.430,60,UTC-0700,jBfEgmLJSx,com.sec.android.app.shealth,1620908913426,4f60bd91-3bf5-4832-89e2-d65529e24792,
2021-05-13 12:28:43.048,2021-05-13 12:28:43.048,60,UTC-0600,jBfEgmLJSx,com.sec.android.app.shealth,1620908923046,29d2132c-b208-4e6c-98e5-760f37a07352,
2021-05-13 12:28:55.776,2021-05-13 12:28:55.776,60,UTC-0700,jBfEgmLJSx,com.sec.android.app.shealth,1620908935775,0a740fb3-304f-4c82-815a-683be0e9869a,
2021-05-14 03:07:37.852,2021-05-14 03:07:37.852,60,UTC-0600,jBfEgmLJSx,com.sec.android.app.shealth,1620961657838,99af2053-3f44-469d-ba22-b6e8e37d6d1c,
2021-05-14 18:14:14.275,2021-05-14 18:14:14.275,60,UTC-0500,jBfEgmLJSx,com.sec.android.app.shealth,1621016054237,f5dbb93b-5064-4c72-b920-b0cffa89b0e5,
2021-05-14 18:19:26.367,2021-05-14 18:19:26.367,60,UTC-0600,jBfEgmLJSx,com.sec.android.app.shealth,1621016366366,5549b93b-60a9-45b1-a407-97887f213994,
2021-05-14 18:19:39.631,2021-05-14 18:19:39.631,60,UTC-0500,jBfEgmLJSx,com.sec.android.app.shealth,1621016379629,cc1b354b-73c1-45ab-a7a8-bb7ab5fb7bda,
2021-05-14 18:38:44.448,2021-05-14 18:38:44.448,60,UTC-0600,jBfEgmLJSx,com.sec.android.app.shealth,1621017524447,249bbd2b-b9f9-49f6-b98a-6cdc00f9ad78,
2021-05-14 19:05:59.283,2021-05-14 19:05:59.283,60,UTC-0500,jBfEgmLJSx,com.sec.android.app.shealth,1621019159280,1861432e-18a4-4df5-a9ac-ab5257a48d9b,
2021-05-16 03:44:16.934,2021-05-16 03:44:16.934,60,UTC-0600,jBfEgmLJSx,com.sec.android.app.shealth,1621136655405,9229e664-1045-4eeb-81cd-e58f53b36490,
2021-05-16 18:49:49.120,2021-05-16 18:49:49.120,60,UTC-0700,jBfEgmLJSx,com.sec.android.app.shealth,1621190989113,7e0e74ae-1374-4c0b-a8b2-94cb8eabede9,
2021-05-18 14:51:50.498,2021-05-18 14:51:50.498,60,UTC-0600,jBfEgmLJSx,com.sec.android.app.shealth,1621349510491,7d18a509-25a4-4589-b02c-7af70b1be6ee,
2021-05-19 16:31:06.161,2021-05-19 16:31:06.161,60,UTC-0500,jBfEgmLJSx,com.sec.android.app.shealth,1621441866146,7943a29c-7aa3-4244-8107-794bbbdedcb8,
2021-05-19 16:34:57.091,2021-05-19 16:34:57.091,60,UTC-0600,jBfEgmLJSx,com.sec.android.app.shealth,1621442097087,2dc3f527-6f95-4d32-81a8-28ce0cbbe561,
2021-05-19 17:09:44.338,2021-05-19 17:09:44.338,60,UTC-0500,jBfEgmLJSx,com.sec.android.app.shealth,1621444184337,28c839c7-72f5-4b93-87f5-90aaab0b46c8,
2021-05-20 10:28:40.713,2021-05-20 10:28:40.713,60,UTC-0400,jBfEgmLJSx,com.sec.android.app.shealth,1621506520703,79443980-687f-4faa-9bac-e3ecaa20b7df,
2021-05-20 10:32:38.435,2021-05-20 10:32:38.435,60,UTC-0500,jBfEgmLJSx,com.sec.android.app.shealth,1621506758429,1cfc41bd-116d-41fa-a9e9-173c7a59caa9,
2021-05-20 10:33:11.639,2021-05-20 10:33:11.639,60,UTC-0400,jBfEgmLJSx,com.sec.android.app.shealth,1621506791627,57d12f8b-cc5b-4b29-ab2e-3614bf896152,
2021-05-20 10:35:41.134,2021-05-20 10:35:41.134,60,UTC-0500,jBfEgmLJSx,com.sec.android.app.shealth,1621506941134,7393e2c3-ff88-4fab-bfa7-cfd0c3a306a7,
2021-05-20 10:38:13.243,2021-05-20 10:38:13.243,60,UTC-0400,jBfEgmLJSx,com.sec.android.app.shealth,1621507093243,3e5a94a8-fbe1-4bc9-93ad-ba9e99b70ccd,
2021-05-20 10:48:57.288,2021-05-20 10:48:57.288,60,UTC-0500,jBfEgmLJSx,com.sec.android.app.shealth,1621507737285,4d4a0368-6d5a-49f5-95b5-8c4f769d002a,
2021-05-20 10:52:06.909,2021-05-20 10:52:06.909,60,UTC-0400,jBfEgmLJSx,com.sec.android.app.shealth,1621507926908,7ba66845-45a3-4f1d-82c6-028dca2050b2,
2021-05-20 22:59:08.734,2021-05-20 22:59:08.734,60,UTC-0500,jBfEgmLJSx,com.sec.android.app.shealth,1621551548730,6d1a8ef5-ed4c-42fc-a694-9cfa6c71ded1,
2021-05-20 22:59:32.960,2021-05-20 22:59:32.960,60,UTC-0400,jBfEgmLJSx,com.sec.android.app.shealth,1621551572959,c2b6d975-2145-4ffc-b1c9-a510f0675e72,
2021-05-20 23:00:25.555,2021-05-20 23:00:25.555,60,UTC-0500,jBfEgmLJSx,com.sec.android.app.shealth,1621551625545,360b0ec5-633e-4122-a900-da0b97fe83d0,
2021-05-23 01:53:05.065,2021-05-23 01:53:05.065,60,UTC-0400,jBfEgmLJSx,com.sec.android.app.shealth,1621734785047,b1530c57-d14c-4d7e-8aac-a86635322962,
2021-05-23 01:54:00.977,2021-05-23 01:54:00.977,60,UTC-0500,jBfEgmLJSx,com.sec.android.app.shealth,1621734840973,4ea56abc-e898-4069-954f-1aba2bddf431,
2021-05-23 01:54:21.732,2021-05-23 01:54:21.732,60,UTC-0400,jBfEgmLJSx,com.sec.android.app.shealth,1621734861728,7fc6d392-2ae2-4d5c-bd4c-fe6a7e6a9a22,
2021-05-23 21:00:32.688,2021-05-23 21:00:32.688,60,UTC-0500,jBfEgmLJSx,com.sec.android.app.shealth,1621803632686,fd9124fe-540a-4c3b-ba17-d2d95031d50b,
2021-05-23 21:00:48.882,2021-05-23 21:00:48.882,60,UTC-0400,jBfEgmLJSx,com.sec.android.app.shealth,1621803648880,56222f25-ce47-4eaa-a5b8-8348c21be623,
2021-05-23 21:01:52.589,2021-05-23 21:01:52.589,60,UTC-0500,jBfEgmLJSx,com.sec.android.app.shealth,1621803712588,4a7c492e-c260-4d54-9fbe-4901affde291,
2021-05-26 05:21:23.480,2021-05-26 05:21:23.480,60,UTC-0400,jBfEgmLJSx,com.sec.android.app.shealth,1622006483478,ce7a92f8-c47e-474a-9292-da29f1f5e719,
2021-05-26 08:38:08.731,2021-05-26 08:38:08.731,60,UTC-0500,jBfEgmLJSx,com.sec.android.app.shealth,1622018288718,acf206f7-6195-481f-be19-db6b21d7e9d3,
2021-05-26 08:38:40.419,2021-05-26 08:38:40.419,60,UTC-0400,jBfEgmLJSx,com.sec.android.app.shealth,1622018320415,09a81278-dc81-4326-92e4-c7f424ac030d,
2021-05-26 08:46:57.386,2021-05-26 08:46:57.386,60,UTC-0500,jBfEgmLJSx,com.sec.android.app.shealth,1622018817385,011db62e-1301-45d3-89f4-43a3a800e07a,
2021-05-26 08:47:04.230,2021-05-26 08:47:04.230,60,UTC-0400,jBfEgmLJSx,com.sec.android.app.shealth,1622018824228,1d52fa61-21eb-489b-aede-a6ca29b91289,
2021-05-26 08:47:15.642,2021-05-26 08:47:15.642,60,UTC-0500,jBfEgmLJSx,com.sec.android.app.shealth,1622018835641,eabc0fe5-9024-47d0-8fc2-3f9734f4aedf,
2021-05-27 10:19:17.939,2021-05-27 10:19:17.939,60,UTC-0600,jBfEgmLJSx,com.sec.android.app.shealth,1622110757938,1326ec4f-2d85-4b37-922d-78389875429f,
2021-05-27 17:13:04.744,2021-05-27 17:13:04.744,60,UTC-0700,jBfEgmLJSx,com.sec.android.app.shealth,1622135584741,8fe6286c-9bab-4e82-a377-03d883c65e48,
2021-06-12 07:17:35.498,2021-06-12 07:17:35.498,60,UTC-0600,jBfEgmLJSx,com.sec.android.app.shealth,1623482255497,c1f86250-43e3-46d6-9966-84048dfd831b,
2021-06-12 11:00:05.055,2021-06-12 11:00:05.055,60,UTC-0500,jBfEgmLJSx,com.sec.android.app.shealth,1623495605054,86e5a2fb-ad19-4b77-a822-f603c932d0d5,
2021-06-12 11:03:43.885,2021-06-12 11:03:43.885,60,UTC-0600,jBfEgmLJSx,com.sec.android.app.shealth,1623495823884,297020b2-f487-4902-920d-df49f9579df8,
2021-06-12 11:05:33.837,2021-06-12 11:05:33.837,60,UTC-0500,jBfEgmLJSx,com.sec.android.app.shealth,1623495933836,d323124b-73a4-4fcd-b238-b069fbc2e325,
2021-06-12 11:10:48.722,2021-06-12 11:10:48.722,60,UTC-0600,jBfEgmLJSx,com.sec.android.app.shealth,1623496248721,3bd71f8c-a8ce-4a59-9af4-06a6bc748e09,
2021-06-12 11:10:57.276,2021-06-12 11:10:57.276,60,UTC-0500,jBfEgmLJSx,com.sec.android.app.shealth,1623496257275,8e951739-2f4e-42a7-8047-6056c9d4aff9,
2021-06-12 11:11:38.747,2021-06-12 11:11:38.747,60,UTC-0600,jBfEgmLJSx,com.sec.android.app.shealth,1623496298746,f9277327-1d77-4c2f-a8d3-226a2e377cc0,
2021-06-12 11:17:07.178,2021-06-12 11:17:07.178,60,UTC-0500,jBfEgmLJSx,com.sec.android.app.shealth,1623496627177,0fc91b30-c2cb-419d-81c8-30c1ddd3e852,
2021-06-13 23:36:05.824,2021-06-13 23:36:05.824,60,UTC-0400,jBfEgmLJSx,com.sec.android.app.shealth,1623627365824,9ff895f5-76d1-4f93-b4f5-3c5338a8236d,
2021-06-13 23:36:17.352,2021-06-13 23:36:17.352,60,UTC-0500,jBfEgmLJSx,com.sec.android.app.shealth,1623627377351,2a4b3dde-696f-49f6-b050-b0d1058ffdc8,
2021-06-13 23:41:57.902,2021-06-13 23:41:57.902,60,UTC-0400,jBfEgmLJSx,com.sec.android.app.shealth,1623627717901,020c090b-ee0f-4a53-94cb-28a883b30587,
2021-06-15 11:59:20.289,2021-06-15 11:59:20.289,60,UTC-0500,jBfEgmLJSx,com.sec.android.app.shealth,1623758360288,97259f27-80ce-49ee-ae4a-6c5472cfbdc4,
2021-06-15 12:00:42.676,2021-06-15 12:00:42.676,60,UTC-0400,jBfEgmLJSx,com.sec.android.app.shealth,1623758442672,05b5d9e4-f65c-4370-b676-60375871cac8,
2021-06-15 12:00:58.302,2021-06-15 12:00:58.302,60,UTC-0500,jBfEgmLJSx,com.sec.android.app.shealth,1623758458301,fc48c9a1-6ee7-4cb6-ab78-96a241d87247,
2021-06-16 17:17:00.330,2021-06-16 17:17:00.330,60,UTC-0400,jBfEgmLJSx,com.sec.android.app.shealth,1623863820328,96d42856-49fd-4d1e-b4d8-dcdb0a810b56,
2021-06-17 00:33:21.959,2021-06-17 00:33:21.959,60,UTC-0500,jBfEgmLJSx,com.sec.android.app.shealth,1623890001956,9993c3fa-d56e-46ec-a79e-8371af5feb32,
2021-06-17 00:33:42.443,2021-06-17 00:33:42.443,60,UTC-0400,jBfEgmLJSx,com.sec.android.app.shealth,1623890022441,e468ba27-f49f-4d3f-b700-bccac79f0fbb,
2021-06-17 00:37:06.225,2021-06-17 00:37:06.225,60,UTC-0500,jBfEgmLJSx,com.sec.android.app.shealth,1623890226221,1627e2a5-a27a-48da-9072-3b885f7751a4,
2021-06-17 04:28:09.900,2021-06-17 04:28:09.900,60,UTC-0400,jBfEgmLJSx,com.sec.android.app.shealth,1623904089893,1dfc04d1-70c9-4bcd-9360-dcf804be90fb,
2021-06-17 04:28:13.831,2021-06-17 04:28:13.831,60,UTC-0500,jBfEgmLJSx,com.sec.android.app.shealth,1623904093828,338384cc-a61a-4569-9c56-1afd72d49a72,
2021-06-17 04:28:13.843,2021-06-17 04:28:13.843,60,UTC-0500,jBfEgmLJSx,com.sec.android.app.shealth,1623904093843,ff4424ca-6349-4f9d-993c-fe98e541c4d3,
2021-06-17 04:29:40.826,2021-06-17 04:29:40.826,60,UTC-0400,jBfEgmLJSx,com.sec.android.app.shealth,1623904180815,aaa91783-d87b-45be-bc75-d417e76278eb,
2021-06-17 04:30:42.208,2021-06-17 04:30:42.208,60,UTC-0500,jBfEgmLJSx,com.sec.android.app.shealth,1623904242203,4b39867d-88e6-4feb-ab12-c1bac73b47ae,
2021-06-17 04:30:42.240,2021-06-17 04:30:42.240,60,UTC-0500,jBfEgmLJSx,com.sec.android.app.shealth,1623904242239,b58e9bc2-c139-4934-9039-236afb92a0b9,
2021-06-17 04:31:02.136,2021-06-17 04:31:02.136,60,UTC-0400,jBfEgmLJSx,com.sec.android.app.shealth,1623904262134,97def187-064e-44c6-939a-c660c1b586c1,
2021-06-17 09:07:37.997,2021-06-17 09:07:37.997,60,UTC-0500,jBfEgmLJSx,com.sec.android.app.shealth,1623920857994,386aa9f7-bd58-4a3f-b1c1-710e7587b538,
2021-06-19 21:08:58.582,2021-06-19 21:08:58.582,60,UTC-0600,jBfEgmLJSx,com.sec.android.app.shealth,1624136938578,eb662a25-c0cf-4a6a-b9f3-659a03d1358f,
2021-06-19 21:09:07.586,2021-06-19 21:09:07.586,60,UTC-0500,jBfEgmLJSx,com.sec.android.app.shealth,1624136947585,68e1142b-a65f-4282-92fa-34513dc7c1f6,
2021-06-19 21:11:07.618,2021-06-19 21:11:07.618,60,UTC-0600,jBfEgmLJSx,com.sec.android.app.shealth,1624137067617,bbe2c15e-3684-45af-967a-c6cd2cff4a64,
2021-06-19 21:12:45.747,2021-06-19 21:12:45.747,60,UTC-0500,jBfEgmLJSx,com.sec.android.app.shealth,1624137165745,f0b7e9a7-b940-4e61-893a-f8bfb7fbeeef,
2021-06-19 21:14:06.898,2021-06-19 21:14:06.898,60,UTC-0600,jBfEgmLJSx,com.sec.android.app.shealth,1624137246897,c98fa6ef-0dd6-41f4-9d76-7c3593cc53a7,
2021-06-20 14:07:23.025,2021-06-20 14:07:23.025,60,UTC-0700,jBfEgmLJSx,com.sec.android.app.shealth,1624198043024,017ef64e-5fa2-4cfa-9032-f71da7b8ea9b,
2021-06-22 02:59:46.385,2021-06-22 02:59:46.385,60,UTC-0600,jBfEgmLJSx,com.sec.android.app.shealth,1624330786382,59a0e8ff-576f-4a67-90c7-250e5e002aa7,
2021-06-22 18:57:25.295,2021-06-22 18:57:25.295,60,UTC-0500,jBfEgmLJSx,com.sec.android.app.shealth,1624388245292,342cf4d5-773f-4f97-a162-d2fd194f7928,
2021-06-23 10:41:43.137,2021-06-23 10:41:43.137,60,UTC-0400,jBfEgmLJSx,com.sec.android.app.shealth,1624444903125,8fe931d0-c2ae-4c44-be00-88675f91b9fe,
2021-06-23 10:41:45.220,2021-06-23 10:41:45.220,60,UTC-0500,jBfEgmLJSx,com.sec.android.app.shealth,1624444905218,8a72b633-255e-4e78-85ab-ec633ac1639a,
2021-06-23 10:48:43.174,2021-06-23 10:48:43.174,60,UTC-0400,jBfEgmLJSx,com.sec.android.app.shealth,1624445323171,e45f0273-7104-4d17-b206-a1d17c429845,
2021-06-26 00:49:46.398,2021-06-26 00:49:46.398,60,UTC-0500,jBfEgmLJSx,com.sec.android.app.shealth,1624668586396,7a4d0ed9-a83d-4a19-a9d1-977c71f4e81b,
2021-06-26 00:50:10.965,2021-06-26 00:50:10.965,60,UTC-0400,jBfEgmLJSx,com.sec.android.app.shealth,1624668610964,1a8aedfd-2523-47a6-a3c0-5dfbd7b66ec3,
2021-06-26 00:53:27.559,2021-06-26 00:53:27.559,60,UTC-0500,jBfEgmLJSx,com.sec.android.app.shealth,1624668807557,77d6219e-82a8-4da3-9fef-0d425e259f0d,
2021-06-26 00:53:43.554,2021-06-26 00:53:43.554,60,UTC-0400,jBfEgmLJSx,com.sec.android.app.shealth,1624668823553,02266ceb-2a59-4e58-bebc-d3261b74e0bc,
2021-06-26 00:54:14.452,2021-06-26 00:54:14.452,60,UTC-0500,jBfEgmLJSx,com.sec.android.app.shealth,1624668854450,a937b7cd-9841-4af7-bc51-7b7072462205,
2021-06-26 17:03:48.422,2021-06-26 17:03:48.422,60,UTC-0600,jBfEgmLJSx,com.sec.android.app.shealth,1624727028422,9c0ddc63-4c4a-4130-8a06-30f9f478c3a8,
2021-06-26 17:04:46.886,2021-06-26 17:04:46.886,60,UTC-0500,jBfEgmLJSx,com.sec.android.app.shealth,1624727086881,fb73157b-af26-46f6-9320-2287e569a48a,
2021-06-26 17:04:50.073,2021-06-26 17:04:50.073,60,UTC-0600,jBfEgmLJSx,com.sec.android.app.shealth,1624727090072,fe574d48-94fe-4403-bbbe-3faf5b9c8b64,
2021-06-26 17:10:18.668,2021-06-26 17:10:18.668,60,UTC-0500,jBfEgmLJSx,com.sec.android.app.shealth,1624727418664,eabbbb72-8401-48a7-90fa-5a1bca58ef27,
2021-06-26 17:11:17.104,2021-06-26 17:11:17.104,60,UTC-0600,jBfEgmLJSx,com.sec.android.app.shealth,1624727477101,979d7e29-51c0-4307-90ca-4cdc26aaa79f,
2021-06-26 17:11:36.373,2021-06-26 17:11:36.373,60,UTC-0500,jBfEgmLJSx,com.sec.android.app.shealth,1624727496370,3ffb36f7-17c5-4e40-86bd-d9c7586a3953,
2021-06-26 17:11:37.823,2021-06-26 17:11:37.823,60,UTC-0600,jBfEgmLJSx,com.sec.android.app.shealth,1624727497820,f37644ad-90fa-4b54-8754-e06e4726c604,
2021-06-27 08:23:07.509,2021-06-27 08:23:07.509,60,UTC-0700,jBfEgmLJSx,com.sec.android.app.shealth,1624782187504,33e88e38-c20e-4712-bae0-48e265b0a10e,
2021-06-27 08:23:11.924,2021-06-27 08:23:11.924,60,UTC-0600,jBfEgmLJSx,com.sec.android.app.shealth,1624782191923,204da100-d768-4a7f-9893-7e8d19becdd7,
2021-06-27 08:23:27.572,2021-06-27 08:23:27.572,60,UTC-0700,jBfEgmLJSx,com.sec.android.app.shealth,1624782207570,2281faa1-f76a-4b7c-8b86-8b325ef1258a,
2021-06-28 20:34:42.144,2021-06-28 20:34:42.144,60,UTC-0600,jBfEgmLJSx,com.sec.android.app.shealth,1624912482143,3dcf2a98-216a-4434-93b4-328db2c05e51,
2021-06-29 12:11:32.257,2021-06-29 12:11:32.257,60,UTC-0500,jBfEgmLJSx,com.sec.android.app.shealth,1624968692256,84d204f5-528e-4699-922e-ac330c8e03f7,
2021-06-29 12:11:49.843,2021-06-29 12:11:49.843,60,UTC-0600,jBfEgmLJSx,com.sec.android.app.shealth,1624968709842,18fb761c-6eb1-4ceb-909d-898dfabfdb30,
2021-06-29 12:19:18.225,2021-06-29 12:19:18.225,60,UTC-0500,jBfEgmLJSx,com.sec.android.app.shealth,1624969158218,23d4f607-d919-4f2d-9d98-6675e878d93b,
2021-06-30 03:46:26.367,2021-06-30 03:46:26.367,60,UTC-0400,jBfEgmLJSx,com.sec.android.app.shealth,1625024786354,32273355-886b-4b58-b368-b489f9d478a0,
2021-06-30 03:46:45.316,2021-06-30 03:46:45.316,60,UTC-0500,jBfEgmLJSx,com.sec.android.app.shealth,1625024805307,fae82ea7-615b-480b-96f8-35c7ef075b4d,
2021-06-30 03:56:19.473,2021-06-30 03:56:19.473,60,UTC-0400,jBfEgmLJSx,com.sec.android.app.shealth,1625025379463,18f2874e-2d8f-46d8-aa2e-096f538912c0,
2021-07-02 08:58:35.699,2021-07-02 08:58:35.699,60,UTC-0500,jBfEgmLJSx,com.sec.android.app.shealth,1625216315693,ffe0d2f0-a2cf-48dc-8e32-a38063dd89fd,
2021-07-02 08:59:51.657,2021-07-02 08:59:51.657,60,UTC-0400,jBfEgmLJSx,com.sec.android.app.shealth,1625216391656,193955f9-45c6-4e38-874b-182d4ce01a6c,
2021-07-02 08:59:54.769,2021-07-02 08:59:54.769,60,UTC-0500,jBfEgmLJSx,com.sec.android.app.shealth,1625216394765,c5b47d27-9b86-4571-92d5-e9f946f8a9c3,
2021-07-04 17:49:41.893,2021-07-04 17:49:41.893,60,UTC-0600,jBfEgmLJSx,com.sec.android.app.shealth,1625420981892,062205a3-e6b8-40dd-a249-9be9e34abf4f,
2021-07-04 17:57:18.711,2021-07-04 17:57:18.711,60,UTC-0500,jBfEgmLJSx,com.sec.android.app.shealth,1625421438700,947f444a-5c17-403a-a210-960e50097762,
2021-07-04 17:57:39.397,2021-07-04 17:57:39.397,60,UTC-0600,jBfEgmLJSx,com.sec.android.app.shealth,1625421459389,5dff299a-afc8-4fa3-af7c-b91e3a1a48d1,
2021-07-04 23:03:34.969,2021-07-04 23:03:34.969,60,UTC-0700,jBfEgmLJSx,com.sec.android.app.shealth,1625439814967,c6696190-271f-4c5b-b79f-1f20af2cf5dd,
2021-07-08 05:17:48.340,2021-07-08 05:17:48.340,60,UTC-0600,jBfEgmLJSx,com.sec.android.app.shealth,1625721468338,c8957d91-f2b7-4507-899f-985f31f00f37,
2021-07-08 10:41:15.793,2021-07-08 10:41:15.793,60,UTC-0500,jBfEgmLJSx,com.sec.android.app.shealth,1625740875792,b88f7201-a77d-4daf-b33a-e8036e086462,
2021-07-08 10:41:40.548,2021-07-08 10:41:40.548,60,UTC-0600,jBfEgmLJSx,com.sec.android.app.shealth,1625740900547,790e22fc-7ce7-45c1-8f57-a6bded24ebcb,
2021-07-08 10:42:03.928,2021-07-08 10:42:03.928,60,UTC-0500,jBfEgmLJSx,com.sec.android.app.shealth,1625740923927,5efc82f9-5dfd-402d-ac60-e4c9edada020,
2021-07-08 10:42:43.715,2021-07-08 10:42:43.715,60,UTC-0600,jBfEgmLJSx,com.sec.android.app.shealth,1625740963714,db4ba23e-53c1-4baf-a53f-572f2238acb6,
2021-07-08 10:42:56.399,2021-07-08 10:42:56.399,60,UTC-0500,jBfEgmLJSx,com.sec.android.app.shealth,1625740976395,063a48dd-526d-4793-91f0-a8bd4e67492d,
2021-07-08 10:55:29.381,2021-07-08 10:55:29.381,60,UTC-0600,jBfEgmLJSx,com.sec.android.app.shealth,1625741729380,15276882-6e32-4aa1-bf45-71dc216859e9,
2021-07-08 10:56:20.863,2021-07-08 10:56:20.863,60,UTC-0500,jBfEgmLJSx,com.sec.android.app.shealth,1625741780861,4ba4e643-79f5-49c7-b58c-65981678eeb3,
2021-07-08 10:57:01.578,2021-07-08 10:57:01.578,60,UTC-0600,jBfEgmLJSx,com.sec.android.app.shealth,1625741821568,603fb7a8-cd6f-4d23-b0cf-5e24c11b85f8,
2021-07-08 10:57:11.645,2021-07-08 10:57:11.645,60,UTC-0500,jBfEgmLJSx,com.sec.android.app.shealth,1625741831644,05625f49-4d40-418f-9148-bc1b087bfb02,
2021-07-08 10:59:26.158,2021-07-08 10:59:26.158,60,UTC-0600,jBfEgmLJSx,com.sec.android.app.shealth,1625741966146,0e98a740-57e7-4c5a-b2f9-02afb608eff6,
2021-07-08 11:03:05.393,2021-07-08 11:03:05.393,60,UTC-0500,jBfEgmLJSx,com.sec.android.app.shealth,1625742185392,44fe733f-f63f-4d72-8dc8-0829a0cadffe,
2021-07-11 09:36:29.020,2021-07-11 09:36:29.020,60,UTC-0600,jBfEgmLJSx,com.sec.android.app.shealth,1625996189013,60b0637e-3042-4b64-915c-2b477cdfb140,
2021-07-11 15:56:48.304,2021-07-11 15:56:48.304,60,UTC-0700,jBfEgmLJSx,com.sec.android.app.shealth,1626019008303,d072a688-a3b5-4f64-8638-c7787db1a653,
2021-07-11 16:10:58.194,2021-07-11 16:10:58.194,60,UTC-0600,jBfEgmLJSx,com.sec.android.app.shealth,1626019858193,39125aa8-0833-4984-8086-f46e7604760c,
2021-07-11 16:11:18.168,2021-07-11 16:11:18.168,60,UTC-0700,jBfEgmLJSx,com.sec.android.app.shealth,1626019878167,ff0bda31-6b5f-4c0c-ab6c-cce35139a59f,
2021-07-28 19:35:47.636,2021-07-28 19:35:47.636,60,UTC-0600,jBfEgmLJSx,com.sec.android.app.shealth,1627500947630,b66e2de9-2e8e-41e1-955e-9c1a827643be,
2021-07-28 19:36:20.246,2021-07-28 19:36:20.246,60,UTC-0700,jBfEgmLJSx,com.sec.android.app.shealth,1627500980245,2c6aca5b-1345-4f2c-9459-9b8cec50719c,
2021-07-28 19:40:35.044,2021-07-28 19:40:35.044,60,UTC-0600,jBfEgmLJSx,com.sec.android.app.shealth,1627501235042,a6175942-af09-49b4-9c03-155e744877c8,
2021-07-29 05:53:49.522,2021-07-29 05:53:49.522,60,UTC-0500,jBfEgmLJSx,com.sec.android.app.shealth,1627538029521,a8a91523-d56e-4c85-9494-50ed8c1ee107,
2021-07-29 05:54:19.924,2021-07-29 05:54:19.924,60,UTC-0600,jBfEgmLJSx,com.sec.android.app.shealth,1627538059923,8702fddf-cabe-4530-ad9f-d8a8c883302e,
2021-07-29 05:54:19.951,2021-07-29 05:54:19.951,60,UTC-0600,jBfEgmLJSx,com.sec.android.app.shealth,1627538059945,462d43b2-8cfc-4e79-a94d-efe2c72588a4,
2021-07-29 05:54:24.581,2021-07-29 05:54:24.581,60,UTC-0500,jBfEgmLJSx,com.sec.android.app.shealth,1627538064580,93d3eafb-764f-4a2d-82aa-de004075941f,
2021-07-29 05:57:13.640,2021-07-29 05:57:13.640,60,UTC-0600,jBfEgmLJSx,com.sec.android.app.shealth,1627538233638,7ead6e47-b429-49a5-9d12-58ef13ddee9d,
2021-07-29 05:57:13.665,2021-07-29 05:57:13.665,60,UTC-0600,jBfEgmLJSx,com.sec.android.app.shealth,1627538233663,1a591adb-acc4-4f7f-a794-34b78b077c8e,
2021-07-29 05:57:36.080,2021-07-29 05:57:36.080,60,UTC-0500,jBfEgmLJSx,com.sec.android.app.shealth,1627538256079,79a5b6a5-010c-47da-af2c-edbf19408226,
2021-07-31 12:37:10.314,2021-07-31 12:37:10.314,60,UTC-0600,jBfEgmLJSx,com.sec.android.app.shealth,1627735030313,d4f54af2-d5f1-4ecb-a1c9-539ffdcb5229,
2021-07-31 12:38:46.064,2021-07-31 12:38:46.064,60,UTC-0500,jBfEgmLJSx,com.sec.android.app.shealth,1627735126063,bc4823c3-6918-4bb2-b545-557e71612489,
2021-07-31 12:39:01.504,2021-07-31 12:39:01.504,60,UTC-0600,jBfEgmLJSx,com.sec.android.app.shealth,1627735141503,1eed3c7e-98cd-4584-8b7a-2d4ae7adea68,
2021-07-31 12:39:05.091,2021-07-31 12:39:05.091,60,UTC-0500,jBfEgmLJSx,com.sec.android.app.shealth,1627735145090,b9182c15-e59f-4c76-9fd9-90d3f0a8d1fb,
2021-07-31 12:40:30.489,2021-07-31 12:40:30.489,60,UTC-0600,jBfEgmLJSx,com.sec.android.app.shealth,1627735230487,b41600e4-aab5-44a0-9fc5-47ae0d2f8459,
2021-07-31 12:45:43.578,2021-07-31 12:45:43.578,60,UTC-0500,jBfEgmLJSx,com.sec.android.app.shealth,1627735543577,3324ff82-4120-42c1-9b0c-c2f3fcf98964,
2021-07-31 12:46:17.231,2021-07-31 12:46:17.231,60,UTC-0600,jBfEgmLJSx,com.sec.android.app.shealth,1627735577229,dcfc956d-6438-4513-ae1c-9b7222418646,
2021-07-31 12:57:46.291,2021-07-31 12:57:46.291,60,UTC-0500,jBfEgmLJSx,com.sec.android.app.shealth,1627736266290,93f85add-dc46-4d63-8495-674a8b3db286,
2021-07-31 12:58:13.225,2021-07-31 12:58:13.225,60,UTC-0600,jBfEgmLJSx,com.sec.android.app.shealth,1627736293224,e15b5179-9d69-48bb-8f24-e6b0cdffa32c,
2021-08-01 05:54:52.423,2021-08-01 05:54:52.423,60,UTC-0700,jBfEgmLJSx,com.sec.android.app.shealth,1627797292421,fa1d5bd4-f3aa-4ada-b09b-4320bde7fed2,
